{
  "by_horizon": {
    "12h": {
      "base_rate": 0.574468085106383,
      "baseline_brier": 0.24445450430058852,
      "baseline_hit_rate": 0.574468085106383,
      "brier": 0.2493282624945948,
      "display_ready": true,
      "ece": null,
      "hit_rate": 0.574468085106383,
      "logloss": 0.6918040248713782,
      "n": 141
    },
    "1h": {
      "base_rate": 0.5310015898251192,
      "baseline_brier": 0.24903890142831506,
      "baseline_hit_rate": 0.5310015898251192,
      "brier": 0.25011796549789894,
      "display_ready": true,
      "ece": null,
      "hit_rate": 0.5310015898251192,
      "logloss": 0.6933837231940225,
      "n": 629
    },
    "24h": {
      "base_rate": 0.6714285714285714,
      "baseline_brier": 0.2206122448979592,
      "baseline_hit_rate": 0.6714285714285714,
      "brier": 0.24792540661556606,
      "display_ready": true,
      "ece": null,
      "hit_rate": 0.6714285714285714,
      "logloss": 0.6889968115631677,
      "n": 70
    },
    "4h": {
      "base_rate": 0.5438144329896907,
      "baseline_brier": 0.24808029546179192,
      "baseline_hit_rate": 0.5438144329896907,
      "brier": 0.24995880508123186,
      "display_ready": true,
      "ece": null,
      "hit_rate": 0.5438144329896907,
      "logloss": 0.6930650853891407,
      "n": 388
    }
  },
  "by_model_version": {
    "v0.1.0-baseline-shadow": {
      "base_rate": 0.5480456026058632,
      "baseline_brier": 0.24769162007023948,
      "baseline_hit_rate": 0.5480456026058632,
      "brier": 0.2498520196616644,
      "display_ready": true,
      "ece": null,
      "hit_rate": 0.5480456026058632,
      "logloss": 0.6928515955507434,
      "n": 1228
    }
  },
  "generated_at": "2026-07-07T18:22:40Z",
  "global": {
    "base_rate": 0.5480456026058632,
    "baseline_brier": 0.24769162007023948,
    "baseline_hit_rate": 0.5480456026058632,
    "brier": 0.2498520196616644,
    "display_ready": true,
    "ece": null,
    "hit_rate": 0.5480456026058632,
    "logloss": 0.6928515955507434,
    "n": 1228
  },
  "metrics_version": "metrics-v0.1.0",
  "min_n_display": 20,
  "rolling": {
    "30d": {
      "base_rate": 0.5480456026058632,
      "baseline_brier": 0.24769162007023948,
      "baseline_hit_rate": 0.5480456026058632,
      "brier": 0.2498520196616644,
      "display_ready": true,
      "ece": null,
      "hit_rate": 0.5480456026058632,
      "logloss": 0.6928515955507434,
      "n": 1228
    },
    "7d": {
      "base_rate": 0.5655737704918032,
      "baseline_brier": 0.24570008062348833,
      "baseline_hit_rate": 0.5655737704918032,
      "brier": 0.2500489516323826,
      "display_ready": true,
      "ece": null,
      "hit_rate": 0.5655737704918032,
      "logloss": 0.6932462944132025,
      "n": 122
    },
    "90d": {
      "base_rate": 0.5480456026058632,
      "baseline_brier": 0.24769162007023948,
      "baseline_hit_rate": 0.5480456026058632,
      "brier": 0.2498520196616644,
      "display_ready": true,
      "ece": null,
      "hit_rate": 0.5480456026058632,
      "logloss": 0.6928515955507434,
      "n": 1228
    }
  },
  "schema_version": "1",
  "total_forecasts": 1232,
  "total_resolved": 1228
}
