{
  "by_direction": {
    "down": {
      "always_down_rate": 0.4544179523141655,
      "always_up_rate": 0.5455820476858345,
      "base_rate": 0.4544179523141655,
      "baseline_brier": 0.24792227692876634,
      "baseline_hit_rate": 0.5455820476858345,
      "brier": 0.2509843855729,
      "display_ready": true,
      "ece": null,
      "expectancy_bps": 4.664282393744806,
      "expectancy_maker_2bps": 2.664282393744805,
      "expectancy_taker_10bps": -5.335717606255194,
      "hit_down": 0.4544179523141655,
      "hit_rate": 0.4544179523141655,
      "hit_up": null,
      "logloss": 0.6951168351049992,
      "n": 713,
      "n_down": 713,
      "n_up": 0,
      "vs_majority_pp": -0.09116409537166903
    },
    "up": {
      "always_down_rate": 0.3762254901960784,
      "always_up_rate": 0.6237745098039216,
      "base_rate": 0.6237745098039216,
      "baseline_brier": 0.23467987072279892,
      "baseline_hit_rate": 0.6237745098039216,
      "brier": 0.24895982898618896,
      "display_ready": true,
      "ece": null,
      "expectancy_bps": 14.652657207029407,
      "expectancy_maker_2bps": 12.652657207029405,
      "expectancy_taker_10bps": 4.652657207029406,
      "hit_down": null,
      "hit_rate": 0.6237745098039216,
      "hit_up": 0.6237745098039216,
      "logloss": 0.6910668301153715,
      "n": 816,
      "n_down": 0,
      "n_up": 816,
      "vs_majority_pp": 0.0
    }
  },
  "by_horizon": {
    "12h": {
      "always_down_rate": 0.47976878612716767,
      "always_up_rate": 0.5202312138728323,
      "base_rate": 0.5722543352601156,
      "baseline_brier": 0.24477931103611883,
      "baseline_hit_rate": 0.5722543352601156,
      "brier": 0.24942361182048572,
      "display_ready": true,
      "ece": null,
      "expectancy_bps": 24.908240052981103,
      "expectancy_maker_2bps": 22.908240052981103,
      "expectancy_taker_10bps": 14.908240052981105,
      "hit_down": 0.5529411764705883,
      "hit_rate": 0.5722543352601156,
      "hit_up": 0.5909090909090909,
      "logloss": 0.6919948497409503,
      "n": 173,
      "n_down": 85,
      "n_up": 88,
      "vs_majority_pp": 0.052023121387283267
    },
    "1h": {
      "always_down_rate": 0.3808322824716267,
      "always_up_rate": 0.6191677175283733,
      "base_rate": 0.5283732660781841,
      "baseline_brier": 0.24919495777205655,
      "baseline_hit_rate": 0.5283732660781841,
      "brier": 0.2501129985636664,
      "display_ready": true,
      "ece": null,
      "expectancy_bps": 3.50372211786431,
      "expectancy_maker_2bps": 1.5037221178643099,
      "expectancy_taker_10bps": -6.49627788213569,
      "hit_down": 0.398876404494382,
      "hit_rate": 0.5283732660781841,
      "hit_up": 0.6338672768878718,
      "logloss": 0.6933737364413902,
      "n": 793,
      "n_down": 356,
      "n_up": 437,
      "vs_majority_pp": -0.09079445145018916
    },
    "24h": {
      "always_down_rate": 0.4883720930232558,
      "always_up_rate": 0.5116279069767442,
      "base_rate": 0.6395348837209303,
      "baseline_brier": 0.23053001622498648,
      "baseline_hit_rate": 0.6395348837209303,
      "brier": 0.24854875136337595,
      "display_ready": true,
      "ece": null,
      "expectancy_bps": 57.01908317000415,
      "expectancy_maker_2bps": 55.01908317000415,
      "expectancy_taker_10bps": 47.01908317000415,
      "hit_down": 0.6222222222222222,
      "hit_rate": 0.6395348837209303,
      "hit_up": 0.6585365853658537,
      "logloss": 0.6902436217373141,
      "n": 86,
      "n_down": 45,
      "n_up": 41,
      "vs_majority_pp": 0.12790697674418605
    },
    "4h": {
      "always_down_rate": 0.4276729559748428,
      "always_up_rate": 0.5723270440251572,
      "base_rate": 0.5450733752620545,
      "baseline_brier": 0.247968390842486,
      "baseline_hit_rate": 0.5450733752620545,
      "brier": 0.24997484705036907,
      "display_ready": true,
      "ece": null,
      "expectancy_bps": 6.899336072166786,
      "expectancy_maker_2bps": 4.899336072166786,
      "expectancy_taker_10bps": -3.1006639278332138,
      "hit_down": 0.4713656387665198,
      "hit_rate": 0.5450733752620545,
      "hit_up": 0.612,
      "logloss": 0.6930972816171735,
      "n": 477,
      "n_down": 227,
      "n_up": 250,
      "vs_majority_pp": -0.027253668763102756
    }
  },
  "by_model_version": {
    "v0.1.0-baseline-shadow": {
      "always_down_rate": 0.4128440366972477,
      "always_up_rate": 0.5871559633027523,
      "base_rate": 0.5445609436435125,
      "baseline_brier": 0.2480143223015997,
      "baseline_hit_rate": 0.5445609436435125,
      "brier": 0.24992038423285248,
      "display_ready": true,
      "ece": null,
      "expectancy_bps": 9.996427098265327,
      "expectancy_maker_2bps": 7.996427098265326,
      "expectancy_taker_10bps": -0.003572901734673773,
      "hit_down": 0.4544179523141655,
      "hit_rate": 0.5445609436435125,
      "hit_up": 0.6236162361623616,
      "logloss": 0.6929883899341339,
      "n": 1526,
      "n_down": 713,
      "n_up": 813,
      "vs_majority_pp": -0.04259501965923984
    },
    "v0.2.0-shadow-policy24": {
      "always_down_rate": 0.33333333333333337,
      "always_up_rate": 0.6666666666666666,
      "base_rate": 0.6666666666666666,
      "baseline_brier": 0.22222222222222224,
      "baseline_hit_rate": 0.6666666666666666,
      "brier": 0.24152700895833332,
      "display_ready": false,
      "ece": null,
      "expectancy_bps": 9.217958574384525,
      "expectancy_maker_2bps": 7.217958574384526,
      "expectancy_taker_10bps": -0.7820414256154743,
      "hit_down": null,
      "hit_rate": 0.6666666666666666,
      "hit_up": 0.6666666666666666,
      "logloss": 0.6761845881730756,
      "n": 3,
      "n_down": 0,
      "n_up": 3,
      "vs_majority_pp": 0.0
    }
  },
  "by_regime": {
    "bear": {
      "always_down_rate": 0.33333333333333337,
      "always_up_rate": 0.6666666666666666,
      "base_rate": 0.3333333333333333,
      "baseline_brier": 0.22222222222222224,
      "baseline_hit_rate": 0.6666666666666667,
      "brier": 0.2521853117481552,
      "display_ready": false,
      "ece": null,
      "expectancy_bps": 4.530270959428625,
      "expectancy_maker_2bps": 2.5302709594286243,
      "expectancy_taker_10bps": -5.469729040571375,
      "hit_down": 0.3333333333333333,
      "hit_rate": 0.3333333333333333,
      "hit_up": null,
      "logloss": 0.6975181164749208,
      "n": 6,
      "n_down": 6,
      "n_up": 0,
      "vs_majority_pp": -0.3333333333333333
    },
    "bull": {
      "always_down_rate": 0.5454545454545454,
      "always_up_rate": 0.45454545454545453,
      "base_rate": 0.45454545454545453,
      "baseline_brier": 0.24793388429752064,
      "baseline_hit_rate": 0.5454545454545454,
      "brier": 0.2481581461439875,
      "display_ready": false,
      "ece": null,
      "expectancy_bps": -15.145512094178194,
      "expectancy_maker_2bps": -17.145512094178194,
      "expectancy_taker_10bps": -25.145512094178194,
      "hit_down": null,
      "hit_rate": 0.45454545454545453,
      "hit_up": 0.45454545454545453,
      "logloss": 0.6894590086562815,
      "n": 11,
      "n_down": 0,
      "n_up": 11,
      "vs_majority_pp": -0.09090909090909088
    },
    "chop": {
      "always_down_rate": 0.6666666666666667,
      "always_up_rate": 0.3333333333333333,
      "base_rate": 0.6666666666666666,
      "baseline_brier": 0.22222222222222224,
      "baseline_hit_rate": 0.6666666666666666,
      "brier": 0.24953618470045416,
      "display_ready": false,
      "ece": null,
      "expectancy_bps": 2.2801931864860996,
      "expectancy_maker_2bps": 0.2801931864860997,
      "expectancy_taker_10bps": -7.7198068135139,
      "hit_down": 0.6666666666666666,
      "hit_rate": 0.6666666666666666,
      "hit_up": null,
      "logloss": 0.6922195476395582,
      "n": 3,
      "n_down": 3,
      "n_up": 0,
      "vs_majority_pp": -1.1102230246251565e-16
    },
    "unknown": {
      "always_down_rate": 0.411530815109344,