{
  "by_horizon": {
    "12h": {
      "base_rate": 0.5847457627118644,
      "baseline_brier": 0.24281815570238438,
      "baseline_hit_rate": 0.5847457627118644,
      "brier": 0.24926532645448646,
      "display_ready": true,
      "ece": null,
      "hit_rate": 0.5847457627118644,
      "logloss": 0.6916783912265403,
      "n": 118
    },
    "1h": {
      "base_rate": 0.5247148288973384,
      "baseline_brier": 0.24938917723257528,
      "baseline_hit_rate": 0.5247148288973384,
      "brier": 0.25025016735243494,
      "display_ready": true,
      "ece": null,
      "hit_rate": 0.5247148288973384,
      "logloss": 0.6936481177065698,
      "n": 526
    },
    "24h": {
      "base_rate": 0.6610169491525424,
      "baseline_brier": 0.2240735420856076,
      "baseline_hit_rate": 0.6610169491525424,
      "brier": 0.24780184053232435,
      "display_ready": true,
      "ece": null,
      "hit_rate": 0.6610169491525424,
      "logloss": 0.6887492896305644,
      "n": 59
    },
    "4h": {
      "base_rate": 0.5510835913312694,
      "baseline_brier": 0.24739046669669987,
      "baseline_hit_rate": 0.5510835913312694,
      "brier": 0.24965793856917556,
      "display_ready": true,
      "ece": null,
      "hit_rate": 0.5510835913312694,
      "logloss": 0.6924630723317922,
      "n": 323
    }
  },
  "by_model_version": {
    "v0.1.0-baseline-shadow": {
      "base_rate": 0.5477582846003899,
      "baseline_brier": 0.24771914625202818,
      "baseline_hit_rate": 0.5477582846003899,
      "brier": 0.2498096679320283,
      "display_ready": true,
      "ece": null,
      "hit_rate": 0.5477582846003899,
      "logloss": 0.6927668036352432,
      "n": 1026
    }
  },
  "generated_at": "2026-06-26T01:31:36Z",
  "global": {
    "base_rate": 0.5477582846003899,
    "baseline_brier": 0.24771914625202818,
    "baseline_hit_rate": 0.5477582846003899,
    "brier": 0.2498096679320283,
    "display_ready": true,
    "ece": null,
    "hit_rate": 0.5477582846003899,
    "logloss": 0.6927668036352432,
    "n": 1026
  },
  "metrics_version": "metrics-v0.1.0",
  "min_n_display": 20,
  "rolling": {
    "30d": {
      "base_rate": 0.5477582846003899,
      "baseline_brier": 0.24771914625202818,
      "baseline_hit_rate": 0.5477582846003899,
      "brier": 0.2498096679320283,
      "display_ready": true,
      "ece": null,
      "hit_rate": 0.5477582846003899,
      "logloss": 0.6927668036352432,
      "n": 1026
    },
    "7d": {
      "base_rate": 0.603448275862069,
      "baseline_brier": 0.23929845422116527,
      "baseline_hit_rate": 0.603448275862069,
      "brier": 0.24994139950975391,
      "display_ready": true,
      "ece": null,
      "hit_rate": 0.603448275862069,
      "logloss": 0.6930325505321278,
      "n": 116
    },
    "90d": {
      "base_rate": 0.5477582846003899,
      "baseline_brier": 0.24771914625202818,
      "baseline_hit_rate": 0.5477582846003899,
      "brier": 0.2498096679320283,
      "display_ready": true,
      "ece": null,
      "hit_rate": 0.5477582846003899,
      "logloss": 0.6927668036352432,
      "n": 1026
    }
  },
  "schema_version": "1",
  "total_forecasts": 1030,
  "total_resolved": 1026
}
