{
  "by_horizon": {
    "12h": {
      "base_rate": 0.5793650793650794,
      "baseline_brier": 0.24370118417737466,
      "baseline_hit_rate": 0.5793650793650794,
      "brier": 0.24922399857777328,
      "display_ready": true,
      "ece": null,
      "hit_rate": 0.5793650793650794,
      "logloss": 0.6915955966138704,
      "n": 126
    },
    "1h": {
      "base_rate": 0.5204262877442274,
      "baseline_brier": 0.24958276676899002,
      "baseline_hit_rate": 0.5204262877442274,
      "brier": 0.2502437579654396,
      "display_ready": true,
      "ece": null,
      "hit_rate": 0.5204262877442274,
      "logloss": 0.6936352455365995,
      "n": 563
    },
    "24h": {
      "base_rate": 0.6507936507936508,
      "baseline_brier": 0.22726127488032252,
      "baseline_hit_rate": 0.6507936507936508,
      "brier": 0.24818844148035107,
      "display_ready": true,
      "ece": null,
      "hit_rate": 0.6507936507936508,
      "logloss": 0.6895228375776471,
      "n": 63
    },
    "4h": {
      "base_rate": 0.5504322766570605,
      "baseline_brier": 0.2474565854711857,
      "baseline_hit_rate": 0.5504322766570605,
      "brier": 0.2497690730665426,
      "display_ready": true,
      "ece": null,
      "hit_rate": 0.5504322766570605,
      "logloss": 0.6926854036043868,
      "n": 347
    }
  },
  "by_model_version": {
    "v0.1.0-baseline-shadow": {
      "base_rate": 0.5441310282074613,
      "baseline_brier": 0.24805245234935225,
      "baseline_hit_rate": 0.5441310282074613,
      "brier": 0.2498591444246536,
      "display_ready": true,
      "ece": null,
      "hit_rate": 0.5441310282074613,
      "logloss": 0.6928657527102522,
      "n": 1099
    }
  },
  "generated_at": "2026-06-30T08:38:36Z",
  "global": {
    "base_rate": 0.5441310282074613,
    "baseline_brier": 0.24805245234935225,
    "baseline_hit_rate": 0.5441310282074613,
    "brier": 0.2498591444246536,
    "display_ready": true,
    "ece": null,
    "hit_rate": 0.5441310282074613,
    "logloss": 0.6928657527102522,
    "n": 1099
  },
  "metrics_version": "metrics-v0.1.0",
  "min_n_display": 20,
  "rolling": {
    "30d": {
      "base_rate": 0.5441310282074613,
      "baseline_brier": 0.24805245234935225,
      "baseline_hit_rate": 0.5441310282074613,
      "brier": 0.2498591444246536,
      "display_ready": true,
      "ece": null,
      "hit_rate": 0.5441310282074613,
      "logloss": 0.6928657527102522,
      "n": 1099
    },
    "7d": {
      "base_rate": 0.4700854700854701,
      "baseline_brier": 0.24910512089999268,
      "baseline_hit_rate": 0.5299145299145299,
      "brier": 0.2513664720236298,
      "display_ready": true,
      "ece": null,
      "hit_rate": 0.4700854700854701,
      "logloss": 0.6958828323455118,
      "n": 117
    },
    "90d": {
      "base_rate": 0.5441310282074613,
      "baseline_brier": 0.24805245234935225,
      "baseline_hit_rate": 0.5441310282074613,
      "brier": 0.2498591444246536,
      "display_ready": true,
      "ece": null,
      "hit_rate": 0.5441310282074613,
      "logloss": 0.6928657527102522,
      "n": 1099
    }
  },
  "schema_version": "1",
  "total_forecasts": 1103,
  "total_resolved": 1099
}
