{
  "by_horizon": {
    "12h": {
      "base_rate": 0.5581395348837209,
      "baseline_brier": 0.24661979448350463,
      "baseline_hit_rate": 0.5581395348837209,
      "brier": 0.24985594109952255,
      "display_ready": true,
      "ece": null,
      "hit_rate": 0.5581395348837209,
      "logloss": 0.6928598396783477,
      "n": 86
    },
    "1h": {
      "base_rate": 0.5097087378640777,
      "baseline_brier": 0.24990574040908664,
      "baseline_hit_rate": 0.5097087378640777,
      "brier": 0.2503507154221532,
      "display_ready": true,
      "ece": null,
      "hit_rate": 0.5097087378640777,
      "logloss": 0.6938490812140583,
      "n": 412
    },
    "24h": {
      "base_rate": 0.627906976744186,
      "baseline_brier": 0.23363980530016226,
      "baseline_hit_rate": 0.627906976744186,
      "brier": 0.24855910732806002,
      "display_ready": true,
      "ece": null,
      "hit_rate": 0.627906976744186,
      "logloss": 0.6902637577693241,
      "n": 43
    },
    "4h": {
      "base_rate": 0.5188284518828452,
      "baseline_brier": 0.24964548939969536,
      "baseline_hit_rate": 0.5188284518828452,
      "brier": 0.249889500103145,
      "display_ready": true,
      "ece": null,
      "hit_rate": 0.5188284518828452,
      "logloss": 0.6929256761152366,
      "n": 239
    }
  },
  "by_model_version": {
    "v0.1.0-baseline-shadow": {
      "base_rate": 0.5243589743589744,
      "baseline_brier": 0.24940664036817883,
      "baseline_hit_rate": 0.5243589743589744,
      "brier": 0.25005607413877473,
      "display_ready": true,
      "ece": null,
      "hit_rate": 0.5243589743589744,
      "logloss": 0.6932594177540417,
      "n": 780
    }
  },
  "generated_at": "2026-06-10T01:32:37Z",
  "global": {
    "base_rate": 0.5243589743589744,
    "baseline_brier": 0.24940664036817883,
    "baseline_hit_rate": 0.5243589743589744,
    "brier": 0.25005607413877473,
    "display_ready": true,
    "ece": null,
    "hit_rate": 0.5243589743589744,
    "logloss": 0.6932594177540417,
    "n": 780
  },
  "metrics_version": "metrics-v0.1.0",
  "min_n_display": 20,
  "rolling": {
    "30d": {
      "base_rate": 0.5243589743589744,
      "baseline_brier": 0.24940664036817883,
      "baseline_hit_rate": 0.5243589743589744,
      "brier": 0.25005607413877473,
      "display_ready": true,
      "ece": null,
      "hit_rate": 0.5243589743589744,
      "logloss": 0.6932594177540417,
      "n": 780
    },
    "7d": {
      "base_rate": 0.5243589743589744,
      "baseline_brier": 0.24940664036817883,
      "baseline_hit_rate": 0.5243589743589744,
      "brier": 0.25005607413877473,
      "display_ready": true,
      "ece": null,
      "hit_rate": 0.5243589743589744,
      "logloss": 0.6932594177540417,
      "n": 780
    },
    "90d": {
      "base_rate": 0.5243589743589744,
      "baseline_brier": 0.24940664036817883,
      "baseline_hit_rate": 0.5243589743589744,
      "brier": 0.25005607413877473,
      "display_ready": true,
      "ece": null,
      "hit_rate": 0.5243589743589744,
      "logloss": 0.6932594177540417,
      "n": 780
    }
  },
  "schema_version": "1",
  "total_forecasts": 784,
  "total_resolved": 780
}
