{
  "by_horizon": {
    "12h": {
      "base_rate": 0.5959595959595959,
      "baseline_brier": 0.2407917559432711,
      "baseline_hit_rate": 0.5959595959595959,
      "brier": 0.2490862245857878,
      "display_ready": true,
      "ece": null,
      "hit_rate": 0.5959595959595959,
      "logloss": 0.6913199706469019,
      "n": 99
    },
    "1h": {
      "base_rate": 0.5185185185185185,
      "baseline_brier": 0.24965706447187927,
      "baseline_hit_rate": 0.5185185185185185,
      "brier": 0.25015411034234497,
      "display_ready": true,
      "ece": null,
      "hit_rate": 0.5185185185185185,
      "logloss": 0.6934556356900444,
      "n": 459
    },
    "24h": {
      "base_rate": 0.6530612244897959,
      "baseline_brier": 0.22657226155768428,
      "baseline_hit_rate": 0.6530612244897959,
      "brier": 0.24777757453176363,
      "display_ready": true,
      "ece": null,
      "hit_rate": 0.6530612244897959,
      "logloss": 0.6887004641307566,
      "n": 49
    },
    "4h": {
      "base_rate": 0.532608695652174,
      "baseline_brier": 0.2489366729678639,
      "baseline_hit_rate": 0.532608695652174,
      "brier": 0.24976949694904377,
      "display_ready": true,
      "ece": null,
      "hit_rate": 0.532608695652174,
      "logloss": 0.6926857978986785,
      "n": 276
    }
  },
  "by_model_version": {
    "v0.1.0-baseline-shadow": {
      "base_rate": 0.5390713476783692,
      "baseline_brier": 0.248473429790596,
      "baseline_hit_rate": 0.5390713476783692,
      "brier": 0.24978228220965099,
      "display_ready": true,
      "ece": null,
      "hit_rate": 0.5390713476783692,
      "logloss": 0.6927116838484894,
      "n": 883
    }
  },
  "generated_at": "2026-06-16T23:49:42Z",
  "global": {
    "base_rate": 0.5390713476783692,
    "baseline_brier": 0.248473429790596,
    "baseline_hit_rate": 0.5390713476783692,
    "brier": 0.24978228220965099,
    "display_ready": true,
    "ece": null,
    "hit_rate": 0.5390713476783692,
    "logloss": 0.6927116838484894,
    "n": 883
  },
  "metrics_version": "metrics-v0.1.0",
  "min_n_display": 20,
  "rolling": {
    "30d": {
      "base_rate": 0.5390713476783692,
      "baseline_brier": 0.248473429790596,
      "baseline_hit_rate": 0.5390713476783692,
      "brier": 0.24978228220965099,
      "display_ready": true,
      "ece": null,
      "hit_rate": 0.5390713476783692,
      "logloss": 0.6927116838484894,
      "n": 883
    },
    "7d": {
      "base_rate": 0.660377358490566,
      "baseline_brier": 0.2242791028835885,
      "baseline_hit_rate": 0.660377358490566,
      "brier": 0.24751732306125615,
      "display_ready": true,
      "ece": null,
      "hit_rate": 0.660377358490566,
      "logloss": 0.6881806038969698,
      "n": 106
    },
    "90d": {
      "base_rate": 0.5390713476783692,
      "baseline_brier": 0.248473429790596,
      "baseline_hit_rate": 0.5390713476783692,
      "brier": 0.24978228220965099,
      "display_ready": true,
      "ece": null,
      "hit_rate": 0.5390713476783692,
      "logloss": 0.6927116838484894,
      "n": 883
    }
  },
  "schema_version": "1",
  "total_forecasts": 887,
  "total_resolved": 883
}
