{
  "by_horizon": {
    "12h": {
      "base_rate": 0.5939849624060151,
      "baseline_brier": 0.24116682684153995,
      "baseline_hit_rate": 0.5939849624060151,
      "brier": 0.24890344415041535,
      "display_ready": true,
      "ece": null,
      "hit_rate": 0.5939849624060151,
      "logloss": 0.6909541873231623,
      "n": 133
    },
    "1h": {
      "base_rate": 0.5228426395939086,
      "baseline_brier": 0.2494782138163828,
      "baseline_hit_rate": 0.5228426395939086,
      "brier": 0.25027624443074936,
      "display_ready": true,
      "ece": null,
      "hit_rate": 0.5228426395939086,
      "logloss": 0.6937003492772182,
      "n": 591
    },
    "24h": {
      "base_rate": 0.6515151515151515,
      "baseline_brier": 0.22704315886134066,
      "baseline_hit_rate": 0.6515151515151515,
      "brier": 0.24820799421607165,
      "display_ready": true,
      "ece": null,
      "hit_rate": 0.6515151515151515,
      "logloss": 0.6895619681581153,
      "n": 66
    },
    "4h": {
      "base_rate": 0.5519125683060109,
      "baseline_brier": 0.24730508525187372,
      "baseline_hit_rate": 0.5519125683060109,
      "brier": 0.24984033528802507,
      "display_ready": true,
      "ece": null,
      "hit_rate": 0.5519125683060109,
      "logloss": 0.6928280795641597,
      "n": 366
    }
  },
  "by_model_version": {
    "v0.1.0-baseline-shadow": {
      "base_rate": 0.5475778546712803,
      "baseline_brier": 0.24773634774487854,
      "baseline_hit_rate": 0.5475778546712803,
      "brier": 0.24986220489987548,
      "display_ready": true,
      "ece": null,
      "hit_rate": 0.5475778546712803,
      "logloss": 0.69287195532503,
      "n": 1156
    }
  },
  "generated_at": "2026-07-03T17:42:48Z",
  "global": {
    "base_rate": 0.5475778546712803,
    "baseline_brier": 0.24773634774487854,
    "baseline_hit_rate": 0.5475778546712803,
    "brier": 0.24986220489987548,
    "display_ready": true,
    "ece": null,
    "hit_rate": 0.5475778546712803,
    "logloss": 0.69287195532503,
    "n": 1156
  },
  "metrics_version": "metrics-v0.1.0",
  "min_n_display": 20,
  "rolling": {
    "30d": {
      "base_rate": 0.5475778546712803,
      "baseline_brier": 0.24773634774487854,
      "baseline_hit_rate": 0.5475778546712803,
      "brier": 0.24986220489987548,
      "display_ready": true,
      "ece": null,
      "hit_rate": 0.5475778546712803,
      "logloss": 0.69287195532503,
      "n": 1156
    },
    "7d": {
      "base_rate": 0.5537190082644629,
      "baseline_brier": 0.2471142681510826,
      "baseline_hit_rate": 0.5537190082644629,
      "brier": 0.2503714123581901,
      "display_ready": true,
      "ece": null,
      "hit_rate": 0.5537190082644629,
      "logloss": 0.6938911628823679,
      "n": 121
    },
    "90d": {
      "base_rate": 0.5475778546712803,
      "baseline_brier": 0.24773634774487854,
      "baseline_hit_rate": 0.5475778546712803,
      "brier": 0.24986220489987548,
      "display_ready": true,
      "ece": null,
      "hit_rate": 0.5475778546712803,
      "logloss": 0.69287195532503,
      "n": 1156
    }
  },
  "schema_version": "1",
  "total_forecasts": 1158,
  "total_resolved": 1156
}
