{
  "by_horizon": {
    "12h": {
      "base_rate": 0.574468085106383,
      "baseline_brier": 0.24445450430058852,
      "baseline_hit_rate": 0.574468085106383,
      "brier": 0.2493282624945948,
      "display_ready": true,
      "ece": null,
      "hit_rate": 0.574468085106383,
      "logloss": 0.6918040248713782,
      "n": 141
    },
    "1h": {
      "base_rate": 0.5311004784688995,
      "baseline_brier": 0.24903276023900553,
      "baseline_hit_rate": 0.5311004784688995,
      "brier": 0.2501211210976988,
      "display_ready": true,
      "ece": null,
      "hit_rate": 0.5311004784688995,
      "logloss": 0.6933900364616943,
      "n": 627
    },
    "24h": {
      "base_rate": 0.6714285714285714,
      "baseline_brier": 0.2206122448979592,
      "baseline_hit_rate": 0.6714285714285714,
      "brier": 0.24792540661556606,
      "display_ready": true,
      "ece": null,
      "hit_rate": 0.6714285714285714,
      "logloss": 0.6889968115631677,
      "n": 70
    },
    "4h": {
      "base_rate": 0.5452196382428941,
      "baseline_brier": 0.2479551843171818,
      "baseline_hit_rate": 0.5452196382428941,
      "brier": 0.2499551811735244,
      "display_ready": true,
      "ece": null,
      "hit_rate": 0.5452196382428941,
      "logloss": 0.6930578383177927,
      "n": 387
    }
  },
  "by_model_version": {
    "v0.1.0-baseline-shadow": {
      "base_rate": 0.5485714285714286,
      "baseline_brier": 0.24764081632653057,
      "baseline_hit_rate": 0.5485714285714286,
      "brier": 0.24985196858550088,
      "display_ready": true,
      "ece": null,
      "hit_rate": 0.5485714285714286,
      "logloss": 0.6928514943728605,
      "n": 1225
    }
  },
  "generated_at": "2026-07-07T12:07:18Z",
  "global": {
    "base_rate": 0.5485714285714286,
    "baseline_brier": 0.24764081632653057,
    "baseline_hit_rate": 0.5485714285714286,
    "brier": 0.24985196858550088,
    "display_ready": true,
    "ece": null,
    "hit_rate": 0.5485714285714286,
    "logloss": 0.6928514943728605,
    "n": 1225
  },
  "metrics_version": "metrics-v0.1.0",
  "min_n_display": 20,
  "rolling": {
    "30d": {
      "base_rate": 0.5485714285714286,
      "baseline_brier": 0.24764081632653057,
      "baseline_hit_rate": 0.5485714285714286,
      "brier": 0.24985196858550088,
      "display_ready": true,
      "ece": null,
      "hit_rate": 0.5485714285714286,
      "logloss": 0.6928514943728605,
      "n": 1225
    },
    "7d": {
      "base_rate": 0.584,
      "baseline_brier": 0.24294400000000002,
      "baseline_hit_rate": 0.584,
      "brier": 0.24983202773374202,
      "display_ready": true,
      "ece": null,
      "hit_rate": 0.584,
      "logloss": 0.6928124399972061,
      "n": 125
    },
    "90d": {
      "base_rate": 0.5485714285714286,
      "baseline_brier": 0.24764081632653057,
      "baseline_hit_rate": 0.5485714285714286,
      "brier": 0.24985196858550088,
      "display_ready": true,
      "ece": null,
      "hit_rate": 0.5485714285714286,
      "logloss": 0.6928514943728605,
      "n": 1225
    }
  },
  "schema_version": "1",
  "total_forecasts": 1226,
  "total_resolved": 1225
}
