{
  "by_horizon": {
    "12h": {
      "base_rate": 0.5939849624060151,
      "baseline_brier": 0.24116682684153995,
      "baseline_hit_rate": 0.5939849624060151,
      "brier": 0.24890344415041535,
      "display_ready": true,
      "ece": null,
      "hit_rate": 0.5939849624060151,
      "logloss": 0.6909541873231623,
      "n": 133
    },
    "1h": {
      "base_rate": 0.523728813559322,
      "baseline_brier": 0.24943694340706693,
      "baseline_hit_rate": 0.523728813559322,
      "brier": 0.25026537146470895,
      "display_ready": true,
      "ece": null,
      "hit_rate": 0.523728813559322,
      "logloss": 0.6936786031566159,
      "n": 590
    },
    "24h": {
      "base_rate": 0.6515151515151515,
      "baseline_brier": 0.22704315886134066,
      "baseline_hit_rate": 0.6515151515151515,
      "brier": 0.24820799421607165,
      "display_ready": true,
      "ece": null,
      "hit_rate": 0.6515151515151515,
      "logloss": 0.6895619681581153,
      "n": 66
    },
    "4h": {
      "base_rate": 0.5534246575342465,
      "baseline_brier": 0.24714580596734848,
      "baseline_hit_rate": 0.5534246575342465,
      "brier": 0.24982069009120325,
      "display_ready": true,
      "ece": null,
      "hit_rate": 0.5534246575342465,
      "logloss": 0.6927887873045792,
      "n": 365
    }
  },
  "by_model_version": {
    "v0.1.0-baseline-shadow": {
      "base_rate": 0.548526863084922,
      "baseline_brier": 0.24764514355913722,
      "baseline_hit_rate": 0.548526863084922,
      "brier": 0.24985009249370313,
      "display_ready": true,
      "ece": null,
      "hit_rate": 0.548526863084922,
      "logloss": 0.6928477296715694,
      "n": 1154
    }
  },
  "generated_at": "2026-07-03T15:22:24Z",
  "global": {
    "base_rate": 0.548526863084922,
    "baseline_brier": 0.24764514355913722,
    "baseline_hit_rate": 0.548526863084922,
    "brier": 0.24985009249370313,
    "display_ready": true,
    "ece": null,
    "hit_rate": 0.548526863084922,
    "logloss": 0.6928477296715694,
    "n": 1154
  },
  "metrics_version": "metrics-v0.1.0",
  "min_n_display": 20,
  "rolling": {
    "30d": {
      "base_rate": 0.548526863084922,
      "baseline_brier": 0.24764514355913722,
      "baseline_hit_rate": 0.548526863084922,
      "brier": 0.24985009249370313,
      "display_ready": true,
      "ece": null,
      "hit_rate": 0.548526863084922,
      "logloss": 0.6928477296715694,
      "n": 1154
    },
    "7d": {
      "base_rate": 0.5537190082644629,
      "baseline_brier": 0.2471142681510826,
      "baseline_hit_rate": 0.5537190082644629,
      "brier": 0.2502840997745722,
      "display_ready": true,
      "ece": null,
      "hit_rate": 0.5537190082644629,
      "logloss": 0.6937165238305011,
      "n": 121
    },
    "90d": {
      "base_rate": 0.548526863084922,
      "baseline_brier": 0.24764514355913722,
      "baseline_hit_rate": 0.548526863084922,
      "brier": 0.24985009249370313,
      "display_ready": true,
      "ece": null,
      "hit_rate": 0.548526863084922,
      "logloss": 0.6928477296715694,
      "n": 1154
    }
  },
  "schema_version": "1",
  "total_forecasts": 1157,
  "total_resolved": 1154
}
