{
  "by_horizon": {
    "12h": {
      "base_rate": 0.5847457627118644,
      "baseline_brier": 0.24281815570238438,
      "baseline_hit_rate": 0.5847457627118644,
      "brier": 0.24926532645448646,
      "display_ready": true,
      "ece": null,
      "hit_rate": 0.5847457627118644,
      "logloss": 0.6916783912265403,
      "n": 118
    },
    "1h": {
      "base_rate": 0.5256166982922201,
      "baseline_brier": 0.24934378476860536,
      "baseline_hit_rate": 0.5256166982922201,
      "brier": 0.2502168828933339,
      "display_ready": true,
      "ece": null,
      "hit_rate": 0.5256166982922201,
      "logloss": 0.693581520764737,
      "n": 527
    },
    "24h": {
      "base_rate": 0.6610169491525424,
      "baseline_brier": 0.2240735420856076,
      "baseline_hit_rate": 0.6610169491525424,
      "brier": 0.24780184053232435,
      "display_ready": true,
      "ece": null,
      "hit_rate": 0.6610169491525424,
      "logloss": 0.6887492896305644,
      "n": 59
    },
    "4h": {
      "base_rate": 0.5493827160493827,
      "baseline_brier": 0.24756134735558602,
      "baseline_hit_rate": 0.5493827160493827,
      "brier": 0.24971427301577664,
      "display_ready": true,
      "ece": null,
      "hit_rate": 0.5493827160493827,
      "logloss": 0.6925757872734937,
      "n": 324
    }
  },
  "by_model_version": {
    "v0.1.0-baseline-shadow": {
      "base_rate": 0.5476653696498055,
      "baseline_brier": 0.2477280125361474,
      "baseline_hit_rate": 0.5476653696498055,
      "brier": 0.24981064090946992,
      "display_ready": true,
      "ece": null,
      "hit_rate": 0.5476653696498055,
      "logloss": 0.6927687497787581,
      "n": 1028
    }
  },
  "generated_at": "2026-06-26T05:19:46Z",
  "global": {
    "base_rate": 0.5476653696498055,
    "baseline_brier": 0.2477280125361474,
    "baseline_hit_rate": 0.5476653696498055,
    "brier": 0.24981064090946992,
    "display_ready": true,
    "ece": null,
    "hit_rate": 0.5476653696498055,
    "logloss": 0.6927687497787581,
    "n": 1028
  },
  "metrics_version": "metrics-v0.1.0",
  "min_n_display": 20,
  "rolling": {
    "30d": {
      "base_rate": 0.5476653696498055,
      "baseline_brier": 0.2477280125361474,
      "baseline_hit_rate": 0.5476653696498055,
      "brier": 0.24981064090946992,
      "display_ready": true,
      "ece": null,
      "hit_rate": 0.5476653696498055,
      "logloss": 0.6927687497787581,
      "n": 1028
    },
    "7d": {
      "base_rate": 0.6052631578947368,
      "baseline_brier": 0.2389196675900277,
      "baseline_hit_rate": 0.6052631578947368,
      "brier": 0.24983971362380109,
      "display_ready": true,
      "ece": null,
      "hit_rate": 0.6052631578947368,
      "logloss": 0.6928290997562779,
      "n": 114
    },
    "90d": {
      "base_rate": 0.5476653696498055,
      "baseline_brier": 0.2477280125361474,
      "baseline_hit_rate": 0.5476653696498055,
      "brier": 0.24981064090946992,
      "display_ready": true,
      "ece": null,
      "hit_rate": 0.5476653696498055,
      "logloss": 0.6927687497787581,
      "n": 1028
    }
  },
  "schema_version": "1",
  "total_forecasts": 1030,
  "total_resolved": 1028
}
