{
  "by_horizon": {
    "12h": {
      "base_rate": 0.6019417475728155,
      "baseline_brier": 0.23960788010180037,
      "baseline_hit_rate": 0.6019417475728155,
      "brier": 0.24901554715299215,
      "display_ready": true,
      "ece": null,
      "hit_rate": 0.6019417475728155,
      "logloss": 0.6911785814671842,
      "n": 103
    },
    "1h": {
      "base_rate": 0.5180467091295117,
      "baseline_brier": 0.2496743162895948,
      "baseline_hit_rate": 0.5180467091295117,
      "brier": 0.2502026587969013,
      "display_ready": true,
      "ece": null,
      "hit_rate": 0.5180467091295117,
      "logloss": 0.693552799463297,
      "n": 471
    },
    "24h": {
      "base_rate": 0.6470588235294118,
      "baseline_brier": 0.22837370242214533,
      "baseline_hit_rate": 0.6470588235294118,
      "brier": 0.24777523003683616,
      "display_ready": true,
      "ece": null,
      "hit_rate": 0.6470588235294118,
      "logloss": 0.6886958413820654,
      "n": 51
    },
    "4h": {
      "base_rate": 0.5368421052631579,
      "baseline_brier": 0.2486426592797784,
      "baseline_hit_rate": 0.5368421052631579,
      "brier": 0.24975763709877982,
      "display_ready": true,
      "ece": null,
      "hit_rate": 0.5368421052631579,
      "logloss": 0.6926621555060163,
      "n": 285
    }
  },
  "by_model_version": {
    "v0.1.0-baseline-shadow": {
      "base_rate": 0.5406593406593406,
      "baseline_brier": 0.2483468180171477,
      "baseline_hit_rate": 0.5406593406593406,
      "brier": 0.24979287577486767,
      "display_ready": true,
      "ece": null,
      "hit_rate": 0.5406593406593406,
      "logloss": 0.6927329282066296,
      "n": 910
    }
  },
  "generated_at": "2026-06-18T23:11:44Z",
  "global": {
    "base_rate": 0.5406593406593406,
    "baseline_brier": 0.2483468180171477,
    "baseline_hit_rate": 0.5406593406593406,
    "brier": 0.24979287577486767,
    "display_ready": true,
    "ece": null,
    "hit_rate": 0.5406593406593406,
    "logloss": 0.6927329282066296,
    "n": 910
  },
  "metrics_version": "metrics-v0.1.0",
  "min_n_display": 20,
  "rolling": {
    "30d": {
      "base_rate": 0.5406593406593406,
      "baseline_brier": 0.2483468180171477,
      "baseline_hit_rate": 0.5406593406593406,
      "brier": 0.24979287577486767,
      "display_ready": true,
      "ece": null,
      "hit_rate": 0.5406593406593406,
      "logloss": 0.6927329282066296,
      "n": 910
    },
    "7d": {
      "base_rate": 0.6538461538461539,
      "baseline_brier": 0.22633136094674555,
      "baseline_hit_rate": 0.6538461538461539,
      "brier": 0.24839295981169365,
      "display_ready": true,
      "ece": null,
      "hit_rate": 0.6538461538461539,
      "logloss": 0.6899328161342155,
      "n": 104
    },
    "90d": {
      "base_rate": 0.5406593406593406,
      "baseline_brier": 0.2483468180171477,
      "baseline_hit_rate": 0.5406593406593406,
      "brier": 0.24979287577486767,
      "display_ready": true,
      "ece": null,
      "hit_rate": 0.5406593406593406,
      "logloss": 0.6927329282066296,
      "n": 910
    }
  },
  "schema_version": "1",
  "total_forecasts": 914,
  "total_resolved": 910
}
