{
  "by_horizon": {
    "12h": {
      "base_rate": 0.5955882352941176,
      "baseline_brier": 0.24086288927335642,
      "baseline_hit_rate": 0.5955882352941176,
      "brier": 0.24892310841486023,
      "display_ready": true,
      "ece": null,
      "hit_rate": 0.5955882352941176,
      "logloss": 0.6909935174274482,
      "n": 136
    },
    "1h": {
      "base_rate": 0.5304777594728172,
      "baseline_brier": 0.24907110617751713,
      "baseline_hit_rate": 0.5304777594728172,
      "brier": 0.2501513670399584,
      "display_ready": true,
      "ece": null,
      "hit_rate": 0.5304777594728172,
      "logloss": 0.6934505442584418,
      "n": 607
    },
    "24h": {
      "base_rate": 0.6617647058823529,
      "baseline_brier": 0.22383217993079585,
      "baseline_hit_rate": 0.6617647058823529,
      "brier": 0.24804329555165688,
      "display_ready": true,
      "ece": null,
      "hit_rate": 0.6617647058823529,
      "logloss": 0.6892325731731971,
      "n": 68
    },
    "4h": {
      "base_rate": 0.553475935828877,
      "baseline_brier": 0.24714032428722585,
      "baseline_hit_rate": 0.553475935828877,
      "brier": 0.24984602533894054,
      "display_ready": true,
      "ece": null,
      "hit_rate": 0.553475935828877,
      "logloss": 0.6928394688275693,
      "n": 374
    }
  },
  "by_model_version": {
    "v0.1.0-baseline-shadow": {
      "base_rate": 0.5527426160337553,
      "baseline_brier": 0.24721821645391584,
      "baseline_hit_rate": 0.5527426160337553,
      "brier": 0.24979306338561366,
      "display_ready": true,
      "ece": null,
      "hit_rate": 0.5527426160337553,
      "logloss": 0.6927336498331608,
      "n": 1185
    }
  },
  "generated_at": "2026-07-05T05:10:04Z",
  "global": {
    "base_rate": 0.5527426160337553,
    "baseline_brier": 0.24721821645391584,
    "baseline_hit_rate": 0.5527426160337553,
    "brier": 0.24979306338561366,
    "display_ready": true,
    "ece": null,
    "hit_rate": 0.5527426160337553,
    "logloss": 0.6927336498331608,
    "n": 1185
  },
  "metrics_version": "metrics-v0.1.0",
  "min_n_display": 20,
  "rolling": {
    "30d": {
      "base_rate": 0.5527426160337553,
      "baseline_brier": 0.24721821645391584,
      "baseline_hit_rate": 0.5527426160337553,
      "brier": 0.24979306338561366,
      "display_ready": true,
      "ece": null,
      "hit_rate": 0.5527426160337553,
      "logloss": 0.6927336498331608,
      "n": 1185
    },
    "7d": {
      "base_rate": 0.5867768595041323,
      "baseline_brier": 0.24246977665460012,
      "baseline_hit_rate": 0.5867768595041323,
      "brier": 0.2499323537463973,
      "display_ready": true,
      "ece": null,
      "hit_rate": 0.5867768595041323,
      "logloss": 0.6930128446454911,
      "n": 121
    },
    "90d": {
      "base_rate": 0.5527426160337553,
      "baseline_brier": 0.24721821645391584,
      "baseline_hit_rate": 0.5527426160337553,
      "brier": 0.24979306338561366,
      "display_ready": true,
      "ece": null,
      "hit_rate": 0.5527426160337553,
      "logloss": 0.6927336498331608,
      "n": 1185
    }
  },
  "schema_version": "1",
  "total_forecasts": 1189,
  "total_resolved": 1185
}
