{
  "by_horizon": {
    "12h": {
      "base_rate": 0.573170731707317,
      "baseline_brier": 0.24464604402141585,
      "baseline_hit_rate": 0.573170731707317,
      "brier": 0.249459570806587,
      "display_ready": true,
      "ece": null,
      "hit_rate": 0.573170731707317,
      "logloss": 0.692066816518192,
      "n": 164
    },
    "1h": {
      "base_rate": 0.5339547270306259,
      "baseline_brier": 0.24884707651227567,
      "baseline_hit_rate": 0.5339547270306259,
      "brier": 0.25011522722103907,
      "display_ready": true,
      "ece": null,
      "hit_rate": 0.5339547270306259,
      "logloss": 0.6933782439620362,
      "n": 751
    },
    "24h": {
      "base_rate": 0.6341463414634146,
      "baseline_brier": 0.23200475907198095,
      "baseline_hit_rate": 0.6341463414634146,
      "brier": 0.2488377425425799,
      "display_ready": true,
      "ece": null,
      "hit_rate": 0.6341463414634146,
      "logloss": 0.690822236025332,
      "n": 82
    },
    "4h": {
      "base_rate": 0.5462555066079295,
      "baseline_brier": 0.2478604281084438,
      "baseline_hit_rate": 0.5462555066079295,
      "brier": 0.2500456137164824,
      "display_ready": true,
      "ece": null,
      "hit_rate": 0.5462555066079295,
      "logloss": 0.69323886981684,
      "n": 454
    }
  },
  "by_model_version": {
    "v0.1.0-baseline-shadow": {
      "base_rate": 0.5478980013783598,
      "baseline_brier": 0.24770578146395864,
      "baseline_hit_rate": 0.5478980013783598,
      "brier": 0.24994714594834955,
      "display_ready": true,
      "ece": null,
      "hit_rate": 0.5478980013783598,
      "logloss": 0.6930419637321814,
      "n": 1451
    }
  },
  "generated_at": "2026-07-19T00:04:49Z",
  "global": {
    "base_rate": 0.5478980013783598,
    "baseline_brier": 0.24770578146395864,
    "baseline_hit_rate": 0.5478980013783598,
    "brier": 0.24994714594834955,
    "display_ready": true,
    "ece": null,
    "hit_rate": 0.5478980013783598,
    "logloss": 0.6930419637321814,
    "n": 1451
  },
  "metrics_version": "metrics-v0.1.0",
  "min_n_display": 20,
  "rolling": {
    "30d": {
      "base_rate": 0.5600739371534196,
      "baseline_brier": 0.246391122074887,
      "baseline_hit_rate": 0.5600739371534196,
      "brier": 0.2502066392161287,
      "display_ready": true,
      "ece": null,
      "hit_rate": 0.5600739371534196,
      "logloss": 0.6935617831929064,
      "n": 541
    },
    "7d": {
      "base_rate": 0.5782312925170068,
      "baseline_brier": 0.2438798648711185,
      "baseline_hit_rate": 0.5782312925170068,
      "brier": 0.2500323027917436,
      "display_ready": true,
      "ece": null,
      "hit_rate": 0.5782312925170068,
      "logloss": 0.6932129683922733,
      "n": 147
    },
    "90d": {
      "base_rate": 0.5478980013783598,
      "baseline_brier": 0.24770578146395864,
      "baseline_hit_rate": 0.5478980013783598,
      "brier": 0.24994714594834955,
      "display_ready": true,
      "ece": null,
      "hit_rate": 0.5478980013783598,
      "logloss": 0.6930419637321814,
      "n": 1451
    }
  },
  "schema_version": "1",
  "total_forecasts": 1451,
  "total_resolved": 1451
}
