{
  "by_horizon": {
    "12h": {
      "base_rate": 0.5939849624060151,
      "baseline_brier": 0.24116682684153995,
      "baseline_hit_rate": 0.5939849624060151,
      "brier": 0.24890344415041535,
      "display_ready": true,
      "ece": null,
      "hit_rate": 0.5939849624060151,
      "logloss": 0.6909541873231623,
      "n": 133
    },
    "1h": {
      "base_rate": 0.5236486486486487,
      "baseline_brier": 0.24944074141709274,
      "baseline_hit_rate": 0.5236486486486487,
      "brier": 0.2502601824127644,
      "display_ready": true,
      "ece": null,
      "hit_rate": 0.5236486486486487,
      "logloss": 0.6936682204972027,
      "n": 592
    },
    "24h": {
      "base_rate": 0.6515151515151515,
      "baseline_brier": 0.22704315886134066,
      "baseline_hit_rate": 0.6515151515151515,
      "brier": 0.24820799421607165,
      "display_ready": true,
      "ece": null,
      "hit_rate": 0.6515151515151515,
      "logloss": 0.6895619681581153,
      "n": 66
    },
    "4h": {
      "base_rate": 0.5519125683060109,
      "baseline_brier": 0.24730508525187372,
      "baseline_hit_rate": 0.5519125683060109,
      "brier": 0.24984033528802507,
      "display_ready": true,
      "ece": null,
      "hit_rate": 0.5519125683060109,
      "logloss": 0.6928280795641597,
      "n": 366
    }
  },
  "by_model_version": {
    "v0.1.0-baseline-shadow": {
      "base_rate": 0.5479688850475367,
      "baseline_brier": 0.24769898606729618,
      "baseline_hit_rate": 0.5479688850475367,
      "brier": 0.24985434433365572,
      "display_ready": true,
      "ece": null,
      "hit_rate": 0.5479688850475367,
      "logloss": 0.6928562320373748,
      "n": 1157
    }
  },
  "generated_at": "2026-07-03T19:52:30Z",
  "global": {
    "base_rate": 0.5479688850475367,
    "baseline_brier": 0.24769898606729618,
    "baseline_hit_rate": 0.5479688850475367,
    "brier": 0.24985434433365572,
    "display_ready": true,
    "ece": null,
    "hit_rate": 0.5479688850475367,
    "logloss": 0.6928562320373748,
    "n": 1157
  },
  "metrics_version": "metrics-v0.1.0",
  "min_n_display": 20,
  "rolling": {
    "30d": {
      "base_rate": 0.5479688850475367,
      "baseline_brier": 0.24769898606729618,
      "baseline_hit_rate": 0.5479688850475367,
      "brier": 0.24985434433365572,
      "display_ready": true,
      "ece": null,
      "hit_rate": 0.5479688850475367,
      "logloss": 0.6928562320373748,
      "n": 1157
    },
    "7d": {
      "base_rate": 0.5537190082644629,
      "baseline_brier": 0.2471142681510826,
      "baseline_hit_rate": 0.5537190082644629,
      "brier": 0.2503124653268339,
      "display_ready": true,
      "ece": null,
      "hit_rate": 0.5537190082644629,
      "logloss": 0.6937732514324731,
      "n": 121
    },
    "90d": {
      "base_rate": 0.5479688850475367,
      "baseline_brier": 0.24769898606729618,
      "baseline_hit_rate": 0.5479688850475367,
      "brier": 0.24985434433365572,
      "display_ready": true,
      "ece": null,
      "hit_rate": 0.5479688850475367,
      "logloss": 0.6928562320373748,
      "n": 1157
    }
  },
  "schema_version": "1",
  "total_forecasts": 1161,
  "total_resolved": 1157
}
