{
  "by_horizon": {
    "12h": {
      "base_rate": 0.5918367346938775,
      "baseline_brier": 0.24156601416076634,
      "baseline_hit_rate": 0.5918367346938775,
      "brier": 0.24908219277654836,
      "display_ready": true,
      "ece": null,
      "hit_rate": 0.5918367346938775,
      "logloss": 0.6913119105109508,
      "n": 98
    },
    "1h": {
      "base_rate": 0.5164835164835165,
      "baseline_brier": 0.24972829368433766,
      "baseline_hit_rate": 0.5164835164835165,
      "brier": 0.2501652004380207,
      "display_ready": true,
      "ece": null,
      "hit_rate": 0.5164835164835165,
      "logloss": 0.6934778185029394,
      "n": 455
    },
    "24h": {
      "base_rate": 0.6530612244897959,
      "baseline_brier": 0.22657226155768428,
      "baseline_hit_rate": 0.6530612244897959,
      "brier": 0.24777757453176363,
      "display_ready": true,
      "ece": null,
      "hit_rate": 0.6530612244897959,
      "logloss": 0.6887004641307566,
      "n": 49
    },
    "4h": {
      "base_rate": 0.5274725274725275,
      "baseline_brier": 0.2492452602342712,
      "baseline_hit_rate": 0.5274725274725275,
      "brier": 0.24978108938523022,
      "display_ready": true,
      "ece": null,
      "hit_rate": 0.5274725274725275,
      "logloss": 0.6927089787356774,
      "n": 273
    }
  },
  "by_model_version": {
    "v0.1.0-baseline-shadow": {
      "base_rate": 0.536,
      "baseline_brier": 0.248704,
      "baseline_hit_rate": 0.536,
      "brier": 0.2497903538807148,
      "display_ready": true,
      "ece": null,
      "hit_rate": 0.536,
      "logloss": 0.6927278269556087,
      "n": 875
    }
  },
  "generated_at": "2026-06-16T05:36:59Z",
  "global": {
    "base_rate": 0.536,
    "baseline_brier": 0.248704,
    "baseline_hit_rate": 0.536,
    "brier": 0.2497903538807148,
    "display_ready": true,
    "ece": null,
    "hit_rate": 0.536,
    "logloss": 0.6927278269556087,
    "n": 875
  },
  "metrics_version": "metrics-v0.1.0",
  "min_n_display": 20,
  "rolling": {
    "30d": {
      "base_rate": 0.536,
      "baseline_brier": 0.248704,
      "baseline_hit_rate": 0.536,
      "brier": 0.2497903538807148,
      "display_ready": true,
      "ece": null,
      "hit_rate": 0.536,
      "logloss": 0.6927278269556087,
      "n": 875
    },
    "7d": {
      "base_rate": 0.6272727272727273,
      "baseline_brier": 0.233801652892562,
      "baseline_hit_rate": 0.6272727272727273,
      "brier": 0.24784804637947602,
      "display_ready": true,
      "ece": null,
      "hit_rate": 0.6272727272727273,
      "logloss": 0.6888422996052893,
      "n": 110
    },
    "90d": {
      "base_rate": 0.536,
      "baseline_brier": 0.248704,
      "baseline_hit_rate": 0.536,
      "brier": 0.2497903538807148,
      "display_ready": true,
      "ece": null,
      "hit_rate": 0.536,
      "logloss": 0.6927278269556087,
      "n": 875
    }
  },
  "schema_version": "1",
  "total_forecasts": 879,
  "total_resolved": 875
}
