{
  "by_horizon": {
    "12h": {
      "base_rate": 0.5948275862068966,
      "baseline_brier": 0.2410077288941736,
      "baseline_hit_rate": 0.5948275862068966,
      "brier": 0.24911743516074833,
      "display_ready": true,
      "ece": null,
      "hit_rate": 0.5948275862068966,
      "logloss": 0.6913825608303197,
      "n": 116
    },
    "1h": {
      "base_rate": 0.5288461538461539,
      "baseline_brier": 0.249167899408284,
      "baseline_hit_rate": 0.5288461538461539,
      "brier": 0.2501282083441607,
      "display_ready": true,
      "ece": null,
      "hit_rate": 0.5288461538461539,
      "logloss": 0.6934040704029912,
      "n": 520
    },
    "24h": {
      "base_rate": 0.6551724137931034,
      "baseline_brier": 0.2259215219976219,
      "baseline_hit_rate": 0.6551724137931034,
      "brier": 0.24799290452775993,
      "display_ready": true,
      "ece": null,
      "hit_rate": 0.6551724137931034,
      "logloss": 0.6891315004463346,
      "n": 58
    },
    "4h": {
      "base_rate": 0.554858934169279,
      "baseline_brier": 0.2469904973418107,
      "baseline_hit_rate": 0.554858934169279,
      "brier": 0.24960558305910502,
      "display_ready": true,
      "ece": null,
      "hit_rate": 0.554858934169279,
      "logloss": 0.6923583038152772,
      "n": 319
    }
  },
  "by_model_version": {
    "v0.1.0-baseline-shadow": {
      "base_rate": 0.5518262586377097,
      "baseline_brier": 0.2473140389156172,
      "baseline_hit_rate": 0.5518262586377097,
      "brier": 0.24972562712346988,
      "display_ready": true,
      "ece": null,
      "hit_rate": 0.5518262586377097,
      "logloss": 0.6925986373236261,
      "n": 1013
    }
  },
  "generated_at": "2026-06-25T08:29:36Z",
  "global": {
    "base_rate": 0.5518262586377097,
    "baseline_brier": 0.2473140389156172,
    "baseline_hit_rate": 0.5518262586377097,
    "brier": 0.24972562712346988,
    "display_ready": true,
    "ece": null,
    "hit_rate": 0.5518262586377097,
    "logloss": 0.6925986373236261,
    "n": 1013
  },
  "metrics_version": "metrics-v0.1.0",
  "min_n_display": 20,
  "rolling": {
    "30d": {
      "base_rate": 0.5518262586377097,
      "baseline_brier": 0.2473140389156172,
      "baseline_hit_rate": 0.5518262586377097,
      "brier": 0.24972562712346988,
      "display_ready": true,
      "ece": null,
      "hit_rate": 0.5518262586377097,
      "logloss": 0.6925986373236261,
      "n": 1013
    },
    "7d": {
      "base_rate": 0.6548672566371682,
      "baseline_brier": 0.22601613282167748,
      "baseline_hit_rate": 0.6548672566371682,
      "brier": 0.2490141229242058,
      "display_ready": true,
      "ece": null,
      "hit_rate": 0.6548672566371682,
      "logloss": 0.6911773453421622,
      "n": 113
    },
    "90d": {
      "base_rate": 0.5518262586377097,
      "baseline_brier": 0.2473140389156172,
      "baseline_hit_rate": 0.5518262586377097,
      "brier": 0.24972562712346988,
      "display_ready": true,
      "ece": null,
      "hit_rate": 0.5518262586377097,
      "logloss": 0.6925986373236261,
      "n": 1013
    }
  },
  "schema_version": "1",
  "total_forecasts": 1015,
  "total_resolved": 1013
}
