{
  "by_horizon": {
    "12h": {
      "base_rate": 0.5714285714285714,
      "baseline_brier": 0.2448979591836735,
      "baseline_hit_rate": 0.5714285714285714,
      "brier": 0.2495177516747886,
      "display_ready": true,
      "ece": null,
      "hit_rate": 0.5714285714285714,
      "logloss": 0.6921831820877208,
      "n": 168
    },
    "1h": {
      "base_rate": 0.5283505154639175,
      "baseline_brier": 0.24919624827293016,
      "baseline_hit_rate": 0.5283505154639175,
      "brier": 0.2501378397240134,
      "display_ready": true,
      "ece": null,
      "hit_rate": 0.5283505154639175,
      "logloss": 0.6934234548440725,
      "n": 776
    },
    "24h": {
      "base_rate": 0.6309523809523809,
      "baseline_brier": 0.2328514739229025,
      "baseline_hit_rate": 0.6309523809523809,
      "brier": 0.24897295422156468,
      "display_ready": true,
      "ece": null,
      "hit_rate": 0.6309523809523809,
      "logloss": 0.6910927019713022,
      "n": 84
    },
    "4h": {
      "base_rate": 0.5470085470085471,
      "baseline_brier": 0.24779019650814524,
      "baseline_hit_rate": 0.5470085470085471,
      "brier": 0.24998511830632283,
      "display_ready": true,
      "ece": null,
      "hit_rate": 0.5470085470085471,
      "logloss": 0.6931178445975366,
      "n": 468
    }
  },
  "by_model_version": {
    "v0.1.0-baseline-shadow": {
      "base_rate": 0.5447860962566845,
      "baseline_brier": 0.24799420558208699,
      "baseline_hit_rate": 0.5447860962566845,
      "brier": 0.24995501967190467,
      "display_ready": true,
      "ece": null,
      "hit_rate": 0.5447860962566845,
      "logloss": 0.693057696381667,
      "n": 1496
    }
  },
  "generated_at": "2026-07-21T09:41:49Z",
  "global": {
    "base_rate": 0.5447860962566845,
    "baseline_brier": 0.24799420558208699,
    "baseline_hit_rate": 0.5447860962566845,
    "brier": 0.24995501967190467,
    "display_ready": true,
    "ece": null,
    "hit_rate": 0.5447860962566845,
    "logloss": 0.693057696381667,
    "n": 1496
  },
  "metrics_version": "metrics-v0.1.0",
  "min_n_display": 20,
  "rolling": {
    "30d": {
      "base_rate": 0.532967032967033,
      "baseline_brier": 0.24891317473735056,
      "baseline_hit_rate": 0.532967032967033,
      "brier": 0.2504644554739821,
      "display_ready": true,
      "ece": null,
      "hit_rate": 0.532967032967033,
      "logloss": 0.6940774130014883,
      "n": 546
    },
    "7d": {
      "base_rate": 0.5664335664335665,
      "baseline_brier": 0.24558658125091692,
      "baseline_hit_rate": 0.5664335664335665,
      "brier": 0.24980112083036884,
      "display_ready": true,
      "ece": null,
      "hit_rate": 0.5664335664335665,
      "logloss": 0.6927505362197222,
      "n": 143
    },
    "90d": {
      "base_rate": 0.5447860962566845,
      "baseline_brier": 0.24799420558208699,
      "baseline_hit_rate": 0.5447860962566845,
      "brier": 0.24995501967190467,
      "display_ready": true,
      "ece": null,
      "hit_rate": 0.5447860962566845,
      "logloss": 0.693057696381667,
      "n": 1496
    }
  },
  "schema_version": "1",
  "total_forecasts": 1500,
  "total_resolved": 1496
}
