{
  "by_direction": {
    "down": {
      "always_down_rate": 0.45783132530120485,
      "always_up_rate": 0.5421686746987951,
      "base_rate": 0.4578313253012048,
      "baseline_brier": 0.24822180287414722,
      "baseline_hit_rate": 0.5421686746987953,
      "brier": 0.25079123724931174,
      "display_ready": true,
      "ece": null,
      "expectancy_bps": 5.0805164193003245,
      "expectancy_maker_2bps": 3.080516419300325,
      "expectancy_taker_10bps": -4.9194835806996755,
      "hit_down": 0.4578313253012048,
      "hit_rate": 0.4578313253012048,
      "hit_up": null,
      "logloss": 0.6947289515861029,
      "n": 747,
      "n_down": 747,
      "n_up": 0,
      "vs_majority_pp": -0.08433734939759036
    },
    "up": {
      "always_down_rate": 0.37985436893203883,
      "always_up_rate": 0.6201456310679612,
      "base_rate": 0.6201456310679612,
      "baseline_brier": 0.23556502733528137,
      "baseline_hit_rate": 0.6201456310679612,
      "brier": 0.24902832691934715,
      "display_ready": true,
      "ece": null,
      "expectancy_bps": 14.155523073558253,
      "expectancy_maker_2bps": 12.155523073558252,
      "expectancy_taker_10bps": 4.1555230735582525,
      "hit_down": null,
      "hit_rate": 0.6201456310679612,
      "hit_up": 0.6201456310679612,
      "logloss": 0.6912039036984605,
      "n": 824,
      "n_down": 0,
      "n_up": 824,
      "vs_majority_pp": 0.0
    }
  },
  "by_horizon": {
    "12h": {
      "always_down_rate": 0.4917127071823204,
      "always_up_rate": 0.5082872928176796,
      "base_rate": 0.580110497237569,
      "baseline_brier": 0.24358230823234944,
      "baseline_hit_rate": 0.580110497237569,
      "brier": 0.24881008729180176,
      "display_ready": true,
      "ece": null,
      "expectancy_bps": 25.427623177986455,
      "expectancy_maker_2bps": 23.427623177986455,
      "expectancy_taker_10bps": 15.427623177986455,
      "hit_down": 0.5698924731182796,
      "hit_rate": 0.580110497237569,
      "hit_up": 0.5909090909090909,
      "logloss": 0.690762969071121,
      "n": 181,
      "n_down": 93,
      "n_up": 88,
      "vs_majority_pp": 0.07182320441988943
    },
    "1h": {
      "always_down_rate": 0.38300492610837433,
      "always_up_rate": 0.6169950738916257,
      "base_rate": 0.5246305418719212,
      "baseline_brier": 0.24939333640709552,
      "baseline_hit_rate": 0.5246305418719212,
      "brier": 0.2501601830041485,
      "display_ready": true,
      "ece": null,
      "expectancy_bps": 3.129708562786124,
      "expectancy_maker_2bps": 1.1297085627861239,
      "expectancy_taker_10bps": -6.870291437213877,
      "hit_down": 0.39892183288409705,
      "hit_rate": 0.5246305418719212,
      "hit_up": 0.6303854875283447,
      "logloss": 0.6934681136866259,
      "n": 812,
      "n_down": 371,
      "n_up": 441,
      "vs_majority_pp": -0.09236453201970451
    },
    "24h": {
      "always_down_rate": 0.5111111111111111,
      "always_up_rate": 0.4888888888888889,
      "base_rate": 0.6333333333333333,
      "baseline_brier": 0.23222222222222225,
      "baseline_hit_rate": 0.6333333333333333,
      "brier": 0.24844432986949105,
      "display_ready": true,
      "ece": null,
      "expectancy_bps": 56.43259900384062,
      "expectancy_maker_2bps": 54.43259900384062,
      "expectancy_taker_10bps": 46.43259900384062,
      "hit_down": 0.6382978723404256,
      "hit_rate": 0.6333333333333333,
      "hit_up": 0.627906976744186,
      "logloss": 0.6900320429037062,
      "n": 90,
      "n_down": 47,
      "n_up": 43,
      "vs_majority_pp": 0.12222222222222223
    },
    "4h": {
      "always_down_rate": 0.42827868852459017,
      "always_up_rate": 0.5717213114754098,
      "base_rate": 0.5430327868852459,
      "baseline_brier": 0.248148179252889,
      "baseline_hit_rate": 0.5430327868852459,
      "brier": 0.2500321957363504,
      "display_ready": true,
      "ece": null,
      "expectancy_bps": 6.632458441159441,
      "expectancy_maker_2bps": 4.632458441159442,
      "expectancy_taker_10bps": -3.367541558840559,
      "hit_down": 0.4703389830508475,
      "hit_rate": 0.5430327868852459,
      "hit_up": 0.6111111111111112,
      "logloss": 0.6932119957082041,
      "n": 488,
      "n_down": 236,
      "n_up": 252,
      "vs_majority_pp": -0.02868852459016391
    }
  },
  "by_model_version": {
    "v0.1.0-baseline-shadow": {
      "always_down_rate": 0.4154929577464789,
      "always_up_rate": 0.5845070422535211,
      "base_rate": 0.5422535211267606,
      "baseline_brier": 0.2482146399523904,
      "baseline_hit_rate": 0.5422535211267606,
      "brier": 0.24996723894279957,
      "display_ready": true,
      "ece": null,
      "expectancy_bps": 9.729423425236,
      "expectancy_maker_2bps": 7.729423425236001,
      "expectancy_taker_10bps": -0.27057657476399966,
      "hit_down": 0.4555256064690027,
      "hit_rate": 0.5422535211267606,
      "hit_up": 0.6207317073170732,
      "logloss": 0.6930821088623111,
      "n": 1562,
      "n_down": 742,
      "n_up": 820,
      "vs_majority_pp": -0.04225352112676051
    },
    "v0.2.0-shadow-policy24": {
      "always_down_rate": 0.6666666666666667,
      "always_up_rate": 0.3333333333333333,
      "base_rate": 0.6666666666666666,
      "baseline_brier": 0.2222222222222222,
      "baseline_hit_rate": 0.6666666666666666,
      "brier": 0.23239648645833333,
      "display_ready": false,
      "ece": null,
      "expectancy_bps": 29.10415417896798,
      "expectancy_maker_2bps": 27.10415417896798,
      "expectancy_taker_10bps": 19.10415417896798,
      "hit_down": 0.8,
      "hit_rate": 0.6666666666666666,
      "hit_up": 0.5,
      "logloss": 0.6578099377133501,
      "n": 9,
      "n_down": 5,
      "n_up": 4,
      "vs_majority_pp": -1.1102230246251565e-16
    }
  },
  "by_regime": {
    "bear": {
      "always_down_rate": 0.3666666666666667,
      "always_up_rate": 0.6333333333333333,
      "base_rate": 0.36666666666666664,
      "baseline_brier": 0.2322222222222222,
      "baseline_hit_rate": 0.6333333333333333,
      "brier": 0.25180748349468934,
      "display_ready": true,
      "ece": null,
      "expectancy_bps": -10.552057876573706,
      "expectancy_maker_2bps": -12.552057876573707,
      "expectancy_taker_10bps": -20.55205787657371,
      "hit_down": 0.36666666666666664,
      "hit_rate": 0.36666666666666664,
      "hit_up": null,
      "logloss": 0.6967547192318216,
      "n": 30,
      "n_down": 30,
      "n_up": 0,
      "vs_majority_pp": -0.26666666666666666
    },
    "bull": {
      "always_down_rate": 0.5882352941176471,
      "always_up_rate": 0.4117647058823529,
      "base_rate": 0.4117647058823529,
      "baseline_brier": 0.24221453287197234,
      "baseline_hit_rate": 0.5882352941176471,
      "brier": 0.2515383473325285,
      "display_ready": false,
      "ece": null,
      "expectancy_bps": -23.495529168420124,
      "expectancy_maker_2bps": -25.495529168420127,
      "expectancy_taker_10bps": -33.49552916842013,
      "hit_down": null,
      "hit_rate": 0.4117647058823529,
      "hit_up": 0.4117647058823529,
      "logloss": 0.6962247494083634,
      "n": 17,
      "n_down": 0,
      "n_up": 17,
      "vs_majority_pp": -0.17647058823529416
    },
    "chop": {
      "always_down_rate": 0.8666666666666667,
      "always_up_rate": 0.13333333333333333,
      "base_rate": 0.7333333333333333,
      "baseline_brier": 0.19555555555555554,
      "baseline_hit_rate": 0.7333333333333333,
      "brier": 0.2398927908833675,
      "display_ready": false,
      "ece": null,
      "expectancy_bps": 50.700163639581675,
      "expectancy_maker_2bps": 48.70016363958168,
      "expectancy_taker_10bps": 40.700163639581675,
      "hit_down": 0.8461538461538461,
      "hit_rate": 0.7333333333333333,
      "hit_up": 0.0,
      "logloss": 0.6728707198955435,
      "n": 15,
      "n_down": 13,
      "n_up": 2,
      "vs_majority_pp": -0.13333333333333341
    },
    "unknown": {
      "always_down_rate": 0.411530815109344,