{
  "by_horizon": {
    "12h": {
      "base_rate": 0.5637583892617449,
      "baseline_brier": 0.24593486779874782,
      "baseline_hit_rate": 0.5637583892617449,
      "brier": 0.249518185158352,
      "display_ready": true,
      "ece": null,
      "hit_rate": 0.5637583892617449,
      "logloss": 0.6921840271269282,
      "n": 149
    },
    "1h": {
      "base_rate": 0.5283582089552239,
      "baseline_brier": 0.24919581198485188,
      "baseline_hit_rate": 0.5283582089552239,
      "brier": 0.2502161832265079,
      "display_ready": true,
      "ece": null,
      "hit_rate": 0.5283582089552239,
      "logloss": 0.6935801893608496,
      "n": 670
    },
    "24h": {
      "base_rate": 0.6486486486486487,
      "baseline_brier": 0.22790357925493057,
      "baseline_hit_rate": 0.6486486486486487,
      "brier": 0.24821168004606317,
      "display_ready": true,
      "ece": null,
      "hit_rate": 0.6486486486486487,
      "logloss": 0.6895695274370353,
      "n": 74
    },
    "4h": {
      "base_rate": 0.5450121654501217,
      "baseline_brier": 0.24797390496149088,
      "baseline_hit_rate": 0.5450121654501217,
      "brier": 0.24994609145232477,
      "display_ready": true,
      "ece": null,
      "hit_rate": 0.5450121654501217,
      "logloss": 0.6930396376586591,
      "n": 411
    }
  },
  "by_model_version": {
    "v0.1.0-baseline-shadow": {
      "base_rate": 0.5444785276073619,
      "baseline_brier": 0.24802166058188116,
      "baseline_hit_rate": 0.5444785276073619,
      "brier": 0.24993754621216938,
      "display_ready": true,
      "ece": null,
      "hit_rate": 0.5444785276073619,
      "logloss": 0.6930226863663581,
      "n": 1304
    }
  },
  "generated_at": "2026-07-11T23:04:34Z",
  "global": {
    "base_rate": 0.5444785276073619,
    "baseline_brier": 0.24802166058188116,
    "baseline_hit_rate": 0.5444785276073619,
    "brier": 0.24993754621216938,
    "display_ready": true,
    "ece": null,
    "hit_rate": 0.5444785276073619,
    "logloss": 0.6930226863663581,
    "n": 1304
  },
  "metrics_version": "metrics-v0.1.0",
  "min_n_display": 20,
  "rolling": {
    "30d": {
      "base_rate": 0.5742971887550201,
      "baseline_brier": 0.24447992774310093,
      "baseline_hit_rate": 0.5742971887550201,
      "brier": 0.2498793396103523,
      "display_ready": true,
      "ece": null,
      "hit_rate": 0.5742971887550201,
      "logloss": 0.6929068900234069,
      "n": 498
    },
    "7d": {
      "base_rate": 0.4523809523809524,
      "baseline_brier": 0.24773242630385492,
      "baseline_hit_rate": 0.5476190476190477,
      "brier": 0.2515517186848345,
      "display_ready": true,
      "ece": null,
      "hit_rate": 0.4523809523809524,
      "logloss": 0.6962517304809177,
      "n": 126
    },
    "90d": {
      "base_rate": 0.5444785276073619,
      "baseline_brier": 0.24802166058188116,
      "baseline_hit_rate": 0.5444785276073619,
      "brier": 0.24993754621216938,
      "display_ready": true,
      "ece": null,
      "hit_rate": 0.5444785276073619,
      "logloss": 0.6930226863663581,
      "n": 1304
    }
  },
  "schema_version": "1",
  "total_forecasts": 1307,
  "total_resolved": 1304
}
