{
  "by_horizon": {
    "12h": {
      "base_rate": 0.5704225352112676,
      "baseline_brier": 0.2450406665344178,
      "baseline_hit_rate": 0.5704225352112676,
      "brier": 0.24934257935987247,
      "display_ready": true,
      "ece": null,
      "hit_rate": 0.5704225352112676,
      "logloss": 0.6918326564004589,
      "n": 142
    },
    "1h": {
      "base_rate": 0.5291338582677165,
      "baseline_brier": 0.24915121830243658,
      "baseline_hit_rate": 0.5291338582677165,
      "brier": 0.2501268449372844,
      "display_ready": true,
      "ece": null,
      "hit_rate": 0.5291338582677165,
      "logloss": 0.6934014776546813,
      "n": 635
    },
    "24h": {
      "base_rate": 0.6619718309859155,
      "baseline_brier": 0.22376512596707002,
      "baseline_hit_rate": 0.6619718309859155,
      "brier": 0.2481639613395502,
      "display_ready": true,
      "ece": null,
      "hit_rate": 0.6619718309859155,
      "logloss": 0.689474058368131,
      "n": 71
    },
    "4h": {
      "base_rate": 0.5382653061224489,
      "baseline_brier": 0.24853576634735527,
      "baseline_hit_rate": 0.5382653061224489,
      "brier": 0.2500188147611205,
      "display_ready": true,
      "ece": null,
      "hit_rate": 0.5382653061224489,
      "logloss": 0.6931851128724262,
      "n": 392
    }
  },
  "by_model_version": {
    "v0.1.0-baseline-shadow": {
      "base_rate": 0.5443548387096774,
      "baseline_brier": 0.2480326482830385,
      "baseline_hit_rate": 0.5443548387096774,
      "brier": 0.24989049148850387,
      "display_ready": true,
      "ece": null,
      "hit_rate": 0.5443548387096774,
      "logloss": 0.692928546701384,
      "n": 1240
    }
  },
  "generated_at": "2026-07-08T09:39:45Z",
  "global": {
    "base_rate": 0.5443548387096774,
    "baseline_brier": 0.2480326482830385,
    "baseline_hit_rate": 0.5443548387096774,
    "brier": 0.24989049148850387,
    "display_ready": true,
    "ece": null,
    "hit_rate": 0.5443548387096774,
    "logloss": 0.692928546701384,
    "n": 1240
  },
  "metrics_version": "metrics-v0.1.0",
  "min_n_display": 20,
  "rolling": {
    "30d": {
      "base_rate": 0.5737704918032787,
      "baseline_brier": 0.2445579145391024,
      "baseline_hit_rate": 0.5737704918032787,
      "brier": 0.24969452523081476,
      "display_ready": true,
      "ece": null,
      "hit_rate": 0.5737704918032787,
      "logloss": 0.6925371648418749,
      "n": 488
    },
    "7d": {
      "base_rate": 0.5476190476190477,
      "baseline_brier": 0.2477324263038549,
      "baseline_hit_rate": 0.5476190476190477,
      "brier": 0.24988527426732346,
      "display_ready": true,
      "ece": null,
      "hit_rate": 0.5476190476190477,
      "logloss": 0.6929186615080627,
      "n": 126
    },
    "90d": {
      "base_rate": 0.5443548387096774,
      "baseline_brier": 0.2480326482830385,
      "baseline_hit_rate": 0.5443548387096774,
      "brier": 0.24989049148850387,
      "display_ready": true,
      "ece": null,
      "hit_rate": 0.5443548387096774,
      "logloss": 0.692928546701384,
      "n": 1240
    }
  },
  "schema_version": "1",
  "total_forecasts": 1244,
  "total_resolved": 1240
}
