{
  "by_horizon": {
    "12h": {
      "base_rate": 0.6036036036036037,
      "baseline_brier": 0.23926629332034738,
      "baseline_hit_rate": 0.6036036036036037,
      "brier": 0.24891422854016568,
      "display_ready": true,
      "ece": null,
      "hit_rate": 0.6036036036036037,
      "logloss": 0.6909758645431656,
      "n": 111
    },
    "1h": {
      "base_rate": 0.532803180914513,
      "baseline_brier": 0.24892395132188974,
      "baseline_hit_rate": 0.532803180914513,
      "brier": 0.2500802862883921,
      "display_ready": true,
      "ece": null,
      "hit_rate": 0.532803180914513,
      "logloss": 0.6933080513931136,
      "n": 503
    },
    "24h": {
      "base_rate": 0.6363636363636364,
      "baseline_brier": 0.23140495867768593,
      "baseline_hit_rate": 0.6363636363636364,
      "brier": 0.24806801844135692,
      "display_ready": true,
      "ece": null,
      "hit_rate": 0.6363636363636364,
      "logloss": 0.6892816613055586,
      "n": 55
    },
    "4h": {
      "base_rate": 0.5555555555555556,
      "baseline_brier": 0.2469135802469136,
      "baseline_hit_rate": 0.5555555555555556,
      "brier": 0.24957143767986162,
      "display_ready": true,
      "ece": null,
      "hit_rate": 0.5555555555555556,
      "logloss": 0.6922897469423475,
      "n": 306
    }
  },
  "by_model_version": {
    "v0.1.0-baseline-shadow": {
      "base_rate": 0.5538461538461539,
      "baseline_brier": 0.24710059171597634,
      "baseline_hit_rate": 0.5538461538461539,
      "brier": 0.2496743223746994,
      "display_ready": true,
      "ece": null,
      "hit_rate": 0.5538461538461539,
      "logloss": 0.6924958202576323,
      "n": 975
    }
  },
  "generated_at": "2026-06-22T23:41:01Z",
  "global": {
    "base_rate": 0.5538461538461539,
    "baseline_brier": 0.24710059171597634,
    "baseline_hit_rate": 0.5538461538461539,
    "brier": 0.2496743223746994,
    "display_ready": true,
    "ece": null,
    "hit_rate": 0.5538461538461539,
    "logloss": 0.6924958202576323,
    "n": 975
  },
  "metrics_version": "metrics-v0.1.0",
  "min_n_display": 20,
  "rolling": {
    "30d": {
      "base_rate": 0.5538461538461539,
      "baseline_brier": 0.24710059171597634,
      "baseline_hit_rate": 0.5538461538461539,
      "brier": 0.2496743223746994,
      "display_ready": true,
      "ece": null,
      "hit_rate": 0.5538461538461539,
      "logloss": 0.6924958202576323,
      "n": 975
    },
    "7d": {
      "base_rate": 0.7075471698113207,
      "baseline_brier": 0.20692417230331078,
      "baseline_hit_rate": 0.7075471698113207,
      "brier": 0.24875271485547534,
      "display_ready": true,
      "ece": null,
      "hit_rate": 0.7075471698113207,
      "logloss": 0.6906531179566603,
      "n": 106
    },
    "90d": {
      "base_rate": 0.5538461538461539,
      "baseline_brier": 0.24710059171597634,
      "baseline_hit_rate": 0.5538461538461539,
      "brier": 0.2496743223746994,
      "display_ready": true,
      "ece": null,
      "hit_rate": 0.5538461538461539,
      "logloss": 0.6924958202576323,
      "n": 975
    }
  },
  "schema_version": "1",
  "total_forecasts": 978,
  "total_resolved": 975
}
