{
  "by_horizon": {
    "12h": {
      "base_rate": 0.5688622754491018,
      "baseline_brier": 0.245257987019972,
      "baseline_hit_rate": 0.5688622754491018,
      "brier": 0.24953635107282815,
      "display_ready": true,
      "ece": null,
      "hit_rate": 0.5688622754491018,
      "logloss": 0.6922203846087213,
      "n": 167
    },
    "1h": {
      "base_rate": 0.5265888456549935,
      "baseline_brier": 0.24929303328673494,
      "baseline_hit_rate": 0.5265888456549935,
      "brier": 0.25017717870376194,
      "display_ready": true,
      "ece": null,
      "hit_rate": 0.5265888456549935,
      "logloss": 0.6935021482874708,
      "n": 771
    },
    "24h": {
      "base_rate": 0.6265060240963856,
      "baseline_brier": 0.23399622586732471,
      "baseline_hit_rate": 0.6265060240963856,
      "brier": 0.2489736464192586,
      "display_ready": true,
      "ece": null,
      "hit_rate": 0.6265060240963856,
      "logloss": 0.691094081744704,
      "n": 83
    },
    "4h": {
      "base_rate": 0.5440860215053763,
      "baseline_brier": 0.2480564227078275,
      "baseline_hit_rate": 0.5440860215053763,
      "brier": 0.2500562858253891,
      "display_ready": true,
      "ece": null,
      "hit_rate": 0.5440860215053763,
      "logloss": 0.6932602064256118,
      "n": 465
    }
  },
  "by_model_version": {
    "v0.1.0-baseline-shadow": {
      "base_rate": 0.5423956931359354,
      "baseline_brier": 0.24820260520352358,
      "baseline_hit_rate": 0.5423956931359354,
      "brier": 0.2500001083252807,
      "display_ready": true,
      "ece": null,
      "hit_rate": 0.5423956931359354,
      "logloss": 0.6931478905329854,
      "n": 1486
    }
  },
  "generated_at": "2026-07-20T20:38:05Z",
  "global": {
    "base_rate": 0.5423956931359354,
    "baseline_brier": 0.24820260520352358,
    "baseline_hit_rate": 0.5423956931359354,
    "brier": 0.2500001083252807,
    "display_ready": true,
    "ece": null,
    "hit_rate": 0.5423956931359354,
    "logloss": 0.6931478905329854,
    "n": 1486
  },
  "metrics_version": "metrics-v0.1.0",
  "min_n_display": 20,
  "rolling": {
    "30d": {
      "base_rate": 0.5322283609576427,
      "baseline_brier": 0.24896133274998392,
      "baseline_hit_rate": 0.5322283609576427,
      "brier": 0.25050453285509017,
      "display_ready": true,
      "ece": null,
      "hit_rate": 0.5322283609576427,
      "logloss": 0.6941575990468981,
      "n": 543
    },
    "7d": {
      "base_rate": 0.541095890410959,
      "baseline_brier": 0.24831112779133047,
      "baseline_hit_rate": 0.541095890410959,
      "brier": 0.2503145230919431,
      "display_ready": true,
      "ece": null,
      "hit_rate": 0.541095890410959,
      "logloss": 0.6937774556531484,
      "n": 146
    },
    "90d": {
      "base_rate": 0.5423956931359354,
      "baseline_brier": 0.24820260520352358,
      "baseline_hit_rate": 0.5423956931359354,
      "brier": 0.2500001083252807,
      "display_ready": true,
      "ece": null,
      "hit_rate": 0.5423956931359354,
      "logloss": 0.6931478905329854,
      "n": 1486
    }
  },
  "schema_version": "1",
  "total_forecasts": 1488,
  "total_resolved": 1486
}
