{
  "by_horizon": {
    "12h": {
      "base_rate": 0.5581395348837209,
      "baseline_brier": 0.24661979448350463,
      "baseline_hit_rate": 0.5581395348837209,
      "brier": 0.24985594109952255,
      "display_ready": true,
      "ece": null,
      "hit_rate": 0.5581395348837209,
      "logloss": 0.6928598396783477,
      "n": 86
    },
    "1h": {
      "base_rate": 0.5084745762711864,
      "baseline_brier": 0.24992818155702384,
      "baseline_hit_rate": 0.5084745762711864,
      "brier": 0.2503799595773934,
      "display_ready": true,
      "ece": null,
      "hit_rate": 0.5084745762711864,
      "logloss": 0.6939075805618476,
      "n": 413
    },
    "24h": {
      "base_rate": 0.627906976744186,
      "baseline_brier": 0.23363980530016226,
      "baseline_hit_rate": 0.627906976744186,
      "brier": 0.24855910732806002,
      "display_ready": true,
      "ece": null,
      "hit_rate": 0.627906976744186,
      "logloss": 0.6902637577693241,
      "n": 43
    },
    "4h": {
      "base_rate": 0.5208333333333334,
      "baseline_brier": 0.24956597222222224,
      "baseline_hit_rate": 0.5208333333333334,
      "brier": 0.24983943109251816,
      "display_ready": true,
      "ece": null,
      "hit_rate": 0.5208333333333334,
      "logloss": 0.692825520003554,
      "n": 240
    }
  },
  "by_model_version": {
    "v0.1.0-baseline-shadow": {
      "base_rate": 0.5242966751918159,
      "baseline_brier": 0.24940967157462338,
      "baseline_hit_rate": 0.5242966751918159,
      "brier": 0.25005631626257463,
      "display_ready": true,
      "ece": null,
      "hit_rate": 0.5242966751918159,
      "logloss": 0.6932599020067964,
      "n": 782
    }
  },
  "generated_at": "2026-06-10T06:43:41Z",
  "global": {
    "base_rate": 0.5242966751918159,
    "baseline_brier": 0.24940967157462338,
    "baseline_hit_rate": 0.5242966751918159,
    "brier": 0.25005631626257463,
    "display_ready": true,
    "ece": null,
    "hit_rate": 0.5242966751918159,
    "logloss": 0.6932599020067964,
    "n": 782
  },
  "metrics_version": "metrics-v0.1.0",
  "min_n_display": 20,
  "rolling": {
    "30d": {
      "base_rate": 0.5242966751918159,
      "baseline_brier": 0.24940967157462338,
      "baseline_hit_rate": 0.5242966751918159,
      "brier": 0.25005631626257463,
      "display_ready": true,
      "ece": null,
      "hit_rate": 0.5242966751918159,
      "logloss": 0.6932599020067964,
      "n": 782
    },
    "7d": {
      "base_rate": 0.5242966751918159,
      "baseline_brier": 0.24940967157462338,
      "baseline_hit_rate": 0.5242966751918159,
      "brier": 0.25005631626257463,
      "display_ready": true,
      "ece": null,
      "hit_rate": 0.5242966751918159,
      "logloss": 0.6932599020067964,
      "n": 782
    },
    "90d": {
      "base_rate": 0.5242966751918159,
      "baseline_brier": 0.24940967157462338,
      "baseline_hit_rate": 0.5242966751918159,
      "brier": 0.25005631626257463,
      "display_ready": true,
      "ece": null,
      "hit_rate": 0.5242966751918159,
      "logloss": 0.6932599020067964,
      "n": 782
    }
  },
  "schema_version": "1",
  "total_forecasts": 786,
  "total_resolved": 782
}
