{
  "by_horizon": {
    "12h": {
      "base_rate": 0.5877862595419847,
      "baseline_brier": 0.2422935726356273,
      "baseline_hit_rate": 0.5877862595419847,
      "brier": 0.24908987622540923,
      "display_ready": true,
      "ece": null,
      "hit_rate": 0.5877862595419847,
      "logloss": 0.6913272262054222,
      "n": 131
    },
    "1h": {
      "base_rate": 0.5214408233276158,
      "baseline_brier": 0.24954029109503395,
      "baseline_hit_rate": 0.5214408233276158,
      "brier": 0.2502878301418032,
      "display_ready": true,
      "ece": null,
      "hit_rate": 0.5214408233276158,
      "logloss": 0.6937235197106764,
      "n": 583
    },
    "24h": {
      "base_rate": 0.6461538461538462,
      "baseline_brier": 0.22863905325443787,
      "baseline_hit_rate": 0.6461538461538462,
      "brier": 0.24837870325740943,
      "display_ready": true,
      "ece": null,
      "hit_rate": 0.6461538461538462,
      "logloss": 0.6899034573716565,
      "n": 65
    },
    "4h": {
      "base_rate": 0.5512465373961218,
      "baseline_brier": 0.24737379240490787,
      "baseline_hit_rate": 0.5512465373961218,
      "brier": 0.24981963927572357,
      "display_ready": true,
      "ece": null,
      "hit_rate": 0.5512465373961218,
      "logloss": 0.692786647843388,
      "n": 361
    }
  },
  "by_model_version": {
    "v0.1.0-baseline-shadow": {
      "base_rate": 0.5456140350877193,
      "baseline_brier": 0.24791935980301633,
      "baseline_hit_rate": 0.5456140350877193,
      "brier": 0.249893056358305,
      "display_ready": true,
      "ece": null,
      "hit_rate": 0.5456140350877193,
      "logloss": 0.6929336694954871,
      "n": 1140
    }
  },
  "generated_at": "2026-07-02T19:54:55Z",
  "global": {
    "base_rate": 0.5456140350877193,
    "baseline_brier": 0.24791935980301633,
    "baseline_hit_rate": 0.5456140350877193,
    "brier": 0.249893056358305,
    "display_ready": true,
    "ece": null,
    "hit_rate": 0.5456140350877193,
    "logloss": 0.6929336694954871,
    "n": 1140
  },
  "metrics_version": "metrics-v0.1.0",
  "min_n_display": 20,
  "rolling": {
    "30d": {
      "base_rate": 0.5456140350877193,
      "baseline_brier": 0.24791935980301633,
      "baseline_hit_rate": 0.5456140350877193,
      "brier": 0.249893056358305,
      "display_ready": true,
      "ece": null,
      "hit_rate": 0.5456140350877193,
      "logloss": 0.6929336694954871,
      "n": 1140
    },
    "7d": {
      "base_rate": 0.512396694214876,
      "baseline_brier": 0.24984632197254286,
      "baseline_hit_rate": 0.512396694214876,
      "brier": 0.2510613447433627,
      "display_ready": true,
      "ece": null,
      "hit_rate": 0.512396694214876,
      "logloss": 0.6952716435433712,
      "n": 121
    },
    "90d": {
      "base_rate": 0.5456140350877193,
      "baseline_brier": 0.24791935980301633,
      "baseline_hit_rate": 0.5456140350877193,
      "brier": 0.249893056358305,
      "display_ready": true,
      "ece": null,
      "hit_rate": 0.5456140350877193,
      "logloss": 0.6929336694954871,
      "n": 1140
    }
  },
  "schema_version": "1",
  "total_forecasts": 1144,
  "total_resolved": 1140
}
