{
  "by_horizon": {
    "12h": {
      "base_rate": 0.5939849624060151,
      "baseline_brier": 0.24116682684153995,
      "baseline_hit_rate": 0.5939849624060151,
      "brier": 0.24890344415041535,
      "display_ready": true,
      "ece": null,
      "hit_rate": 0.5939849624060151,
      "logloss": 0.6909541873231623,
      "n": 133
    },
    "1h": {
      "base_rate": 0.524451939291737,
      "baseline_brier": 0.24940210266487323,
      "baseline_hit_rate": 0.524451939291737,
      "brier": 0.25024522384232284,
      "display_ready": true,
      "ece": null,
      "hit_rate": 0.524451939291737,
      "logloss": 0.6936382993090752,
      "n": 593
    },
    "24h": {
      "base_rate": 0.6515151515151515,
      "baseline_brier": 0.22704315886134066,
      "baseline_hit_rate": 0.6515151515151515,
      "brier": 0.24820799421607165,
      "display_ready": true,
      "ece": null,
      "hit_rate": 0.6515151515151515,
      "logloss": 0.6895619681581153,
      "n": 66
    },
    "4h": {
      "base_rate": 0.553133514986376,
      "baseline_brier": 0.24717682958519258,
      "baseline_hit_rate": 0.553133514986376,
      "brier": 0.2498156137471412,
      "display_ready": true,
      "ece": null,
      "hit_rate": 0.553133514986376,
      "logloss": 0.6927786300599196,
      "n": 367
    }
  },
  "by_model_version": {
    "v0.1.0-baseline-shadow": {
      "base_rate": 0.548748921484038,
      "baseline_brier": 0.2476235426541431,
      "baseline_hit_rate": 0.548748921484038,
      "brier": 0.2498392007540675,
      "display_ready": true,
      "ece": null,
      "hit_rate": 0.548748921484038,
      "logloss": 0.6928259409272547,
      "n": 1159
    }
  },
  "generated_at": "2026-07-03T21:20:10Z",
  "global": {
    "base_rate": 0.548748921484038,
    "baseline_brier": 0.2476235426541431,
    "baseline_hit_rate": 0.548748921484038,
    "brier": 0.2498392007540675,
    "display_ready": true,
    "ece": null,
    "hit_rate": 0.548748921484038,
    "logloss": 0.6928259409272547,
    "n": 1159
  },
  "metrics_version": "metrics-v0.1.0",
  "min_n_display": 20,
  "rolling": {
    "30d": {
      "base_rate": 0.548748921484038,
      "baseline_brier": 0.2476235426541431,
      "baseline_hit_rate": 0.548748921484038,
      "brier": 0.2498392007540675,
      "display_ready": true,
      "ece": null,
      "hit_rate": 0.548748921484038,
      "logloss": 0.6928259409272547,
      "n": 1159
    },
    "7d": {
      "base_rate": 0.5619834710743802,
      "baseline_brier": 0.24615804931357146,
      "baseline_hit_rate": 0.5619834710743802,
      "brier": 0.25012649671424175,
      "display_ready": true,
      "ece": null,
      "hit_rate": 0.5619834710743802,
      "logloss": 0.6934012758259269,
      "n": 121
    },
    "90d": {
      "base_rate": 0.548748921484038,
      "baseline_brier": 0.2476235426541431,
      "baseline_hit_rate": 0.548748921484038,
      "brier": 0.2498392007540675,
      "display_ready": true,
      "ece": null,
      "hit_rate": 0.548748921484038,
      "logloss": 0.6928259409272547,
      "n": 1159
    }
  },
  "schema_version": "1",
  "total_forecasts": 1161,
  "total_resolved": 1159
}
