{
  "by_horizon": {
    "12h": {
      "base_rate": 0.564625850340136,
      "baseline_brier": 0.24582349946781432,
      "baseline_hit_rate": 0.564625850340136,
      "brier": 0.24942735191417678,
      "display_ready": true,
      "ece": null,
      "hit_rate": 0.564625850340136,
      "logloss": 0.6920022913749541,
      "n": 147
    },
    "1h": {
      "base_rate": 0.5275229357798165,
      "baseline_brier": 0.24924248800606008,
      "baseline_hit_rate": 0.5275229357798165,
      "brier": 0.2502069332201235,
      "display_ready": true,
      "ece": null,
      "hit_rate": 0.5275229357798165,
      "logloss": 0.6935617042575417,
      "n": 654
    },
    "24h": {
      "base_rate": 0.6438356164383562,
      "baseline_brier": 0.2293113154437981,
      "baseline_hit_rate": 0.6438356164383562,
      "brier": 0.2482811331332892,
      "display_ready": true,
      "ece": null,
      "hit_rate": 0.6438356164383562,
      "logloss": 0.689708431640677,
      "n": 73
    },
    "4h": {
      "base_rate": 0.5445544554455446,
      "baseline_brier": 0.24801490049995098,
      "baseline_hit_rate": 0.5445544554455446,
      "brier": 0.24993615254991305,
      "display_ready": true,
      "ece": null,
      "hit_rate": 0.5445544554455446,
      "logloss": 0.6930197637894594,
      "n": 404
    }
  },
  "by_model_version": {
    "v0.1.0-baseline-shadow": {
      "base_rate": 0.5438184663536776,
      "baseline_brier": 0.24807994200641165,
      "baseline_hit_rate": 0.5438184663536776,
      "brier": 0.2499216615072299,
      "display_ready": true,
      "ece": null,
      "hit_rate": 0.5438184663536776,
      "logloss": 0.692990916664524,
      "n": 1278
    }
  },
  "generated_at": "2026-07-10T17:11:40Z",
  "global": {
    "base_rate": 0.5438184663536776,
    "baseline_brier": 0.24807994200641165,
    "baseline_hit_rate": 0.5438184663536776,
    "brier": 0.2499216615072299,
    "display_ready": true,
    "ece": null,
    "hit_rate": 0.5438184663536776,
    "logloss": 0.692990916664524,
    "n": 1278
  },
  "metrics_version": "metrics-v0.1.0",
  "min_n_display": 20,
  "rolling": {
    "30d": {
      "base_rate": 0.5725971370143149,
      "baseline_brier": 0.24472965569732477,
      "baseline_hit_rate": 0.5725971370143149,
      "brier": 0.24972360708177124,
      "display_ready": true,
      "ece": null,
      "hit_rate": 0.5725971370143149,
      "logloss": 0.6925953193771155,
      "n": 489
    },
    "7d": {
      "base_rate": 0.5,
      "baseline_brier": 0.25,
      "baseline_hit_rate": 0.5,
      "brier": 0.2505877150685994,
      "display_ready": true,
      "ece": null,
      "hit_rate": 0.5,
      "logloss": 0.6943234794860527,
      "n": 124
    },
    "90d": {
      "base_rate": 0.5438184663536776,
      "baseline_brier": 0.24807994200641165,
      "baseline_hit_rate": 0.5438184663536776,
      "brier": 0.2499216615072299,
      "display_ready": true,
      "ece": null,
      "hit_rate": 0.5438184663536776,
      "logloss": 0.692990916664524,
      "n": 1278
    }
  },
  "schema_version": "1",
  "total_forecasts": 1282,
  "total_resolved": 1278
}
