{
  "by_horizon": {
    "12h": {
      "base_rate": 0.5629139072847682,
      "baseline_brier": 0.2460418402701636,
      "baseline_hit_rate": 0.5629139072847682,
      "brier": 0.2495244541283976,
      "display_ready": true,
      "ece": null,
      "hit_rate": 0.5629139072847682,
      "logloss": 0.6921965587571446,
      "n": 151
    },
    "1h": {
      "base_rate": 0.528023598820059,
      "baseline_brier": 0.2492146779091724,
      "baseline_hit_rate": 0.528023598820059,
      "brier": 0.25021919315968144,
      "display_ready": true,
      "ece": null,
      "hit_rate": 0.528023598820059,
      "logloss": 0.6935862017636018,
      "n": 678
    },
    "24h": {
      "base_rate": 0.64,
      "baseline_brier": 0.23040000000000002,
      "baseline_hit_rate": 0.64,
      "brier": 0.2482881720418367,
      "display_ready": true,
      "ece": null,
      "hit_rate": 0.64,
      "logloss": 0.6897225271142554,
      "n": 75
    },
    "4h": {
      "base_rate": 0.5384615384615384,
      "baseline_brier": 0.2485207100591716,
      "baseline_hit_rate": 0.5384615384615384,
      "brier": 0.24998710848018973,
      "display_ready": true,
      "ece": null,
      "hit_rate": 0.5384615384615384,
      "logloss": 0.6931216706174669,
      "n": 416
    }
  },
  "by_model_version": {
    "v0.1.0-baseline-shadow": {
      "base_rate": 0.5416666666666666,
      "baseline_brier": 0.24826388888888887,
      "baseline_hit_rate": 0.5416666666666666,
      "brier": 0.24995686027768846,
      "display_ready": true,
      "ece": null,
      "hit_rate": 0.5416666666666666,
      "logloss": 0.6930613103624896,
      "n": 1320
    }
  },
  "generated_at": "2026-07-12T17:12:12Z",
  "global": {
    "base_rate": 0.5416666666666666,
    "baseline_brier": 0.24826388888888887,
    "baseline_hit_rate": 0.5416666666666666,
    "brier": 0.24995686027768846,
    "display_ready": true,
    "ece": null,
    "hit_rate": 0.5416666666666666,
    "logloss": 0.6930613103624896,
    "n": 1320
  },
  "metrics_version": "metrics-v0.1.0",
  "min_n_display": 20,
  "rolling": {
    "30d": {
      "base_rate": 0.5666003976143141,
      "baseline_brier": 0.24556438703761527,
      "baseline_hit_rate": 0.5666003976143141,
      "brier": 0.2499542857625287,
      "display_ready": true,
      "ece": null,
      "hit_rate": 0.5666003976143141,
      "logloss": 0.6930567891404915,
      "n": 503
    },
    "7d": {
      "base_rate": 0.4523809523809524,
      "baseline_brier": 0.24773242630385492,
      "baseline_hit_rate": 0.5476190476190477,
      "brier": 0.2513516970546633,
      "display_ready": true,
      "ece": null,
      "hit_rate": 0.4523809523809524,
      "logloss": 0.6958516273893366,
      "n": 126
    },
    "90d": {
      "base_rate": 0.5416666666666666,
      "baseline_brier": 0.24826388888888887,
      "baseline_hit_rate": 0.5416666666666666,
      "brier": 0.24995686027768846,
      "display_ready": true,
      "ece": null,
      "hit_rate": 0.5416666666666666,
      "logloss": 0.6930613103624896,
      "n": 1320
    }
  },
  "schema_version": "1",
  "total_forecasts": 1322,
  "total_resolved": 1320
}
