{
  "by_horizon": {
    "12h": {
      "base_rate": 0.5939849624060151,
      "baseline_brier": 0.24116682684153995,
      "baseline_hit_rate": 0.5939849624060151,
      "brier": 0.24890344415041535,
      "display_ready": true,
      "ece": null,
      "hit_rate": 0.5939849624060151,
      "logloss": 0.6909541873231623,
      "n": 133
    },
    "1h": {
      "base_rate": 0.5252525252525253,
      "baseline_brier": 0.24936230996837058,
      "baseline_hit_rate": 0.5252525252525253,
      "brier": 0.2502219451324192,
      "display_ready": true,
      "ece": null,
      "hit_rate": 0.5252525252525253,
      "logloss": 0.6935917292699327,
      "n": 594
    },
    "24h": {
      "base_rate": 0.6515151515151515,
      "baseline_brier": 0.22704315886134066,
      "baseline_hit_rate": 0.6515151515151515,
      "brier": 0.24820799421607165,
      "display_ready": true,
      "ece": null,
      "hit_rate": 0.6515151515151515,
      "logloss": 0.6895619681581153,
      "n": 66
    },
    "4h": {
      "base_rate": 0.553133514986376,
      "baseline_brier": 0.24717682958519258,
      "baseline_hit_rate": 0.553133514986376,
      "brier": 0.2498156137471412,
      "display_ready": true,
      "ece": null,
      "hit_rate": 0.553133514986376,
      "logloss": 0.6927786300599196,
      "n": 367
    }
  },
  "by_model_version": {
    "v0.1.0-baseline-shadow": {
      "base_rate": 0.5491379310344827,
      "baseline_brier": 0.24758546373365042,
      "baseline_hit_rate": 0.5491379310344827,
      "brier": 0.2498276304690722,
      "display_ready": true,
      "ece": null,
      "hit_rate": 0.5491379310344827,
      "logloss": 0.6928027941644369,
      "n": 1160
    }
  },
  "generated_at": "2026-07-03T23:16:02Z",
  "global": {
    "base_rate": 0.5491379310344827,
    "baseline_brier": 0.24758546373365042,
    "baseline_hit_rate": 0.5491379310344827,
    "brier": 0.2498276304690722,
    "display_ready": true,
    "ece": null,
    "hit_rate": 0.5491379310344827,
    "logloss": 0.6928027941644369,
    "n": 1160
  },
  "metrics_version": "metrics-v0.1.0",
  "min_n_display": 20,
  "rolling": {
    "30d": {
      "base_rate": 0.5491379310344827,
      "baseline_brier": 0.24758546373365042,
      "baseline_hit_rate": 0.5491379310344827,
      "brier": 0.2498276304690722,
      "display_ready": true,
      "ece": null,
      "hit_rate": 0.5491379310344827,
      "logloss": 0.6928027941644369,
      "n": 1160
    },
    "7d": {
      "base_rate": 0.5702479338842975,
      "baseline_brier": 0.24506522778498735,
      "baseline_hit_rate": 0.5702479338842975,
      "brier": 0.24998639471077966,
      "display_ready": true,
      "ece": null,
      "hit_rate": 0.5702479338842975,
      "logloss": 0.6931210145762537,
      "n": 121
    },
    "90d": {
      "base_rate": 0.5491379310344827,
      "baseline_brier": 0.24758546373365042,
      "baseline_hit_rate": 0.5491379310344827,
      "brier": 0.2498276304690722,
      "display_ready": true,
      "ece": null,
      "hit_rate": 0.5491379310344827,
      "logloss": 0.6928027941644369,
      "n": 1160
    }
  },
  "schema_version": "1",
  "total_forecasts": 1163,
  "total_resolved": 1160
}
