{
  "by_horizon": {
    "12h": {
      "base_rate": 0.5918367346938775,
      "baseline_brier": 0.24156601416076634,
      "baseline_hit_rate": 0.5918367346938775,
      "brier": 0.24908219277654836,
      "display_ready": true,
      "ece": null,
      "hit_rate": 0.5918367346938775,
      "logloss": 0.6913119105109508,
      "n": 98
    },
    "1h": {
      "base_rate": 0.5153508771929824,
      "baseline_brier": 0.24976435056940596,
      "baseline_hit_rate": 0.5153508771929824,
      "brier": 0.2501693339946369,
      "display_ready": true,
      "ece": null,
      "hit_rate": 0.5153508771929824,
      "logloss": 0.6934860851465227,
      "n": 456
    },
    "24h": {
      "base_rate": 0.6530612244897959,
      "baseline_brier": 0.22657226155768428,
      "baseline_hit_rate": 0.6530612244897959,
      "brier": 0.24777757453176363,
      "display_ready": true,
      "ece": null,
      "hit_rate": 0.6530612244897959,
      "logloss": 0.6887004641307566,
      "n": 49
    },
    "4h": {
      "base_rate": 0.5291970802919708,
      "baseline_brier": 0.24914753050242422,
      "baseline_hit_rate": 0.5291970802919708,
      "brier": 0.24977443675715824,
      "display_ready": true,
      "ece": null,
      "hit_rate": 0.5291970802919708,
      "logloss": 0.6926956747854748,
      "n": 274
    }
  },
  "by_model_version": {
    "v0.1.0-baseline-shadow": {
      "base_rate": 0.5359179019384265,
      "baseline_brier": 0.24870990432034157,
      "baseline_hit_rate": 0.5359179019384265,
      "brier": 0.24979084152471373,
      "display_ready": true,
      "ece": null,
      "hit_rate": 0.5359179019384265,
      "logloss": 0.6927288023837112,
      "n": 877
    }
  },
  "generated_at": "2026-06-16T11:30:58Z",
  "global": {
    "base_rate": 0.5359179019384265,
    "baseline_brier": 0.24870990432034157,
    "baseline_hit_rate": 0.5359179019384265,
    "brier": 0.24979084152471373,
    "display_ready": true,
    "ece": null,
    "hit_rate": 0.5359179019384265,
    "logloss": 0.6927288023837112,
    "n": 877
  },
  "metrics_version": "metrics-v0.1.0",
  "min_n_display": 20,
  "rolling": {
    "30d": {
      "base_rate": 0.5359179019384265,
      "baseline_brier": 0.24870990432034157,
      "baseline_hit_rate": 0.5359179019384265,
      "brier": 0.24979084152471373,
      "display_ready": true,
      "ece": null,
      "hit_rate": 0.5359179019384265,
      "logloss": 0.6927288023837112,
      "n": 877
    },
    "7d": {
      "base_rate": 0.6363636363636364,
      "baseline_brier": 0.23140495867768593,
      "baseline_hit_rate": 0.6363636363636364,
      "brier": 0.2476872059700601,
      "display_ready": true,
      "ece": null,
      "hit_rate": 0.6363636363636364,
      "logloss": 0.6885205856079514,
      "n": 110
    },
    "90d": {
      "base_rate": 0.5359179019384265,
      "baseline_brier": 0.24870990432034157,
      "baseline_hit_rate": 0.5359179019384265,
      "brier": 0.24979084152471373,
      "display_ready": true,
      "ece": null,
      "hit_rate": 0.5359179019384265,
      "logloss": 0.6927288023837112,
      "n": 877
    }
  },
  "schema_version": "1",
  "total_forecasts": 879,
  "total_resolved": 877
}
