{
  "by_direction": {
    "down": {
      "always_down_rate": 0.4527777777777777,
      "always_up_rate": 0.5472222222222223,
      "base_rate": 0.4527777777777778,
      "baseline_brier": 0.2477700617283951,
      "baseline_hit_rate": 0.5472222222222223,
      "brier": 0.25102702761162876,
      "display_ready": true,
      "ece": null,
      "expectancy_bps": 4.537887553609584,
      "expectancy_maker_2bps": 2.537887553609585,
      "expectancy_taker_10bps": -5.462112446390416,
      "hit_down": 0.4527777777777778,
      "hit_rate": 0.4527777777777778,
      "hit_up": null,
      "logloss": 0.695202193727778,
      "n": 720,
      "n_down": 720,
      "n_up": 0,
      "vs_majority_pp": -0.0944444444444445
    },
    "up": {
      "always_down_rate": 0.37926829268292683,
      "always_up_rate": 0.6207317073170732,
      "base_rate": 0.6207317073170732,
      "baseline_brier": 0.2354238548483046,
      "baseline_hit_rate": 0.6207317073170732,
      "brier": 0.24900830687311168,
      "display_ready": true,
      "ece": null,
      "expectancy_bps": 14.402453323334115,
      "expectancy_maker_2bps": 12.402453323334113,
      "expectancy_taker_10bps": 4.402453323334114,
      "hit_down": null,
      "hit_rate": 0.6207317073170732,
      "hit_up": 0.6207317073170732,
      "logloss": 0.69116385876222,
      "n": 820,
      "n_down": 0,
      "n_up": 820,
      "vs_majority_pp": 0.0
    }
  },
  "by_horizon": {
    "12h": {
      "always_down_rate": 0.4742857142857143,
      "always_up_rate": 0.5257142857142857,
      "base_rate": 0.5657142857142857,
      "baseline_brier": 0.24568163265306123,
      "baseline_hit_rate": 0.5657142857142857,
      "brier": 0.249623865045748,
      "display_ready": true,
      "ece": null,
      "expectancy_bps": 24.37760183391444,
      "expectancy_maker_2bps": 22.37760183391444,
      "expectancy_taker_10bps": 14.377601833914442,
      "hit_down": 0.5402298850574713,
      "hit_rate": 0.5657142857142857,
      "hit_up": 0.5909090909090909,
      "logloss": 0.6923956923578972,
      "n": 175,
      "n_down": 87,
      "n_up": 88,
      "vs_majority_pp": 0.040000000000000036
    },
    "1h": {
      "always_down_rate": 0.3814303638644918,
      "always_up_rate": 0.6185696361355082,
      "base_rate": 0.5257214554579673,
      "baseline_brier": 0.24933840672912377,
      "baseline_hit_rate": 0.5257214554579673,
      "brier": 0.2501240011363557,
      "display_ready": true,
      "ece": null,
      "expectancy_bps": 3.3517466600987578,
      "expectancy_maker_2bps": 1.3517466600987575,
      "expectancy_taker_10bps": -6.648253339901243,
      "hit_down": 0.39664804469273746,
      "hit_rate": 0.5257214554579673,
      "hit_up": 0.6309794988610479,
      "logloss": 0.6933957394898141,
      "n": 797,
      "n_down": 358,
      "n_up": 439,
      "vs_majority_pp": -0.09284818067754086
    },
    "24h": {
      "always_down_rate": 0.5,
      "always_up_rate": 0.5,
      "base_rate": 0.625,
      "baseline_brier": 0.234375,
      "baseline_hit_rate": 0.625,
      "brier": 0.24896676328101125,
      "display_ready": true,
      "ece": null,
      "expectancy_bps": 54.73498298085394,
      "expectancy_maker_2bps": 52.73498298085395,
      "expectancy_taker_10bps": 44.73498298085394,
      "hit_down": 0.6222222222222222,
      "hit_rate": 0.625,
      "hit_up": 0.627906976744186,
      "logloss": 0.691080348313875,
      "n": 88,
      "n_down": 45,
      "n_up": 43,
      "vs_majority_pp": 0.125
    },
    "4h": {
      "always_down_rate": 0.4291666666666667,
      "always_up_rate": 0.5708333333333333,
      "base_rate": 0.5458333333333333,
      "baseline_brier": 0.24789930555555553,
      "baseline_hit_rate": 0.5458333333333333,
      "brier": 0.2499670647060706,
      "display_ready": true,
      "ece": null,
      "expectancy_bps": 6.923312192466647,
      "expectancy_maker_2bps": 4.923312192466647,
      "expectancy_taker_10bps": -3.0766878075333532,
      "hit_down": 0.47391304347826085,
      "hit_rate": 0.5458333333333333,
      "hit_up": 0.612,
      "logloss": 0.6930817135028866,
      "n": 480,
      "n_down": 230,
      "n_up": 250,
      "vs_majority_pp": -0.025000000000000022
    }
  },
  "by_model_version": {
    "v0.1.0-baseline-shadow": {
      "always_down_rate": 0.4136807817589576,
      "always_up_rate": 0.5863192182410424,
      "base_rate": 0.542671009771987,
      "baseline_brier": 0.248179184925039,
      "baseline_hit_rate": 0.542671009771987,
      "brier": 0.2499314026958953,
      "display_ready": true,
      "ece": null,
      "expectancy_bps": 9.846671542200442,
      "expectancy_maker_2bps": 7.846671542200442,
      "expectancy_taker_10bps": -0.153328457799559,
      "hit_down": 0.4534075104311544,
      "hit_rate": 0.542671009771987,
      "hit_up": 0.6213235294117647,
      "logloss": 0.6930104249072461,
      "n": 1535,
      "n_down": 719,
      "n_up": 816,
      "vs_majority_pp": -0.04364820846905537
    },
    "v0.2.0-shadow-policy24": {
      "always_down_rate": 0.4,
      "always_up_rate": 0.6,
      "base_rate": 0.4,
      "baseline_brier": 0.24000000000000005,
      "baseline_hit_rate": 0.6,
      "brier": 0.256313675625,
      "display_ready": false,
      "ece": null,
      "expectancy_bps": -7.470010708960649,
      "expectancy_maker_2bps": -9.470010708960649,
      "expectancy_taker_10bps": -17.470010708960647,
      "hit_down": 0.0,
      "hit_rate": 0.4,
      "hit_up": 0.5,
      "logloss": 0.7057882872795338,
      "n": 5,
      "n_down": 1,
      "n_up": 4,
      "vs_majority_pp": -0.19999999999999996
    }
  },
  "by_regime": {
    "bear": {
      "always_down_rate": 0.2727272727272727,
      "always_up_rate": 0.7272727272727273,
      "base_rate": 0.2727272727272727,
      "baseline_brier": 0.1983471074380165,
      "baseline_hit_rate": 0.7272727272727273,
      "brier": 0.25460907217107176,
      "display_ready": false,
      "ece": null,
      "expectancy_bps": -5.688883612987628,
      "expectancy_maker_2bps": -7.688883612987628,
      "expectancy_taker_10bps": -15.68888361298763,
      "hit_down": 0.2727272727272727,
      "hit_rate": 0.2727272727272727,
      "hit_up": null,
      "logloss": 0.7023709368009227,
      "n": 11,
      "n_down": 11,
      "n_up": 0,
      "vs_majority_pp": -0.4545454545454546
    },
    "bull": {
      "always_down_rate": 0.6153846153846154,
      "always_up_rate": 0.38461538461538464,
      "base_rate": 0.38461538461538464,
      "baseline_brier": 0.2366863905325444,
      "baseline_hit_rate": 0.6153846153846154,
      "brier": 0.2510478583894247,
      "display_ready": false,
      "ece": null,
      "expectancy_bps": -19.504867949320772,
      "expectancy_maker_2bps": -21.504867949320772,
      "expectancy_taker_10bps": -29.504867949320772,
      "hit_down": null,
      "hit_rate": 0.38461538461538464,
      "hit_up": 0.38461538461538464,
      "logloss": 0.6952437136485445,
      "n": 13,
      "n_down": 0,
      "n_up": 13,
      "vs_majority_pp": -0.23076923076923078
    },
    "chop": {
      "always_down_rate": 0.7142857142857143,
      "always_up_rate": 0.2857142857142857,
      "base_rate": 0.42857142857142855,
      "baseline_brier": 0.24489795918367346,
      "baseline_hit_rate": 0.5714285714285714,
      "brier": 0.25004603276374626,
      "display_ready": false,
      "ece": null,
      "expectancy_bps": -3.0497555112948134,
      "expectancy_maker_2bps": -5.049755511294813,
      "expectancy_taker_10bps": -13.049755511294814,
      "hit_down": 0.6,
      "hit_rate": 0.42857142857142855,
      "hit_up": 0.0,
      "logloss": 0.6932392456798544,
      "n": 7,
      "n_down": 5,
      "n_up": 2,
      "vs_majority_pp": -0.28571428571428575
    },
    "unknown": {
      "always_down_rate": 0.411530815109344,
      "always_up_rate": 0.588469184890656,
      "base_rate": 0.5460569913850232,
      "baseline_brier": 0.2478787535445599,
      "baseline_hit_rate": 0.5460569913850232,
      "brier": 0.2499083017455492,