{
  "by_horizon": {
    "12h": {
      "base_rate": 0.5813953488372093,
      "baseline_brier": 0.243374797187669,
      "baseline_hit_rate": 0.5813953488372093,
      "brier": 0.2491817252291393,
      "display_ready": true,
      "ece": null,
      "hit_rate": 0.5813953488372093,
      "logloss": 0.6915109739183071,
      "n": 129
    },
    "1h": {
      "base_rate": 0.519163763066202,
      "baseline_brier": 0.24963275018514247,
      "baseline_hit_rate": 0.519163763066202,
      "brier": 0.2503283743264065,
      "display_ready": true,
      "ece": null,
      "hit_rate": 0.519163763066202,
      "logloss": 0.6938045708662403,
      "n": 574
    },
    "24h": {
      "base_rate": 0.65625,
      "baseline_brier": 0.2255859375,
      "baseline_hit_rate": 0.65625,
      "brier": 0.24817576791601365,
      "display_ready": true,
      "ece": null,
      "hit_rate": 0.65625,
      "logloss": 0.6894975088496924,
      "n": 64
    },
    "4h": {
      "base_rate": 0.5492957746478874,
      "baseline_brier": 0.2475699266018647,
      "baseline_hit_rate": 0.5492957746478874,
      "brier": 0.24984535282187365,
      "display_ready": true,
      "ece": null,
      "hit_rate": 0.5492957746478874,
      "logloss": 0.6928380393092478,
      "n": 355
    }
  },
  "by_model_version": {
    "v0.1.0-baseline-shadow": {
      "base_rate": 0.5436720142602496,
      "baseline_brier": 0.24809275517045257,
      "baseline_hit_rate": 0.5436720142602496,
      "brier": 0.24992092586123557,
      "display_ready": true,
      "ece": null,
      "hit_rate": 0.5436720142602496,
      "logloss": 0.6929893795310578,
      "n": 1122
    }
  },
  "generated_at": "2026-07-01T19:13:10Z",
  "global": {
    "base_rate": 0.5436720142602496,
    "baseline_brier": 0.24809275517045257,
    "baseline_hit_rate": 0.5436720142602496,
    "brier": 0.24992092586123557,
    "display_ready": true,
    "ece": null,
    "hit_rate": 0.5436720142602496,
    "logloss": 0.6929893795310578,
    "n": 1122
  },
  "metrics_version": "metrics-v0.1.0",
  "min_n_display": 20,
  "rolling": {
    "30d": {
      "base_rate": 0.5436720142602496,
      "baseline_brier": 0.24809275517045257,
      "baseline_hit_rate": 0.5436720142602496,
      "brier": 0.24992092586123557,
      "display_ready": true,
      "ece": null,
      "hit_rate": 0.5436720142602496,
      "logloss": 0.6929893795310578,
      "n": 1122
    },
    "7d": {
      "base_rate": 0.46218487394957986,
      "baseline_brier": 0.24857001624179084,
      "baseline_hit_rate": 0.5378151260504201,
      "brier": 0.2522976956708849,
      "display_ready": true,
      "ece": null,
      "hit_rate": 0.46218487394957986,
      "logloss": 0.6977466017053628,
      "n": 119
    },
    "90d": {
      "base_rate": 0.5436720142602496,
      "baseline_brier": 0.24809275517045257,
      "baseline_hit_rate": 0.5436720142602496,
      "brier": 0.24992092586123557,
      "display_ready": true,
      "ece": null,
      "hit_rate": 0.5436720142602496,
      "logloss": 0.6929893795310578,
      "n": 1122
    }
  },
  "schema_version": "1",
  "total_forecasts": 1126,
  "total_resolved": 1122
}
