{
  "by_horizon": {
    "12h": {
      "base_rate": 0.5705521472392638,
      "baseline_brier": 0.24502239451992922,
      "baseline_hit_rate": 0.5705521472392638,
      "brier": 0.24947611445318854,
      "display_ready": true,
      "ece": null,
      "hit_rate": 0.5705521472392638,
      "logloss": 0.6920999074018285,
      "n": 163
    },
    "1h": {
      "base_rate": 0.5283018867924528,
      "baseline_brier": 0.2491990032039872,
      "baseline_hit_rate": 0.5283018867924528,
      "brier": 0.25018481973046264,
      "display_ready": true,
      "ece": null,
      "hit_rate": 0.5283018867924528,
      "logloss": 0.6935174480551755,
      "n": 742
    },
    "24h": {
      "base_rate": 0.6296296296296297,
      "baseline_brier": 0.23319615912208505,
      "baseline_hit_rate": 0.6296296296296297,
      "brier": 0.2489107180523578,
      "display_ready": true,
      "ece": null,
      "hit_rate": 0.6296296296296297,
      "logloss": 0.6909681935182765,
      "n": 81
    },
    "4h": {
      "base_rate": 0.5432372505543237,
      "baseline_brier": 0.24813054016450264,
      "baseline_hit_rate": 0.5432372505543237,
      "brier": 0.25007815064651423,
      "display_ready": true,
      "ece": null,
      "hit_rate": 0.5432372505543237,
      "logloss": 0.6933039517297017,
      "n": 451
    }
  },
  "by_model_version": {
    "v0.1.0-baseline-shadow": {
      "base_rate": 0.5434933890048712,
      "baseline_brier": 0.24810832511287093,
      "baseline_hit_rate": 0.5434933890048712,
      "brier": 0.2499991350032651,
      "display_ready": true,
      "ece": null,
      "hit_rate": 0.5434933890048712,
      "logloss": 0.6931459549537329,
      "n": 1437
    }
  },
  "generated_at": "2026-07-18T12:01:33Z",
  "global": {
    "base_rate": 0.5434933890048712,
    "baseline_brier": 0.24810832511287093,
    "baseline_hit_rate": 0.5434933890048712,
    "brier": 0.2499991350032651,
    "display_ready": true,
    "ece": null,
    "hit_rate": 0.5434933890048712,
    "logloss": 0.6931459549537329,
    "n": 1437
  },
  "metrics_version": "metrics-v0.1.0",
  "min_n_display": 20,
  "rolling": {
    "30d": {
      "base_rate": 0.5495327102803739,
      "baseline_brier": 0.24754651061228056,
      "baseline_hit_rate": 0.5495327102803739,
      "brier": 0.25034303959737425,
      "display_ready": true,
      "ece": null,
      "hit_rate": 0.5495327102803739,
      "logloss": 0.6938346440406813,
      "n": 535
    },
    "7d": {
      "base_rate": 0.5422535211267606,
      "baseline_brier": 0.24821463995239038,
      "baseline_hit_rate": 0.5422535211267606,
      "brier": 0.25055004141729575,
      "display_ready": true,
      "ece": null,
      "hit_rate": 0.5422535211267606,
      "logloss": 0.694248571975747,
      "n": 142
    },
    "90d": {
      "base_rate": 0.5434933890048712,
      "baseline_brier": 0.24810832511287093,
      "baseline_hit_rate": 0.5434933890048712,
      "brier": 0.2499991350032651,
      "display_ready": true,
      "ece": null,
      "hit_rate": 0.5434933890048712,
      "logloss": 0.6931459549537329,
      "n": 1437
    }
  },
  "schema_version": "1",
  "total_forecasts": 1438,
  "total_resolved": 1437
}
