{
  "by_horizon": {
    "12h": {
      "base_rate": 0.5827338129496403,
      "baseline_brier": 0.24315511619481392,
      "baseline_hit_rate": 0.5827338129496403,
      "brier": 0.24907334365034314,
      "display_ready": true,
      "ece": null,
      "hit_rate": 0.5827338129496403,
      "logloss": 0.6912939974263227,
      "n": 139
    },
    "1h": {
      "base_rate": 0.5314009661835749,
      "baseline_brier": 0.24901397932273797,
      "baseline_hit_rate": 0.5314009661835749,
      "brier": 0.25008478807154344,
      "display_ready": true,
      "ece": null,
      "hit_rate": 0.5314009661835749,
      "logloss": 0.6933173292417311,
      "n": 621
    },
    "24h": {
      "base_rate": 0.6666666666666666,
      "baseline_brier": 0.22222222222222224,
      "baseline_hit_rate": 0.6666666666666666,
      "brier": 0.2479735123737109,
      "display_ready": true,
      "ece": null,
      "hit_rate": 0.6666666666666666,
      "logloss": 0.6890930120606911,
      "n": 69
    },
    "4h": {
      "base_rate": 0.5471204188481675,
      "baseline_brier": 0.24777966612757327,
      "baseline_hit_rate": 0.5471204188481675,
      "brier": 0.2499366271555212,
      "display_ready": true,
      "ece": null,
      "hit_rate": 0.5471204188481675,
      "logloss": 0.6930207180842863,
      "n": 382
    }
  },
  "by_model_version": {
    "v0.1.0-baseline-shadow": {
      "base_rate": 0.5499587118084228,
      "baseline_brier": 0.24750412711444295,
      "baseline_hit_rate": 0.5499587118084228,
      "brier": 0.24980166150868813,
      "display_ready": true,
      "ece": null,
      "hit_rate": 0.5499587118084228,
      "logloss": 0.6927508333953418,
      "n": 1211
    }
  },
  "generated_at": "2026-07-06T19:08:44Z",
  "global": {
    "base_rate": 0.5499587118084228,
    "baseline_brier": 0.24750412711444295,
    "baseline_hit_rate": 0.5499587118084228,
    "brier": 0.24980166150868813,
    "display_ready": true,
    "ece": null,
    "hit_rate": 0.5499587118084228,
    "logloss": 0.6927508333953418,
    "n": 1211
  },
  "metrics_version": "metrics-v0.1.0",
  "min_n_display": 20,
  "rolling": {
    "30d": {
      "base_rate": 0.5499587118084228,
      "baseline_brier": 0.24750412711444295,
      "baseline_hit_rate": 0.5499587118084228,
      "brier": 0.24980166150868813,
      "display_ready": true,
      "ece": null,
      "hit_rate": 0.5499587118084228,
      "logloss": 0.6927508333953418,
      "n": 1211
    },
    "7d": {
      "base_rate": 0.6033057851239669,
      "baseline_brier": 0.23932791475992077,
      "baseline_hit_rate": 0.6033057851239669,
      "brier": 0.24943401174091934,
      "display_ready": true,
      "ece": null,
      "hit_rate": 0.6033057851239669,
      "logloss": 0.6920159985671266,
      "n": 121
    },
    "90d": {
      "base_rate": 0.5499587118084228,
      "baseline_brier": 0.24750412711444295,
      "baseline_hit_rate": 0.5499587118084228,
      "brier": 0.24980166150868813,
      "display_ready": true,
      "ece": null,
      "hit_rate": 0.5499587118084228,
      "logloss": 0.6927508333953418,
      "n": 1211
    }
  },
  "schema_version": "1",
  "total_forecasts": 1215,
  "total_resolved": 1211
}
