{
  "by_horizon": {
    "12h": {
      "base_rate": 0.5826771653543307,
      "baseline_brier": 0.24316448632897267,
      "baseline_hit_rate": 0.5826771653543307,
      "brier": 0.2492094579067889,
      "display_ready": true,
      "ece": null,
      "hit_rate": 0.5826771653543307,
      "logloss": 0.6915665115931984,
      "n": 127
    },
    "1h": {
      "base_rate": 0.5220458553791887,
      "baseline_brier": 0.24951398026059993,
      "baseline_hit_rate": 0.5220458553791887,
      "brier": 0.25022757241753446,
      "display_ready": true,
      "ece": null,
      "hit_rate": 0.5220458553791887,
      "logloss": 0.6936028972637879,
      "n": 567
    },
    "24h": {
      "base_rate": 0.6507936507936508,
      "baseline_brier": 0.22726127488032252,
      "baseline_hit_rate": 0.6507936507936508,
      "brier": 0.24818844148035107,
      "display_ready": true,
      "ece": null,
      "hit_rate": 0.6507936507936508,
      "logloss": 0.6895228375776471,
      "n": 63
    },
    "4h": {
      "base_rate": 0.5514285714285714,
      "baseline_brier": 0.24735510204081632,
      "baseline_hit_rate": 0.5514285714285714,
      "brier": 0.24977251384694552,
      "display_ready": true,
      "ece": null,
      "hit_rate": 0.5514285714285714,
      "logloss": 0.6926923328628698,
      "n": 350
    }
  },
  "by_model_version": {
    "v0.1.0-baseline-shadow": {
      "base_rate": 0.5456187895212286,
      "baseline_brier": 0.2479189260426179,
      "baseline_hit_rate": 0.5456187895212286,
      "brier": 0.24985084586684486,
      "display_ready": true,
      "ece": null,
      "hit_rate": 0.5456187895212286,
      "logloss": 0.6928491824663957,
      "n": 1107
    }
  },
  "generated_at": "2026-06-30T20:25:10Z",
  "global": {
    "base_rate": 0.5456187895212286,
    "baseline_brier": 0.2479189260426179,
    "baseline_hit_rate": 0.5456187895212286,
    "brier": 0.24985084586684486,
    "display_ready": true,
    "ece": null,
    "hit_rate": 0.5456187895212286,
    "logloss": 0.6928491824663957,
    "n": 1107
  },
  "metrics_version": "metrics-v0.1.0",
  "min_n_display": 20,
  "rolling": {
    "30d": {
      "base_rate": 0.5456187895212286,
      "baseline_brier": 0.2479189260426179,
      "baseline_hit_rate": 0.5456187895212286,
      "brier": 0.24985084586684486,
      "display_ready": true,
      "ece": null,
      "hit_rate": 0.5456187895212286,
      "logloss": 0.6928491824663957,
      "n": 1107
    },
    "7d": {
      "base_rate": 0.47058823529411764,
      "baseline_brier": 0.24913494809688583,
      "baseline_hit_rate": 0.5294117647058824,
      "brier": 0.2519362180034116,
      "display_ready": true,
      "ece": null,
      "hit_rate": 0.47058823529411764,
      "logloss": 0.6970236343878087,
      "n": 119
    },
    "90d": {
      "base_rate": 0.5456187895212286,
      "baseline_brier": 0.2479189260426179,
      "baseline_hit_rate": 0.5456187895212286,
      "brier": 0.24985084586684486,
      "display_ready": true,
      "ece": null,
      "hit_rate": 0.5456187895212286,
      "logloss": 0.6928491824663957,
      "n": 1107
    }
  },
  "schema_version": "1",
  "total_forecasts": 1111,
  "total_resolved": 1107
}
