{
  "by_horizon": {
    "12h": {
      "base_rate": 0.6055045871559633,
      "baseline_brier": 0.23886878208904974,
      "baseline_hit_rate": 0.6055045871559633,
      "brier": 0.24890701023732936,
      "display_ready": true,
      "ece": null,
      "hit_rate": 0.6055045871559633,
      "logloss": 0.6909614323847094,
      "n": 109
    },
    "1h": {
      "base_rate": 0.5294117647058824,
      "baseline_brier": 0.24913494809688583,
      "baseline_hit_rate": 0.5294117647058824,
      "brier": 0.25010092843762805,
      "display_ready": true,
      "ece": null,
      "hit_rate": 0.5294117647058824,
      "logloss": 0.6933493443844955,
      "n": 493
    },
    "24h": {
      "base_rate": 0.6481481481481481,
      "baseline_brier": 0.22805212620027435,
      "baseline_hit_rate": 0.6481481481481481,
      "brier": 0.24785431425021975,
      "display_ready": true,
      "ece": null,
      "hit_rate": 0.6481481481481481,
      "logloss": 0.6888541809153216,
      "n": 54
    },
    "4h": {
      "base_rate": 0.5514950166112956,
      "baseline_brier": 0.24734826326420237,
      "baseline_hit_rate": 0.5514950166112956,
      "brier": 0.2495698607996119,
      "display_ready": true,
      "ece": null,
      "hit_rate": 0.5514950166112956,
      "logloss": 0.6922865853199136,
      "n": 301
    }
  },
  "by_model_version": {
    "v0.1.0-baseline-shadow": {
      "base_rate": 0.5517241379310345,
      "baseline_brier": 0.2473246135552913,
      "baseline_hit_rate": 0.5517241379310345,
      "brier": 0.24967114201234542,
      "display_ready": true,
      "ece": null,
      "hit_rate": 0.5517241379310345,
      "logloss": 0.6924894575362706,
      "n": 957
    }
  },
  "generated_at": "2026-06-21T16:12:34Z",
  "global": {
    "base_rate": 0.5517241379310345,
    "baseline_brier": 0.2473246135552913,
    "baseline_hit_rate": 0.5517241379310345,
    "brier": 0.24967114201234542,
    "display_ready": true,
    "ece": null,
    "hit_rate": 0.5517241379310345,
    "logloss": 0.6924894575362706,
    "n": 957
  },
  "metrics_version": "metrics-v0.1.0",
  "min_n_display": 20,
  "rolling": {
    "30d": {
      "base_rate": 0.5517241379310345,
      "baseline_brier": 0.2473246135552913,
      "baseline_hit_rate": 0.5517241379310345,
      "brier": 0.24967114201234542,
      "display_ready": true,
      "ece": null,
      "hit_rate": 0.5517241379310345,
      "logloss": 0.6924894575362706,
      "n": 957
    },
    "7d": {
      "base_rate": 0.7047619047619048,
      "baseline_brier": 0.20807256235827665,
      "baseline_hit_rate": 0.7047619047619048,
      "brier": 0.24797944823617593,
      "display_ready": true,
      "ece": null,
      "hit_rate": 0.7047619047619048,
      "logloss": 0.6891059357880395,
      "n": 105
    },
    "90d": {
      "base_rate": 0.5517241379310345,
      "baseline_brier": 0.2473246135552913,
      "baseline_hit_rate": 0.5517241379310345,
      "brier": 0.24967114201234542,
      "display_ready": true,
      "ece": null,
      "hit_rate": 0.5517241379310345,
      "logloss": 0.6924894575362706,
      "n": 957
    }
  },
  "schema_version": "1",
  "total_forecasts": 961,
  "total_resolved": 957
}
