{
  "by_horizon": {
    "12h": {
      "base_rate": 0.5772357723577236,
      "baseline_brier": 0.2440346354683059,
      "baseline_hit_rate": 0.5772357723577236,
      "brier": 0.24919670181473874,
      "display_ready": true,
      "ece": null,
      "hit_rate": 0.5772357723577236,
      "logloss": 0.6915410053565668,
      "n": 123
    },
    "1h": {
      "base_rate": 0.5226860254083484,
      "baseline_brier": 0.24948534425117178,
      "baseline_hit_rate": 0.5226860254083484,
      "brier": 0.25017856194400734,
      "display_ready": true,
      "ece": null,
      "hit_rate": 0.5226860254083484,
      "logloss": 0.6935048436671137,
      "n": 551
    },
    "24h": {
      "base_rate": 0.6557377049180327,
      "baseline_brier": 0.22574576726686377,
      "baseline_hit_rate": 0.6557377049180327,
      "brier": 0.2480847763047276,
      "display_ready": true,
      "ece": null,
      "hit_rate": 0.6557377049180327,
      "logloss": 0.6893154518763513,
      "n": 61
    },
    "4h": {
      "base_rate": 0.551622418879056,
      "baseline_brier": 0.24733512586907527,
      "baseline_hit_rate": 0.551622418879056,
      "brier": 0.24970083292574008,
      "display_ready": true,
      "ece": null,
      "hit_rate": 0.551622418879056,
      "logloss": 0.6925489052142614,
      "n": 339
    }
  },
  "by_model_version": {
    "v0.1.0-baseline-shadow": {
      "base_rate": 0.5456238361266295,
      "baseline_brier": 0.24791846557709046,
      "baseline_hit_rate": 0.5456238361266295,
      "brier": 0.24979640192809605,
      "display_ready": true,
      "ece": null,
      "hit_rate": 0.5456238361266295,
      "logloss": 0.692740255075912,
      "n": 1074
    }
  },
  "generated_at": "2026-06-28T18:15:26Z",
  "global": {
    "base_rate": 0.5456238361266295,
    "baseline_brier": 0.24791846557709046,
    "baseline_hit_rate": 0.5456238361266295,
    "brier": 0.24979640192809605,
    "display_ready": true,
    "ece": null,
    "hit_rate": 0.5456238361266295,
    "logloss": 0.692740255075912,
    "n": 1074
  },
  "metrics_version": "metrics-v0.1.0",
  "min_n_display": 20,
  "rolling": {
    "30d": {
      "base_rate": 0.5456238361266295,
      "baseline_brier": 0.24791846557709046,
      "baseline_hit_rate": 0.5456238361266295,
      "brier": 0.24979640192809605,
      "display_ready": true,
      "ece": null,
      "hit_rate": 0.5456238361266295,
      "logloss": 0.692740255075912,
      "n": 1074
    },
    "7d": {
      "base_rate": 0.5,
      "baseline_brier": 0.25,
      "baseline_hit_rate": 0.5,
      "brier": 0.2508100548681826,
      "display_ready": true,
      "ece": null,
      "hit_rate": 0.5,
      "logloss": 0.6947698541733761,
      "n": 116
    },
    "90d": {
      "base_rate": 0.5456238361266295,
      "baseline_brier": 0.24791846557709046,
      "baseline_hit_rate": 0.5456238361266295,
      "brier": 0.24979640192809605,
      "display_ready": true,
      "ece": null,
      "hit_rate": 0.5456238361266295,
      "logloss": 0.692740255075912,
      "n": 1074
    }
  },
  "schema_version": "1",
  "total_forecasts": 1077,
  "total_resolved": 1074
}
