{
  "by_horizon": {
    "12h": {
      "base_rate": 0.5581395348837209,
      "baseline_brier": 0.24661979448350463,
      "baseline_hit_rate": 0.5581395348837209,
      "brier": 0.24985594109952255,
      "display_ready": true,
      "ece": null,
      "hit_rate": 0.5581395348837209,
      "logloss": 0.6928598396783477,
      "n": 86
    },
    "1h": {
      "base_rate": 0.5072463768115942,
      "baseline_brier": 0.2499474900231044,
      "baseline_hit_rate": 0.5072463768115942,
      "brier": 0.2504149738074422,
      "display_ready": true,
      "ece": null,
      "hit_rate": 0.5072463768115942,
      "logloss": 0.6939776286154878,
      "n": 414
    },
    "24h": {
      "base_rate": 0.627906976744186,
      "baseline_brier": 0.23363980530016226,
      "baseline_hit_rate": 0.627906976744186,
      "brier": 0.24855910732806002,
      "display_ready": true,
      "ece": null,
      "hit_rate": 0.627906976744186,
      "logloss": 0.6902637577693241,
      "n": 43
    },
    "4h": {
      "base_rate": 0.5186721991701245,
      "baseline_brier": 0.2496513489781512,
      "baseline_hit_rate": 0.5186721991701245,
      "brier": 0.24990182287560983,
      "display_ready": true,
      "ece": null,
      "hit_rate": 0.5186721991701245,
      "logloss": 0.6929503413926216,
      "n": 241
    }
  },
  "by_model_version": {
    "v0.1.0-baseline-shadow": {
      "base_rate": 0.5229591836734694,
      "baseline_brier": 0.24947287588504788,
      "baseline_hit_rate": 0.5229591836734694,
      "brier": 0.250094121197664,
      "display_ready": true,
      "ece": null,
      "hit_rate": 0.5229591836734694,
      "logloss": 0.693335533569965,
      "n": 784
    }
  },
  "generated_at": "2026-06-10T11:05:00Z",
  "global": {
    "base_rate": 0.5229591836734694,
    "baseline_brier": 0.24947287588504788,
    "baseline_hit_rate": 0.5229591836734694,
    "brier": 0.250094121197664,
    "display_ready": true,
    "ece": null,
    "hit_rate": 0.5229591836734694,
    "logloss": 0.693335533569965,
    "n": 784
  },
  "metrics_version": "metrics-v0.1.0",
  "min_n_display": 20,
  "rolling": {
    "30d": {
      "base_rate": 0.5229591836734694,
      "baseline_brier": 0.24947287588504788,
      "baseline_hit_rate": 0.5229591836734694,
      "brier": 0.250094121197664,
      "display_ready": true,
      "ece": null,
      "hit_rate": 0.5229591836734694,
      "logloss": 0.693335533569965,
      "n": 784
    },
    "7d": {
      "base_rate": 0.5229591836734694,
      "baseline_brier": 0.24947287588504788,
      "baseline_hit_rate": 0.5229591836734694,
      "brier": 0.250094121197664,
      "display_ready": true,
      "ece": null,
      "hit_rate": 0.5229591836734694,
      "logloss": 0.693335533569965,
      "n": 784
    },
    "90d": {
      "base_rate": 0.5229591836734694,
      "baseline_brier": 0.24947287588504788,
      "baseline_hit_rate": 0.5229591836734694,
      "brier": 0.250094121197664,
      "display_ready": true,
      "ece": null,
      "hit_rate": 0.5229591836734694,
      "logloss": 0.693335533569965,
      "n": 784
    }
  },
  "schema_version": "1",
  "total_forecasts": 788,
  "total_resolved": 784
}
