{
  "by_horizon": {
    "12h": {
      "base_rate": 0.5739644970414202,
      "baseline_brier": 0.24452925317740976,
      "baseline_hit_rate": 0.5739644970414202,
      "brier": 0.24945208916200223,
      "display_ready": true,
      "ece": null,
      "hit_rate": 0.5739644970414202,
      "logloss": 0.692051829173176,
      "n": 169
    },
    "1h": {
      "base_rate": 0.5301668806161746,
      "baseline_brier": 0.24908995931388944,
      "baseline_hit_rate": 0.5301668806161746,
      "brier": 0.2500775850889194,
      "display_ready": true,
      "ece": null,
      "hit_rate": 0.5301668806161746,
      "logloss": 0.6933029017341771,
      "n": 779
    },
    "24h": {
      "base_rate": 0.6309523809523809,
      "baseline_brier": 0.2328514739229025,
      "baseline_hit_rate": 0.6309523809523809,
      "brier": 0.24897295422156468,
      "display_ready": true,
      "ece": null,
      "hit_rate": 0.6309523809523809,
      "logloss": 0.6910927019713022,
      "n": 84
    },
    "4h": {
      "base_rate": 0.548936170212766,
      "baseline_brier": 0.2476052512449072,
      "baseline_hit_rate": 0.548936170212766,
      "brier": 0.24992552385289016,
      "display_ready": true,
      "ece": null,
      "hit_rate": 0.548936170212766,
      "logloss": 0.6929986219110326,
      "n": 470
    }
  },
  "by_model_version": {
    "v0.1.0-baseline-shadow": {
      "base_rate": 0.5466045272969374,
      "baseline_brier": 0.24782801803542903,
      "baseline_hit_rate": 0.5466045272969374,
      "brier": 0.24989784701605622,
      "display_ready": true,
      "ece": null,
      "hit_rate": 0.5466045272969374,
      "logloss": 0.69294331481023,
      "n": 1502
    }
  },
  "generated_at": "2026-07-21T16:38:16Z",
  "global": {
    "base_rate": 0.5466045272969374,
    "baseline_brier": 0.24782801803542903,
    "baseline_hit_rate": 0.5466045272969374,
    "brier": 0.24989784701605622,
    "display_ready": true,
    "ece": null,
    "hit_rate": 0.5466045272969374,
    "logloss": 0.69294331481023,
    "n": 1502
  },
  "metrics_version": "metrics-v0.1.0",
  "min_n_display": 20,
  "rolling": {
    "30d": {
      "base_rate": 0.5376146788990825,
      "baseline_brier": 0.2485851359313189,
      "baseline_hit_rate": 0.5376146788990825,
      "brier": 0.25029593268312267,
      "display_ready": true,
      "ece": null,
      "hit_rate": 0.5376146788990825,
      "logloss": 0.6937402715279897,
      "n": 545
    },
    "7d": {
      "base_rate": 0.5774647887323944,
      "baseline_brier": 0.24399920650664553,
      "baseline_hit_rate": 0.5774647887323944,
      "brier": 0.24954268085778633,
      "display_ready": true,
      "ece": null,
      "hit_rate": 0.5774647887323944,
      "logloss": 0.6922336446330903,
      "n": 142
    },
    "90d": {
      "base_rate": 0.5466045272969374,
      "baseline_brier": 0.24782801803542903,
      "baseline_hit_rate": 0.5466045272969374,
      "brier": 0.24989784701605622,
      "display_ready": true,
      "ece": null,
      "hit_rate": 0.5466045272969374,
      "logloss": 0.69294331481023,
      "n": 1502
    }
  },
  "schema_version": "1",
  "total_forecasts": 1504,
  "total_resolved": 1502
}
