{
  "by_horizon": {
    "12h": {
      "base_rate": 0.5632183908045977,
      "baseline_brier": 0.24600343506407715,
      "baseline_hit_rate": 0.5632183908045977,
      "brier": 0.24971820542657064,
      "display_ready": true,
      "ece": null,
      "hit_rate": 0.5632183908045977,
      "logloss": 0.6925843036971188,
      "n": 87
    },
    "1h": {
      "base_rate": 0.5083932853717026,
      "baseline_brier": 0.24992955276066917,
      "baseline_hit_rate": 0.5083932853717026,
      "brier": 0.2504049533688458,
      "display_ready": true,
      "ece": null,
      "hit_rate": 0.5083932853717026,
      "logloss": 0.6939575838632538,
      "n": 417
    },
    "24h": {
      "base_rate": 0.627906976744186,
      "baseline_brier": 0.23363980530016226,
      "baseline_hit_rate": 0.627906976744186,
      "brier": 0.24855910732806002,
      "display_ready": true,
      "ece": null,
      "hit_rate": 0.627906976744186,
      "logloss": 0.6902637577693241,
      "n": 43
    },
    "4h": {
      "base_rate": 0.5204918032786885,
      "baseline_brier": 0.24958008599838752,
      "baseline_hit_rate": 0.5204918032786885,
      "brier": 0.24989100701454742,
      "display_ready": true,
      "ece": null,
      "hit_rate": 0.5204918032786885,
      "logloss": 0.6929287151630602,
      "n": 244
    }
  },
  "by_model_version": {
    "v0.1.0-baseline-shadow": {
      "base_rate": 0.5246523388116309,
      "baseline_brier": 0.24939226219111657,
      "baseline_hit_rate": 0.5246523388116309,
      "brier": 0.2500705395114747,
      "display_ready": true,
      "ece": null,
      "hit_rate": 0.5246523388116309,
      "logloss": 0.6932883628021412,
      "n": 791
    }
  },
  "generated_at": "2026-06-10T20:46:57Z",
  "global": {
    "base_rate": 0.5246523388116309,
    "baseline_brier": 0.24939226219111657,
    "baseline_hit_rate": 0.5246523388116309,
    "brier": 0.2500705395114747,
    "display_ready": true,
    "ece": null,
    "hit_rate": 0.5246523388116309,
    "logloss": 0.6932883628021412,
    "n": 791
  },
  "metrics_version": "metrics-v0.1.0",
  "min_n_display": 20,
  "rolling": {
    "30d": {
      "base_rate": 0.5246523388116309,
      "baseline_brier": 0.24939226219111657,
      "baseline_hit_rate": 0.5246523388116309,
      "brier": 0.2500705395114747,
      "display_ready": true,
      "ece": null,
      "hit_rate": 0.5246523388116309,
      "logloss": 0.6932883628021412,
      "n": 791
    },
    "7d": {
      "base_rate": 0.5246523388116309,
      "baseline_brier": 0.24939226219111657,
      "baseline_hit_rate": 0.5246523388116309,
      "brier": 0.2500705395114747,
      "display_ready": true,
      "ece": null,
      "hit_rate": 0.5246523388116309,
      "logloss": 0.6932883628021412,
      "n": 791
    },
    "90d": {
      "base_rate": 0.5246523388116309,
      "baseline_brier": 0.24939226219111657,
      "baseline_hit_rate": 0.5246523388116309,
      "brier": 0.2500705395114747,
      "display_ready": true,
      "ece": null,
      "hit_rate": 0.5246523388116309,
      "logloss": 0.6932883628021412,
      "n": 791
    }
  },
  "schema_version": "1",
  "total_forecasts": 795,
  "total_resolved": 791
}
