{
  "by_horizon": {
    "12h": {
      "base_rate": 0.5476190476190477,
      "baseline_brier": 0.2477324263038549,
      "baseline_hit_rate": 0.5476190476190477,
      "brier": 0.25008081092637635,
      "display_ready": true,
      "ece": null,
      "hit_rate": 0.5476190476190477,
      "logloss": 0.6933096561354531,
      "n": 84
    },
    "1h": {
      "base_rate": 0.5111111111111111,
      "baseline_brier": 0.24987654320987654,
      "baseline_hit_rate": 0.5111111111111111,
      "brier": 0.2503344677762948,
      "display_ready": true,
      "ece": null,
      "hit_rate": 0.5111111111111111,
      "logloss": 0.6938166495803051,
      "n": 405
    },
    "24h": {
      "base_rate": 0.6190476190476191,
      "baseline_brier": 0.23582766439909297,
      "baseline_hit_rate": 0.6190476190476191,
      "brier": 0.24873185897787634,
      "display_ready": true,
      "ece": null,
      "hit_rate": 0.6190476190476191,
      "logloss": 0.690609264403064,
      "n": 42
    },
    "4h": {
      "base_rate": 0.5170940170940171,
      "baseline_brier": 0.24970779457958944,
      "baseline_hit_rate": 0.5170940170940171,
      "brier": 0.24984738845981747,
      "display_ready": true,
      "ece": null,
      "hit_rate": 0.5170940170940171,
      "logloss": 0.6928412492702801,
      "n": 234
    }
  },
  "by_model_version": {
    "v0.1.0-baseline-shadow": {
      "base_rate": 0.5228758169934641,
      "baseline_brier": 0.24947669699688155,
      "baseline_hit_rate": 0.5228758169934641,
      "brier": 0.25006963992664455,
      "display_ready": true,
      "ece": null,
      "hit_rate": 0.5228758169934641,
      "logloss": 0.6932865302347397,
      "n": 765
    }
  },
  "generated_at": "2026-06-09T04:20:30Z",
  "global": {
    "base_rate": 0.5228758169934641,
    "baseline_brier": 0.24947669699688155,
    "baseline_hit_rate": 0.5228758169934641,
    "brier": 0.25006963992664455,
    "display_ready": true,
    "ece": null,
    "hit_rate": 0.5228758169934641,
    "logloss": 0.6932865302347397,
    "n": 765
  },
  "metrics_version": "metrics-v0.1.0",
  "min_n_display": 20,
  "rolling": {
    "30d": {
      "base_rate": 0.5228758169934641,
      "baseline_brier": 0.24947669699688155,
      "baseline_hit_rate": 0.5228758169934641,
      "brier": 0.25006963992664455,
      "display_ready": true,
      "ece": null,
      "hit_rate": 0.5228758169934641,
      "logloss": 0.6932865302347397,
      "n": 765
    },
    "7d": {
      "base_rate": 0.5228758169934641,
      "baseline_brier": 0.24947669699688155,
      "baseline_hit_rate": 0.5228758169934641,
      "brier": 0.25006963992664455,
      "display_ready": true,
      "ece": null,
      "hit_rate": 0.5228758169934641,
      "logloss": 0.6932865302347397,
      "n": 765
    },
    "90d": {
      "base_rate": 0.5228758169934641,
      "baseline_brier": 0.24947669699688155,
      "baseline_hit_rate": 0.5228758169934641,
      "brier": 0.25006963992664455,
      "display_ready": true,
      "ece": null,
      "hit_rate": 0.5228758169934641,
      "logloss": 0.6932865302347397,
      "n": 765
    }
  },
  "schema_version": "1",
  "total_forecasts": 765,
  "total_resolved": 765
}
