{
  "by_horizon": {
    "12h": {
      "base_rate": 0.5925925925925926,
      "baseline_brier": 0.2414266117969822,
      "baseline_hit_rate": 0.5925925925925926,
      "brier": 0.24892959871855813,
      "display_ready": true,
      "ece": null,
      "hit_rate": 0.5925925925925926,
      "logloss": 0.6910064990716093,
      "n": 135
    },
    "1h": {
      "base_rate": 0.53156146179402,
      "baseline_brier": 0.24900387412942462,
      "baseline_hit_rate": 0.53156146179402,
      "brier": 0.2501426580132541,
      "display_ready": true,
      "ece": null,
      "hit_rate": 0.53156146179402,
      "logloss": 0.6934331318881406,
      "n": 602
    },
    "24h": {
      "base_rate": 0.6567164179104478,
      "baseline_brier": 0.2254399643573179,
      "baseline_hit_rate": 0.6567164179104478,
      "brier": 0.24813525013144686,
      "display_ready": true,
      "ece": null,
      "hit_rate": 0.6567164179104478,
      "logloss": 0.6894164860024029,
      "n": 67
    },
    "4h": {
      "base_rate": 0.555256064690027,
      "baseline_brier": 0.24694676731497153,
      "baseline_hit_rate": 0.555256064690027,
      "brier": 0.24982058278332359,
      "display_ready": true,
      "ece": null,
      "hit_rate": 0.555256064690027,
      "logloss": 0.6927885808077859,
      "n": 371
    }
  },
  "by_model_version": {
    "v0.1.0-baseline-shadow": {
      "base_rate": 0.5531914893617021,
      "baseline_brier": 0.24717066545948393,
      "baseline_hit_rate": 0.5531914893617021,
      "brier": 0.24978712674247178,
      "display_ready": true,
      "ece": null,
      "hit_rate": 0.5531914893617021,
      "logloss": 0.6927217794154702,
      "n": 1175
    }
  },
  "generated_at": "2026-07-04T18:11:30Z",
  "global": {
    "base_rate": 0.5531914893617021,
    "baseline_brier": 0.24717066545948393,
    "baseline_hit_rate": 0.5531914893617021,
    "brier": 0.24978712674247178,
    "display_ready": true,
    "ece": null,
    "hit_rate": 0.5531914893617021,
    "logloss": 0.6927217794154702,
    "n": 1175
  },
  "metrics_version": "metrics-v0.1.0",
  "min_n_display": 20,
  "rolling": {
    "30d": {
      "base_rate": 0.5531914893617021,
      "baseline_brier": 0.24717066545948393,
      "baseline_hit_rate": 0.5531914893617021,
      "brier": 0.24978712674247178,
      "display_ready": true,
      "ece": null,
      "hit_rate": 0.5531914893617021,
      "logloss": 0.6927217794154702,
      "n": 1175
    },
    "7d": {
      "base_rate": 0.5785123966942148,
      "baseline_brier": 0.24383580356533024,
      "baseline_hit_rate": 0.5785123966942148,
      "brier": 0.24993283369118177,
      "display_ready": true,
      "ece": null,
      "hit_rate": 0.5785123966942148,
      "logloss": 0.693013806339946,
      "n": 121
    },
    "90d": {
      "base_rate": 0.5531914893617021,
      "baseline_brier": 0.24717066545948393,
      "baseline_hit_rate": 0.5531914893617021,
      "brier": 0.24978712674247178,
      "display_ready": true,
      "ece": null,
      "hit_rate": 0.5531914893617021,
      "logloss": 0.6927217794154702,
      "n": 1175
    }
  },
  "schema_version": "1",
  "total_forecasts": 1178,
  "total_resolved": 1175
}
