{
  "by_horizon": {
    "12h": {
      "base_rate": 0.5789473684210527,
      "baseline_brier": 0.24376731301939059,
      "baseline_hit_rate": 0.5789473684210527,
      "brier": 0.2494074356441332,
      "display_ready": true,
      "ece": null,
      "hit_rate": 0.5789473684210527,
      "logloss": 0.6919626239282919,
      "n": 95
    },
    "1h": {
      "base_rate": 0.5133928571428571,
      "baseline_brier": 0.24982063137755103,
      "baseline_hit_rate": 0.5133928571428571,
      "brier": 0.25029101329283304,
      "display_ready": true,
      "ece": null,
      "hit_rate": 0.5133928571428571,
      "logloss": 0.6937296079361096,
      "n": 448
    },
    "24h": {
      "base_rate": 0.6382978723404256,
      "baseline_brier": 0.23087369850611136,
      "baseline_hit_rate": 0.6382978723404256,
      "brier": 0.24820717047495747,
      "display_ready": true,
      "ece": null,
      "hit_rate": 0.6382978723404256,
      "logloss": 0.6895598469006999,
      "n": 47
    },
    "4h": {
      "base_rate": 0.5280898876404494,
      "baseline_brier": 0.24921095821234693,
      "baseline_hit_rate": 0.5280898876404494,
      "brier": 0.2496977546059346,
      "display_ready": true,
      "ece": null,
      "hit_rate": 0.5280898876404494,
      "logloss": 0.6925421501505337,
      "n": 267
    }
  },
  "by_model_version": {
    "v0.1.0-baseline-shadow": {
      "base_rate": 0.5320886814469078,
      "baseline_brier": 0.2489703165229989,
      "baseline_hit_rate": 0.5320886814469078,
      "brier": 0.2498939531312595,
      "display_ready": true,
      "ece": null,
      "hit_rate": 0.5320886814469078,
      "logloss": 0.6929350997935709,
      "n": 857
    }
  },
  "generated_at": "2026-06-14T21:23:58Z",
  "global": {
    "base_rate": 0.5320886814469078,
    "baseline_brier": 0.2489703165229989,
    "baseline_hit_rate": 0.5320886814469078,
    "brier": 0.2498939531312595,
    "display_ready": true,
    "ece": null,
    "hit_rate": 0.5320886814469078,
    "logloss": 0.6929350997935709,
    "n": 857
  },
  "metrics_version": "metrics-v0.1.0",
  "min_n_display": 20,
  "rolling": {
    "30d": {
      "base_rate": 0.5320886814469078,
      "baseline_brier": 0.2489703165229989,
      "baseline_hit_rate": 0.5320886814469078,
      "brier": 0.2498939531312595,
      "display_ready": true,
      "ece": null,
      "hit_rate": 0.5320886814469078,
      "logloss": 0.6929350997935709,
      "n": 857
    },
    "7d": {
      "base_rate": 0.5714285714285714,
      "baseline_brier": 0.2448979591836735,
      "baseline_hit_rate": 0.5714285714285714,
      "brier": 0.24923470865162353,
      "display_ready": true,
      "ece": null,
      "hit_rate": 0.5714285714285714,
      "logloss": 0.6916164623784616,
      "n": 112
    },
    "90d": {
      "base_rate": 0.5320886814469078,
      "baseline_brier": 0.2489703165229989,
      "baseline_hit_rate": 0.5320886814469078,
      "brier": 0.2498939531312595,
      "display_ready": true,
      "ece": null,
      "hit_rate": 0.5320886814469078,
      "logloss": 0.6929350997935709,
      "n": 857
    }
  },
  "schema_version": "1",
  "total_forecasts": 860,
  "total_resolved": 857
}
