{
  "by_horizon": {
    "12h": {
      "base_rate": 0.5629139072847682,
      "baseline_brier": 0.2460418402701636,
      "baseline_hit_rate": 0.5629139072847682,
      "brier": 0.2495244541283976,
      "display_ready": true,
      "ece": null,
      "hit_rate": 0.5629139072847682,
      "logloss": 0.6921965587571446,
      "n": 151
    },
    "1h": {
      "base_rate": 0.5281065088757396,
      "baseline_brier": 0.24921002415881796,
      "baseline_hit_rate": 0.5281065088757396,
      "brier": 0.2502207578410766,
      "display_ready": true,
      "ece": null,
      "hit_rate": 0.5281065088757396,
      "logloss": 0.6935893330316074,
      "n": 676
    },
    "24h": {
      "base_rate": 0.64,
      "baseline_brier": 0.23040000000000002,
      "baseline_hit_rate": 0.64,
      "brier": 0.2482881720418367,
      "display_ready": true,
      "ece": null,
      "hit_rate": 0.64,
      "logloss": 0.6897225271142554,
      "n": 75
    },
    "4h": {
      "base_rate": 0.5397590361445783,
      "baseline_brier": 0.24841921904485412,
      "baseline_hit_rate": 0.5397590361445783,
      "brier": 0.24998324649111842,
      "display_ready": true,
      "ece": null,
      "hit_rate": 0.5397590361445783,
      "logloss": 0.6931139472716297,
      "n": 415
    }
  },
  "by_model_version": {
    "v0.1.0-baseline-shadow": {
      "base_rate": 0.5421412300683371,
      "baseline_brier": 0.24822411672832748,
      "baseline_hit_rate": 0.5421412300683371,
      "brier": 0.24995602511078796,
      "display_ready": true,
      "ece": null,
      "hit_rate": 0.5421412300683371,
      "logloss": 0.6930596409665839,
      "n": 1317
    }
  },
  "generated_at": "2026-07-12T13:58:23Z",
  "global": {
    "base_rate": 0.5421412300683371,
    "baseline_brier": 0.24822411672832748,
    "baseline_hit_rate": 0.5421412300683371,
    "brier": 0.24995602511078796,
    "display_ready": true,
    "ece": null,
    "hit_rate": 0.5421412300683371,
    "logloss": 0.6930596409665839,
    "n": 1317
  },
  "metrics_version": "metrics-v0.1.0",
  "min_n_display": 20,
  "rolling": {
    "30d": {
      "base_rate": 0.5705765407554672,
      "baseline_brier": 0.24501895189499187,
      "baseline_hit_rate": 0.5705765407554672,
      "brier": 0.24991383538954617,
      "display_ready": true,
      "ece": null,
      "hit_rate": 0.5705765407554672,
      "logloss": 0.6929758806325498,
      "n": 503
    },
    "7d": {
      "base_rate": 0.4444444444444444,
      "baseline_brier": 0.2469135802469136,
      "baseline_hit_rate": 0.5555555555555556,
      "brier": 0.25145855263737354,
      "display_ready": true,
      "ece": null,
      "hit_rate": 0.4444444444444444,
      "logloss": 0.6960653461127572,
      "n": 126
    },
    "90d": {
      "base_rate": 0.5421412300683371,
      "baseline_brier": 0.24822411672832748,
      "baseline_hit_rate": 0.5421412300683371,
      "brier": 0.24995602511078796,
      "display_ready": true,
      "ece": null,
      "hit_rate": 0.5421412300683371,
      "logloss": 0.6930596409665839,
      "n": 1317
    }
  },
  "schema_version": "1",
  "total_forecasts": 1321,
  "total_resolved": 1317
}
