{
  "by_horizon": {
    "12h": {
      "base_rate": 0.5637583892617449,
      "baseline_brier": 0.24593486779874782,
      "baseline_hit_rate": 0.5637583892617449,
      "brier": 0.249518185158352,
      "display_ready": true,
      "ece": null,
      "hit_rate": 0.5637583892617449,
      "logloss": 0.6921840271269282,
      "n": 149
    },
    "1h": {
      "base_rate": 0.5293233082706766,
      "baseline_brier": 0.24914014359206285,
      "baseline_hit_rate": 0.5293233082706766,
      "brier": 0.2502121794943142,
      "display_ready": true,
      "ece": null,
      "hit_rate": 0.5293233082706766,
      "logloss": 0.6935721865652817,
      "n": 665
    },
    "24h": {
      "base_rate": 0.6486486486486487,
      "baseline_brier": 0.22790357925493057,
      "baseline_hit_rate": 0.6486486486486487,
      "brier": 0.24821168004606317,
      "display_ready": true,
      "ece": null,
      "hit_rate": 0.6486486486486487,
      "logloss": 0.6895695274370353,
      "n": 74
    },
    "4h": {
      "base_rate": 0.5427872860635696,
      "baseline_brier": 0.24816924815131428,
      "baseline_hit_rate": 0.5427872860635696,
      "brier": 0.2499544476256024,
      "display_ready": true,
      "ece": null,
      "hit_rate": 0.5427872860635696,
      "logloss": 0.693056351428181,
      "n": 409
    }
  },
  "by_model_version": {
    "v0.1.0-baseline-shadow": {
      "base_rate": 0.5443330763299923,
      "baseline_brier": 0.24803457834311907,
      "baseline_hit_rate": 0.5443330763299923,
      "brier": 0.24993704113692633,
      "display_ready": true,
      "ece": null,
      "hit_rate": 0.5443330763299923,
      "logloss": 0.6930216783903557,
      "n": 1297
    }
  },
  "generated_at": "2026-07-11T15:19:07Z",
  "global": {
    "base_rate": 0.5443330763299923,
    "baseline_brier": 0.24803457834311907,
    "baseline_hit_rate": 0.5443330763299923,
    "brier": 0.24993704113692633,
    "display_ready": true,
    "ece": null,
    "hit_rate": 0.5443330763299923,
    "logloss": 0.6930216783903557,
    "n": 1297
  },
  "metrics_version": "metrics-v0.1.0",
  "min_n_display": 20,
  "rolling": {
    "30d": {
      "base_rate": 0.5754527162977867,
      "baseline_brier": 0.24430688760328573,
      "baseline_hit_rate": 0.5754527162977867,
      "brier": 0.24979702794753278,
      "display_ready": true,
      "ece": null,
      "hit_rate": 0.5754527162977867,
      "logloss": 0.6927422164660372,
      "n": 497
    },
    "7d": {
      "base_rate": 0.47619047619047616,
      "baseline_brier": 0.2494331065759637,
      "baseline_hit_rate": 0.5238095238095238,
      "brier": 0.2511928743914592,
      "display_ready": true,
      "ece": null,
      "hit_rate": 0.47619047619047616,
      "logloss": 0.6955339725393315,
      "n": 126
    },
    "90d": {
      "base_rate": 0.5443330763299923,
      "baseline_brier": 0.24803457834311907,
      "baseline_hit_rate": 0.5443330763299923,
      "brier": 0.24993704113692633,
      "display_ready": true,
      "ece": null,
      "hit_rate": 0.5443330763299923,
      "logloss": 0.6930216783903557,
      "n": 1297
    }
  },
  "schema_version": "1",
  "total_forecasts": 1301,
  "total_resolved": 1297
}
