{
  "by_direction": {
    "down": {
      "always_down_rate": 0.4545454545454546,
      "always_up_rate": 0.5454545454545454,
      "base_rate": 0.45454545454545453,
      "baseline_brier": 0.24793388429752064,
      "baseline_hit_rate": 0.5454545454545454,
      "brier": 0.2509803217171696,
      "display_ready": true,
      "ece": null,
      "expectancy_bps": 4.675584007704568,
      "expectancy_maker_2bps": 2.6755840077045683,
      "expectancy_taker_10bps": -5.324415992295432,
      "hit_down": 0.45454545454545453,
      "hit_rate": 0.45454545454545453,
      "hit_up": null,
      "logloss": 0.6951087160342276,
      "n": 704,
      "n_down": 704,
      "n_up": 0,
      "vs_majority_pp": -0.09090909090909088
    },
    "up": {
      "always_down_rate": 0.37315270935960587,
      "always_up_rate": 0.6268472906403941,
      "base_rate": 0.6268472906403941,
      "baseline_brier": 0.2339097648571914,
      "baseline_hit_rate": 0.6268472906403941,
      "brier": 0.24891062767879593,
      "display_ready": true,
      "ece": null,
      "expectancy_bps": 15.031258508312723,
      "expectancy_maker_2bps": 13.031258508312723,
      "expectancy_taker_10bps": 5.031258508312723,
      "hit_down": null,
      "hit_rate": 0.6268472906403941,
      "hit_up": 0.6268472906403941,
      "logloss": 0.690968353908925,
      "n": 812,
      "n_down": 0,
      "n_up": 812,
      "vs_majority_pp": 0.0
    }
  },
  "by_horizon": {
    "12h": {
      "always_down_rate": 0.4736842105263158,
      "always_up_rate": 0.5263157894736842,
      "base_rate": 0.5789473684210527,
      "baseline_brier": 0.24376731301939056,
      "baseline_hit_rate": 0.5789473684210527,
      "brier": 0.24921872686237062,
      "display_ready": true,
      "ece": null,
      "expectancy_bps": 25.886242957594515,
      "expectancy_maker_2bps": 23.886242957594515,
      "expectancy_taker_10bps": 15.886242957594515,
      "hit_down": 0.5529411764705883,
      "hit_rate": 0.5789473684210527,
      "hit_up": 0.6046511627906976,
      "logloss": 0.6915847358068562,
      "n": 171,
      "n_down": 85,
      "n_up": 86,
      "vs_majority_pp": 0.052631578947368474
    },
    "1h": {
      "always_down_rate": 0.3791348600508906,
      "always_up_rate": 0.6208651399491094,
      "base_rate": 0.5292620865139949,
      "baseline_brier": 0.24914373029284748,
      "baseline_hit_rate": 0.5292620865139949,
      "brier": 0.2501107006102731,
      "display_ready": true,
      "ece": null,
      "expectancy_bps": 3.5444297533092763,
      "expectancy_maker_2bps": 1.5444297533092761,
      "expectancy_taker_10bps": -6.455570246690724,
      "hit_down": 0.39714285714285713,
      "hit_rate": 0.5292620865139949,
      "hit_up": 0.6353211009174312,
      "logloss": 0.6933691449772981,
      "n": 786,
      "n_down": 350,
      "n_up": 436,
      "vs_majority_pp": -0.09160305343511455
    },
    "24h": {
      "always_down_rate": 0.4883720930232558,
      "always_up_rate": 0.5116279069767442,
      "base_rate": 0.6395348837209303,
      "baseline_brier": 0.23053001622498648,
      "baseline_hit_rate": 0.6395348837209303,
      "brier": 0.24854875136337595,
      "display_ready": true,
      "ece": null,
      "expectancy_bps": 57.01908317000415,
      "expectancy_maker_2bps": 55.01908317000415,
      "expectancy_taker_10bps": 47.01908317000415,
      "hit_down": 0.6222222222222222,
      "hit_rate": 0.6395348837209303,
      "hit_up": 0.6585365853658537,
      "logloss": 0.6902436217373141,
      "n": 86,
      "n_down": 45,
      "n_up": 41,
      "vs_majority_pp": 0.12790697674418605
    },
    "4h": {
      "always_down_rate": 0.42706131078224097,
      "always_up_rate": 0.572938689217759,
      "base_rate": 0.547568710359408,
      "baseline_brier": 0.24773721779474275,
      "baseline_hit_rate": 0.547568710359408,
      "brier": 0.24995131199509374,
      "display_ready": true,
      "ece": null,
      "expectancy_bps": 7.147743267872804,
      "expectancy_maker_2bps": 5.147743267872805,
      "expectancy_taker_10bps": -2.852256732127196,
      "hit_down": 0.4732142857142857,
      "hit_rate": 0.547568710359408,
      "hit_up": 0.6144578313253012,
      "logloss": 0.6930502118765446,
      "n": 473,
      "n_down": 224,
      "n_up": 249,
      "vs_majority_pp": -0.025369978858351017
    }
  },
  "by_model_version": {
    "v0.1.0-baseline-shadow": {
      "always_down_rate": 0.41149273447820345,
      "always_up_rate": 0.5885072655217966,
      "base_rate": 0.5462351387054161,
      "baseline_brier": 0.24786231194889094,
      "baseline_hit_rate": 0.5462351387054161,
      "brier": 0.24990719208244364,
      "display_ready": true,
      "ece": null,
      "expectancy_bps": 10.178750439999554,
      "expectancy_maker_2bps": 8.178750439999556,
      "expectancy_taker_10bps": 0.17875043999955467,
      "hit_down": 0.45454545454545453,
      "hit_rate": 0.5462351387054161,
      "hit_up": 0.6259259259259259,
      "logloss": 0.6929620076179415,
      "n": 1514,
      "n_down": 704,
      "n_up": 810,
      "vs_majority_pp": -0.042272126816380484
    },
    "v0.2.0-shadow-policy24": {
      "always_down_rate": 0.0,
      "always_up_rate": 1.0,
      "base_rate": 1.0,
      "baseline_brier": 0.0,
      "baseline_hit_rate": 1.0,
      "brier": 0.223043675625,
      "display_ready": false,
      "ece": null,
      "expectancy_bps": 43.182442007309525,
      "expectancy_maker_2bps": 41.182442007309525,
      "expectancy_taker_10bps": 33.182442007309525,
      "hit_down": null,
      "hit_rate": 1.0,
      "hit_up": 1.0,
      "logloss": 0.6391799642900029,
      "n": 2,
      "n_down": 0,
      "n_up": 2,
      "vs_majority_pp": 0.0
    }
  },
  "by_regime": {
    "bull": {
      "always_down_rate": 0.2857142857142857,
      "always_up_rate": 0.7142857142857143,
      "base_rate": 0.7142857142857143,
      "baseline_brier": 0.20408163265306123,
      "baseline_hit_rate": 0.7142857142857143,
      "brier": 0.24199269000513637,
      "display_ready": false,
      "ece": null,
      "expectancy_bps": 11.744713539710535,
      "expectancy_maker_2bps": 9.744713539710535,
      "expectancy_taker_10bps": 1.7447135397105347,
      "hit_down": null,
      "hit_rate": 0.7142857142857143,
      "hit_up": 0.7142857142857143,
      "logloss": 0.6771170135890024,
      "n": 7,
      "n_down": 0,
      "n_up": 7,
      "vs_majority_pp": 0.0
    },
    "unknown": {
      "always_down_rate": 0.411530815109344,
      "always_up_rate": 0.588469184890656,
      "base_rate": 0.5460569913850232,
      "baseline_brier": 0.2478787535445599,
      "baseline_hit_rate": 0.5460569913850232,
      "brier": 0.2499083017455492,
      "display_ready": true,
      "ece": null,
      "expectancy_bps": 10.215228664941002,
      "expectancy_maker_2bps": 8.215228664941002,
      "expectancy_taker_10bps": 0.2152286649410016,
      "hit_down": 0.45454545454545453,
      "hit_rate": 0.5460569913850232,
      "hit_up": 0.6260869565217392,
      "logloss": 0.6929642282087609,
      "n": 1509,
      "n_down": 704,
      "n_up": 805,
      "vs_majority_pp": -0.042412193505632856
    }
  },
  "edge_scoreboard": [
    {
      "expectancy_maker_2bps": 55.01908317000415,
      "hit_rate": 0.6395348837209303,
      "horizon": "24h",
      "n": 86,
      "rank_key": 55.01908317000415,
      "tradeable": true,
      "vs_majority_pp": 0.12790697674418605
    },
    {
      "expectancy_maker_2bps": 23.886242957594515,
      "hit_rate": 0.5789473684210527,
      "horizon": "12h",
      "n": 171,
      "rank_key": 23.886242957594515,
      "tradeable": true,
      "vs_majority_pp": 0.052631578947368474
    },
    {
      "expectancy_maker_2bps": 5.147743267872805,
      "hit_rate": 0.547568710359408,
      "horizon": "4h",
      "n": 473,
      "rank_key": 5.147743267872805,
      "tradeable": false,
      "vs_majority_pp": -0.025369978858351017
    },
    {
      "expectancy_maker_2bps": 1.5444297533092761,
      "hit_rate": 0.5292620865139949,
      "horizon": "1h",