{
  "by_horizon": {
    "12h": {
      "base_rate": 0.5867768595041323,
      "baseline_brier": 0.24246977665460012,
      "baseline_hit_rate": 0.5867768595041323,
      "brier": 0.2491118916933992,
      "display_ready": true,
      "ece": null,
      "hit_rate": 0.5867768595041323,
      "logloss": 0.6913713880300612,
      "n": 121
    },
    "1h": {
      "base_rate": 0.5285451197053407,
      "baseline_brier": 0.24918517614100777,
      "baseline_hit_rate": 0.5285451197053407,
      "brier": 0.2501531697795443,
      "display_ready": true,
      "ece": null,
      "hit_rate": 0.5285451197053407,
      "logloss": 0.6934540664949277,
      "n": 543
    },
    "24h": {
      "base_rate": 0.65,
      "baseline_brier": 0.2275,
      "baseline_hit_rate": 0.65,
      "brier": 0.24813698151125094,
      "display_ready": true,
      "ece": null,
      "hit_rate": 0.65,
      "logloss": 0.6894198466941057,
      "n": 60
    },
    "4h": {
      "base_rate": 0.5538922155688623,
      "baseline_brier": 0.2470956291010793,
      "baseline_hit_rate": 0.5538922155688623,
      "brier": 0.24967602815190765,
      "display_ready": true,
      "ece": null,
      "hit_rate": 0.5538922155688623,
      "logloss": 0.692499295084074,
      "n": 334
    }
  },
  "by_model_version": {
    "v0.1.0-baseline-shadow": {
      "base_rate": 0.5500945179584121,
      "baseline_brier": 0.24749053927051434,
      "baseline_hit_rate": 0.5500945179584121,
      "brier": 0.24976911377940084,
      "display_ready": true,
      "ece": null,
      "hit_rate": 0.5500945179584121,
      "logloss": 0.6926856818696694,
      "n": 1058
    }
  },
  "generated_at": "2026-06-27T22:18:19Z",
  "global": {
    "base_rate": 0.5500945179584121,
    "baseline_brier": 0.24749053927051434,
    "baseline_hit_rate": 0.5500945179584121,
    "brier": 0.24976911377940084,
    "display_ready": true,
    "ece": null,
    "hit_rate": 0.5500945179584121,
    "logloss": 0.6926856818696694,
    "n": 1058
  },
  "metrics_version": "metrics-v0.1.0",
  "min_n_display": 20,
  "rolling": {
    "30d": {
      "base_rate": 0.5500945179584121,
      "baseline_brier": 0.24749053927051434,
      "baseline_hit_rate": 0.5500945179584121,
      "brier": 0.24976911377940084,
      "display_ready": true,
      "ece": null,
      "hit_rate": 0.5500945179584121,
      "logloss": 0.6926856818696694,
      "n": 1058
    },
    "7d": {
      "base_rate": 0.5652173913043478,
      "baseline_brier": 0.24574669187145556,
      "baseline_hit_rate": 0.5652173913043478,
      "brier": 0.2502567195439385,
      "display_ready": true,
      "ece": null,
      "hit_rate": 0.5652173913043478,
      "logloss": 0.6936631510309518,
      "n": 115
    },
    "90d": {
      "base_rate": 0.5500945179584121,
      "baseline_brier": 0.24749053927051434,
      "baseline_hit_rate": 0.5500945179584121,
      "brier": 0.24976911377940084,
      "display_ready": true,
      "ece": null,
      "hit_rate": 0.5500945179584121,
      "logloss": 0.6926856818696694,
      "n": 1058
    }
  },
  "schema_version": "1",
  "total_forecasts": 1062,
  "total_resolved": 1058
}
