{
  "by_horizon": {
    "12h": {
      "base_rate": 0.5882352941176471,
      "baseline_brier": 0.2422145328719723,
      "baseline_hit_rate": 0.5882352941176471,
      "brier": 0.24912619982382828,
      "display_ready": true,
      "ece": null,
      "hit_rate": 0.5882352941176471,
      "logloss": 0.6914000142360712,
      "n": 119
    },
    "1h": {
      "base_rate": 0.5254237288135594,
      "baseline_brier": 0.2493536340132146,
      "baseline_hit_rate": 0.5254237288135594,
      "brier": 0.2502185637168579,
      "display_ready": true,
      "ece": null,
      "hit_rate": 0.5254237288135594,
      "logloss": 0.6935848785545833,
      "n": 531
    },
    "24h": {
      "base_rate": 0.6610169491525424,
      "baseline_brier": 0.2240735420856076,
      "baseline_hit_rate": 0.6610169491525424,
      "brier": 0.24780184053232435,
      "display_ready": true,
      "ece": null,
      "hit_rate": 0.6610169491525424,
      "logloss": 0.6887492896305644,
      "n": 59
    },
    "4h": {
      "base_rate": 0.5474006116207951,
      "baseline_brier": 0.24775318201797455,
      "baseline_hit_rate": 0.5474006116207951,
      "brier": 0.2497286984262951,
      "display_ready": true,
      "ece": null,
      "hit_rate": 0.5474006116207951,
      "logloss": 0.6926046383765563,
      "n": 327
    }
  },
  "by_model_version": {
    "v0.1.0-baseline-shadow": {
      "base_rate": 0.5472972972972973,
      "baseline_brier": 0.24776296566837108,
      "baseline_hit_rate": 0.5472972972972973,
      "brier": 0.2498008379242208,
      "display_ready": true,
      "ece": null,
      "hit_rate": 0.5472972972972973,
      "logloss": 0.6927491284207657,
      "n": 1036
    }
  },
  "generated_at": "2026-06-26T18:01:35Z",
  "global": {
    "base_rate": 0.5472972972972973,
    "baseline_brier": 0.24776296566837108,
    "baseline_hit_rate": 0.5472972972972973,
    "brier": 0.2498008379242208,
    "display_ready": true,
    "ece": null,
    "hit_rate": 0.5472972972972973,
    "logloss": 0.6927491284207657,
    "n": 1036
  },
  "metrics_version": "metrics-v0.1.0",
  "min_n_display": 20,
  "rolling": {
    "30d": {
      "base_rate": 0.5472972972972973,
      "baseline_brier": 0.24776296566837108,
      "baseline_hit_rate": 0.5472972972972973,
      "brier": 0.2498008379242208,
      "display_ready": true,
      "ece": null,
      "hit_rate": 0.5472972972972973,
      "logloss": 0.6927491284207657,
      "n": 1036
    },
    "7d": {
      "base_rate": 0.6,
      "baseline_brier": 0.24000000000000002,
      "baseline_hit_rate": 0.6,
      "brier": 0.2498913114144986,
      "display_ready": true,
      "ece": null,
      "hit_rate": 0.6,
      "logloss": 0.6929322362597778,
      "n": 115
    },
    "90d": {
      "base_rate": 0.5472972972972973,
      "baseline_brier": 0.24776296566837108,
      "baseline_hit_rate": 0.5472972972972973,
      "brier": 0.2498008379242208,
      "display_ready": true,
      "ece": null,
      "hit_rate": 0.5472972972972973,
      "logloss": 0.6927491284207657,
      "n": 1036
    }
  },
  "schema_version": "1",
  "total_forecasts": 1039,
  "total_resolved": 1036
}
