{
  "by_horizon": {
    "12h": {
      "base_rate": 0.5632911392405063,
      "baseline_brier": 0.24599423169363885,
      "baseline_hit_rate": 0.5632911392405063,
      "brier": 0.24958950780301195,
      "display_ready": true,
      "ece": null,
      "hit_rate": 0.5632911392405063,
      "logloss": 0.6923267453755105,
      "n": 158
    },
    "1h": {
      "base_rate": 0.5307262569832403,
      "baseline_brier": 0.24905589713179987,
      "baseline_hit_rate": 0.5307262569832403,
      "brier": 0.25014031278944665,
      "display_ready": true,
      "ece": null,
      "hit_rate": 0.5307262569832403,
      "logloss": 0.693428430037536,
      "n": 716
    },
    "24h": {
      "base_rate": 0.6329113924050633,
      "baseline_brier": 0.23233456176894726,
      "baseline_hit_rate": 0.6329113924050633,
      "brier": 0.24876630274045292,
      "display_ready": true,
      "ece": null,
      "hit_rate": 0.6329113924050633,
      "logloss": 0.6906793139554366,
      "n": 79
    },
    "4h": {
      "base_rate": 0.540045766590389,
      "baseline_brier": 0.24839633657818808,
      "baseline_hit_rate": 0.540045766590389,
      "brier": 0.25009008037945274,
      "display_ready": true,
      "ece": null,
      "hit_rate": 0.540045766590389,
      "logloss": 0.6933277972878372,
      "n": 437
    }
  },
  "by_model_version": {
    "v0.1.0-baseline-shadow": {
      "base_rate": 0.5431654676258992,
      "baseline_brier": 0.24813674240463746,
      "baseline_hit_rate": 0.5431654676258992,
      "brier": 0.2499838195916808,
      "display_ready": true,
      "ece": null,
      "hit_rate": 0.5431654676258992,
      "logloss": 0.6931153200672452,
      "n": 1390
    }
  },
  "generated_at": "2026-07-16T06:28:05Z",
  "global": {
    "base_rate": 0.5431654676258992,
    "baseline_brier": 0.24813674240463746,
    "baseline_hit_rate": 0.5431654676258992,
    "brier": 0.2499838195916808,
    "display_ready": true,
    "ece": null,
    "hit_rate": 0.5431654676258992,
    "logloss": 0.6931153200672452,
    "n": 1390
  },
  "metrics_version": "metrics-v0.1.0",
  "min_n_display": 20,
  "rolling": {
    "30d": {
      "base_rate": 0.5553398058252427,
      "baseline_brier": 0.24693750589122443,
      "baseline_hit_rate": 0.5553398058252427,
      "brier": 0.25031252346953564,
      "display_ready": true,
      "ece": null,
      "hit_rate": 0.5553398058252427,
      "logloss": 0.6937736821501227,
      "n": 515
    },
    "7d": {
      "base_rate": 0.5597014925373134,
      "baseline_brier": 0.2464357317888171,
      "baseline_hit_rate": 0.5597014925373134,
      "brier": 0.25026633395496994,
      "display_ready": true,
      "ece": null,
      "hit_rate": 0.5597014925373134,
      "logloss": 0.6936811387420406,
      "n": 134
    },
    "90d": {
      "base_rate": 0.5431654676258992,
      "baseline_brier": 0.24813674240463746,
      "baseline_hit_rate": 0.5431654676258992,
      "brier": 0.2499838195916808,
      "display_ready": true,
      "ece": null,
      "hit_rate": 0.5431654676258992,
      "logloss": 0.6931153200672452,
      "n": 1390
    }
  },
  "schema_version": "1",
  "total_forecasts": 1392,
  "total_resolved": 1390
}
