{
  "by_horizon": {
    "12h": {
      "base_rate": 0.5970149253731343,
      "baseline_brier": 0.24058810425484514,
      "baseline_hit_rate": 0.5970149253731343,
      "brier": 0.24886003125915543,
      "display_ready": true,
      "ece": null,
      "hit_rate": 0.5970149253731343,
      "logloss": 0.6908673540096207,
      "n": 134
    },
    "1h": {
      "base_rate": 0.5268456375838926,
      "baseline_brier": 0.24927931174271428,
      "baseline_hit_rate": 0.5268456375838926,
      "brier": 0.25018675461768186,
      "display_ready": true,
      "ece": null,
      "hit_rate": 0.5268456375838926,
      "logloss": 0.6935213348852991,
      "n": 596
    },
    "24h": {
      "base_rate": 0.6567164179104478,
      "baseline_brier": 0.2254399643573179,
      "baseline_hit_rate": 0.6567164179104478,
      "brier": 0.24813525013144686,
      "display_ready": true,
      "ece": null,
      "hit_rate": 0.6567164179104478,
      "logloss": 0.6894164860024029,
      "n": 67
    },
    "4h": {
      "base_rate": 0.5516304347826086,
      "baseline_brier": 0.24733429820415875,
      "baseline_hit_rate": 0.5516304347826086,
      "brier": 0.24985405410566858,
      "display_ready": true,
      "ece": null,
      "hit_rate": 0.5516304347826086,
      "logloss": 0.6928555295018435,
      "n": 368
    }
  },
  "by_model_version": {
    "v0.1.0-baseline-shadow": {
      "base_rate": 0.5502145922746781,
      "baseline_brier": 0.24747849472268785,
      "baseline_hit_rate": 0.5502145922746781,
      "brier": 0.24981107606056493,
      "display_ready": true,
      "ece": null,
      "hit_rate": 0.5502145922746781,
      "logloss": 0.6927696827877827,
      "n": 1165
    }
  },
  "generated_at": "2026-07-04T07:17:16Z",
  "global": {
    "base_rate": 0.5502145922746781,
    "baseline_brier": 0.24747849472268785,
    "baseline_hit_rate": 0.5502145922746781,
    "brier": 0.24981107606056493,
    "display_ready": true,
    "ece": null,
    "hit_rate": 0.5502145922746781,
    "logloss": 0.6927696827877827,
    "n": 1165
  },
  "metrics_version": "metrics-v0.1.0",
  "min_n_display": 20,
  "rolling": {
    "30d": {
      "base_rate": 0.5502145922746781,
      "baseline_brier": 0.24747849472268785,
      "baseline_hit_rate": 0.5502145922746781,
      "brier": 0.24981107606056493,
      "display_ready": true,
      "ece": null,
      "hit_rate": 0.5502145922746781,
      "logloss": 0.6927696827877827,
      "n": 1165
    },
    "7d": {
      "base_rate": 0.5833333333333334,
      "baseline_brier": 0.24305555555555555,
      "baseline_hit_rate": 0.5833333333333334,
      "brier": 0.24970626896854844,
      "display_ready": true,
      "ece": null,
      "hit_rate": 0.5833333333333334,
      "logloss": 0.6925606383501176,
      "n": 120
    },
    "90d": {
      "base_rate": 0.5502145922746781,
      "baseline_brier": 0.24747849472268785,
      "baseline_hit_rate": 0.5502145922746781,
      "brier": 0.24981107606056493,
      "display_ready": true,
      "ece": null,
      "hit_rate": 0.5502145922746781,
      "logloss": 0.6927696827877827,
      "n": 1165
    }
  },
  "schema_version": "1",
  "total_forecasts": 1169,
  "total_resolved": 1165
}
