{
  "by_horizon": {
    "12h": {
      "base_rate": 0.5568181818181818,
      "baseline_brier": 0.24677169421487602,
      "baseline_hit_rate": 0.5568181818181818,
      "brier": 0.24975559754325038,
      "display_ready": true,
      "ece": null,
      "hit_rate": 0.5568181818181818,
      "logloss": 0.692659080657987,
      "n": 88
    },
    "1h": {
      "base_rate": 0.5106888361045131,
      "baseline_brier": 0.24988574878273084,
      "baseline_hit_rate": 0.5106888361045131,
      "brier": 0.2503659351176933,
      "display_ready": true,
      "ece": null,
      "hit_rate": 0.5106888361045131,
      "logloss": 0.693879512993925,
      "n": 421
    },
    "24h": {
      "base_rate": 0.6363636363636364,
      "baseline_brier": 0.23140495867768596,
      "baseline_hit_rate": 0.6363636363636364,
      "brier": 0.24831623983316556,
      "display_ready": true,
      "ece": null,
      "hit_rate": 0.6363636363636364,
      "logloss": 0.6897779498498262,
      "n": 44
    },
    "4h": {
      "base_rate": 0.5182186234817814,
      "baseline_brier": 0.24966808175842908,
      "baseline_hit_rate": 0.5182186234817814,
      "brier": 0.24984110786905048,
      "display_ready": true,
      "ece": null,
      "hit_rate": 0.5182186234817814,
      "logloss": 0.6928288721738185,
      "n": 247
    }
  },
  "by_model_version": {
    "v0.1.0-baseline-shadow": {
      "base_rate": 0.525,
      "baseline_brier": 0.249375,
      "baseline_hit_rate": 0.525,
      "brier": 0.25002402433083704,
      "display_ready": true,
      "ece": null,
      "hit_rate": 0.525,
      "logloss": 0.6931952941108385,
      "n": 800
    }
  },
  "generated_at": "2026-06-11T11:50:21Z",
  "global": {
    "base_rate": 0.525,
    "baseline_brier": 0.249375,
    "baseline_hit_rate": 0.525,
    "brier": 0.25002402433083704,
    "display_ready": true,
    "ece": null,
    "hit_rate": 0.525,
    "logloss": 0.6931952941108385,
    "n": 800
  },
  "metrics_version": "metrics-v0.1.0",
  "min_n_display": 20,
  "rolling": {
    "30d": {
      "base_rate": 0.525,
      "baseline_brier": 0.249375,
      "baseline_hit_rate": 0.525,
      "brier": 0.25002402433083704,
      "display_ready": true,
      "ece": null,
      "hit_rate": 0.525,
      "logloss": 0.6931952941108385,
      "n": 800
    },
    "7d": {
      "base_rate": 0.525,
      "baseline_brier": 0.249375,
      "baseline_hit_rate": 0.525,
      "brier": 0.25002402433083704,
      "display_ready": true,
      "ece": null,
      "hit_rate": 0.525,
      "logloss": 0.6931952941108385,
      "n": 800
    },
    "90d": {
      "base_rate": 0.525,
      "baseline_brier": 0.249375,
      "baseline_hit_rate": 0.525,
      "brier": 0.25002402433083704,
      "display_ready": true,
      "ece": null,
      "hit_rate": 0.525,
      "logloss": 0.6931952941108385,
      "n": 800
    }
  },
  "schema_version": "1",
  "total_forecasts": 804,
  "total_resolved": 800
}
