{
  "by_horizon": {
    "12h": {
      "base_rate": 0.5657894736842105,
      "baseline_brier": 0.2456717451523546,
      "baseline_hit_rate": 0.5657894736842105,
      "brier": 0.24951715643800737,
      "display_ready": true,
      "ece": null,
      "hit_rate": 0.5657894736842105,
      "logloss": 0.6921819602146536,
      "n": 152
    },
    "1h": {
      "base_rate": 0.5277777777777778,
      "baseline_brier": 0.2492283950617284,
      "baseline_hit_rate": 0.5277777777777778,
      "brier": 0.2502224865387158,
      "display_ready": true,
      "ece": null,
      "hit_rate": 0.5277777777777778,
      "logloss": 0.6935927833941935,
      "n": 684
    },
    "24h": {
      "base_rate": 0.6447368421052632,
      "baseline_brier": 0.22905124653739614,
      "baseline_hit_rate": 0.6447368421052632,
      "brier": 0.2482923612999702,
      "display_ready": true,
      "ece": null,
      "hit_rate": 0.6447368421052632,
      "logloss": 0.6897309186607747,
      "n": 76
    },
    "4h": {
      "base_rate": 0.5393794749403341,
      "baseline_brier": 0.24844925695342357,
      "baseline_hit_rate": 0.5393794749403341,
      "brier": 0.24998951828071664,
      "display_ready": true,
      "ece": null,
      "hit_rate": 0.5393794749403341,
      "logloss": 0.6931264884611618,
      "n": 419
    }
  },
  "by_model_version": {
    "v0.1.0-baseline-shadow": {
      "base_rate": 0.5424492862509391,
      "baseline_brier": 0.2481980580967858,
      "baseline_hit_rate": 0.5424492862509391,
      "brier": 0.2499583893234236,
      "display_ready": true,
      "ece": null,
      "hit_rate": 0.5424492862509391,
      "logloss": 0.6930643653476345,
      "n": 1331
    }
  },
  "generated_at": "2026-07-13T04:39:09Z",
  "global": {
    "base_rate": 0.5424492862509391,
    "baseline_brier": 0.2481980580967858,
    "baseline_hit_rate": 0.5424492862509391,
    "brier": 0.2499583893234236,
    "display_ready": true,
    "ece": null,
    "hit_rate": 0.5424492862509391,
    "logloss": 0.6930643653476345,
    "n": 1331
  },
  "metrics_version": "metrics-v0.1.0",
  "min_n_display": 20,
  "rolling": {
    "30d": {
      "base_rate": 0.5683168316831683,
      "baseline_brier": 0.24533281050877365,
      "baseline_hit_rate": 0.5683168316831683,
      "brier": 0.24996987138475732,
      "display_ready": true,
      "ece": null,
      "hit_rate": 0.5683168316831683,
      "logloss": 0.6930879633099932,
      "n": 505
    },
    "7d": {
      "base_rate": 0.4765625,
      "baseline_brier": 0.24945068359375,
      "baseline_hit_rate": 0.5234375,
      "brier": 0.2513711386092443,
      "display_ready": true,
      "ece": null,
      "hit_rate": 0.4765625,
      "logloss": 0.695890542361427,
      "n": 128
    },
    "90d": {
      "base_rate": 0.5424492862509391,
      "baseline_brier": 0.2481980580967858,
      "baseline_hit_rate": 0.5424492862509391,
      "brier": 0.2499583893234236,
      "display_ready": true,
      "ece": null,
      "hit_rate": 0.5424492862509391,
      "logloss": 0.6930643653476345,
      "n": 1331
    }
  },
  "schema_version": "1",
  "total_forecasts": 1335,
  "total_resolved": 1331
}
