{
  "by_horizon": {
    "12h": {
      "base_rate": 0.5629139072847682,
      "baseline_brier": 0.2460418402701636,
      "baseline_hit_rate": 0.5629139072847682,
      "brier": 0.2495244541283976,
      "display_ready": true,
      "ece": null,
      "hit_rate": 0.5629139072847682,
      "logloss": 0.6921965587571446,
      "n": 151
    },
    "1h": {
      "base_rate": 0.5278592375366569,
      "baseline_brier": 0.24922386288387613,
      "baseline_hit_rate": 0.5278592375366569,
      "brier": 0.25022682225940884,
      "display_ready": true,
      "ece": null,
      "hit_rate": 0.5278592375366569,
      "logloss": 0.6936014568795181,
      "n": 682
    },
    "24h": {
      "base_rate": 0.64,
      "baseline_brier": 0.23040000000000002,
      "baseline_hit_rate": 0.64,
      "brier": 0.2482881720418367,
      "display_ready": true,
      "ece": null,
      "hit_rate": 0.64,
      "logloss": 0.6897225271142554,
      "n": 75
    },
    "4h": {
      "base_rate": 0.539568345323741,
      "baseline_brier": 0.24843434604834116,
      "baseline_hit_rate": 0.539568345323741,
      "brier": 0.24998459439246137,
      "display_ready": true,
      "ece": null,
      "hit_rate": 0.539568345323741,
      "logloss": 0.6931166417794451,
      "n": 417
    }
  },
  "by_model_version": {
    "v0.1.0-baseline-shadow": {
      "base_rate": 0.5418867924528302,
      "baseline_brier": 0.2482454966180135,
      "baseline_hit_rate": 0.5418867924528302,
      "brier": 0.2499608106559238,
      "display_ready": true,
      "ece": null,
      "hit_rate": 0.5418867924528302,
      "logloss": 0.6930692099017041,
      "n": 1325
    }
  },
  "generated_at": "2026-07-12T23:11:16Z",
  "global": {
    "base_rate": 0.5418867924528302,
    "baseline_brier": 0.2482454966180135,
    "baseline_hit_rate": 0.5418867924528302,
    "brier": 0.2499608106559238,
    "display_ready": true,
    "ece": null,
    "hit_rate": 0.5418867924528302,
    "logloss": 0.6930692099017041,
    "n": 1325
  },
  "metrics_version": "metrics-v0.1.0",
  "min_n_display": 20,
  "rolling": {
    "30d": {
      "base_rate": 0.5666003976143141,
      "baseline_brier": 0.24556438703761527,
      "baseline_hit_rate": 0.5666003976143141,
      "brier": 0.24996213206771117,
      "display_ready": true,
      "ece": null,
      "hit_rate": 0.5666003976143141,
      "logloss": 0.6930724822961232,
      "n": 503
    },
    "7d": {
      "base_rate": 0.4645669291338583,
      "baseline_brier": 0.24874449748899496,
      "baseline_hit_rate": 0.5354330708661417,
      "brier": 0.25133052980600873,
      "display_ready": true,
      "ece": null,
      "hit_rate": 0.4645669291338583,
      "logloss": 0.6958092863229157,
      "n": 127
    },
    "90d": {
      "base_rate": 0.5418867924528302,
      "baseline_brier": 0.2482454966180135,
      "baseline_hit_rate": 0.5418867924528302,
      "brier": 0.2499608106559238,
      "display_ready": true,
      "ece": null,
      "hit_rate": 0.5418867924528302,
      "logloss": 0.6930692099017041,
      "n": 1325
    }
  },
  "schema_version": "1",
  "total_forecasts": 1329,
  "total_resolved": 1325
}
