{
  "by_horizon": {
    "12h": {
      "base_rate": 0.576,
      "baseline_brier": 0.24422400000000002,
      "baseline_hit_rate": 0.576,
      "brier": 0.24925648543610393,
      "display_ready": true,
      "ece": null,
      "hit_rate": 0.576,
      "logloss": 0.6916605761136073,
      "n": 125
    },
    "1h": {
      "base_rate": 0.5196428571428572,
      "baseline_brier": 0.2496141581632653,
      "baseline_hit_rate": 0.5196428571428572,
      "brier": 0.2502553522805291,
      "display_ready": true,
      "ece": null,
      "hit_rate": 0.5196428571428572,
      "logloss": 0.693658440376203,
      "n": 560
    },
    "24h": {
      "base_rate": 0.6612903225806451,
      "baseline_brier": 0.22398543184183142,
      "baseline_hit_rate": 0.6612903225806451,
      "brier": 0.2480316454183736,
      "display_ready": true,
      "ece": null,
      "hit_rate": 0.6612903225806451,
      "logloss": 0.6892092046409473,
      "n": 62
    },
    "4h": {
      "base_rate": 0.5507246376811594,
      "baseline_brier": 0.24742701113211507,
      "baseline_hit_rate": 0.5507246376811594,
      "brier": 0.24974067001738556,
      "display_ready": true,
      "ece": null,
      "hit_rate": 0.5507246376811594,
      "logloss": 0.6926285850963044,
      "n": 345
    }
  },
  "by_model_version": {
    "v0.1.0-baseline-shadow": {
      "base_rate": 0.5439560439560439,
      "baseline_brier": 0.24806786619973434,
      "baseline_hit_rate": 0.5439560439560439,
      "brier": 0.2498521530481195,
      "display_ready": true,
      "ece": null,
      "hit_rate": 0.5439560439560439,
      "logloss": 0.6928517684714637,
      "n": 1092
    }
  },
  "generated_at": "2026-06-29T21:47:35Z",
  "global": {
    "base_rate": 0.5439560439560439,
    "baseline_brier": 0.24806786619973434,
    "baseline_hit_rate": 0.5439560439560439,
    "brier": 0.2498521530481195,
    "display_ready": true,
    "ece": null,
    "hit_rate": 0.5439560439560439,
    "logloss": 0.6928517684714637,
    "n": 1092
  },
  "metrics_version": "metrics-v0.1.0",
  "min_n_display": 20,
  "rolling": {
    "30d": {
      "base_rate": 0.5439560439560439,
      "baseline_brier": 0.24806786619973434,
      "baseline_hit_rate": 0.5439560439560439,
      "brier": 0.2498521530481195,
      "display_ready": true,
      "ece": null,
      "hit_rate": 0.5439560439560439,
      "logloss": 0.6928517684714637,
      "n": 1092
    },
    "7d": {
      "base_rate": 0.46218487394957986,
      "baseline_brier": 0.24857001624179084,
      "baseline_hit_rate": 0.5378151260504201,
      "brier": 0.2513312333511345,
      "display_ready": true,
      "ece": null,
      "hit_rate": 0.46218487394957986,
      "logloss": 0.6958122754372861,
      "n": 119
    },
    "90d": {
      "base_rate": 0.5439560439560439,
      "baseline_brier": 0.24806786619973434,
      "baseline_hit_rate": 0.5439560439560439,
      "brier": 0.2498521530481195,
      "display_ready": true,
      "ece": null,
      "hit_rate": 0.5439560439560439,
      "logloss": 0.6928517684714637,
      "n": 1092
    }
  },
  "schema_version": "1",
  "total_forecasts": 1096,
  "total_resolved": 1092
}
