{
  "by_horizon": {
    "12h": {
      "base_rate": 0.6037735849056604,
      "baseline_brier": 0.23923104307582768,
      "baseline_hit_rate": 0.6037735849056604,
      "brier": 0.2489071837309081,
      "display_ready": true,
      "ece": null,
      "hit_rate": 0.6037735849056604,
      "logloss": 0.6909617779462889,
      "n": 106
    },
    "1h": {
      "base_rate": 0.5197505197505198,
      "baseline_brier": 0.24960991696958434,
      "baseline_hit_rate": 0.5197505197505198,
      "brier": 0.2502258417431678,
      "display_ready": true,
      "ece": null,
      "hit_rate": 0.5197505197505198,
      "logloss": 0.6935991950404494,
      "n": 481
    },
    "24h": {
      "base_rate": 0.6415094339622641,
      "baseline_brier": 0.2299750800996796,
      "baseline_hit_rate": 0.6415094339622641,
      "brier": 0.24794720750135646,
      "display_ready": true,
      "ece": null,
      "hit_rate": 0.6415094339622641,
      "logloss": 0.6890399546646908,
      "n": 53
    },
    "4h": {
      "base_rate": 0.541095890410959,
      "baseline_brier": 0.24831112779133047,
      "baseline_hit_rate": 0.541095890410959,
      "brier": 0.24970527163345968,
      "display_ready": true,
      "ece": null,
      "hit_rate": 0.541095890410959,
      "logloss": 0.6925574198908796,
      "n": 292
    }
  },
  "by_model_version": {
    "v0.1.0-baseline-shadow": {
      "base_rate": 0.5429184549356223,
      "baseline_brier": 0.24815800622593895,
      "baseline_hit_rate": 0.5429184549356223,
      "brier": 0.24978318955845719,
      "display_ready": true,
      "ece": null,
      "hit_rate": 0.5429184549356223,
      "logloss": 0.6927135681138715,
      "n": 932
    }
  },
  "generated_at": "2026-06-20T05:41:45Z",
  "global": {
    "base_rate": 0.5429184549356223,
    "baseline_brier": 0.24815800622593895,
    "baseline_hit_rate": 0.5429184549356223,
    "brier": 0.24978318955845719,
    "display_ready": true,
    "ece": null,
    "hit_rate": 0.5429184549356223,
    "logloss": 0.6927135681138715,
    "n": 932
  },
  "metrics_version": "metrics-v0.1.0",
  "min_n_display": 20,
  "rolling": {
    "30d": {
      "base_rate": 0.5429184549356223,
      "baseline_brier": 0.24815800622593895,
      "baseline_hit_rate": 0.5429184549356223,
      "brier": 0.24978318955845719,
      "display_ready": true,
      "ece": null,
      "hit_rate": 0.5429184549356223,
      "logloss": 0.6927135681138715,
      "n": 932
    },
    "7d": {
      "base_rate": 0.6698113207547169,
      "baseline_brier": 0.22116411534353864,
      "baseline_hit_rate": 0.6698113207547169,
      "brier": 0.24847265592743176,
      "display_ready": true,
      "ece": null,
      "hit_rate": 0.6698113207547169,
      "logloss": 0.6900924214714473,
      "n": 106
    },
    "90d": {
      "base_rate": 0.5429184549356223,
      "baseline_brier": 0.24815800622593895,
      "baseline_hit_rate": 0.5429184549356223,
      "brier": 0.24978318955845719,
      "display_ready": true,
      "ece": null,
      "hit_rate": 0.5429184549356223,
      "logloss": 0.6927135681138715,
      "n": 932
    }
  },
  "schema_version": "1",
  "total_forecasts": 934,
  "total_resolved": 932
}
