{
  "by_horizon": {
    "12h": {
      "base_rate": 0.5867768595041323,
      "baseline_brier": 0.24246977665460012,
      "baseline_hit_rate": 0.5867768595041323,
      "brier": 0.2491118916933992,
      "display_ready": true,
      "ece": null,
      "hit_rate": 0.5867768595041323,
      "logloss": 0.6913713880300612,
      "n": 121
    },
    "1h": {
      "base_rate": 0.5286506469500925,
      "baseline_brier": 0.24917914042934117,
      "baseline_hit_rate": 0.5286506469500925,
      "brier": 0.2501583181310735,
      "display_ready": true,
      "ece": null,
      "hit_rate": 0.5286506469500925,
      "logloss": 0.6934643657651166,
      "n": 541
    },
    "24h": {
      "base_rate": 0.65,
      "baseline_brier": 0.2275,
      "baseline_hit_rate": 0.65,
      "brier": 0.24813698151125094,
      "display_ready": true,
      "ece": null,
      "hit_rate": 0.65,
      "logloss": 0.6894198466941057,
      "n": 60
    },
    "4h": {
      "base_rate": 0.5555555555555556,
      "baseline_brier": 0.2469135802469136,
      "baseline_hit_rate": 0.5555555555555556,
      "brier": 0.24964470568366895,
      "display_ready": true,
      "ece": null,
      "hit_rate": 0.5555555555555556,
      "logloss": 0.6924366421769342,
      "n": 333
    }
  },
  "by_model_version": {
    "v0.1.0-baseline-shadow": {
      "base_rate": 0.5507109004739337,
      "baseline_brier": 0.2474284045731228,
      "baseline_hit_rate": 0.5507109004739337,
      "brier": 0.24976122738118375,
      "display_ready": true,
      "ece": null,
      "hit_rate": 0.5507109004739337,
      "logloss": 0.6926699075612616,
      "n": 1055
    }
  },
  "generated_at": "2026-06-27T18:36:57Z",
  "global": {
    "base_rate": 0.5507109004739337,
    "baseline_brier": 0.2474284045731228,
    "baseline_hit_rate": 0.5507109004739337,
    "brier": 0.24976122738118375,
    "display_ready": true,
    "ece": null,
    "hit_rate": 0.5507109004739337,
    "logloss": 0.6926699075612616,
    "n": 1055
  },
  "metrics_version": "metrics-v0.1.0",
  "min_n_display": 20,
  "rolling": {
    "30d": {
      "base_rate": 0.5507109004739337,
      "baseline_brier": 0.2474284045731228,
      "baseline_hit_rate": 0.5507109004739337,
      "brier": 0.24976122738118375,
      "display_ready": true,
      "ece": null,
      "hit_rate": 0.5507109004739337,
      "logloss": 0.6926699075612616,
      "n": 1055
    },
    "7d": {
      "base_rate": 0.5789473684210527,
      "baseline_brier": 0.24376731301939056,
      "baseline_hit_rate": 0.5789473684210527,
      "brier": 0.2500832687657228,
      "display_ready": true,
      "ece": null,
      "hit_rate": 0.5789473684210527,
      "logloss": 0.6933162377698849,
      "n": 114
    },
    "90d": {
      "base_rate": 0.5507109004739337,
      "baseline_brier": 0.2474284045731228,
      "baseline_hit_rate": 0.5507109004739337,
      "brier": 0.24976122738118375,
      "display_ready": true,
      "ece": null,
      "hit_rate": 0.5507109004739337,
      "logloss": 0.6926699075612616,
      "n": 1055
    }
  },
  "schema_version": "1",
  "total_forecasts": 1059,
  "total_resolved": 1055
}
