{
  "by_horizon": {
    "12h": {
      "base_rate": 0.5668789808917197,
      "baseline_brier": 0.245527201914885,
      "baseline_hit_rate": 0.5668789808917197,
      "brier": 0.2495332898445665,
      "display_ready": true,
      "ece": null,
      "hit_rate": 0.5668789808917197,
      "logloss": 0.6922143029569734,
      "n": 157
    },
    "1h": {
      "base_rate": 0.5301542776998598,
      "baseline_brier": 0.24909071953639975,
      "baseline_hit_rate": 0.5301542776998598,
      "brier": 0.2501378593427215,
      "display_ready": true,
      "ece": null,
      "hit_rate": 0.5301542776998598,
      "logloss": 0.6934235255434258,
      "n": 713
    },
    "24h": {
      "base_rate": 0.6410256410256411,
      "baseline_brier": 0.23011176857330704,
      "baseline_hit_rate": 0.6410256410256411,
      "brier": 0.24844416327997038,
      "display_ready": true,
      "ece": null,
      "hit_rate": 0.6410256410256411,
      "logloss": 0.6900345780134044,
      "n": 78
    },
    "4h": {
      "base_rate": 0.5402298850574713,
      "baseline_brier": 0.24838155634826267,
      "baseline_hit_rate": 0.5402298850574713,
      "brier": 0.2500920991265792,
      "display_ready": true,
      "ece": null,
      "hit_rate": 0.5402298850574713,
      "logloss": 0.6933318368895192,
      "n": 435
    }
  },
  "by_model_version": {
    "v0.1.0-baseline-shadow": {
      "base_rate": 0.5437454808387563,
      "baseline_brier": 0.248086332906186,
      "baseline_hit_rate": 0.5437454808387563,
      "brier": 0.24995931169403976,
      "display_ready": true,
      "ece": null,
      "hit_rate": 0.5437454808387563,
      "logloss": 0.6930662801219767,
      "n": 1383
    }
  },
  "generated_at": "2026-07-15T22:25:48Z",
  "global": {
    "base_rate": 0.5437454808387563,
    "baseline_brier": 0.248086332906186,
    "baseline_hit_rate": 0.5437454808387563,
    "brier": 0.24995931169403976,
    "display_ready": true,
    "ece": null,
    "hit_rate": 0.5437454808387563,
    "logloss": 0.6930662801219767,
    "n": 1383
  },
  "metrics_version": "metrics-v0.1.0",
  "min_n_display": 20,
  "rolling": {
    "30d": {
      "base_rate": 0.5583657587548638,
      "baseline_brier": 0.24659343820496904,
      "baseline_hit_rate": 0.5583657587548638,
      "brier": 0.250251073019855,
      "display_ready": true,
      "ece": null,
      "hit_rate": 0.5583657587548638,
      "logloss": 0.6936507221029342,
      "n": 514
    },
    "7d": {
      "base_rate": 0.556390977443609,
      "baseline_brier": 0.2468200576629544,
      "baseline_hit_rate": 0.556390977443609,
      "brier": 0.2502539428321703,
      "display_ready": true,
      "ece": null,
      "hit_rate": 0.556390977443609,
      "logloss": 0.6936562343200762,
      "n": 133
    },
    "90d": {
      "base_rate": 0.5437454808387563,
      "baseline_brier": 0.248086332906186,
      "baseline_hit_rate": 0.5437454808387563,
      "brier": 0.24995931169403976,
      "display_ready": true,
      "ece": null,
      "hit_rate": 0.5437454808387563,
      "logloss": 0.6930662801219767,
      "n": 1383
    }
  },
  "schema_version": "1",
  "total_forecasts": 1387,
  "total_resolved": 1383
}
