{
  "by_horizon": {
    "12h": {
      "base_rate": 0.574468085106383,
      "baseline_brier": 0.24445450430058852,
      "baseline_hit_rate": 0.574468085106383,
      "brier": 0.2493282624945948,
      "display_ready": true,
      "ece": null,
      "hit_rate": 0.574468085106383,
      "logloss": 0.6918040248713782,
      "n": 141
    },
    "1h": {
      "base_rate": 0.5301587301587302,
      "baseline_brier": 0.24909045099521293,
      "baseline_hit_rate": 0.5301587301587302,
      "brier": 0.2501333951309341,
      "display_ready": true,
      "ece": null,
      "hit_rate": 0.5301587301587302,
      "logloss": 0.693414585462982,
      "n": 630
    },
    "24h": {
      "base_rate": 0.6714285714285714,
      "baseline_brier": 0.2206122448979592,
      "baseline_hit_rate": 0.6714285714285714,
      "brier": 0.24792540661556606,
      "display_ready": true,
      "ece": null,
      "hit_rate": 0.6714285714285714,
      "logloss": 0.6889968115631677,
      "n": 70
    },
    "4h": {
      "base_rate": 0.5424164524421594,
      "baseline_brier": 0.24820084456222202,
      "baseline_hit_rate": 0.5424164524421594,
      "brier": 0.24998420309981498,
      "display_ready": true,
      "ece": null,
      "hit_rate": 0.5424164524421594,
      "logloss": 0.6931158871044345,
      "n": 389
    }
  },
  "by_model_version": {
    "v0.1.0-baseline-shadow": {
      "base_rate": 0.5471544715447154,
      "baseline_brier": 0.2477764558133386,
      "baseline_hit_rate": 0.5471544715447154,
      "brier": 0.24986825805946664,
      "display_ready": true,
      "ece": null,
      "hit_rate": 0.5471544715447154,
      "logloss": 0.6928840758061705,
      "n": 1230
    }
  },
  "generated_at": "2026-07-07T20:58:33Z",
  "global": {
    "base_rate": 0.5471544715447154,
    "baseline_brier": 0.2477764558133386,
    "baseline_hit_rate": 0.5471544715447154,
    "brier": 0.24986825805946664,
    "display_ready": true,
    "ece": null,
    "hit_rate": 0.5471544715447154,
    "logloss": 0.6928840758061705,
    "n": 1230
  },
  "metrics_version": "metrics-v0.1.0",
  "min_n_display": 20,
  "rolling": {
    "30d": {
      "base_rate": 0.5793814432989691,
      "baseline_brier": 0.24369858645977258,
      "baseline_hit_rate": 0.5793814432989691,
      "brier": 0.24967655040955958,
      "display_ready": true,
      "ece": null,
      "hit_rate": 0.5793814432989691,
      "logloss": 0.6925011886698705,
      "n": 485
    },
    "7d": {
      "base_rate": 0.5609756097560976,
      "baseline_brier": 0.2462819750148721,
      "baseline_hit_rate": 0.5609756097560976,
      "brier": 0.2500249677930626,
      "display_ready": true,
      "ece": null,
      "hit_rate": 0.5609756097560976,
      "logloss": 0.6931981158641436,
      "n": 123
    },
    "90d": {
      "base_rate": 0.5471544715447154,
      "baseline_brier": 0.2477764558133386,
      "baseline_hit_rate": 0.5471544715447154,
      "brier": 0.24986825805946664,
      "display_ready": true,
      "ece": null,
      "hit_rate": 0.5471544715447154,
      "logloss": 0.6928840758061705,
      "n": 1230
    }
  },
  "schema_version": "1",
  "total_forecasts": 1234,
  "total_resolved": 1230
}
