{
  "by_horizon": {
    "12h": {
      "base_rate": 0.5876288659793815,
      "baseline_brier": 0.24232118184716758,
      "baseline_hit_rate": 0.5876288659793815,
      "brier": 0.24922996406613773,
      "display_ready": true,
      "ece": null,
      "hit_rate": 0.5876288659793815,
      "logloss": 0.6916075565314158,
      "n": 97
    },
    "1h": {
      "base_rate": 0.5144124168514412,
      "baseline_brier": 0.2497922822405003,
      "baseline_hit_rate": 0.5144124168514412,
      "brier": 0.25021892492324865,
      "display_ready": true,
      "ece": null,
      "hit_rate": 0.5144124168514412,
      "logloss": 0.6935853565931709,
      "n": 451
    },
    "24h": {
      "base_rate": 0.6458333333333334,
      "baseline_brier": 0.22873263888888887,
      "baseline_hit_rate": 0.6458333333333334,
      "brier": 0.24806124523574724,
      "display_ready": true,
      "ece": null,
      "hit_rate": 0.6458333333333334,
      "logloss": 0.6892679929706885,
      "n": 48
    },
    "4h": {
      "base_rate": 0.5278810408921933,
      "baseline_brier": 0.24922264755876786,
      "baseline_hit_rate": 0.5278810408921933,
      "brier": 0.24967621848475668,
      "display_ready": true,
      "ece": null,
      "hit_rate": 0.5278810408921933,
      "logloss": 0.6924990497677591,
      "n": 269
    }
  },
  "by_model_version": {
    "v0.1.0-baseline-shadow": {
      "base_rate": 0.5341040462427745,
      "baseline_brier": 0.2488369140298707,
      "baseline_hit_rate": 0.5341040462427745,
      "brier": 0.2498195193046427,
      "display_ready": true,
      "ece": null,
      "hit_rate": 0.5341040462427745,
      "logloss": 0.6927861697770955,
      "n": 865
    }
  },
  "generated_at": "2026-06-15T12:39:01Z",
  "global": {
    "base_rate": 0.5341040462427745,
    "baseline_brier": 0.2488369140298707,
    "baseline_hit_rate": 0.5341040462427745,
    "brier": 0.2498195193046427,
    "display_ready": true,
    "ece": null,
    "hit_rate": 0.5341040462427745,
    "logloss": 0.6927861697770955,
    "n": 865
  },
  "metrics_version": "metrics-v0.1.0",
  "min_n_display": 20,
  "rolling": {
    "30d": {
      "base_rate": 0.5341040462427745,
      "baseline_brier": 0.2488369140298707,
      "baseline_hit_rate": 0.5341040462427745,
      "brier": 0.2498195193046427,
      "display_ready": true,
      "ece": null,
      "hit_rate": 0.5341040462427745,
      "logloss": 0.6927861697770955,
      "n": 865
    },
    "7d": {
      "base_rate": 0.5909090909090909,
      "baseline_brier": 0.24173553719008264,
      "baseline_hit_rate": 0.5909090909090909,
      "brier": 0.24851564631494621,
      "display_ready": true,
      "ece": null,
      "hit_rate": 0.5909090909090909,
      "logloss": 0.6901778982445108,
      "n": 110
    },
    "90d": {
      "base_rate": 0.5341040462427745,
      "baseline_brier": 0.2488369140298707,
      "baseline_hit_rate": 0.5341040462427745,
      "brier": 0.2498195193046427,
      "display_ready": true,
      "ece": null,
      "hit_rate": 0.5341040462427745,
      "logloss": 0.6927861697770955,
      "n": 865
    }
  },
  "schema_version": "1",
  "total_forecasts": 866,
  "total_resolved": 865
}
