{
  "by_horizon": {
    "12h": {
      "base_rate": 0.5698924731182796,
      "baseline_brier": 0.2451150422014106,
      "baseline_hit_rate": 0.5698924731182796,
      "brier": 0.24954623639953472,
      "display_ready": true,
      "ece": null,
      "hit_rate": 0.5698924731182796,
      "logloss": 0.6922402618244883,
      "n": 93
    },
    "1h": {
      "base_rate": 0.5159817351598174,
      "baseline_brier": 0.24974458414128145,
      "baseline_hit_rate": 0.5159817351598174,
      "brier": 0.2502758590627842,
      "display_ready": true,
      "ece": null,
      "hit_rate": 0.5159817351598174,
      "logloss": 0.6936993024045202,
      "n": 438
    },
    "24h": {
      "base_rate": 0.6304347826086957,
      "baseline_brier": 0.2329867674858223,
      "baseline_hit_rate": 0.6304347826086957,
      "brier": 0.2482261567401665,
      "display_ready": true,
      "ece": null,
      "hit_rate": 0.6304347826086957,
      "logloss": 0.68959778412973,
      "n": 46
    },
    "4h": {
      "base_rate": 0.5230769230769231,
      "baseline_brier": 0.24946745562130176,
      "baseline_hit_rate": 0.5230769230769231,
      "brier": 0.24977354663310644,
      "display_ready": true,
      "ece": null,
      "hit_rate": 0.5230769230769231,
      "logloss": 0.6926937343005385,
      "n": 260
    }
  },
  "by_model_version": {
    "v0.1.0-baseline-shadow": {
      "base_rate": 0.5304659498207885,
      "baseline_brier": 0.2490718259015172,
      "baseline_hit_rate": 0.5304659498207885,
      "brier": 0.24992610703621448,
      "display_ready": true,
      "ece": null,
      "hit_rate": 0.5304659498207885,
      "logloss": 0.6929994119366365,
      "n": 837
    }
  },
  "generated_at": "2026-06-13T18:46:47Z",
  "global": {
    "base_rate": 0.5304659498207885,
    "baseline_brier": 0.2490718259015172,
    "baseline_hit_rate": 0.5304659498207885,
    "brier": 0.24992610703621448,
    "display_ready": true,
    "ece": null,
    "hit_rate": 0.5304659498207885,
    "logloss": 0.6929994119366365,
    "n": 837
  },
  "metrics_version": "metrics-v0.1.0",
  "min_n_display": 20,
  "rolling": {
    "30d": {
      "base_rate": 0.5304659498207885,
      "baseline_brier": 0.2490718259015172,
      "baseline_hit_rate": 0.5304659498207885,
      "brier": 0.24992610703621448,
      "display_ready": true,
      "ece": null,
      "hit_rate": 0.5304659498207885,
      "logloss": 0.6929994119366365,
      "n": 837
    },
    "7d": {
      "base_rate": 0.5304659498207885,
      "baseline_brier": 0.2490718259015172,
      "baseline_hit_rate": 0.5304659498207885,
      "brier": 0.24992610703621448,
      "display_ready": true,
      "ece": null,
      "hit_rate": 0.5304659498207885,
      "logloss": 0.6929994119366365,
      "n": 837
    },
    "90d": {
      "base_rate": 0.5304659498207885,
      "baseline_brier": 0.2490718259015172,
      "baseline_hit_rate": 0.5304659498207885,
      "brier": 0.24992610703621448,
      "display_ready": true,
      "ece": null,
      "hit_rate": 0.5304659498207885,
      "logloss": 0.6929994119366365,
      "n": 837
    }
  },
  "schema_version": "1",
  "total_forecasts": 841,
  "total_resolved": 837
}
