{
  "by_horizon": {
    "12h": {
      "base_rate": 0.56875,
      "baseline_brier": 0.2452734375,
      "baseline_hit_rate": 0.56875,
      "brier": 0.2495168984660822,
      "display_ready": true,
      "ece": null,
      "hit_rate": 0.56875,
      "logloss": 0.6921814960673878,
      "n": 160
    },
    "1h": {
      "base_rate": 0.5274725274725275,
      "baseline_brier": 0.24924526023427124,
      "baseline_hit_rate": 0.5274725274725275,
      "brier": 0.25019022807845753,
      "display_ready": true,
      "ece": null,
      "hit_rate": 0.5274725274725275,
      "logloss": 0.6935282642279748,
      "n": 728
    },
    "24h": {
      "base_rate": 0.6375,
      "baseline_brier": 0.23109375000000001,
      "baseline_hit_rate": 0.6375,
      "brier": 0.24876606971771062,
      "display_ready": true,
      "ece": null,
      "hit_rate": 0.6375,
      "logloss": 0.6906788537454258,
      "n": 80
    },
    "4h": {
      "base_rate": 0.5427927927927928,
      "baseline_brier": 0.2481687768849931,
      "baseline_hit_rate": 0.5427927927927928,
      "brier": 0.2500587206214203,
      "display_ready": true,
      "ece": null,
      "hit_rate": 0.5427927927927928,
      "logloss": 0.693265069397034,
      "n": 444
    }
  },
  "by_model_version": {
    "v0.1.0-baseline-shadow": {
      "base_rate": 0.5432011331444759,
      "baseline_brier": 0.2481336620950333,
      "baseline_hit_rate": 0.5432011331444759,
      "brier": 0.24999188904321368,
      "display_ready": true,
      "ece": null,
      "hit_rate": 0.5432011331444759,
      "logloss": 0.6931314552695927,
      "n": 1412
    }
  },
  "generated_at": "2026-07-17T09:22:32Z",
  "global": {
    "base_rate": 0.5432011331444759,
    "baseline_brier": 0.2481336620950333,
    "baseline_hit_rate": 0.5432011331444759,
    "brier": 0.24999188904321368,
    "display_ready": true,
    "ece": null,
    "hit_rate": 0.5432011331444759,
    "logloss": 0.6931314552695927,
    "n": 1412
  },
  "metrics_version": "metrics-v0.1.0",
  "min_n_display": 20,
  "rolling": {
    "30d": {
      "base_rate": 0.5485714285714286,
      "baseline_brier": 0.24764081632653057,
      "baseline_hit_rate": 0.5485714285714286,
      "brier": 0.2503650877791167,
      "display_ready": true,
      "ece": null,
      "hit_rate": 0.5485714285714286,
      "logloss": 0.6938787960084264,
      "n": 525
    },
    "7d": {
      "base_rate": 0.5357142857142857,
      "baseline_brier": 0.24872448979591835,
      "baseline_hit_rate": 0.5357142857142857,
      "brier": 0.250735892038941,
      "display_ready": true,
      "ece": null,
      "hit_rate": 0.5357142857142857,
      "logloss": 0.694620328438902,
      "n": 140
    },
    "90d": {
      "base_rate": 0.5432011331444759,
      "baseline_brier": 0.2481336620950333,
      "baseline_hit_rate": 0.5432011331444759,
      "brier": 0.24999188904321368,
      "display_ready": true,
      "ece": null,
      "hit_rate": 0.5432011331444759,
      "logloss": 0.6931314552695927,
      "n": 1412
    }
  },
  "schema_version": "1",
  "total_forecasts": 1416,
  "total_resolved": 1412
}
