{
  "by_horizon": {
    "12h": {
      "base_rate": 0.567741935483871,
      "baseline_brier": 0.24541103017689905,
      "baseline_hit_rate": 0.567741935483871,
      "brier": 0.24948525352580136,
      "display_ready": true,
      "ece": null,
      "hit_rate": 0.567741935483871,
      "logloss": 0.6921181032287855,
      "n": 155
    },
    "1h": {
      "base_rate": 0.5285714285714286,
      "baseline_brier": 0.24918367346938777,
      "baseline_hit_rate": 0.5285714285714286,
      "brier": 0.250164266903787,
      "display_ready": true,
      "ece": null,
      "hit_rate": 0.5285714285714286,
      "logloss": 0.6934762706016975,
      "n": 700
    },
    "24h": {
      "base_rate": 0.6493506493506493,
      "baseline_brier": 0.22769438353853938,
      "baseline_hit_rate": 0.6493506493506493,
      "brier": 0.24829874686643189,
      "display_ready": true,
      "ece": null,
      "hit_rate": 0.6493506493506493,
      "logloss": 0.6897437025170247,
      "n": 77
    },
    "4h": {
      "base_rate": 0.5397196261682243,
      "baseline_brier": 0.2484223512970565,
      "baseline_hit_rate": 0.5397196261682243,
      "brier": 0.2500170581739378,
      "display_ready": true,
      "ece": null,
      "hit_rate": 0.5397196261682243,
      "logloss": 0.6931815906345926,
      "n": 428
    }
  },
  "by_model_version": {
    "v0.1.0-baseline-shadow": {
      "base_rate": 0.5433823529411764,
      "baseline_brier": 0.2481179714532872,
      "baseline_hit_rate": 0.5433823529411764,
      "brier": 0.24993493054140498,
      "display_ready": true,
      "ece": null,
      "hit_rate": 0.5433823529411764,
      "logloss": 0.6930174127257842,
      "n": 1360
    }
  },
  "generated_at": "2026-07-14T17:35:48Z",
  "global": {
    "base_rate": 0.5433823529411764,
    "baseline_brier": 0.2481179714532872,
    "baseline_hit_rate": 0.5433823529411764,
    "brier": 0.24993493054140498,
    "display_ready": true,
    "ece": null,
    "hit_rate": 0.5433823529411764,
    "logloss": 0.6930174127257842,
    "n": 1360
  },
  "metrics_version": "metrics-v0.1.0",
  "min_n_display": 20,
  "rolling": {
    "30d": {
      "base_rate": 0.5610236220472441,
      "baseline_brier": 0.2462761175522351,
      "baseline_hit_rate": 0.5610236220472441,
      "brier": 0.25002768640806033,
      "display_ready": true,
      "ece": null,
      "hit_rate": 0.5610236220472441,
      "logloss": 0.6932035309106293,
      "n": 508
    },
    "7d": {
      "base_rate": 0.5,
      "baseline_brier": 0.25,
      "baseline_hit_rate": 0.5,
      "brier": 0.25068270717692637,
      "display_ready": true,
      "ece": null,
      "hit_rate": 0.5,
      "logloss": 0.6945129178978474,
      "n": 134
    },
    "90d": {
      "base_rate": 0.5433823529411764,
      "baseline_brier": 0.2481179714532872,
      "baseline_hit_rate": 0.5433823529411764,
      "brier": 0.24993493054140498,
      "display_ready": true,
      "ece": null,
      "hit_rate": 0.5433823529411764,
      "logloss": 0.6930174127257842,
      "n": 1360
    }
  },
  "schema_version": "1",
  "total_forecasts": 1364,
  "total_resolved": 1360
}
