{
  "by_horizon": {
    "12h": {
      "base_rate": 0.5698924731182796,
      "baseline_brier": 0.2451150422014106,
      "baseline_hit_rate": 0.5698924731182796,
      "brier": 0.24954623639953472,
      "display_ready": true,
      "ece": null,
      "hit_rate": 0.5698924731182796,
      "logloss": 0.6922402618244883,
      "n": 93
    },
    "1h": {
      "base_rate": 0.517162471395881,
      "baseline_brier": 0.24970544957558558,
      "baseline_hit_rate": 0.517162471395881,
      "brier": 0.25025869878884394,
      "display_ready": true,
      "ece": null,
      "hit_rate": 0.517162471395881,
      "logloss": 0.6936649799450626,
      "n": 437
    },
    "24h": {
      "base_rate": 0.6304347826086957,
      "baseline_brier": 0.2329867674858223,
      "baseline_hit_rate": 0.6304347826086957,
      "brier": 0.2482261567401665,
      "display_ready": true,
      "ece": null,
      "hit_rate": 0.6304347826086957,
      "logloss": 0.68959778412973,
      "n": 46
    },
    "4h": {
      "base_rate": 0.5230769230769231,
      "baseline_brier": 0.24946745562130176,
      "baseline_hit_rate": 0.5230769230769231,
      "brier": 0.24977354663310644,
      "display_ready": true,
      "ece": null,
      "hit_rate": 0.5230769230769231,
      "logloss": 0.6926937343005385,
      "n": 260
    }
  },
  "by_model_version": {
    "v0.1.0-baseline-shadow": {
      "base_rate": 0.5311004784688995,
      "baseline_brier": 0.24903276023900553,
      "baseline_hit_rate": 0.5311004784688995,
      "brier": 0.24991671852935032,
      "display_ready": true,
      "ece": null,
      "hit_rate": 0.5311004784688995,
      "logloss": 0.6929806334614562,
      "n": 836
    }
  },
  "generated_at": "2026-06-13T16:50:27Z",
  "global": {
    "base_rate": 0.5311004784688995,
    "baseline_brier": 0.24903276023900553,
    "baseline_hit_rate": 0.5311004784688995,
    "brier": 0.24991671852935032,
    "display_ready": true,
    "ece": null,
    "hit_rate": 0.5311004784688995,
    "logloss": 0.6929806334614562,
    "n": 836
  },
  "metrics_version": "metrics-v0.1.0",
  "min_n_display": 20,
  "rolling": {
    "30d": {
      "base_rate": 0.5311004784688995,
      "baseline_brier": 0.24903276023900553,
      "baseline_hit_rate": 0.5311004784688995,
      "brier": 0.24991671852935032,
      "display_ready": true,
      "ece": null,
      "hit_rate": 0.5311004784688995,
      "logloss": 0.6929806334614562,
      "n": 836
    },
    "7d": {
      "base_rate": 0.5311004784688995,
      "baseline_brier": 0.24903276023900553,
      "baseline_hit_rate": 0.5311004784688995,
      "brier": 0.24991671852935032,
      "display_ready": true,
      "ece": null,
      "hit_rate": 0.5311004784688995,
      "logloss": 0.6929806334614562,
      "n": 836
    },
    "90d": {
      "base_rate": 0.5311004784688995,
      "baseline_brier": 0.24903276023900553,
      "baseline_hit_rate": 0.5311004784688995,
      "brier": 0.24991671852935032,
      "display_ready": true,
      "ece": null,
      "hit_rate": 0.5311004784688995,
      "logloss": 0.6929806334614562,
      "n": 836
    }
  },
  "schema_version": "1",
  "total_forecasts": 840,
  "total_resolved": 836
}
