{
  "by_horizon": {
    "12h": {
      "base_rate": 0.5616438356164384,
      "baseline_brier": 0.24620003753049355,
      "baseline_hit_rate": 0.5616438356164384,
      "brier": 0.24947040497743442,
      "display_ready": true,
      "ece": null,
      "hit_rate": 0.5616438356164384,
      "logloss": 0.6920884062434729,
      "n": 146
    },
    "1h": {
      "base_rate": 0.5284178187403994,
      "baseline_brier": 0.2491924275780378,
      "baseline_hit_rate": 0.5284178187403994,
      "brier": 0.25018146129201335,
      "display_ready": true,
      "ece": null,
      "hit_rate": 0.5284178187403994,
      "logloss": 0.6935107446144978,
      "n": 651
    },
    "24h": {
      "base_rate": 0.6438356164383562,
      "baseline_brier": 0.2293113154437981,
      "baseline_hit_rate": 0.6438356164383562,
      "brier": 0.2482811331332892,
      "display_ready": true,
      "ece": null,
      "hit_rate": 0.6438356164383562,
      "logloss": 0.689708431640677,
      "n": 73
    },
    "4h": {
      "base_rate": 0.543640897755611,
      "baseline_brier": 0.24809547204308433,
      "baseline_hit_rate": 0.543640897755611,
      "brier": 0.24994276232506535,
      "display_ready": true,
      "ece": null,
      "hit_rate": 0.543640897755611,
      "logloss": 0.6930329720032241,
      "n": 401
    }
  },
  "by_model_version": {
    "v0.1.0-baseline-shadow": {
      "base_rate": 0.5436664044059796,
      "baseline_brier": 0.24809324512625344,
      "baseline_hit_rate": 0.5436664044059796,
      "brier": 0.249915327174577,
      "display_ready": true,
      "ece": null,
      "hit_rate": 0.5436664044059796,
      "logloss": 0.6929782370878421,
      "n": 1271
    }
  },
  "generated_at": "2026-07-10T05:03:41Z",
  "global": {
    "base_rate": 0.5436664044059796,
    "baseline_brier": 0.24809324512625344,
    "baseline_hit_rate": 0.5436664044059796,
    "brier": 0.249915327174577,
    "display_ready": true,
    "ece": null,
    "hit_rate": 0.5436664044059796,
    "logloss": 0.6929782370878421,
    "n": 1271
  },
  "metrics_version": "metrics-v0.1.0",
  "min_n_display": 20,
  "rolling": {
    "30d": {
      "base_rate": 0.5746421267893661,
      "baseline_brier": 0.2444285529083602,
      "baseline_hit_rate": 0.5746421267893661,
      "brier": 0.24968985996227822,
      "display_ready": true,
      "ece": null,
      "hit_rate": 0.5746421267893661,
      "logloss": 0.6925278036182668,
      "n": 489
    },
    "7d": {
      "base_rate": 0.5161290322580645,
      "baseline_brier": 0.24973985431841833,
      "baseline_hit_rate": 0.5161290322580645,
      "brier": 0.25029830577253404,
      "display_ready": true,
      "ece": null,
      "hit_rate": 0.5161290322580645,
      "logloss": 0.6937445038614964,
      "n": 124
    },
    "90d": {
      "base_rate": 0.5436664044059796,
      "baseline_brier": 0.24809324512625344,
      "baseline_hit_rate": 0.5436664044059796,
      "brier": 0.249915327174577,
      "display_ready": true,
      "ece": null,
      "hit_rate": 0.5436664044059796,
      "logloss": 0.6929782370878421,
      "n": 1271
    }
  },
  "schema_version": "1",
  "total_forecasts": 1274,
  "total_resolved": 1271
}
