{
  "by_horizon": {
    "12h": {
      "base_rate": 0.5739644970414202,
      "baseline_brier": 0.24452925317740976,
      "baseline_hit_rate": 0.5739644970414202,
      "brier": 0.24945208916200223,
      "display_ready": true,
      "ece": null,
      "hit_rate": 0.5739644970414202,
      "logloss": 0.692051829173176,
      "n": 169
    },
    "1h": {
      "base_rate": 0.528957528957529,
      "baseline_brier": 0.2491614615166739,
      "baseline_hit_rate": 0.528957528957529,
      "brier": 0.25011965111952594,
      "display_ready": true,
      "ece": null,
      "hit_rate": 0.528957528957529,
      "logloss": 0.6933870672549843,
      "n": 777
    },
    "24h": {
      "base_rate": 0.6309523809523809,
      "baseline_brier": 0.2328514739229025,
      "baseline_hit_rate": 0.6309523809523809,
      "brier": 0.24897295422156468,
      "display_ready": true,
      "ece": null,
      "hit_rate": 0.6309523809523809,
      "logloss": 0.6910927019713022,
      "n": 84
    },
    "4h": {
      "base_rate": 0.5479744136460555,
      "baseline_brier": 0.24769845563531717,
      "baseline_hit_rate": 0.5479744136460555,
      "brier": 0.24995531057867032,
      "display_ready": true,
      "ece": null,
      "hit_rate": 0.5479744136460555,
      "logloss": 0.6930582123022807,
      "n": 469
    }
  },
  "by_model_version": {
    "v0.1.0-baseline-shadow": {
      "base_rate": 0.5456971314209473,
      "baseline_brier": 0.24791177217989668,
      "baseline_hit_rate": 0.5456971314209473,
      "brier": 0.2499287130115129,
      "display_ready": true,
      "ece": null,
      "hit_rate": 0.5456971314209473,
      "logloss": 0.6930050693280511,
      "n": 1499
    }
  },
  "generated_at": "2026-07-21T12:01:38Z",
  "global": {
    "base_rate": 0.5456971314209473,
    "baseline_brier": 0.24791177217989668,
    "baseline_hit_rate": 0.5456971314209473,
    "brier": 0.2499287130115129,
    "display_ready": true,
    "ece": null,
    "hit_rate": 0.5456971314209473,
    "logloss": 0.6930050693280511,
    "n": 1499
  },
  "metrics_version": "metrics-v0.1.0",
  "min_n_display": 20,
  "rolling": {
    "30d": {
      "base_rate": 0.5374771480804388,
      "baseline_brier": 0.2485954633717569,
      "baseline_hit_rate": 0.5374771480804388,
      "brier": 0.25037392541021164,
      "display_ready": true,
      "ece": null,
      "hit_rate": 0.5374771480804388,
      "logloss": 0.69389631440446,
      "n": 547
    },
    "7d": {
      "base_rate": 0.5793103448275863,
      "baseline_brier": 0.24370986920332935,
      "baseline_hit_rate": 0.5793103448275863,
      "brier": 0.24950259235422712,
      "display_ready": true,
      "ece": null,
      "hit_rate": 0.5793103448275863,
      "logloss": 0.6921533305166356,
      "n": 145
    },
    "90d": {
      "base_rate": 0.5456971314209473,
      "baseline_brier": 0.24791177217989668,
      "baseline_hit_rate": 0.5456971314209473,
      "brier": 0.2499287130115129,
      "display_ready": true,
      "ece": null,
      "hit_rate": 0.5456971314209473,
      "logloss": 0.6930050693280511,
      "n": 1499
    }
  },
  "schema_version": "1",
  "total_forecasts": 1503,
  "total_resolved": 1499
}
