{
  "by_horizon": {
    "12h": {
      "base_rate": 0.550561797752809,
      "baseline_brier": 0.24744350460800407,
      "baseline_hit_rate": 0.550561797752809,
      "brier": 0.24979629599221684,
      "display_ready": true,
      "ece": null,
      "hit_rate": 0.550561797752809,
      "logloss": 0.6927404707833507,
      "n": 89
    },
    "1h": {
      "base_rate": 0.5106382978723404,
      "baseline_brier": 0.24988682661837935,
      "baseline_hit_rate": 0.5106382978723404,
      "brier": 0.25035181243287763,
      "display_ready": true,
      "ece": null,
      "hit_rate": 0.5106382978723404,
      "logloss": 0.6938512508533481,
      "n": 423
    },
    "24h": {
      "base_rate": 0.6363636363636364,
      "baseline_brier": 0.23140495867768596,
      "baseline_hit_rate": 0.6363636363636364,
      "brier": 0.24831623983316556,
      "display_ready": true,
      "ece": null,
      "hit_rate": 0.6363636363636364,
      "logloss": 0.6897779498498262,
      "n": 44
    },
    "4h": {
      "base_rate": 0.5201612903225806,
      "baseline_brier": 0.2495935223725286,
      "baseline_hit_rate": 0.5201612903225806,
      "brier": 0.24978350501921465,
      "display_ready": true,
      "ece": null,
      "hit_rate": 0.5201612903225806,
      "logloss": 0.6927136354421354,
      "n": 248
    }
  },
  "by_model_version": {
    "v0.1.0-baseline-shadow": {
      "base_rate": 0.5248756218905473,
      "baseline_brier": 0.24938120343555853,
      "baseline_hit_rate": 0.5248756218905473,
      "brier": 0.25000362039780977,
      "display_ready": true,
      "ece": null,
      "hit_rate": 0.5248756218905473,
      "logloss": 0.693154468151401,
      "n": 804
    }
  },
  "generated_at": "2026-06-11T19:47:55Z",
  "global": {
    "base_rate": 0.5248756218905473,
    "baseline_brier": 0.24938120343555853,
    "baseline_hit_rate": 0.5248756218905473,
    "brier": 0.25000362039780977,
    "display_ready": true,
    "ece": null,
    "hit_rate": 0.5248756218905473,
    "logloss": 0.693154468151401,
    "n": 804
  },
  "metrics_version": "metrics-v0.1.0",
  "min_n_display": 20,
  "rolling": {
    "30d": {
      "base_rate": 0.5248756218905473,
      "baseline_brier": 0.24938120343555853,
      "baseline_hit_rate": 0.5248756218905473,
      "brier": 0.25000362039780977,
      "display_ready": true,
      "ece": null,
      "hit_rate": 0.5248756218905473,
      "logloss": 0.693154468151401,
      "n": 804
    },
    "7d": {
      "base_rate": 0.5248756218905473,
      "baseline_brier": 0.24938120343555853,
      "baseline_hit_rate": 0.5248756218905473,
      "brier": 0.25000362039780977,
      "display_ready": true,
      "ece": null,
      "hit_rate": 0.5248756218905473,
      "logloss": 0.693154468151401,
      "n": 804
    },
    "90d": {
      "base_rate": 0.5248756218905473,
      "baseline_brier": 0.24938120343555853,
      "baseline_hit_rate": 0.5248756218905473,
      "brier": 0.25000362039780977,
      "display_ready": true,
      "ece": null,
      "hit_rate": 0.5248756218905473,
      "logloss": 0.693154468151401,
      "n": 804
    }
  },
  "schema_version": "1",
  "total_forecasts": 808,
  "total_resolved": 804
}
