{
  "by_horizon": {
    "12h": {
      "base_rate": 0.5629139072847682,
      "baseline_brier": 0.2460418402701636,
      "baseline_hit_rate": 0.5629139072847682,
      "brier": 0.2495244541283976,
      "display_ready": true,
      "ece": null,
      "hit_rate": 0.5629139072847682,
      "logloss": 0.6921965587571446,
      "n": 151
    },
    "1h": {
      "base_rate": 0.5273264401772526,
      "baseline_brier": 0.24925326566723902,
      "baseline_hit_rate": 0.5273264401772526,
      "brier": 0.2502227801100629,
      "display_ready": true,
      "ece": null,
      "hit_rate": 0.5273264401772526,
      "logloss": 0.693593376644766,
      "n": 677
    },
    "24h": {
      "base_rate": 0.64,
      "baseline_brier": 0.23040000000000002,
      "baseline_hit_rate": 0.64,
      "brier": 0.2482881720418367,
      "display_ready": true,
      "ece": null,
      "hit_rate": 0.64,
      "logloss": 0.6897225271142554,
      "n": 75
    },
    "4h": {
      "base_rate": 0.5397590361445783,
      "baseline_brier": 0.24841921904485412,
      "baseline_hit_rate": 0.5397590361445783,
      "brier": 0.24998324649111842,
      "display_ready": true,
      "ece": null,
      "hit_rate": 0.5397590361445783,
      "logloss": 0.6931139472716297,
      "n": 415
    }
  },
  "by_model_version": {
    "v0.1.0-baseline-shadow": {
      "base_rate": 0.5417298937784522,
      "baseline_brier": 0.24825861596523907,
      "baseline_hit_rate": 0.5417298937784522,
      "brier": 0.24995726472295335,
      "display_ready": true,
      "ece": null,
      "hit_rate": 0.5417298937784522,
      "logloss": 0.693062119887808,
      "n": 1318
    }
  },
  "generated_at": "2026-07-12T15:26:00Z",
  "global": {
    "base_rate": 0.5417298937784522,
    "baseline_brier": 0.24825861596523907,
    "baseline_hit_rate": 0.5417298937784522,
    "brier": 0.24995726472295335,
    "display_ready": true,
    "ece": null,
    "hit_rate": 0.5417298937784522,
    "logloss": 0.693062119887808,
    "n": 1318
  },
  "metrics_version": "metrics-v0.1.0",
  "min_n_display": 20,
  "rolling": {
    "30d": {
      "base_rate": 0.5668662674650699,
      "baseline_brier": 0.24552890227528976,
      "baseline_hit_rate": 0.5668662674650699,
      "brier": 0.24995533947476184,
      "display_ready": true,
      "ece": null,
      "hit_rate": 0.5668662674650699,
      "logloss": 0.6930589007411414,
      "n": 501
    },
    "7d": {
      "base_rate": 0.4444444444444444,
      "baseline_brier": 0.2469135802469136,
      "baseline_hit_rate": 0.5555555555555556,
      "brier": 0.2514288323706724,
      "display_ready": true,
      "ece": null,
      "hit_rate": 0.4444444444444444,
      "logloss": 0.696005902476496,
      "n": 126
    },
    "90d": {
      "base_rate": 0.5417298937784522,
      "baseline_brier": 0.24825861596523907,
      "baseline_hit_rate": 0.5417298937784522,
      "brier": 0.24995726472295335,
      "display_ready": true,
      "ece": null,
      "hit_rate": 0.5417298937784522,
      "logloss": 0.693062119887808,
      "n": 1318
    }
  },
  "schema_version": "1",
  "total_forecasts": 1322,
  "total_resolved": 1318
}
