{
  "by_horizon": {
    "12h": {
      "base_rate": 0.5813953488372093,
      "baseline_brier": 0.243374797187669,
      "baseline_hit_rate": 0.5813953488372093,
      "brier": 0.2491817252291393,
      "display_ready": true,
      "ece": null,
      "hit_rate": 0.5813953488372093,
      "logloss": 0.6915109739183071,
      "n": 129
    },
    "1h": {
      "base_rate": 0.5200698080279232,
      "baseline_brier": 0.24959720280572234,
      "baseline_hit_rate": 0.5200698080279232,
      "brier": 0.25029028123909347,
      "display_ready": true,
      "ece": null,
      "hit_rate": 0.5200698080279232,
      "logloss": 0.6937283367529741,
      "n": 573
    },
    "24h": {
      "base_rate": 0.65625,
      "baseline_brier": 0.2255859375,
      "baseline_hit_rate": 0.65625,
      "brier": 0.24817576791601365,
      "display_ready": true,
      "ece": null,
      "hit_rate": 0.65625,
      "logloss": 0.6894975088496924,
      "n": 64
    },
    "4h": {
      "base_rate": 0.5492957746478874,
      "baseline_brier": 0.2475699266018647,
      "baseline_hit_rate": 0.5492957746478874,
      "brier": 0.24984535282187365,
      "display_ready": true,
      "ece": null,
      "hit_rate": 0.5492957746478874,
      "logloss": 0.6928380393092478,
      "n": 355
    }
  },
  "by_model_version": {
    "v0.1.0-baseline-shadow": {
      "base_rate": 0.544157002676182,
      "baseline_brier": 0.24805015911465564,
      "baseline_hit_rate": 0.544157002676182,
      "brier": 0.24990109108202457,
      "display_ready": true,
      "ece": null,
      "hit_rate": 0.544157002676182,
      "logloss": 0.6929496852061365,
      "n": 1121
    }
  },
  "generated_at": "2026-07-01T16:41:01Z",
  "global": {
    "base_rate": 0.544157002676182,
    "baseline_brier": 0.24805015911465564,
    "baseline_hit_rate": 0.544157002676182,
    "brier": 0.24990109108202457,
    "display_ready": true,
    "ece": null,
    "hit_rate": 0.544157002676182,
    "logloss": 0.6929496852061365,
    "n": 1121
  },
  "metrics_version": "metrics-v0.1.0",
  "min_n_display": 20,
  "rolling": {
    "30d": {
      "base_rate": 0.544157002676182,
      "baseline_brier": 0.24805015911465564,
      "baseline_hit_rate": 0.544157002676182,
      "brier": 0.24990109108202457,
      "display_ready": true,
      "ece": null,
      "hit_rate": 0.544157002676182,
      "logloss": 0.6929496852061365,
      "n": 1121
    },
    "7d": {
      "base_rate": 0.475,
      "baseline_brier": 0.249375,
      "baseline_hit_rate": 0.525,
      "brier": 0.251905999189242,
      "display_ready": true,
      "ece": null,
      "hit_rate": 0.475,
      "logloss": 0.6969627968709049,
      "n": 120
    },
    "90d": {
      "base_rate": 0.544157002676182,
      "baseline_brier": 0.24805015911465564,
      "baseline_hit_rate": 0.544157002676182,
      "brier": 0.24990109108202457,
      "display_ready": true,
      "ece": null,
      "hit_rate": 0.544157002676182,
      "logloss": 0.6929496852061365,
      "n": 1121
    }
  },
  "schema_version": "1",
  "total_forecasts": 1125,
  "total_resolved": 1121
}
