{
  "by_horizon": {
    "12h": {
      "base_rate": 0.5918367346938775,
      "baseline_brier": 0.24156601416076634,
      "baseline_hit_rate": 0.5918367346938775,
      "brier": 0.24908219277654836,
      "display_ready": true,
      "ece": null,
      "hit_rate": 0.5918367346938775,
      "logloss": 0.6913119105109508,
      "n": 98
    },
    "1h": {
      "base_rate": 0.5154185022026432,
      "baseline_brier": 0.2497622697898271,
      "baseline_hit_rate": 0.5154185022026432,
      "brier": 0.2501667067343793,
      "display_ready": true,
      "ece": null,
      "hit_rate": 0.5154185022026432,
      "logloss": 0.6934808316186506,
      "n": 454
    },
    "24h": {
      "base_rate": 0.6530612244897959,
      "baseline_brier": 0.22657226155768428,
      "baseline_hit_rate": 0.6530612244897959,
      "brier": 0.24777757453176363,
      "display_ready": true,
      "ece": null,
      "hit_rate": 0.6530612244897959,
      "logloss": 0.6887004641307566,
      "n": 49
    },
    "4h": {
      "base_rate": 0.5257352941176471,
      "baseline_brier": 0.24933769463667818,
      "baseline_hit_rate": 0.5257352941176471,
      "brier": 0.24978219139807578,
      "display_ready": true,
      "ece": null,
      "hit_rate": 0.5257352941176471,
      "logloss": 0.692711181363492,
      "n": 272
    }
  },
  "by_model_version": {
    "v0.1.0-baseline-shadow": {
      "base_rate": 0.5349369988545246,
      "baseline_brier": 0.24877940611103894,
      "baseline_hit_rate": 0.5349369988545246,
      "brier": 0.24979106181196215,
      "display_ready": true,
      "ece": null,
      "hit_rate": 0.5349369988545246,
      "logloss": 0.6927292426783705,
      "n": 873
    }
  },
  "generated_at": "2026-06-16T00:03:07Z",
  "global": {
    "base_rate": 0.5349369988545246,
    "baseline_brier": 0.24877940611103894,
    "baseline_hit_rate": 0.5349369988545246,
    "brier": 0.24979106181196215,
    "display_ready": true,
    "ece": null,
    "hit_rate": 0.5349369988545246,
    "logloss": 0.6927292426783705,
    "n": 873
  },
  "metrics_version": "metrics-v0.1.0",
  "min_n_display": 20,
  "rolling": {
    "30d": {
      "base_rate": 0.5349369988545246,
      "baseline_brier": 0.24877940611103894,
      "baseline_hit_rate": 0.5349369988545246,
      "brier": 0.24979106181196215,
      "display_ready": true,
      "ece": null,
      "hit_rate": 0.5349369988545246,
      "logloss": 0.6927292426783705,
      "n": 873
    },
    "7d": {
      "base_rate": 0.5982142857142857,
      "baseline_brier": 0.24035395408163265,
      "baseline_hit_rate": 0.5982142857142857,
      "brier": 0.2481921209804585,
      "display_ready": true,
      "ece": null,
      "hit_rate": 0.5982142857142857,
      "logloss": 0.689530639548355,
      "n": 112
    },
    "90d": {
      "base_rate": 0.5349369988545246,
      "baseline_brier": 0.24877940611103894,
      "baseline_hit_rate": 0.5349369988545246,
      "brier": 0.24979106181196215,
      "display_ready": true,
      "ece": null,
      "hit_rate": 0.5349369988545246,
      "logloss": 0.6927292426783705,
      "n": 873
    }
  },
  "schema_version": "1",
  "total_forecasts": 877,
  "total_resolved": 873
}
