{
  "by_horizon": {
    "12h": {
      "base_rate": 0.5859375,
      "baseline_brier": 0.24261474609375,
      "baseline_hit_rate": 0.5859375,
      "brier": 0.24908653116759558,
      "display_ready": true,
      "ece": null,
      "hit_rate": 0.5859375,
      "logloss": 0.6913205583803458,
      "n": 128
    },
    "1h": {
      "base_rate": 0.519298245614035,
      "baseline_brier": 0.2496275777162204,
      "baseline_hit_rate": 0.519298245614035,
      "brier": 0.25029260583352664,
      "display_ready": true,
      "ece": null,
      "hit_rate": 0.519298245614035,
      "logloss": 0.6937329890572868,
      "n": 570
    },
    "24h": {
      "base_rate": 0.65625,
      "baseline_brier": 0.2255859375,
      "baseline_hit_rate": 0.65625,
      "brier": 0.24817576791601365,
      "display_ready": true,
      "ece": null,
      "hit_rate": 0.65625,
      "logloss": 0.6894975088496924,
      "n": 64
    },
    "4h": {
      "base_rate": 0.5482954545454546,
      "baseline_brier": 0.24766754907024796,
      "baseline_hit_rate": 0.5482954545454546,
      "brier": 0.2498453250763487,
      "display_ready": true,
      "ece": null,
      "hit_rate": 0.5482954545454546,
      "logloss": 0.6928379851079042,
      "n": 352
    }
  },
  "by_model_version": {
    "v0.1.0-baseline-shadow": {
      "base_rate": 0.5439856373429084,
      "baseline_brier": 0.24806526370753815,
      "baseline_hit_rate": 0.5439856373429084,
      "brier": 0.24989108158712928,
      "display_ready": true,
      "ece": null,
      "hit_rate": 0.5439856373429084,
      "logloss": 0.6929296647753145,
      "n": 1114
    }
  },
  "generated_at": "2026-07-01T05:51:19Z",
  "global": {
    "base_rate": 0.5439856373429084,
    "baseline_brier": 0.24806526370753815,
    "baseline_hit_rate": 0.5439856373429084,
    "brier": 0.24989108158712928,
    "display_ready": true,
    "ece": null,
    "hit_rate": 0.5439856373429084,
    "logloss": 0.6929296647753145,
    "n": 1114
  },
  "metrics_version": "metrics-v0.1.0",
  "min_n_display": 20,
  "rolling": {
    "30d": {
      "base_rate": 0.5439856373429084,
      "baseline_brier": 0.24806526370753815,
      "baseline_hit_rate": 0.5439856373429084,
      "brier": 0.24989108158712928,
      "display_ready": true,
      "ece": null,
      "hit_rate": 0.5439856373429084,
      "logloss": 0.6929296647753145,
      "n": 1114
    },
    "7d": {
      "base_rate": 0.47058823529411764,
      "baseline_brier": 0.24913494809688583,
      "baseline_hit_rate": 0.5294117647058824,
      "brier": 0.2518533424828025,
      "display_ready": true,
      "ece": null,
      "hit_rate": 0.47058823529411764,
      "logloss": 0.6968574829005793,
      "n": 119
    },
    "90d": {
      "base_rate": 0.5439856373429084,
      "baseline_brier": 0.24806526370753815,
      "baseline_hit_rate": 0.5439856373429084,
      "brier": 0.24989108158712928,
      "display_ready": true,
      "ece": null,
      "hit_rate": 0.5439856373429084,
      "logloss": 0.6929296647753145,
      "n": 1114
    }
  },
  "schema_version": "1",
  "total_forecasts": 1116,
  "total_resolved": 1114
}
