{
  "by_horizon": {
    "12h": {
      "base_rate": 0.5959595959595959,
      "baseline_brier": 0.2407917559432711,
      "baseline_hit_rate": 0.5959595959595959,
      "brier": 0.2490862245857878,
      "display_ready": true,
      "ece": null,
      "hit_rate": 0.5959595959595959,
      "logloss": 0.6913199706469019,
      "n": 99
    },
    "1h": {
      "base_rate": 0.5164113785557987,
      "baseline_brier": 0.2497306666538983,
      "baseline_hit_rate": 0.5164113785557987,
      "brier": 0.2501676235083577,
      "display_ready": true,
      "ece": null,
      "hit_rate": 0.5164113785557987,
      "logloss": 0.6934826636549049,
      "n": 457
    },
    "24h": {
      "base_rate": 0.6530612244897959,
      "baseline_brier": 0.22657226155768428,
      "baseline_hit_rate": 0.6530612244897959,
      "brier": 0.24777757453176363,
      "display_ready": true,
      "ece": null,
      "hit_rate": 0.6530612244897959,
      "logloss": 0.6887004641307566,
      "n": 49
    },
    "4h": {
      "base_rate": 0.5309090909090909,
      "baseline_brier": 0.24904462809917355,
      "baseline_hit_rate": 0.5309090909090909,
      "brier": 0.24977303022991423,
      "display_ready": true,
      "ece": null,
      "hit_rate": 0.5309090909090909,
      "logloss": 0.6926928631079899,
      "n": 275
    }
  },
  "by_model_version": {
    "v0.1.0-baseline-shadow": {
      "base_rate": 0.5375,
      "baseline_brier": 0.24859374999999997,
      "baseline_hit_rate": 0.5375,
      "brier": 0.24978957345749464,
      "display_ready": true,
      "ece": null,
      "hit_rate": 0.5375,
      "logloss": 0.6927262664561807,
      "n": 880
    }
  },
  "generated_at": "2026-06-16T17:23:31Z",
  "global": {
    "base_rate": 0.5375,
    "baseline_brier": 0.24859374999999997,
    "baseline_hit_rate": 0.5375,
    "brier": 0.24978957345749464,
    "display_ready": true,
    "ece": null,
    "hit_rate": 0.5375,
    "logloss": 0.6927262664561807,
    "n": 880
  },
  "metrics_version": "metrics-v0.1.0",
  "min_n_display": 20,
  "rolling": {
    "30d": {
      "base_rate": 0.5375,
      "baseline_brier": 0.24859374999999997,
      "baseline_hit_rate": 0.5375,
      "brier": 0.24978957345749464,
      "display_ready": true,
      "ece": null,
      "hit_rate": 0.5375,
      "logloss": 0.6927262664561807,
      "n": 880
    },
    "7d": {
      "base_rate": 0.6388888888888888,
      "baseline_brier": 0.23070987654320985,
      "baseline_hit_rate": 0.6388888888888888,
      "brier": 0.24785100183221667,
      "display_ready": true,
      "ece": null,
      "hit_rate": 0.6388888888888888,
      "logloss": 0.6888481978531663,
      "n": 108
    },
    "90d": {
      "base_rate": 0.5375,
      "baseline_brier": 0.24859374999999997,
      "baseline_hit_rate": 0.5375,
      "brier": 0.24978957345749464,
      "display_ready": true,
      "ece": null,
      "hit_rate": 0.5375,
      "logloss": 0.6927262664561807,
      "n": 880
    }
  },
  "schema_version": "1",
  "total_forecasts": 884,
  "total_resolved": 880
}
