{
  "by_direction": {
    "down": {
      "always_down_rate": 0.45491803278688525,
      "always_up_rate": 0.5450819672131147,
      "base_rate": 0.45491803278688525,
      "baseline_brier": 0.24796761623219565,
      "baseline_hit_rate": 0.5450819672131147,
      "brier": 0.25096664177614403,
      "display_ready": true,
      "ece": null,
      "expectancy_bps": 4.783571851004712,
      "expectancy_maker_2bps": 2.7835718510047123,
      "expectancy_taker_10bps": -5.216428148995289,
      "hit_down": 0.45491803278688525,
      "hit_rate": 0.45491803278688525,
      "hit_up": null,
      "logloss": 0.695080994254828,
      "n": 732,
      "n_down": 732,
      "n_up": 0,
      "vs_majority_pp": -0.0901639344262295
    },
    "up": {
      "always_down_rate": 0.37926829268292683,
      "always_up_rate": 0.6207317073170732,
      "base_rate": 0.6207317073170732,
      "baseline_brier": 0.2354238548483046,
      "baseline_hit_rate": 0.6207317073170732,
      "brier": 0.24900830687311168,
      "display_ready": true,
      "ece": null,
      "expectancy_bps": 14.402453323334115,
      "expectancy_maker_2bps": 12.402453323334113,
      "expectancy_taker_10bps": 4.402453323334114,
      "hit_down": null,
      "hit_rate": 0.6207317073170732,
      "hit_up": 0.6207317073170732,
      "logloss": 0.69116385876222,
      "n": 820,
      "n_down": 0,
      "n_up": 820,
      "vs_majority_pp": 0.0
    }
  },
  "by_horizon": {
    "12h": {
      "always_down_rate": 0.480225988700565,
      "always_up_rate": 0.519774011299435,
      "base_rate": 0.5706214689265536,
      "baseline_brier": 0.2450126081266558,
      "baseline_hit_rate": 0.5706214689265536,
      "brier": 0.24935079605949775,
      "display_ready": true,
      "ece": null,
      "expectancy_bps": 24.80229155345435,
      "expectancy_maker_2bps": 22.80229155345435,
      "expectancy_taker_10bps": 14.80229155345435,
      "hit_down": 0.550561797752809,
      "hit_rate": 0.5706214689265536,
      "hit_up": 0.5909090909090909,
      "logloss": 0.6918477930640936,
      "n": 177,
      "n_down": 89,
      "n_up": 88,
      "vs_majority_pp": 0.05084745762711862
    },
    "1h": {
      "always_down_rate": 0.3818407960199005,
      "always_up_rate": 0.6181592039800995,
      "base_rate": 0.5248756218905473,
      "baseline_brier": 0.24938120343555853,
      "baseline_hit_rate": 0.5248756218905473,
      "brier": 0.25015188759861623,
      "display_ready": true,
      "ece": null,
      "expectancy_bps": 3.340226915159799,
      "expectancy_maker_2bps": 1.340226915159799,
      "expectancy_taker_10bps": -6.659773084840201,
      "hit_down": 0.3972602739726027,
      "hit_rate": 0.5248756218905473,
      "hit_up": 0.6309794988610479,
      "logloss": 0.6934515227878751,
      "n": 804,
      "n_down": 365,
      "n_up": 439,
      "vs_majority_pp": -0.09328358208955223
    },
    "24h": {
      "always_down_rate": 0.5,
      "always_up_rate": 0.5,
      "base_rate": 0.625,
      "baseline_brier": 0.234375,
      "baseline_hit_rate": 0.625,
      "brier": 0.24896676328101125,
      "display_ready": true,
      "ece": null,
      "expectancy_bps": 54.73498298085394,
      "expectancy_maker_2bps": 52.73498298085395,
      "expectancy_taker_10bps": 44.73498298085394,
      "hit_down": 0.6222222222222222,
      "hit_rate": 0.625,
      "hit_up": 0.627906976744186,
      "logloss": 0.691080348313875,
      "n": 88,
      "n_down": 45,
      "n_up": 43,
      "vs_majority_pp": 0.125
    },
    "4h": {
      "always_down_rate": 0.43064182194616973,
      "always_up_rate": 0.5693581780538303,
      "base_rate": 0.546583850931677,
      "baseline_brier": 0.24782994483237528,
      "baseline_hit_rate": 0.546583850931677,
      "brier": 0.24995467850008582,
      "display_ready": true,
      "ece": null,
      "expectancy_bps": 7.07941981988484,
      "expectancy_maker_2bps": 5.07941981988484,
      "expectancy_taker_10bps": -2.9205801801151607,
      "hit_down": 0.47639484978540775,
      "hit_rate": 0.546583850931677,
      "hit_up": 0.612,
      "logloss": 0.6930569309195388,
      "n": 483,
      "n_down": 233,
      "n_up": 250,
      "vs_majority_pp": -0.022774327122153215
    }
  },
  "by_model_version": {
    "v0.1.0-baseline-shadow": {
      "always_down_rate": 0.41461836998706336,
      "always_up_rate": 0.5853816300129366,
      "base_rate": 0.5426908150064683,
      "baseline_brier": 0.2481774943140835,
      "baseline_hit_rate": 0.5426908150064683,
      "brier": 0.24994199549674256,
      "display_ready": true,
      "ece": null,
      "expectancy_bps": 9.888081327038183,
      "expectancy_maker_2bps": 7.888081327038183,
      "expectancy_taker_10bps": -0.11191867296181726,
      "hit_down": 0.4547945205479452,
      "hit_rate": 0.5426908150064683,
      "hit_up": 0.6213235294117647,
      "logloss": 0.6930316128993539,
      "n": 1546,
      "n_down": 730,
      "n_up": 816,
      "vs_majority_pp": -0.04269081500646832
    },
    "v0.2.0-shadow-policy24": {
      "always_down_rate": 0.5,
      "always_up_rate": 0.5,
      "base_rate": 0.5,
      "baseline_brier": 0.25,
      "baseline_hit_rate": 0.5,
      "brier": 0.2473447296875,
      "display_ready": false,
      "ece": null,
      "expectancy_bps": 4.102098078065507,
      "expectancy_maker_2bps": 2.1020980780655067,
      "expectancy_taker_10bps": -5.897901921934493,
      "hit_down": 0.5,
      "hit_rate": 0.5,
      "hit_up": 0.5,
      "logloss": 0.6877964061922149,
      "n": 6,
      "n_down": 2,
      "n_up": 4,
      "vs_majority_pp": 0.0
    }
  },
  "by_regime": {
    "bear": {
      "always_down_rate": 0.3157894736842105,
      "always_up_rate": 0.6842105263157895,
      "base_rate": 0.3157894736842105,
      "baseline_brier": 0.21606648199445985,
      "baseline_hit_rate": 0.6842105263157895,
      "brier": 0.2537936900465999,
      "display_ready": false,
      "ece": null,
      "expectancy_bps": -8.187390253745772,
      "expectancy_maker_2bps": -10.18739025374577,
      "expectancy_taker_10bps": -18.18739025374577,
      "hit_down": 0.3157894736842105,
      "hit_rate": 0.3157894736842105,
      "hit_up": null,
      "logloss": 0.7007382614018919,
      "n": 19,
      "n_down": 19,
      "n_up": 0,
      "vs_majority_pp": -0.368421052631579
    },
    "bull": {
      "always_down_rate": 0.6153846153846154,
      "always_up_rate": 0.38461538461538464,
      "base_rate": 0.38461538461538464,
      "baseline_brier": 0.2366863905325444,
      "baseline_hit_rate": 0.6153846153846154,
      "brier": 0.2510478583894247,
      "display_ready": false,
      "ece": null,
      "expectancy_bps": -19.504867949320772,
      "expectancy_maker_2bps": -21.504867949320772,
      "expectancy_taker_10bps": -29.504867949320772,
      "hit_down": null,
      "hit_rate": 0.38461538461538464,
      "hit_up": 0.38461538461538464,
      "logloss": 0.6952437136485445,
      "n": 13,
      "n_down": 0,
      "n_up": 13,
      "vs_majority_pp": -0.23076923076923078
    },
    "chop": {
      "always_down_rate": 0.8181818181818181,
      "always_up_rate": 0.18181818181818182,
      "base_rate": 0.6363636363636364,
      "baseline_brier": 0.23140495867768596,
      "baseline_hit_rate": 0.6363636363636364,
      "brier": 0.2451876192824862,
      "display_ready": false,
      "ece": null,
      "expectancy_bps": 27.81181480325364,
      "expectancy_maker_2bps": 25.811814803253636,
      "expectancy_taker_10bps": 17.81181480325364,
      "hit_down": 0.7777777777777778,
      "hit_rate": 0.6363636363636364,
      "hit_up": 0.0,
      "logloss": 0.6834942153151965,
      "n": 11,
      "n_down": 9,
      "n_up": 2,
      "vs_majority_pp": -0.18181818181818177
    },
    "unknown": {
      "always_down_rate": 0.411530815109344,
      "always_up_rate": 0.588469184890656,
      "base_rate": 0.5460569913850232,
      "baseline_brier": 0.2478787535445599,
      "baseline_hit_rate": 0.5460569913850232,
      "brier": 0.2499083017455492,
      "display_ready": true,