{
  "by_horizon": {
    "12h": {
      "base_rate": 0.5668789808917197,
      "baseline_brier": 0.245527201914885,
      "baseline_hit_rate": 0.5668789808917197,
      "brier": 0.2495332898445665,
      "display_ready": true,
      "ece": null,
      "hit_rate": 0.5668789808917197,
      "logloss": 0.6922143029569734,
      "n": 157
    },
    "1h": {
      "base_rate": 0.5296610169491526,
      "baseline_brier": 0.2491202240735421,
      "baseline_hit_rate": 0.5296610169491526,
      "brier": 0.2501608283488761,
      "display_ready": true,
      "ece": null,
      "hit_rate": 0.5296610169491526,
      "logloss": 0.693469474620148,
      "n": 708
    },
    "24h": {
      "base_rate": 0.6410256410256411,
      "baseline_brier": 0.23011176857330704,
      "baseline_hit_rate": 0.6410256410256411,
      "brier": 0.24844416327997038,
      "display_ready": true,
      "ece": null,
      "hit_rate": 0.6410256410256411,
      "logloss": 0.6900345780134044,
      "n": 78
    },
    "4h": {
      "base_rate": 0.5381062355658198,
      "baseline_brier": 0.24854791481100225,
      "baseline_hit_rate": 0.5381062355658198,
      "brier": 0.25011536664616746,
      "display_ready": true,
      "ece": null,
      "hit_rate": 0.5381062355658198,
      "logloss": 0.6933783776066192,
      "n": 433
    }
  },
  "by_model_version": {
    "v0.1.0-baseline-shadow": {
      "base_rate": 0.5428779069767442,
      "baseline_brier": 0.24816148509329367,
      "baseline_hit_rate": 0.5428779069767442,
      "brier": 0.24997761008010858,
      "display_ready": true,
      "ece": null,
      "hit_rate": 0.5428779069767442,
      "logloss": 0.6931028838546666,
      "n": 1376
    }
  },
  "generated_at": "2026-07-15T14:04:18Z",
  "global": {
    "base_rate": 0.5428779069767442,
    "baseline_brier": 0.24816148509329367,
    "baseline_hit_rate": 0.5428779069767442,
    "brier": 0.24997761008010858,
    "display_ready": true,
    "ece": null,
    "hit_rate": 0.5428779069767442,
    "logloss": 0.6931028838546666,
    "n": 1376
  },
  "metrics_version": "metrics-v0.1.0",
  "min_n_display": 20,
  "rolling": {
    "30d": {
      "base_rate": 0.5577299412915852,
      "baseline_brier": 0.24666725387847013,
      "baseline_hit_rate": 0.5577299412915852,
      "brier": 0.2502452197098112,
      "display_ready": true,
      "ece": null,
      "hit_rate": 0.5577299412915852,
      "logloss": 0.6936390045534905,
      "n": 511
    },
    "7d": {
      "base_rate": 0.5303030303030303,
      "baseline_brier": 0.2490817263544536,
      "baseline_hit_rate": 0.5303030303030303,
      "brier": 0.2508348829765259,
      "display_ready": true,
      "ece": null,
      "hit_rate": 0.5303030303030303,
      "logloss": 0.6948183759016286,
      "n": 132
    },
    "90d": {
      "base_rate": 0.5428779069767442,
      "baseline_brier": 0.24816148509329367,
      "baseline_hit_rate": 0.5428779069767442,
      "brier": 0.24997761008010858,
      "display_ready": true,
      "ece": null,
      "hit_rate": 0.5428779069767442,
      "logloss": 0.6931028838546666,
      "n": 1376
    }
  },
  "schema_version": "1",
  "total_forecasts": 1377,
  "total_resolved": 1376
}
