{
  "by_horizon": {
    "12h": {
      "base_rate": 0.5847457627118644,
      "baseline_brier": 0.24281815570238438,
      "baseline_hit_rate": 0.5847457627118644,
      "brier": 0.24926532645448646,
      "display_ready": true,
      "ece": null,
      "hit_rate": 0.5847457627118644,
      "logloss": 0.6916783912265403,
      "n": 118
    },
    "1h": {
      "base_rate": 0.5246212121212122,
      "baseline_brier": 0.2493937959136823,
      "baseline_hit_rate": 0.5246212121212122,
      "brier": 0.2502257533296792,
      "display_ready": true,
      "ece": null,
      "hit_rate": 0.5246212121212122,
      "logloss": 0.6935992611395808,
      "n": 528
    },
    "24h": {
      "base_rate": 0.6610169491525424,
      "baseline_brier": 0.2240735420856076,
      "baseline_hit_rate": 0.6610169491525424,
      "brier": 0.24780184053232435,
      "display_ready": true,
      "ece": null,
      "hit_rate": 0.6610169491525424,
      "logloss": 0.6887492896305644,
      "n": 59
    },
    "4h": {
      "base_rate": 0.5476923076923077,
      "baseline_brier": 0.24772544378698225,
      "baseline_hit_rate": 0.5476923076923077,
      "brier": 0.2497302305550625,
      "display_ready": true,
      "ece": null,
      "hit_rate": 0.5476923076923077,
      "logloss": 0.692607703123982,
      "n": 325
    }
  },
  "by_model_version": {
    "v0.1.0-baseline-shadow": {
      "base_rate": 0.5466019417475728,
      "baseline_brier": 0.24782825902535585,
      "baseline_hit_rate": 0.5466019417475728,
      "brier": 0.24982052407912864,
      "display_ready": true,
      "ece": null,
      "hit_rate": 0.5466019417475728,
      "logloss": 0.6927885161649785,
      "n": 1030
    }
  },
  "generated_at": "2026-06-26T10:30:08Z",
  "global": {
    "base_rate": 0.5466019417475728,
    "baseline_brier": 0.24782825902535585,
    "baseline_hit_rate": 0.5466019417475728,
    "brier": 0.24982052407912864,
    "display_ready": true,
    "ece": null,
    "hit_rate": 0.5466019417475728,
    "logloss": 0.6927885161649785,
    "n": 1030
  },
  "metrics_version": "metrics-v0.1.0",
  "min_n_display": 20,
  "rolling": {
    "30d": {
      "base_rate": 0.5466019417475728,
      "baseline_brier": 0.24782825902535585,
      "baseline_hit_rate": 0.5466019417475728,
      "brier": 0.24982052407912864,
      "display_ready": true,
      "ece": null,
      "hit_rate": 0.5466019417475728,
      "logloss": 0.6927885161649785,
      "n": 1030
    },
    "7d": {
      "base_rate": 0.5964912280701754,
      "baseline_brier": 0.24068944290550937,
      "baseline_hit_rate": 0.5964912280701754,
      "brier": 0.2499224432782995,
      "display_ready": true,
      "ece": null,
      "hit_rate": 0.5964912280701754,
      "logloss": 0.6929945621312503,
      "n": 114
    },
    "90d": {
      "base_rate": 0.5466019417475728,
      "baseline_brier": 0.24782825902535585,
      "baseline_hit_rate": 0.5466019417475728,
      "brier": 0.24982052407912864,
      "display_ready": true,
      "ece": null,
      "hit_rate": 0.5466019417475728,
      "logloss": 0.6927885161649785,
      "n": 1030
    }
  },
  "schema_version": "1",
  "total_forecasts": 1034,
  "total_resolved": 1030
}
