{
  "by_horizon": {
    "12h": {
      "base_rate": 0.591304347826087,
      "baseline_brier": 0.24166351606805295,
      "baseline_hit_rate": 0.591304347826087,
      "brier": 0.24914588192717993,
      "display_ready": true,
      "ece": null,
      "hit_rate": 0.591304347826087,
      "logloss": 0.6914394604701161,
      "n": 115
    },
    "1h": {
      "base_rate": 0.5308880308880309,
      "baseline_brier": 0.24904592954786006,
      "baseline_hit_rate": 0.5308880308880309,
      "brier": 0.25007486474534013,
      "display_ready": true,
      "ece": null,
      "hit_rate": 0.5308880308880309,
      "logloss": 0.6932973576343376,
      "n": 518
    },
    "24h": {
      "base_rate": 0.6491228070175439,
      "baseline_brier": 0.22776238842720836,
      "baseline_hit_rate": 0.6491228070175439,
      "brier": 0.24798094119803063,
      "display_ready": true,
      "ece": null,
      "hit_rate": 0.6491228070175439,
      "logloss": 0.6891075477701932,
      "n": 57
    },
    "4h": {
      "base_rate": 0.5583596214511041,
      "baseline_brier": 0.24659415458408382,
      "baseline_hit_rate": 0.5583596214511041,
      "brier": 0.24942518197156674,
      "display_ready": true,
      "ece": null,
      "hit_rate": 0.5583596214511041,
      "logloss": 0.6919968592729923,
      "n": 317
    }
  },
  "by_model_version": {
    "v0.1.0-baseline-shadow": {
      "base_rate": 0.5531281032770605,
      "baseline_brier": 0.247177404642182,
      "baseline_hit_rate": 0.5531281032770605,
      "brier": 0.2496457325650311,
      "display_ready": true,
      "ece": null,
      "hit_rate": 0.5531281032770605,
      "logloss": 0.6924386333873782,
      "n": 1007
    }
  },
  "generated_at": "2026-06-24T23:35:39Z",
  "global": {
    "base_rate": 0.5531281032770605,
    "baseline_brier": 0.247177404642182,
    "baseline_hit_rate": 0.5531281032770605,
    "brier": 0.2496457325650311,
    "display_ready": true,
    "ece": null,
    "hit_rate": 0.5531281032770605,
    "logloss": 0.6924386333873782,
    "n": 1007
  },
  "metrics_version": "metrics-v0.1.0",
  "min_n_display": 20,
  "rolling": {
    "30d": {
      "base_rate": 0.5531281032770605,
      "baseline_brier": 0.247177404642182,
      "baseline_hit_rate": 0.5531281032770605,
      "brier": 0.2496457325650311,
      "display_ready": true,
      "ece": null,
      "hit_rate": 0.5531281032770605,
      "logloss": 0.6924386333873782,
      "n": 1007
    },
    "7d": {
      "base_rate": 0.6517857142857143,
      "baseline_brier": 0.2269610969387755,
      "baseline_hit_rate": 0.6517857142857143,
      "brier": 0.24877184282488382,
      "display_ready": true,
      "ece": null,
      "hit_rate": 0.6517857142857143,
      "logloss": 0.6906912579952494,
      "n": 112
    },
    "90d": {
      "base_rate": 0.5531281032770605,
      "baseline_brier": 0.247177404642182,
      "baseline_hit_rate": 0.5531281032770605,
      "brier": 0.2496457325650311,
      "display_ready": true,
      "ece": null,
      "hit_rate": 0.5531281032770605,
      "logloss": 0.6924386333873782,
      "n": 1007
    }
  },
  "schema_version": "1",
  "total_forecasts": 1011,
  "total_resolved": 1007
}
