{
  "by_direction": {
    "down": {
      "always_down_rate": 0.45379310344827584,
      "always_up_rate": 0.5462068965517242,
      "base_rate": 0.45379310344827584,
      "baseline_brier": 0.24786492271105826,
      "baseline_hit_rate": 0.5462068965517242,
      "brier": 0.25097277738012796,
      "display_ready": true,
      "ece": null,
      "expectancy_bps": 4.6945312229419525,
      "expectancy_maker_2bps": 2.694531222941952,
      "expectancy_taker_10bps": -5.3054687770580475,
      "hit_down": 0.45379310344827584,
      "hit_rate": 0.45379310344827584,
      "hit_up": null,
      "logloss": 0.6950932632186098,
      "n": 725,
      "n_down": 725,
      "n_up": 0,
      "vs_majority_pp": -0.09241379310344833
    },
    "up": {
      "always_down_rate": 0.37926829268292683,
      "always_up_rate": 0.6207317073170732,
      "base_rate": 0.6207317073170732,
      "baseline_brier": 0.2354238548483046,
      "baseline_hit_rate": 0.6207317073170732,
      "brier": 0.24900830687311168,
      "display_ready": true,
      "ece": null,
      "expectancy_bps": 14.402453323334115,
      "expectancy_maker_2bps": 12.402453323334113,
      "expectancy_taker_10bps": 4.402453323334114,
      "hit_down": null,
      "hit_rate": 0.6207317073170732,
      "hit_up": 0.6207317073170732,
      "logloss": 0.69116385876222,
      "n": 820,
      "n_down": 0,
      "n_up": 820,
      "vs_majority_pp": 0.0
    }
  },
  "by_horizon": {
    "12h": {
      "always_down_rate": 0.480225988700565,
      "always_up_rate": 0.519774011299435,
      "base_rate": 0.5706214689265536,
      "baseline_brier": 0.2450126081266558,
      "baseline_hit_rate": 0.5706214689265536,
      "brier": 0.24935079605949775,
      "display_ready": true,
      "ece": null,
      "expectancy_bps": 24.80229155345435,
      "expectancy_maker_2bps": 22.80229155345435,
      "expectancy_taker_10bps": 14.80229155345435,
      "hit_down": 0.550561797752809,
      "hit_rate": 0.5706214689265536,
      "hit_up": 0.5909090909090909,
      "logloss": 0.6918477930640936,
      "n": 177,
      "n_down": 89,
      "n_up": 88,
      "vs_majority_pp": 0.05084745762711862
    },
    "1h": {
      "always_down_rate": 0.3817271589486858,
      "always_up_rate": 0.6182728410513142,
      "base_rate": 0.5256570713391739,
      "baseline_brier": 0.24934171469029653,
      "baseline_hit_rate": 0.5256570713391739,
      "brier": 0.25013170246787475,
      "display_ready": true,
      "ece": null,
      "expectancy_bps": 3.3967519219112035,
      "expectancy_maker_2bps": 1.3967519219112032,
      "expectancy_taker_10bps": -6.6032480780887965,
      "hit_down": 0.3972222222222222,
      "hit_rate": 0.5256570713391739,
      "hit_up": 0.6309794988610479,
      "logloss": 0.6934111427447065,
      "n": 799,
      "n_down": 360,
      "n_up": 439,
      "vs_majority_pp": -0.09261576971214025
    },
    "24h": {
      "always_down_rate": 0.5,
      "always_up_rate": 0.5,
      "base_rate": 0.625,
      "baseline_brier": 0.234375,
      "baseline_hit_rate": 0.625,
      "brier": 0.24896676328101125,
      "display_ready": true,
      "ece": null,
      "expectancy_bps": 54.73498298085394,
      "expectancy_maker_2bps": 52.73498298085395,
      "expectancy_taker_10bps": 44.73498298085394,
      "hit_down": 0.6222222222222222,
      "hit_rate": 0.625,
      "hit_up": 0.627906976744186,
      "logloss": 0.691080348313875,
      "n": 88,
      "n_down": 45,
      "n_up": 43,
      "vs_majority_pp": 0.125
    },
    "4h": {
      "always_down_rate": 0.4282744282744283,
      "always_up_rate": 0.5717255717255717,
      "base_rate": 0.5446985446985447,
      "baseline_brier": 0.24800204010183222,
      "baseline_hit_rate": 0.5446985446985447,
      "brier": 0.24998477940426683,
      "display_ready": true,
      "ece": null,
      "expectancy_bps": 6.845858563166883,
      "expectancy_maker_2bps": 4.845858563166883,
      "expectancy_taker_10bps": -3.1541414368331173,
      "hit_down": 0.47186147186147187,
      "hit_rate": 0.5446985446985447,
      "hit_up": 0.612,
      "logloss": 0.6931171454085787,
      "n": 481,
      "n_down": 231,
      "n_up": 250,
      "vs_majority_pp": -0.027027027027026973
    }
  },
  "by_model_version": {
    "v0.1.0-baseline-shadow": {
      "always_down_rate": 0.41390513320337885,
      "always_up_rate": 0.5860948667966212,
      "base_rate": 0.5425601039636128,
      "baseline_brier": 0.2481886375506065,
      "baseline_hit_rate": 0.5425601039636128,
      "brier": 0.2499402253790899,
      "display_ready": true,
      "ece": null,
      "expectancy_bps": 9.869353004092588,
      "expectancy_maker_2bps": 7.869353004092589,
      "expectancy_taker_10bps": -0.13064699590741155,
      "hit_down": 0.4536652835408022,
      "hit_rate": 0.5425601039636128,
      "hit_up": 0.6213235294117647,
      "logloss": 0.6930280712029625,
      "n": 1539,
      "n_down": 723,
      "n_up": 816,
      "vs_majority_pp": -0.04353476283300839
    },
    "v0.2.0-shadow-policy24": {
      "always_down_rate": 0.5,
      "always_up_rate": 0.5,
      "base_rate": 0.5,
      "baseline_brier": 0.25,
      "baseline_hit_rate": 0.5,
      "brier": 0.2473447296875,
      "display_ready": false,
      "ece": null,
      "expectancy_bps": 4.102098078065507,
      "expectancy_maker_2bps": 2.1020980780655067,
      "expectancy_taker_10bps": -5.897901921934493,
      "hit_down": 0.5,
      "hit_rate": 0.5,
      "hit_up": 0.5,
      "logloss": 0.6877964061922149,
      "n": 6,
      "n_down": 2,
      "n_up": 4,
      "vs_majority_pp": 0.0
    }
  },
  "by_regime": {
    "bear": {
      "always_down_rate": 0.23076923076923073,
      "always_up_rate": 0.7692307692307693,
      "base_rate": 0.23076923076923078,
      "baseline_brier": 0.17751479289940827,
      "baseline_hit_rate": 0.7692307692307692,
      "brier": 0.2552058048429768,
      "display_ready": false,
      "ece": null,
      "expectancy_bps": -10.465354465463683,
      "expectancy_maker_2bps": -12.465354465463685,
      "expectancy_taker_10bps": -20.465354465463683,
      "hit_down": 0.23076923076923078,
      "hit_rate": 0.23076923076923078,
      "hit_up": null,
      "logloss": 0.7035637865455187,
      "n": 13,
      "n_down": 13,
      "n_up": 0,
      "vs_majority_pp": -0.5384615384615385
    },
    "bull": {
      "always_down_rate": 0.6153846153846154,
      "always_up_rate": 0.38461538461538464,
      "base_rate": 0.38461538461538464,
      "baseline_brier": 0.2366863905325444,
      "baseline_hit_rate": 0.6153846153846154,
      "brier": 0.2510478583894247,
      "display_ready": false,
      "ece": null,
      "expectancy_bps": -19.504867949320772,
      "expectancy_maker_2bps": -21.504867949320772,
      "expectancy_taker_10bps": -29.504867949320772,
      "hit_down": null,
      "hit_rate": 0.38461538461538464,
      "hit_up": 0.38461538461538464,
      "logloss": 0.6952437136485445,
      "n": 13,
      "n_down": 0,
      "n_up": 13,
      "vs_majority_pp": -0.23076923076923078
    },
    "chop": {
      "always_down_rate": 0.8,
      "always_up_rate": 0.2,
      "base_rate": 0.6,
      "baseline_brier": 0.24000000000000005,
      "baseline_hit_rate": 0.6,
      "brier": 0.24491502804893886,
      "display_ready": false,
      "ece": null,
      "expectancy_bps": 18.837969776311457,
      "expectancy_maker_2bps": 16.837969776311457,
      "expectancy_taker_10bps": 8.837969776311459,
      "hit_down": 0.75,
      "hit_rate": 0.6,
      "hit_up": 0.0,
      "logloss": 0.682946214896935,
      "n": 10,
      "n_down": 8,
      "n_up": 2,
      "vs_majority_pp": -0.20000000000000007
    },
    "unknown": {
      "always_down_rate": 0.411530815109344,
      "always_up_rate": 0.588469184890656,
      "base_rate": 0.5460569913850232,
      "baseline_brier": 0.2478787535445599,
      "baseline_hit_rate": 0.5460569913850232,
      "brier": 0.2499083017455492,
      "display_ready": true,
      "ece": null,
      "expectancy_bps": 10.215228664941002,