{
  "by_horizon": {
    "12h": {
      "base_rate": 0.5637583892617449,
      "baseline_brier": 0.24593486779874782,
      "baseline_hit_rate": 0.5637583892617449,
      "brier": 0.249518185158352,
      "display_ready": true,
      "ece": null,
      "hit_rate": 0.5637583892617449,
      "logloss": 0.6921840271269282,
      "n": 149
    },
    "1h": {
      "base_rate": 0.5292353823088456,
      "baseline_brier": 0.24914529242125563,
      "baseline_hit_rate": 0.5292353823088456,
      "brier": 0.25021344282461044,
      "display_ready": true,
      "ece": null,
      "hit_rate": 0.5292353823088456,
      "logloss": 0.6935747114048673,
      "n": 667
    },
    "24h": {
      "base_rate": 0.6486486486486487,
      "baseline_brier": 0.22790357925493057,
      "baseline_hit_rate": 0.6486486486486487,
      "brier": 0.24821168004606317,
      "display_ready": true,
      "ece": null,
      "hit_rate": 0.6486486486486487,
      "logloss": 0.6895695274370353,
      "n": 74
    },
    "4h": {
      "base_rate": 0.5439024390243903,
      "baseline_brier": 0.24807257584770967,
      "baseline_hit_rate": 0.5439024390243903,
      "brier": 0.24995121080111454,
      "display_ready": true,
      "ece": null,
      "hit_rate": 0.5439024390243903,
      "logloss": 0.6930498770901123,
      "n": 410
    }
  },
  "by_model_version": {
    "v0.1.0-baseline-shadow": {
      "base_rate": 0.5446153846153846,
      "baseline_brier": 0.2480094674556213,
      "baseline_hit_rate": 0.5446153846153846,
      "brier": 0.24993710515728865,
      "display_ready": true,
      "ece": null,
      "hit_rate": 0.5446153846153846,
      "logloss": 0.6930218055278811,
      "n": 1300
    }
  },
  "generated_at": "2026-07-11T19:34:25Z",
  "global": {
    "base_rate": 0.5446153846153846,
    "baseline_brier": 0.2480094674556213,
    "baseline_hit_rate": 0.5446153846153846,
    "brier": 0.24993710515728865,
    "display_ready": true,
    "ece": null,
    "hit_rate": 0.5446153846153846,
    "logloss": 0.6930218055278811,
    "n": 1300
  },
  "metrics_version": "metrics-v0.1.0",
  "min_n_display": 20,
  "rolling": {
    "30d": {
      "base_rate": 0.5754527162977867,
      "baseline_brier": 0.24430688760328573,
      "baseline_hit_rate": 0.5754527162977867,
      "brier": 0.24984814542874204,
      "display_ready": true,
      "ece": null,
      "hit_rate": 0.5754527162977867,
      "logloss": 0.692844484447337,
      "n": 497
    },
    "7d": {
      "base_rate": 0.464,
      "baseline_brier": 0.24870400000000004,
      "baseline_hit_rate": 0.536,
      "brier": 0.25134690225656753,
      "display_ready": true,
      "ece": null,
      "hit_rate": 0.464,
      "logloss": 0.6958420509845434,
      "n": 125
    },
    "90d": {
      "base_rate": 0.5446153846153846,
      "baseline_brier": 0.2480094674556213,
      "baseline_hit_rate": 0.5446153846153846,
      "brier": 0.24993710515728865,
      "display_ready": true,
      "ece": null,
      "hit_rate": 0.5446153846153846,
      "logloss": 0.6930218055278811,
      "n": 1300
    }
  },
  "schema_version": "1",
  "total_forecasts": 1304,
  "total_resolved": 1300
}
