{
  "by_horizon": {
    "12h": {
      "base_rate": 0.5813953488372093,
      "baseline_brier": 0.243374797187669,
      "baseline_hit_rate": 0.5813953488372093,
      "brier": 0.2491817252291393,
      "display_ready": true,
      "ece": null,
      "hit_rate": 0.5813953488372093,
      "logloss": 0.6915109739183071,
      "n": 129
    },
    "1h": {
      "base_rate": 0.5208333333333334,
      "baseline_brier": 0.2495659722222222,
      "baseline_hit_rate": 0.5208333333333334,
      "brier": 0.2502699870978374,
      "display_ready": true,
      "ece": null,
      "hit_rate": 0.5208333333333334,
      "logloss": 0.6936877505341843,
      "n": 576
    },
    "24h": {
      "base_rate": 0.65625,
      "baseline_brier": 0.2255859375,
      "baseline_hit_rate": 0.65625,
      "brier": 0.24817576791601365,
      "display_ready": true,
      "ece": null,
      "hit_rate": 0.65625,
      "logloss": 0.6894975088496924,
      "n": 64
    },
    "4h": {
      "base_rate": 0.547752808988764,
      "baseline_brier": 0.24771966923368263,
      "baseline_hit_rate": 0.547752808988764,
      "brier": 0.24990802237393794,
      "display_ready": true,
      "ece": null,
      "hit_rate": 0.547752808988764,
      "logloss": 0.6929634569453672,
      "n": 356
    }
  },
  "by_model_version": {
    "v0.1.0-baseline-shadow": {
      "base_rate": 0.544,
      "baseline_brier": 0.248064,
      "baseline_hit_rate": 0.544,
      "brier": 0.24991152020858676,
      "display_ready": true,
      "ece": null,
      "hit_rate": 0.544,
      "logloss": 0.6929705699396291,
      "n": 1125
    }
  },
  "generated_at": "2026-07-01T22:37:56Z",
  "global": {
    "base_rate": 0.544,
    "baseline_brier": 0.248064,
    "baseline_hit_rate": 0.544,
    "brier": 0.24991152020858676,
    "display_ready": true,
    "ece": null,
    "hit_rate": 0.544,
    "logloss": 0.6929705699396291,
    "n": 1125
  },
  "metrics_version": "metrics-v0.1.0",
  "min_n_display": 20,
  "rolling": {
    "30d": {
      "base_rate": 0.544,
      "baseline_brier": 0.248064,
      "baseline_hit_rate": 0.544,
      "brier": 0.24991152020858676,
      "display_ready": true,
      "ece": null,
      "hit_rate": 0.544,
      "logloss": 0.6929705699396291,
      "n": 1125
    },
    "7d": {
      "base_rate": 0.46218487394957986,
      "baseline_brier": 0.24857001624179084,
      "baseline_hit_rate": 0.5378151260504201,
      "brier": 0.252347481935009,
      "display_ready": true,
      "ece": null,
      "hit_rate": 0.46218487394957986,
      "logloss": 0.6978457833665487,
      "n": 119
    },
    "90d": {
      "base_rate": 0.544,
      "baseline_brier": 0.248064,
      "baseline_hit_rate": 0.544,
      "brier": 0.24991152020858676,
      "display_ready": true,
      "ece": null,
      "hit_rate": 0.544,
      "logloss": 0.6929705699396291,
      "n": 1125
    }
  },
  "schema_version": "1",
  "total_forecasts": 1128,
  "total_resolved": 1125
}
