{
  "by_horizon": {
    "12h": {
      "base_rate": 0.5542168674698795,
      "baseline_brier": 0.2470605312817535,
      "baseline_hit_rate": 0.5542168674698795,
      "brier": 0.24987334817750875,
      "display_ready": true,
      "ece": null,
      "hit_rate": 0.5542168674698795,
      "logloss": 0.6928945786252843,
      "n": 83
    },
    "1h": {
      "base_rate": 0.5125,
      "baseline_brier": 0.24984375,
      "baseline_hit_rate": 0.5125,
      "brier": 0.2503086980975688,
      "display_ready": true,
      "ece": null,
      "hit_rate": 0.5125,
      "logloss": 0.6937650976820268,
      "n": 400
    },
    "24h": {
      "base_rate": 0.6341463414634146,
      "baseline_brier": 0.23200475907198095,
      "baseline_hit_rate": 0.6341463414634146,
      "brier": 0.24838057572547773,
      "display_ready": true,
      "ece": null,
      "hit_rate": 0.6341463414634146,
      "logloss": 0.6899065134382631,
      "n": 41
    },
    "4h": {
      "base_rate": 0.5194805194805194,
      "baseline_brier": 0.2496205093607691,
      "baseline_hit_rate": 0.5194805194805194,
      "brier": 0.24982940416175986,
      "display_ready": true,
      "ece": null,
      "hit_rate": 0.5194805194805194,
      "logloss": 0.6928052463230016,
      "n": 231
    }
  },
  "by_model_version": {
    "v0.1.0-baseline-shadow": {
      "base_rate": 0.5258278145695364,
      "baseline_brier": 0.24933292399456167,
      "baseline_hit_rate": 0.5258278145695364,
      "brier": 0.2500094875547971,
      "display_ready": true,
      "ece": null,
      "hit_rate": 0.5258278145695364,
      "logloss": 0.6931661828480681,
      "n": 755
    }
  },
  "generated_at": "2026-06-08T12:10:12Z",
  "global": {
    "base_rate": 0.5258278145695364,
    "baseline_brier": 0.24933292399456167,
    "baseline_hit_rate": 0.5258278145695364,
    "brier": 0.2500094875547971,
    "display_ready": true,
    "ece": null,
    "hit_rate": 0.5258278145695364,
    "logloss": 0.6931661828480681,
    "n": 755
  },
  "metrics_version": "metrics-v0.1.0",
  "min_n_display": 20,
  "rolling": {
    "30d": {
      "base_rate": 0.5258278145695364,
      "baseline_brier": 0.24933292399456167,
      "baseline_hit_rate": 0.5258278145695364,
      "brier": 0.2500094875547971,
      "display_ready": true,
      "ece": null,
      "hit_rate": 0.5258278145695364,
      "logloss": 0.6931661828480681,
      "n": 755
    },
    "7d": {
      "base_rate": 0.5258278145695364,
      "baseline_brier": 0.24933292399456167,
      "baseline_hit_rate": 0.5258278145695364,
      "brier": 0.2500094875547971,
      "display_ready": true,
      "ece": null,
      "hit_rate": 0.5258278145695364,
      "logloss": 0.6931661828480681,
      "n": 755
    },
    "90d": {
      "base_rate": 0.5258278145695364,
      "baseline_brier": 0.24933292399456167,
      "baseline_hit_rate": 0.5258278145695364,
      "brier": 0.2500094875547971,
      "display_ready": true,
      "ece": null,
      "hit_rate": 0.5258278145695364,
      "logloss": 0.6931661828480681,
      "n": 755
    }
  },
  "schema_version": "1",
  "total_forecasts": 759,
  "total_resolved": 755
}
