{
  "by_horizon": {
    "12h": {
      "base_rate": 0.5529411764705883,
      "baseline_brier": 0.24719723183391004,
      "baseline_hit_rate": 0.5529411764705883,
      "brier": 0.24997754889236928,
      "display_ready": true,
      "ece": null,
      "hit_rate": 0.5529411764705883,
      "logloss": 0.6931031011121214,
      "n": 85
    },
    "1h": {
      "base_rate": 0.5110565110565111,
      "baseline_brier": 0.24987775356325725,
      "baseline_hit_rate": 0.5110565110565111,
      "brier": 0.25033542118083624,
      "display_ready": true,
      "ece": null,
      "hit_rate": 0.5110565110565111,
      "logloss": 0.6938185551129568,
      "n": 407
    },
    "24h": {
      "base_rate": 0.6190476190476191,
      "baseline_brier": 0.23582766439909297,
      "baseline_hit_rate": 0.6190476190476191,
      "brier": 0.24873185897787634,
      "display_ready": true,
      "ece": null,
      "hit_rate": 0.6190476190476191,
      "logloss": 0.690609264403064,
      "n": 42
    },
    "4h": {
      "base_rate": 0.5169491525423728,
      "baseline_brier": 0.2497127262280954,
      "baseline_hit_rate": 0.5169491525423728,
      "brier": 0.24985316046948408,
      "display_ready": true,
      "ece": null,
      "hit_rate": 0.5169491525423728,
      "logloss": 0.6928528016109977,
      "n": 236
    }
  },
  "by_model_version": {
    "v0.1.0-baseline-shadow": {
      "base_rate": 0.5233766233766234,
      "baseline_brier": 0.2494535334795075,
      "baseline_hit_rate": 0.5233766233766234,
      "brier": 0.2500606389926244,
      "display_ready": true,
      "ece": null,
      "hit_rate": 0.5233766233766234,
      "logloss": 0.6932685270267894,
      "n": 770
    }
  },
  "generated_at": "2026-06-09T12:13:37Z",
  "global": {
    "base_rate": 0.5233766233766234,
    "baseline_brier": 0.2494535334795075,
    "baseline_hit_rate": 0.5233766233766234,
    "brier": 0.2500606389926244,
    "display_ready": true,
    "ece": null,
    "hit_rate": 0.5233766233766234,
    "logloss": 0.6932685270267894,
    "n": 770
  },
  "metrics_version": "metrics-v0.1.0",
  "min_n_display": 20,
  "rolling": {
    "30d": {
      "base_rate": 0.5233766233766234,
      "baseline_brier": 0.2494535334795075,
      "baseline_hit_rate": 0.5233766233766234,
      "brier": 0.2500606389926244,
      "display_ready": true,
      "ece": null,
      "hit_rate": 0.5233766233766234,
      "logloss": 0.6932685270267894,
      "n": 770
    },
    "7d": {
      "base_rate": 0.5233766233766234,
      "baseline_brier": 0.2494535334795075,
      "baseline_hit_rate": 0.5233766233766234,
      "brier": 0.2500606389926244,
      "display_ready": true,
      "ece": null,
      "hit_rate": 0.5233766233766234,
      "logloss": 0.6932685270267894,
      "n": 770
    },
    "90d": {
      "base_rate": 0.5233766233766234,
      "baseline_brier": 0.2494535334795075,
      "baseline_hit_rate": 0.5233766233766234,
      "brier": 0.2500606389926244,
      "display_ready": true,
      "ece": null,
      "hit_rate": 0.5233766233766234,
      "logloss": 0.6932685270267894,
      "n": 770
    }
  },
  "schema_version": "1",
  "total_forecasts": 771,
  "total_resolved": 770
}
