{
  "by_horizon": {
    "12h": {
      "base_rate": 0.5660377358490566,
      "baseline_brier": 0.2456390174439302,
      "baseline_hit_rate": 0.5660377358490566,
      "brier": 0.24958421316853432,
      "display_ready": true,
      "ece": null,
      "hit_rate": 0.5660377358490566,
      "logloss": 0.692316152619404,
      "n": 159
    },
    "1h": {
      "base_rate": 0.5270457697642164,
      "baseline_brier": 0.249268526337861,
      "baseline_hit_rate": 0.5270457697642164,
      "brier": 0.2502002533357467,
      "display_ready": true,
      "ece": null,
      "hit_rate": 0.5270457697642164,
      "logloss": 0.6935483245965919,
      "n": 721
    },
    "24h": {
      "base_rate": 0.6329113924050633,
      "baseline_brier": 0.23233456176894726,
      "baseline_hit_rate": 0.6329113924050633,
      "brier": 0.24876630274045292,
      "display_ready": true,
      "ece": null,
      "hit_rate": 0.6329113924050633,
      "logloss": 0.6906793139554366,
      "n": 79
    },
    "4h": {
      "base_rate": 0.5386363636363637,
      "baseline_brier": 0.24850723140495867,
      "baseline_hit_rate": 0.5386363636363637,
      "brier": 0.2501315705239363,
      "display_ready": true,
      "ece": null,
      "hit_rate": 0.5386363636363637,
      "logloss": 0.693410794134407,
      "n": 440
    }
  },
  "by_model_version": {
    "v0.1.0-baseline-shadow": {
      "base_rate": 0.5411007862759114,
      "baseline_brier": 0.24831072536750184,
      "baseline_hit_rate": 0.5411007862759114,
      "brier": 0.2500276636854168,
      "display_ready": true,
      "ece": null,
      "hit_rate": 0.5411007862759114,
      "logloss": 0.6932030203875958,
      "n": 1399
    }
  },
  "generated_at": "2026-07-16T18:16:00Z",
  "global": {
    "base_rate": 0.5411007862759114,
    "baseline_brier": 0.24831072536750184,
    "baseline_hit_rate": 0.5411007862759114,
    "brier": 0.2500276636854168,
    "display_ready": true,
    "ece": null,
    "hit_rate": 0.5411007862759114,
    "logloss": 0.6932030203875958,
    "n": 1399
  },
  "metrics_version": "metrics-v0.1.0",
  "min_n_display": 20,
  "rolling": {
    "30d": {
      "base_rate": 0.5472061657032755,
      "baseline_brier": 0.2477715779195949,
      "baseline_hit_rate": 0.5472061657032755,
      "brier": 0.25043136195241383,
      "display_ready": true,
      "ece": null,
      "hit_rate": 0.5472061657032755,
      "logloss": 0.6940113892886464,
      "n": 519
    },
    "7d": {
      "base_rate": 0.5328467153284672,
      "baseline_brier": 0.24892109329213064,
      "baseline_hit_rate": 0.5328467153284672,
      "brier": 0.2507530926840869,
      "display_ready": true,
      "ece": null,
      "hit_rate": 0.5328467153284672,
      "logloss": 0.6946547894350115,
      "n": 137
    },
    "90d": {
      "base_rate": 0.5411007862759114,
      "baseline_brier": 0.24831072536750184,
      "baseline_hit_rate": 0.5411007862759114,
      "brier": 0.2500276636854168,
      "display_ready": true,
      "ece": null,
      "hit_rate": 0.5411007862759114,
      "logloss": 0.6932030203875958,
      "n": 1399
    }
  },
  "schema_version": "1",
  "total_forecasts": 1402,
  "total_resolved": 1399
}
