{
  "by_horizon": {
    "12h": {
      "base_rate": 0.5704225352112676,
      "baseline_brier": 0.2450406665344178,
      "baseline_hit_rate": 0.5704225352112676,
      "brier": 0.24934257935987247,
      "display_ready": true,
      "ece": null,
      "hit_rate": 0.5704225352112676,
      "logloss": 0.6918326564004589,
      "n": 142
    },
    "1h": {
      "base_rate": 0.529874213836478,
      "baseline_brier": 0.24910753134765237,
      "baseline_hit_rate": 0.529874213836478,
      "brier": 0.25010880109060624,
      "display_ready": true,
      "ece": null,
      "hit_rate": 0.529874213836478,
      "logloss": 0.693365382768843,
      "n": 636
    },
    "24h": {
      "base_rate": 0.6619718309859155,
      "baseline_brier": 0.22376512596707002,
      "baseline_hit_rate": 0.6619718309859155,
      "brier": 0.2481639613395502,
      "display_ready": true,
      "ece": null,
      "hit_rate": 0.6619718309859155,
      "logloss": 0.689474058368131,
      "n": 71
    },
    "4h": {
      "base_rate": 0.5382653061224489,
      "baseline_brier": 0.24853576634735527,
      "baseline_hit_rate": 0.5382653061224489,
      "brier": 0.2500188147611205,
      "display_ready": true,
      "ece": null,
      "hit_rate": 0.5382653061224489,
      "logloss": 0.6931851128724262,
      "n": 392
    }
  },
  "by_model_version": {
    "v0.1.0-baseline-shadow": {
      "base_rate": 0.5447219983883964,
      "baseline_brier": 0.2479999428601483,
      "baseline_hit_rate": 0.5447219983883964,
      "brier": 0.24988143465285637,
      "display_ready": true,
      "ece": null,
      "hit_rate": 0.5447219983883964,
      "logloss": 0.6929104295245591,
      "n": 1241
    }
  },
  "generated_at": "2026-07-08T10:29:08Z",
  "global": {
    "base_rate": 0.5447219983883964,
    "baseline_brier": 0.2479999428601483,
    "baseline_hit_rate": 0.5447219983883964,
    "brier": 0.24988143465285637,
    "display_ready": true,
    "ece": null,
    "hit_rate": 0.5447219983883964,
    "logloss": 0.6929104295245591,
    "n": 1241
  },
  "metrics_version": "metrics-v0.1.0",
  "min_n_display": 20,
  "rolling": {
    "30d": {
      "base_rate": 0.5746421267893661,
      "baseline_brier": 0.2444285529083602,
      "baseline_hit_rate": 0.5746421267893661,
      "brier": 0.2496719412496679,
      "display_ready": true,
      "ece": null,
      "hit_rate": 0.5746421267893661,
      "logloss": 0.6924919868570479,
      "n": 489
    },
    "7d": {
      "base_rate": 0.56,
      "baseline_brier": 0.2464,
      "baseline_hit_rate": 0.56,
      "brier": 0.24976543800071946,
      "display_ready": true,
      "ece": null,
      "hit_rate": 0.56,
      "logloss": 0.6926789644654116,
      "n": 125
    },
    "90d": {
      "base_rate": 0.5447219983883964,
      "baseline_brier": 0.2479999428601483,
      "baseline_hit_rate": 0.5447219983883964,
      "brier": 0.24988143465285637,
      "display_ready": true,
      "ece": null,
      "hit_rate": 0.5447219983883964,
      "logloss": 0.6929104295245591,
      "n": 1241
    }
  },
  "schema_version": "1",
  "total_forecasts": 1244,
  "total_resolved": 1241
}
