{
  "by_horizon": {
    "12h": {
      "base_rate": 0.5686274509803921,
      "baseline_brier": 0.24529027297193387,
      "baseline_hit_rate": 0.5686274509803921,
      "brier": 0.24951236489212184,
      "display_ready": true,
      "ece": null,
      "hit_rate": 0.5686274509803921,
      "logloss": 0.6921723740406495,
      "n": 153
    },
    "1h": {
      "base_rate": 0.527536231884058,
      "baseline_brier": 0.24924175593362738,
      "baseline_hit_rate": 0.527536231884058,
      "brier": 0.2502232787035915,
      "display_ready": true,
      "ece": null,
      "hit_rate": 0.527536231884058,
      "logloss": 0.6935943600735868,
      "n": 690
    },
    "24h": {
      "base_rate": 0.6447368421052632,
      "baseline_brier": 0.22905124653739614,
      "baseline_hit_rate": 0.6447368421052632,
      "brier": 0.2482923612999702,
      "display_ready": true,
      "ece": null,
      "hit_rate": 0.6447368421052632,
      "logloss": 0.6897309186607747,
      "n": 76
    },
    "4h": {
      "base_rate": 0.5390070921985816,
      "baseline_brier": 0.24847844675821135,
      "baseline_hit_rate": 0.5390070921985816,
      "brier": 0.250016476811513,
      "display_ready": true,
      "ece": null,
      "hit_rate": 0.5390070921985816,
      "logloss": 0.6931804460089366,
      "n": 423
    }
  },
  "by_model_version": {
    "v0.1.0-baseline-shadow": {
      "base_rate": 0.5424739195230999,
      "baseline_brier": 0.24819596616034523,
      "baseline_hit_rate": 0.5424739195230999,
      "brier": 0.2499676924620272,
      "display_ready": true,
      "ece": null,
      "hit_rate": 0.5424739195230999,
      "logloss": 0.6930829807444063,
      "n": 1342
    }
  },
  "generated_at": "2026-07-13T21:09:39Z",
  "global": {
    "base_rate": 0.5424739195230999,
    "baseline_brier": 0.24819596616034523,
    "baseline_hit_rate": 0.5424739195230999,
    "brier": 0.2499676924620272,
    "display_ready": true,
    "ece": null,
    "hit_rate": 0.5424739195230999,
    "logloss": 0.6930829807444063,
    "n": 1342
  },
  "metrics_version": "metrics-v0.1.0",
  "min_n_display": 20,
  "rolling": {
    "30d": {
      "base_rate": 0.5606361829025845,
      "baseline_brier": 0.24632325332300434,
      "baseline_hit_rate": 0.5606361829025845,
      "brier": 0.25006776258625796,
      "display_ready": true,
      "ece": null,
      "hit_rate": 0.5606361829025845,
      "logloss": 0.6932837899396457,
      "n": 503
    },
    "7d": {
      "base_rate": 0.46511627906976744,
      "baseline_brier": 0.24878312601406166,
      "baseline_hit_rate": 0.5348837209302326,
      "brier": 0.2517068623123178,
      "display_ready": true,
      "ece": null,
      "hit_rate": 0.46511627906976744,
      "logloss": 0.6965621964765573,
      "n": 129
    },
    "90d": {
      "base_rate": 0.5424739195230999,
      "baseline_brier": 0.24819596616034523,
      "baseline_hit_rate": 0.5424739195230999,
      "brier": 0.2499676924620272,
      "display_ready": true,
      "ece": null,
      "hit_rate": 0.5424739195230999,
      "logloss": 0.6930829807444063,
      "n": 1342
    }
  },
  "schema_version": "1",
  "total_forecasts": 1344,
  "total_resolved": 1342
}
