{
  "by_horizon": {
    "12h": {
      "base_rate": 0.5686274509803921,
      "baseline_brier": 0.24529027297193387,
      "baseline_hit_rate": 0.5686274509803921,
      "brier": 0.24951236489212184,
      "display_ready": true,
      "ece": null,
      "hit_rate": 0.5686274509803921,
      "logloss": 0.6921723740406495,
      "n": 153
    },
    "1h": {
      "base_rate": 0.5283842794759825,
      "baseline_brier": 0.2491943326786293,
      "baseline_hit_rate": 0.5283842794759825,
      "brier": 0.25019852714893315,
      "display_ready": true,
      "ece": null,
      "hit_rate": 0.5283842794759825,
      "logloss": 0.6935448408825211,
      "n": 687
    },
    "24h": {
      "base_rate": 0.6447368421052632,
      "baseline_brier": 0.22905124653739614,
      "baseline_hit_rate": 0.6447368421052632,
      "brier": 0.2482923612999702,
      "display_ready": true,
      "ece": null,
      "hit_rate": 0.6447368421052632,
      "logloss": 0.6897309186607747,
      "n": 76
    },
    "4h": {
      "base_rate": 0.5391923990498813,
      "baseline_brier": 0.24846395585671485,
      "baseline_hit_rate": 0.5391923990498813,
      "brier": 0.25001152562935985,
      "display_ready": true,
      "ece": null,
      "hit_rate": 0.5391923990498813,
      "logloss": 0.6931705377711954,
      "n": 421
    }
  },
  "by_model_version": {
    "v0.1.0-baseline-shadow": {
      "base_rate": 0.5430067314884068,
      "baseline_brier": 0.24815042104668408,
      "baseline_hit_rate": 0.5430067314884068,
      "brier": 0.24995276868255042,
      "display_ready": true,
      "ece": null,
      "hit_rate": 0.5430067314884068,
      "logloss": 0.6930531227632037,
      "n": 1337
    }
  },
  "generated_at": "2026-07-13T15:13:59Z",
  "global": {
    "base_rate": 0.5430067314884068,
    "baseline_brier": 0.24815042104668408,
    "baseline_hit_rate": 0.5430067314884068,
    "brier": 0.24995276868255042,
    "display_ready": true,
    "ece": null,
    "hit_rate": 0.5430067314884068,
    "logloss": 0.6930531227632037,
    "n": 1337
  },
  "metrics_version": "metrics-v0.1.0",
  "min_n_display": 20,
  "rolling": {
    "30d": {
      "base_rate": 0.5646123260437376,
      "baseline_brier": 0.24582524732321773,
      "baseline_hit_rate": 0.5646123260437376,
      "brier": 0.24998756634332353,
      "display_ready": true,
      "ece": null,
      "hit_rate": 0.5646123260437376,
      "logloss": 0.6931233600001804,
      "n": 503
    },
    "7d": {
      "base_rate": 0.4765625,
      "baseline_brier": 0.24945068359375,
      "baseline_hit_rate": 0.5234375,
      "brier": 0.2514464532419361,
      "display_ready": true,
      "ece": null,
      "hit_rate": 0.4765625,
      "logloss": 0.6960413102636193,
      "n": 128
    },
    "90d": {
      "base_rate": 0.5430067314884068,
      "baseline_brier": 0.24815042104668408,
      "baseline_hit_rate": 0.5430067314884068,
      "brier": 0.24995276868255042,
      "display_ready": true,
      "ece": null,
      "hit_rate": 0.5430067314884068,
      "logloss": 0.6930531227632037,
      "n": 1337
    }
  },
  "schema_version": "1",
  "total_forecasts": 1341,
  "total_resolved": 1337
}
