{
  "by_horizon": {
    "12h": {
      "base_rate": 0.5542168674698795,
      "baseline_brier": 0.2470605312817535,
      "baseline_hit_rate": 0.5542168674698795,
      "brier": 0.24987334817750875,
      "display_ready": true,
      "ece": null,
      "hit_rate": 0.5542168674698795,
      "logloss": 0.6928945786252843,
      "n": 83
    },
    "1h": {
      "base_rate": 0.511166253101737,
      "baseline_brier": 0.24987531479166797,
      "baseline_hit_rate": 0.511166253101737,
      "brier": 0.2503348986227117,
      "display_ready": true,
      "ece": null,
      "hit_rate": 0.511166253101737,
      "logloss": 0.69381751390181,
      "n": 403
    },
    "24h": {
      "base_rate": 0.6341463414634146,
      "baseline_brier": 0.23200475907198095,
      "baseline_hit_rate": 0.6341463414634146,
      "brier": 0.24838057572547773,
      "display_ready": true,
      "ece": null,
      "hit_rate": 0.6341463414634146,
      "logloss": 0.6899065134382631,
      "n": 41
    },
    "4h": {
      "base_rate": 0.51931330472103,
      "baseline_brier": 0.24962699626075263,
      "baseline_hit_rate": 0.51931330472103,
      "brier": 0.24984186716261308,
      "display_ready": true,
      "ece": null,
      "hit_rate": 0.51931330472103,
      "logloss": 0.6928302036196916,
      "n": 233
    }
  },
  "by_model_version": {
    "v0.1.0-baseline-shadow": {
      "base_rate": 0.525,
      "baseline_brier": 0.249375,
      "baseline_hit_rate": 0.525,
      "brier": 0.25002790881226244,
      "display_ready": true,
      "ece": null,
      "hit_rate": 0.525,
      "logloss": 0.6932030429245855,
      "n": 760
    }
  },
  "generated_at": "2026-06-08T22:02:02Z",
  "global": {
    "base_rate": 0.525,
    "baseline_brier": 0.249375,
    "baseline_hit_rate": 0.525,
    "brier": 0.25002790881226244,
    "display_ready": true,
    "ece": null,
    "hit_rate": 0.525,
    "logloss": 0.6932030429245855,
    "n": 760
  },
  "metrics_version": "metrics-v0.1.0",
  "min_n_display": 20,
  "rolling": {
    "30d": {
      "base_rate": 0.525,
      "baseline_brier": 0.249375,
      "baseline_hit_rate": 0.525,
      "brier": 0.25002790881226244,
      "display_ready": true,
      "ece": null,
      "hit_rate": 0.525,
      "logloss": 0.6932030429245855,
      "n": 760
    },
    "7d": {
      "base_rate": 0.525,
      "baseline_brier": 0.249375,
      "baseline_hit_rate": 0.525,
      "brier": 0.25002790881226244,
      "display_ready": true,
      "ece": null,
      "hit_rate": 0.525,
      "logloss": 0.6932030429245855,
      "n": 760
    },
    "90d": {
      "base_rate": 0.525,
      "baseline_brier": 0.249375,
      "baseline_hit_rate": 0.525,
      "brier": 0.25002790881226244,
      "display_ready": true,
      "ece": null,
      "hit_rate": 0.525,
      "logloss": 0.6932030429245855,
      "n": 760
    }
  },
  "schema_version": "1",
  "total_forecasts": 764,
  "total_resolved": 760
}
