{
  "by_horizon": {
    "12h": {
      "base_rate": 0.576,
      "baseline_brier": 0.24422400000000002,
      "baseline_hit_rate": 0.576,
      "brier": 0.24925648543610393,
      "display_ready": true,
      "ece": null,
      "hit_rate": 0.576,
      "logloss": 0.6916605761136073,
      "n": 125
    },
    "1h": {
      "base_rate": 0.5206463195691203,
      "baseline_brier": 0.24957372948824977,
      "baseline_hit_rate": 0.5206463195691203,
      "brier": 0.2502295488467077,
      "display_ready": true,
      "ece": null,
      "hit_rate": 0.5206463195691203,
      "logloss": 0.6936068279198444,
      "n": 557
    },
    "24h": {
      "base_rate": 0.6612903225806451,
      "baseline_brier": 0.22398543184183142,
      "baseline_hit_rate": 0.6612903225806451,
      "brier": 0.2480316454183736,
      "display_ready": true,
      "ece": null,
      "hit_rate": 0.6612903225806451,
      "logloss": 0.6892092046409473,
      "n": 62
    },
    "4h": {
      "base_rate": 0.5510204081632653,
      "baseline_brier": 0.24739691795085383,
      "baseline_hit_rate": 0.5510204081632653,
      "brier": 0.2497298905284181,
      "display_ready": true,
      "ece": null,
      "hit_rate": 0.5510204081632653,
      "logloss": 0.6926070256338581,
      "n": 343
    }
  },
  "by_model_version": {
    "v0.1.0-baseline-shadow": {
      "base_rate": 0.5446182152713891,
      "baseline_brier": 0.24800921486599597,
      "baseline_hit_rate": 0.5446182152713891,
      "brier": 0.24983462176110005,
      "display_ready": true,
      "ece": null,
      "hit_rate": 0.5446182152713891,
      "logloss": 0.6928167025259488,
      "n": 1087
    }
  },
  "generated_at": "2026-06-29T14:29:32Z",
  "global": {
    "base_rate": 0.5446182152713891,
    "baseline_brier": 0.24800921486599597,
    "baseline_hit_rate": 0.5446182152713891,
    "brier": 0.24983462176110005,
    "display_ready": true,
    "ece": null,
    "hit_rate": 0.5446182152713891,
    "logloss": 0.6928167025259488,
    "n": 1087
  },
  "metrics_version": "metrics-v0.1.0",
  "min_n_display": 20,
  "rolling": {
    "30d": {
      "base_rate": 0.5446182152713891,
      "baseline_brier": 0.24800921486599597,
      "baseline_hit_rate": 0.5446182152713891,
      "brier": 0.24983462176110005,
      "display_ready": true,
      "ece": null,
      "hit_rate": 0.5446182152713891,
      "logloss": 0.6928167025259488,
      "n": 1087
    },
    "7d": {
      "base_rate": 0.4661016949152542,
      "baseline_brier": 0.24885090491238152,
      "baseline_hit_rate": 0.5338983050847458,
      "brier": 0.251248424153008,
      "display_ready": true,
      "ece": null,
      "hit_rate": 0.4661016949152542,
      "logloss": 0.6956466512379931,
      "n": 118
    },
    "90d": {
      "base_rate": 0.5446182152713891,
      "baseline_brier": 0.24800921486599597,
      "baseline_hit_rate": 0.5446182152713891,
      "brier": 0.24983462176110005,
      "display_ready": true,
      "ece": null,
      "hit_rate": 0.5446182152713891,
      "logloss": 0.6928167025259488,
      "n": 1087
    }
  },
  "schema_version": "1",
  "total_forecasts": 1091,
  "total_resolved": 1087
}
