{
  "by_horizon": {
    "12h": {
      "base_rate": 0.5964912280701754,
      "baseline_brier": 0.24068944290550937,
      "baseline_hit_rate": 0.5964912280701754,
      "brier": 0.2491267343366156,
      "display_ready": true,
      "ece": null,
      "hit_rate": 0.5964912280701754,
      "logloss": 0.6914011697610295,
      "n": 114
    },
    "1h": {
      "base_rate": 0.53125,
      "baseline_brier": 0.2490234375,
      "baseline_hit_rate": 0.53125,
      "brier": 0.25003799925477493,
      "display_ready": true,
      "ece": null,
      "hit_rate": 0.53125,
      "logloss": 0.6932233694999228,
      "n": 512
    },
    "24h": {
      "base_rate": 0.6491228070175439,
      "baseline_brier": 0.22776238842720836,
      "baseline_hit_rate": 0.6491228070175439,
      "brier": 0.24798094119803063,
      "display_ready": true,
      "ece": null,
      "hit_rate": 0.6491228070175439,
      "logloss": 0.6891075477701932,
      "n": 57
    },
    "4h": {
      "base_rate": 0.554140127388535,
      "baseline_brier": 0.24706884660635323,
      "baseline_hit_rate": 0.554140127388535,
      "brier": 0.24953281424546392,
      "display_ready": true,
      "ece": null,
      "hit_rate": 0.554140127388535,
      "logloss": 0.6922123526726269,
      "n": 314
    }
  },
  "by_model_version": {
    "v0.1.0-baseline-shadow": {
      "base_rate": 0.5526579739217653,
      "baseline_brier": 0.24722713778245467,
      "baseline_hit_rate": 0.5526579739217653,
      "brier": 0.24965709192997226,
      "display_ready": true,
      "ece": null,
      "hit_rate": 0.5526579739217653,
      "logloss": 0.6924612913729425,
      "n": 997
    }
  },
  "generated_at": "2026-06-24T08:31:15Z",
  "global": {
    "base_rate": 0.5526579739217653,
    "baseline_brier": 0.24722713778245467,
    "baseline_hit_rate": 0.5526579739217653,
    "brier": 0.24965709192997226,
    "display_ready": true,
    "ece": null,
    "hit_rate": 0.5526579739217653,
    "logloss": 0.6924612913729425,
    "n": 997
  },
  "metrics_version": "metrics-v0.1.0",
  "min_n_display": 20,
  "rolling": {
    "30d": {
      "base_rate": 0.5526579739217653,
      "baseline_brier": 0.24722713778245467,
      "baseline_hit_rate": 0.5526579739217653,
      "brier": 0.24965709192997226,
      "display_ready": true,
      "ece": null,
      "hit_rate": 0.5526579739217653,
      "logloss": 0.6924612913729425,
      "n": 997
    },
    "7d": {
      "base_rate": 0.6545454545454545,
      "baseline_brier": 0.22611570247933885,
      "baseline_hit_rate": 0.6545454545454545,
      "brier": 0.2487385855381901,
      "display_ready": true,
      "ece": null,
      "hit_rate": 0.6545454545454545,
      "logloss": 0.6906241869325707,
      "n": 110
    },
    "90d": {
      "base_rate": 0.5526579739217653,
      "baseline_brier": 0.24722713778245467,
      "baseline_hit_rate": 0.5526579739217653,
      "brier": 0.24965709192997226,
      "display_ready": true,
      "ece": null,
      "hit_rate": 0.5526579739217653,
      "logloss": 0.6924612913729425,
      "n": 997
    }
  },
  "schema_version": "1",
  "total_forecasts": 999,
  "total_resolved": 997
}
