{
  "by_horizon": {
    "12h": {
      "base_rate": 0.6019417475728155,
      "baseline_brier": 0.23960788010180037,
      "baseline_hit_rate": 0.6019417475728155,
      "brier": 0.24901554715299215,
      "display_ready": true,
      "ece": null,
      "hit_rate": 0.6019417475728155,
      "logloss": 0.6911785814671842,
      "n": 103
    },
    "1h": {
      "base_rate": 0.5181236673773987,
      "baseline_brier": 0.24967153268079342,
      "baseline_hit_rate": 0.5181236673773987,
      "brier": 0.25019642918642976,
      "display_ready": true,
      "ece": null,
      "hit_rate": 0.5181236673773987,
      "logloss": 0.6935403343622123,
      "n": 469
    },
    "24h": {
      "base_rate": 0.6470588235294118,
      "baseline_brier": 0.22837370242214533,
      "baseline_hit_rate": 0.6470588235294118,
      "brier": 0.24777523003683616,
      "display_ready": true,
      "ece": null,
      "hit_rate": 0.6470588235294118,
      "logloss": 0.6886958413820654,
      "n": 51
    },
    "4h": {
      "base_rate": 0.5352112676056338,
      "baseline_brier": 0.24876016663360445,
      "baseline_hit_rate": 0.5352112676056338,
      "brier": 0.24979122649337052,
      "display_ready": true,
      "ece": null,
      "hit_rate": 0.5352112676056338,
      "logloss": 0.6927293421633149,
      "n": 284
    }
  },
  "by_model_version": {
    "v0.1.0-baseline-shadow": {
      "base_rate": 0.5402425578831312,
      "baseline_brier": 0.24838053653502282,
      "baseline_hit_rate": 0.5402425578831312,
      "brier": 0.2497993072780481,
      "display_ready": true,
      "ece": null,
      "hit_rate": 0.5402425578831312,
      "logloss": 0.6927457902887147,
      "n": 907
    }
  },
  "generated_at": "2026-06-18T17:32:27Z",
  "global": {
    "base_rate": 0.5402425578831312,
    "baseline_brier": 0.24838053653502282,
    "baseline_hit_rate": 0.5402425578831312,
    "brier": 0.2497993072780481,
    "display_ready": true,
    "ece": null,
    "hit_rate": 0.5402425578831312,
    "logloss": 0.6927457902887147,
    "n": 907
  },
  "metrics_version": "metrics-v0.1.0",
  "min_n_display": 20,
  "rolling": {
    "30d": {
      "base_rate": 0.5402425578831312,
      "baseline_brier": 0.24838053653502282,
      "baseline_hit_rate": 0.5402425578831312,
      "brier": 0.2497993072780481,
      "display_ready": true,
      "ece": null,
      "hit_rate": 0.5402425578831312,
      "logloss": 0.6927457902887147,
      "n": 907
    },
    "7d": {
      "base_rate": 0.6538461538461539,
      "baseline_brier": 0.22633136094674555,
      "baseline_hit_rate": 0.6538461538461539,
      "brier": 0.2483102237961458,
      "display_ready": true,
      "ece": null,
      "hit_rate": 0.6538461538461539,
      "logloss": 0.6897672439994748,
      "n": 104
    },
    "90d": {
      "base_rate": 0.5402425578831312,
      "baseline_brier": 0.24838053653502282,
      "baseline_hit_rate": 0.5402425578831312,
      "brier": 0.2497993072780481,
      "display_ready": true,
      "ece": null,
      "hit_rate": 0.5402425578831312,
      "logloss": 0.6927457902887147,
      "n": 907
    }
  },
  "schema_version": "1",
  "total_forecasts": 911,
  "total_resolved": 907
}
