{
  "by_horizon": {
    "12h": {
      "base_rate": 0.5959595959595959,
      "baseline_brier": 0.2407917559432711,
      "baseline_hit_rate": 0.5959595959595959,
      "brier": 0.2490862245857878,
      "display_ready": true,
      "ece": null,
      "hit_rate": 0.5959595959595959,
      "logloss": 0.6913199706469019,
      "n": 99
    },
    "1h": {
      "base_rate": 0.517467248908297,
      "baseline_brier": 0.2496948952155756,
      "baseline_hit_rate": 0.517467248908297,
      "brier": 0.2501646327249544,
      "display_ready": true,
      "ece": null,
      "hit_rate": 0.517467248908297,
      "logloss": 0.6934766815625099,
      "n": 458
    },
    "24h": {
      "base_rate": 0.6530612244897959,
      "baseline_brier": 0.22657226155768428,
      "baseline_hit_rate": 0.6530612244897959,
      "brier": 0.24777757453176363,
      "display_ready": true,
      "ece": null,
      "hit_rate": 0.6530612244897959,
      "logloss": 0.6887004641307566,
      "n": 49
    },
    "4h": {
      "base_rate": 0.532608695652174,
      "baseline_brier": 0.2489366729678639,
      "baseline_hit_rate": 0.532608695652174,
      "brier": 0.24976949694904377,
      "display_ready": true,
      "ece": null,
      "hit_rate": 0.532608695652174,
      "logloss": 0.6926857978986785,
      "n": 276
    }
  },
  "by_model_version": {
    "v0.1.0-baseline-shadow": {
      "base_rate": 0.5385487528344671,
      "baseline_brier": 0.24851399365490714,
      "baseline_hit_rate": 0.5385487528344671,
      "brier": 0.24978732463947237,
      "display_ready": true,
      "ece": null,
      "hit_rate": 0.5385487528344671,
      "logloss": 0.6927217689479764,
      "n": 882
    }
  },
  "generated_at": "2026-06-16T21:21:24Z",
  "global": {
    "base_rate": 0.5385487528344671,
    "baseline_brier": 0.24851399365490714,
    "baseline_hit_rate": 0.5385487528344671,
    "brier": 0.24978732463947237,
    "display_ready": true,
    "ece": null,
    "hit_rate": 0.5385487528344671,
    "logloss": 0.6927217689479764,
    "n": 882
  },
  "metrics_version": "metrics-v0.1.0",
  "min_n_display": 20,
  "rolling": {
    "30d": {
      "base_rate": 0.5385487528344671,
      "baseline_brier": 0.24851399365490714,
      "baseline_hit_rate": 0.5385487528344671,
      "brier": 0.24978732463947237,
      "display_ready": true,
      "ece": null,
      "hit_rate": 0.5385487528344671,
      "logloss": 0.6927217689479764,
      "n": 882
    },
    "7d": {
      "base_rate": 0.6542056074766355,
      "baseline_brier": 0.22622063062276182,
      "baseline_hit_rate": 0.6542056074766355,
      "brier": 0.2476272334776123,
      "display_ready": true,
      "ece": null,
      "hit_rate": 0.6542056074766355,
      "logloss": 0.6884004749135068,
      "n": 107
    },
    "90d": {
      "base_rate": 0.5385487528344671,
      "baseline_brier": 0.24851399365490714,
      "baseline_hit_rate": 0.5385487528344671,
      "brier": 0.24978732463947237,
      "display_ready": true,
      "ece": null,
      "hit_rate": 0.5385487528344671,
      "logloss": 0.6927217689479764,
      "n": 882
    }
  },
  "schema_version": "1",
  "total_forecasts": 886,
  "total_resolved": 882
}
