{
  "by_horizon": {
    "12h": {
      "base_rate": 0.5785714285714286,
      "baseline_brier": 0.2438265306122449,
      "baseline_hit_rate": 0.5785714285714286,
      "brier": 0.2492173015694245,
      "display_ready": true,
      "ece": null,
      "hit_rate": 0.5785714285714286,
      "logloss": 0.6915820440867769,
      "n": 140
    },
    "1h": {
      "base_rate": 0.532051282051282,
      "baseline_brier": 0.24897271531886916,
      "baseline_hit_rate": 0.532051282051282,
      "brier": 0.2500811103074198,
      "display_ready": true,
      "ece": null,
      "hit_rate": 0.532051282051282,
      "logloss": 0.6933099963940648,
      "n": 624
    },
    "24h": {
      "base_rate": 0.6714285714285714,
      "baseline_brier": 0.2206122448979592,
      "baseline_hit_rate": 0.6714285714285714,
      "brier": 0.24792540661556606,
      "display_ready": true,
      "ece": null,
      "hit_rate": 0.6714285714285714,
      "logloss": 0.6889968115631677,
      "n": 70
    },
    "4h": {
      "base_rate": 0.5494791666666666,
      "baseline_brier": 0.2475518120659722,
      "baseline_hit_rate": 0.5494791666666666,
      "brier": 0.24987953717961442,
      "display_ready": true,
      "ece": null,
      "hit_rate": 0.5494791666666666,
      "logloss": 0.6929065177219563,
      "n": 384
    }
  },
  "by_model_version": {
    "v0.1.0-baseline-shadow": {
      "base_rate": 0.5509031198686372,
      "baseline_brier": 0.24740887238763914,
      "baseline_hit_rate": 0.5509031198686372,
      "brier": 0.24979438078128977,
      "display_ready": true,
      "ece": null,
      "hit_rate": 0.5509031198686372,
      "logloss": 0.692736291902051,
      "n": 1218
    }
  },
  "generated_at": "2026-07-07T01:09:33Z",
  "global": {
    "base_rate": 0.5509031198686372,
    "baseline_brier": 0.24740887238763914,
    "baseline_hit_rate": 0.5509031198686372,
    "brier": 0.24979438078128977,
    "display_ready": true,
    "ece": null,
    "hit_rate": 0.5509031198686372,
    "logloss": 0.692736291902051,
    "n": 1218
  },
  "metrics_version": "metrics-v0.1.0",
  "min_n_display": 20,
  "rolling": {
    "30d": {
      "base_rate": 0.5509031198686372,
      "baseline_brier": 0.24740887238763914,
      "baseline_hit_rate": 0.5509031198686372,
      "brier": 0.24979438078128977,
      "display_ready": true,
      "ece": null,
      "hit_rate": 0.5509031198686372,
      "logloss": 0.692736291902051,
      "n": 1218
    },
    "7d": {
      "base_rate": 0.6198347107438017,
      "baseline_brier": 0.23563964210094937,
      "baseline_hit_rate": 0.6198347107438017,
      "brier": 0.24916620442679463,
      "display_ready": true,
      "ece": null,
      "hit_rate": 0.6198347107438017,
      "logloss": 0.6914805364141163,
      "n": 121
    },
    "90d": {
      "base_rate": 0.5509031198686372,
      "baseline_brier": 0.24740887238763914,
      "baseline_hit_rate": 0.5509031198686372,
      "brier": 0.24979438078128977,
      "display_ready": true,
      "ece": null,
      "hit_rate": 0.5509031198686372,
      "logloss": 0.692736291902051,
      "n": 1218
    }
  },
  "schema_version": "1",
  "total_forecasts": 1222,
  "total_resolved": 1218
}
