{
  "by_horizon": {
    "12h": {
      "base_rate": 0.5696969696969697,
      "baseline_brier": 0.24514233241505967,
      "baseline_hit_rate": 0.5696969696969697,
      "brier": 0.24952416591871018,
      "display_ready": true,
      "ece": null,
      "hit_rate": 0.5696969696969697,
      "logloss": 0.6921960202407073,
      "n": 165
    },
    "1h": {
      "base_rate": 0.528178243774574,
      "baseline_brier": 0.24920598657778067,
      "baseline_hit_rate": 0.528178243774574,
      "brier": 0.2501577908681996,
      "display_ready": true,
      "ece": null,
      "hit_rate": 0.528178243774574,
      "logloss": 0.693463368988612,
      "n": 763
    },
    "24h": {
      "base_rate": 0.6341463414634146,
      "baseline_brier": 0.23200475907198095,
      "baseline_hit_rate": 0.6341463414634146,
      "brier": 0.2488377425425799,
      "display_ready": true,
      "ece": null,
      "hit_rate": 0.6341463414634146,
      "logloss": 0.690822236025332,
      "n": 82
    },
    "4h": {
      "base_rate": 0.5446623093681917,
      "baseline_brier": 0.24800527812189996,
      "baseline_hit_rate": 0.5446623093681917,
      "brier": 0.25006499218216716,
      "display_ready": true,
      "ece": null,
      "hit_rate": 0.5446623093681917,
      "logloss": 0.6932776271010784,
      "n": 459
    }
  },
  "by_model_version": {
    "v0.1.0-baseline-shadow": {
      "base_rate": 0.5439074200136147,
      "baseline_brier": 0.24807213846774806,
      "baseline_hit_rate": 0.5439074200136147,
      "brier": 0.24998394016959138,
      "display_ready": true,
      "ece": null,
      "hit_rate": 0.5439074200136147,
      "logloss": 0.6931155534863852,
      "n": 1469
    }
  },
  "generated_at": "2026-07-19T23:06:55Z",
  "global": {
    "base_rate": 0.5439074200136147,
    "baseline_brier": 0.24807213846774806,
    "baseline_hit_rate": 0.5439074200136147,
    "brier": 0.24998394016959138,
    "display_ready": true,
    "ece": null,
    "hit_rate": 0.5439074200136147,
    "logloss": 0.6931155534863852,
    "n": 1469
  },
  "metrics_version": "metrics-v0.1.0",
  "min_n_display": 20,
  "rolling": {
    "30d": {
      "base_rate": 0.5469613259668509,
      "baseline_brier": 0.24779463386343514,
      "baseline_hit_rate": 0.5469613259668509,
      "brier": 0.2503312441298631,
      "display_ready": true,
      "ece": null,
      "hit_rate": 0.5469613259668509,
      "logloss": 0.693810998219779,
      "n": 543
    },
    "7d": {
      "base_rate": 0.5625,
      "baseline_brier": 0.24609375,
      "baseline_hit_rate": 0.5625,
      "brier": 0.2501967638196578,
      "display_ready": true,
      "ece": null,
      "hit_rate": 0.5625,
      "logloss": 0.6935419788315415,
      "n": 144
    },
    "90d": {
      "base_rate": 0.5439074200136147,
      "baseline_brier": 0.24807213846774806,
      "baseline_hit_rate": 0.5439074200136147,
      "brier": 0.24998394016959138,
      "display_ready": true,
      "ece": null,
      "hit_rate": 0.5439074200136147,
      "logloss": 0.6931155534863852,
      "n": 1469
    }
  },
  "schema_version": "1",
  "total_forecasts": 1472,
  "total_resolved": 1469
}
