{
  "by_horizon": {
    "12h": {
      "base_rate": 0.5668789808917197,
      "baseline_brier": 0.245527201914885,
      "baseline_hit_rate": 0.5668789808917197,
      "brier": 0.2495332898445665,
      "display_ready": true,
      "ece": null,
      "hit_rate": 0.5668789808917197,
      "logloss": 0.6922143029569734,
      "n": 157
    },
    "1h": {
      "base_rate": 0.530812324929972,
      "baseline_brier": 0.24905060063240983,
      "baseline_hit_rate": 0.530812324929972,
      "brier": 0.25013689072890555,
      "display_ready": true,
      "ece": null,
      "hit_rate": 0.530812324929972,
      "logloss": 0.6934215874379911,
      "n": 714
    },
    "24h": {
      "base_rate": 0.6410256410256411,
      "baseline_brier": 0.23011176857330704,
      "baseline_hit_rate": 0.6410256410256411,
      "brier": 0.24844416327997038,
      "display_ready": true,
      "ece": null,
      "hit_rate": 0.6410256410256411,
      "logloss": 0.6900345780134044,
      "n": 78
    },
    "4h": {
      "base_rate": 0.5402298850574713,
      "baseline_brier": 0.24838155634826267,
      "baseline_hit_rate": 0.5402298850574713,
      "brier": 0.2500920991265792,
      "display_ready": true,
      "ece": null,
      "hit_rate": 0.5402298850574713,
      "logloss": 0.6933318368895192,
      "n": 435
    }
  },
  "by_model_version": {
    "v0.1.0-baseline-shadow": {
      "base_rate": 0.5440751445086706,
      "baseline_brier": 0.24805738163653981,
      "baseline_hit_rate": 0.5440751445086706,
      "brier": 0.24995894099850802,
      "display_ready": true,
      "ece": null,
      "hit_rate": 0.5440751445086706,
      "logloss": 0.6930655383865295,
      "n": 1384
    }
  },
  "generated_at": "2026-07-15T23:08:54Z",
  "global": {
    "base_rate": 0.5440751445086706,
    "baseline_brier": 0.24805738163653981,
    "baseline_hit_rate": 0.5440751445086706,
    "brier": 0.24995894099850802,
    "display_ready": true,
    "ece": null,
    "hit_rate": 0.5440751445086706,
    "logloss": 0.6930655383865295,
    "n": 1384
  },
  "metrics_version": "metrics-v0.1.0",
  "min_n_display": 20,
  "rolling": {
    "30d": {
      "base_rate": 0.5592233009708738,
      "baseline_brier": 0.24649260062211328,
      "baseline_hit_rate": 0.5592233009708738,
      "brier": 0.2502495102937546,
      "display_ready": true,
      "ece": null,
      "hit_rate": 0.5592233009708738,
      "logloss": 0.6936475939401384,
      "n": 515
    },
    "7d": {
      "base_rate": 0.5597014925373134,
      "baseline_brier": 0.2464357317888171,
      "baseline_hit_rate": 0.5597014925373134,
      "brier": 0.2502479154160953,
      "display_ready": true,
      "ece": null,
      "hit_rate": 0.5597014925373134,
      "logloss": 0.693644170767412,
      "n": 134
    },
    "90d": {
      "base_rate": 0.5440751445086706,
      "baseline_brier": 0.24805738163653981,
      "baseline_hit_rate": 0.5440751445086706,
      "brier": 0.24995894099850802,
      "display_ready": true,
      "ece": null,
      "hit_rate": 0.5440751445086706,
      "logloss": 0.6930655383865295,
      "n": 1384
    }
  },
  "schema_version": "1",
  "total_forecasts": 1387,
  "total_resolved": 1384
}
