{
  "by_horizon": {
    "12h": {
      "base_rate": 0.574468085106383,
      "baseline_brier": 0.24445450430058852,
      "baseline_hit_rate": 0.574468085106383,
      "brier": 0.24949471943829563,
      "display_ready": true,
      "ece": null,
      "hit_rate": 0.574468085106383,
      "logloss": 0.6921372171800806,
      "n": 94
    },
    "1h": {
      "base_rate": 0.5169300225733634,
      "baseline_brier": 0.2497133743356654,
      "baseline_hit_rate": 0.5169300225733634,
      "brier": 0.25024796110087383,
      "display_ready": true,
      "ece": null,
      "hit_rate": 0.5169300225733634,
      "logloss": 0.6936435001486948,
      "n": 443
    },
    "24h": {
      "base_rate": 0.6382978723404256,
      "baseline_brier": 0.23087369850611136,
      "baseline_hit_rate": 0.6382978723404256,
      "brier": 0.24820717047495747,
      "display_ready": true,
      "ece": null,
      "hit_rate": 0.6382978723404256,
      "logloss": 0.6895598469006999,
      "n": 47
    },
    "4h": {
      "base_rate": 0.5303030303030303,
      "baseline_brier": 0.2490817263544536,
      "baseline_hit_rate": 0.5303030303030303,
      "brier": 0.24968052828111328,
      "display_ready": true,
      "ece": null,
      "hit_rate": 0.5303030303030303,
      "logloss": 0.6925076905737163,
      "n": 264
    }
  },
  "by_model_version": {
    "v0.1.0-baseline-shadow": {
      "base_rate": 0.5341981132075472,
      "baseline_brier": 0.24883048905304378,
      "baseline_hit_rate": 0.5341981132075472,
      "brier": 0.249874701501679,
      "display_ready": true,
      "ece": null,
      "hit_rate": 0.5341981132075472,
      "logloss": 0.6928965944535299,
      "n": 848
    }
  },
  "generated_at": "2026-06-14T10:32:50Z",
  "global": {
    "base_rate": 0.5341981132075472,
    "baseline_brier": 0.24883048905304378,
    "baseline_hit_rate": 0.5341981132075472,
    "brier": 0.249874701501679,
    "display_ready": true,
    "ece": null,
    "hit_rate": 0.5341981132075472,
    "logloss": 0.6928965944535299,
    "n": 848
  },
  "metrics_version": "metrics-v0.1.0",
  "min_n_display": 20,
  "rolling": {
    "30d": {
      "base_rate": 0.5341981132075472,
      "baseline_brier": 0.24883048905304378,
      "baseline_hit_rate": 0.5341981132075472,
      "brier": 0.249874701501679,
      "display_ready": true,
      "ece": null,
      "hit_rate": 0.5341981132075472,
      "logloss": 0.6928965944535299,
      "n": 848
    },
    "7d": {
      "base_rate": 0.5341981132075472,
      "baseline_brier": 0.24883048905304378,
      "baseline_hit_rate": 0.5341981132075472,
      "brier": 0.249874701501679,
      "display_ready": true,
      "ece": null,
      "hit_rate": 0.5341981132075472,
      "logloss": 0.6928965944535299,
      "n": 848
    },
    "90d": {
      "base_rate": 0.5341981132075472,
      "baseline_brier": 0.24883048905304378,
      "baseline_hit_rate": 0.5341981132075472,
      "brier": 0.249874701501679,
      "display_ready": true,
      "ece": null,
      "hit_rate": 0.5341981132075472,
      "logloss": 0.6928965944535299,
      "n": 848
    }
  },
  "schema_version": "1",
  "total_forecasts": 852,
  "total_resolved": 848
}
