{
  "by_horizon": {
    "12h": {
      "base_rate": 0.5668789808917197,
      "baseline_brier": 0.245527201914885,
      "baseline_hit_rate": 0.5668789808917197,
      "brier": 0.2495332898445665,
      "display_ready": true,
      "ece": null,
      "hit_rate": 0.5668789808917197,
      "logloss": 0.6922143029569734,
      "n": 157
    },
    "1h": {
      "base_rate": 0.5303244005641748,
      "baseline_brier": 0.2490804307304235,
      "baseline_hit_rate": 0.5303244005641748,
      "brier": 0.25014892814881123,
      "display_ready": true,
      "ece": null,
      "hit_rate": 0.5303244005641748,
      "logloss": 0.6934456711614758,
      "n": 709
    },
    "24h": {
      "base_rate": 0.6410256410256411,
      "baseline_brier": 0.23011176857330704,
      "baseline_hit_rate": 0.6410256410256411,
      "brier": 0.24844416327997038,
      "display_ready": true,
      "ece": null,
      "hit_rate": 0.6410256410256411,
      "logloss": 0.6900345780134044,
      "n": 78
    },
    "4h": {
      "base_rate": 0.5381062355658198,
      "baseline_brier": 0.24854791481100225,
      "baseline_hit_rate": 0.5381062355658198,
      "brier": 0.25011536664616746,
      "display_ready": true,
      "ece": null,
      "hit_rate": 0.5381062355658198,
      "logloss": 0.6933783776066192,
      "n": 433
    }
  },
  "by_model_version": {
    "v0.1.0-baseline-shadow": {
      "base_rate": 0.5432098765432098,
      "baseline_brier": 0.24813290656912054,
      "baseline_hit_rate": 0.5432098765432098,
      "brier": 0.24997161587271777,
      "display_ready": true,
      "ece": null,
      "hit_rate": 0.5432098765432098,
      "logloss": 0.6930908939770827,
      "n": 1377
    }
  },
  "generated_at": "2026-07-15T15:44:51Z",
  "global": {
    "base_rate": 0.5432098765432098,
    "baseline_brier": 0.24813290656912054,
    "baseline_hit_rate": 0.5432098765432098,
    "brier": 0.24997161587271777,
    "display_ready": true,
    "ece": null,
    "hit_rate": 0.5432098765432098,
    "logloss": 0.6930908939770827,
    "n": 1377
  },
  "metrics_version": "metrics-v0.1.0",
  "min_n_display": 20,
  "rolling": {
    "30d": {
      "base_rate": 0.55859375,
      "baseline_brier": 0.2465667724609375,
      "baseline_hit_rate": 0.55859375,
      "brier": 0.2502285758949539,
      "display_ready": true,
      "ece": null,
      "hit_rate": 0.55859375,
      "logloss": 0.693605711229014,
      "n": 512
    },
    "7d": {
      "base_rate": 0.5378787878787878,
      "baseline_brier": 0.24856519742883382,
      "baseline_hit_rate": 0.5378787878787878,
      "brier": 0.25063130348382284,
      "display_ready": true,
      "ece": null,
      "hit_rate": 0.5378787878787878,
      "logloss": 0.6944110787948138,
      "n": 132
    },
    "90d": {
      "base_rate": 0.5432098765432098,
      "baseline_brier": 0.24813290656912054,
      "baseline_hit_rate": 0.5432098765432098,
      "brier": 0.24997161587271777,
      "display_ready": true,
      "ece": null,
      "hit_rate": 0.5432098765432098,
      "logloss": 0.6930908939770827,
      "n": 1377
    }
  },
  "schema_version": "1",
  "total_forecasts": 1380,
  "total_resolved": 1377
}
