{
  "by_horizon": {
    "12h": {
      "base_rate": 0.6095238095238096,
      "baseline_brier": 0.23800453514739228,
      "baseline_hit_rate": 0.6095238095238096,
      "brier": 0.24882070005620896,
      "display_ready": true,
      "ece": null,
      "hit_rate": 0.6095238095238096,
      "logloss": 0.6907887999927856,
      "n": 105
    },
    "1h": {
      "base_rate": 0.5168776371308017,
      "baseline_brier": 0.24971514536488099,
      "baseline_hit_rate": 0.5168776371308017,
      "brier": 0.25024507102046506,
      "display_ready": true,
      "ece": null,
      "hit_rate": 0.5168776371308017,
      "logloss": 0.6936376579343267,
      "n": 474
    },
    "24h": {
      "base_rate": 0.6538461538461539,
      "baseline_brier": 0.22633136094674555,
      "baseline_hit_rate": 0.6538461538461539,
      "brier": 0.24764269128090624,
      "display_ready": true,
      "ece": null,
      "hit_rate": 0.6538461538461539,
      "logloss": 0.6884307590629929,
      "n": 52
    },
    "4h": {
      "base_rate": 0.5381944444444444,
      "baseline_brier": 0.24854118441358025,
      "baseline_hit_rate": 0.5381944444444444,
      "brier": 0.24972372993565026,
      "display_ready": true,
      "ece": null,
      "hit_rate": 0.5381944444444444,
      "logloss": 0.6925943320018114,
      "n": 288
    }
  },
  "by_model_version": {
    "v0.1.0-baseline-shadow": {
      "base_rate": 0.5418933623503809,
      "baseline_brier": 0.24824494619097967,
      "baseline_hit_rate": 0.5418933623503809,
      "brier": 0.2497716989528583,
      "display_ready": true,
      "ece": null,
      "hit_rate": 0.5418933623503809,
      "logloss": 0.6926905777452782,
      "n": 919
    }
  },
  "generated_at": "2026-06-19T12:18:55Z",
  "global": {
    "base_rate": 0.5418933623503809,
    "baseline_brier": 0.24824494619097967,
    "baseline_hit_rate": 0.5418933623503809,
    "brier": 0.2497716989528583,
    "display_ready": true,
    "ece": null,
    "hit_rate": 0.5418933623503809,
    "logloss": 0.6926905777452782,
    "n": 919
  },
  "metrics_version": "metrics-v0.1.0",
  "min_n_display": 20,
  "rolling": {
    "30d": {
      "base_rate": 0.5418933623503809,
      "baseline_brier": 0.24824494619097967,
      "baseline_hit_rate": 0.5418933623503809,
      "brier": 0.2497716989528583,
      "display_ready": true,
      "ece": null,
      "hit_rate": 0.5418933623503809,
      "logloss": 0.6926905777452782,
      "n": 919
    },
    "7d": {
      "base_rate": 0.6761904761904762,
      "baseline_brier": 0.21895691609977325,
      "baseline_hit_rate": 0.6761904761904762,
      "brier": 0.24814062350200752,
      "display_ready": true,
      "ece": null,
      "hit_rate": 0.6761904761904762,
      "logloss": 0.6894282071723077,
      "n": 105
    },
    "90d": {
      "base_rate": 0.5418933623503809,
      "baseline_brier": 0.24824494619097967,
      "baseline_hit_rate": 0.5418933623503809,
      "brier": 0.2497716989528583,
      "display_ready": true,
      "ece": null,
      "hit_rate": 0.5418933623503809,
      "logloss": 0.6926905777452782,
      "n": 919
    }
  },
  "schema_version": "1",
  "total_forecasts": 923,
  "total_resolved": 919
}
