{
  "by_horizon": {
    "12h": {
      "base_rate": 0.5789473684210527,
      "baseline_brier": 0.24376731301939059,
      "baseline_hit_rate": 0.5789473684210527,
      "brier": 0.2494074356441332,
      "display_ready": true,
      "ece": null,
      "hit_rate": 0.5789473684210527,
      "logloss": 0.6919626239282919,
      "n": 95
    },
    "1h": {
      "base_rate": 0.5145413870246085,
      "baseline_brier": 0.24978854806340053,
      "baseline_hit_rate": 0.5145413870246085,
      "brier": 0.2502705437210621,
      "display_ready": true,
      "ece": null,
      "hit_rate": 0.5145413870246085,
      "logloss": 0.6936886647379338,
      "n": 447
    },
    "24h": {
      "base_rate": 0.6382978723404256,
      "baseline_brier": 0.23087369850611136,
      "baseline_hit_rate": 0.6382978723404256,
      "brier": 0.24820717047495747,
      "display_ready": true,
      "ece": null,
      "hit_rate": 0.6382978723404256,
      "logloss": 0.6895598469006999,
      "n": 47
    },
    "4h": {
      "base_rate": 0.5280898876404494,
      "baseline_brier": 0.24921095821234693,
      "baseline_hit_rate": 0.5280898876404494,
      "brier": 0.2496977546059346,
      "display_ready": true,
      "ece": null,
      "hit_rate": 0.5280898876404494,
      "logloss": 0.6925421501505337,
      "n": 267
    }
  },
  "by_model_version": {
    "v0.1.0-baseline-shadow": {
      "base_rate": 0.5327102803738317,
      "baseline_brier": 0.2489300375578653,
      "baseline_hit_rate": 0.5327102803738317,
      "brier": 0.24988280014207356,
      "display_ready": true,
      "ece": null,
      "hit_rate": 0.5327102803738317,
      "logloss": 0.6929127912448243,
      "n": 856
    }
  },
  "generated_at": "2026-06-14T20:00:07Z",
  "global": {
    "base_rate": 0.5327102803738317,
    "baseline_brier": 0.2489300375578653,
    "baseline_hit_rate": 0.5327102803738317,
    "brier": 0.24988280014207356,
    "display_ready": true,
    "ece": null,
    "hit_rate": 0.5327102803738317,
    "logloss": 0.6929127912448243,
    "n": 856
  },
  "metrics_version": "metrics-v0.1.0",
  "min_n_display": 20,
  "rolling": {
    "30d": {
      "base_rate": 0.5327102803738317,
      "baseline_brier": 0.2489300375578653,
      "baseline_hit_rate": 0.5327102803738317,
      "brier": 0.24988280014207356,
      "display_ready": true,
      "ece": null,
      "hit_rate": 0.5327102803738317,
      "logloss": 0.6929127912448243,
      "n": 856
    },
    "7d": {
      "base_rate": 0.5327102803738317,
      "baseline_brier": 0.2489300375578653,
      "baseline_hit_rate": 0.5327102803738317,
      "brier": 0.24988280014207356,
      "display_ready": true,
      "ece": null,
      "hit_rate": 0.5327102803738317,
      "logloss": 0.6929127912448243,
      "n": 856
    },
    "90d": {
      "base_rate": 0.5327102803738317,
      "baseline_brier": 0.2489300375578653,
      "baseline_hit_rate": 0.5327102803738317,
      "brier": 0.24988280014207356,
      "display_ready": true,
      "ece": null,
      "hit_rate": 0.5327102803738317,
      "logloss": 0.6929127912448243,
      "n": 856
    }
  },
  "schema_version": "1",
  "total_forecasts": 860,
  "total_resolved": 856
}
