{
  "by_horizon": {
    "12h": {
      "base_rate": 0.56,
      "baseline_brier": 0.2464,
      "baseline_hit_rate": 0.56,
      "brier": 0.24953057345152038,
      "display_ready": true,
      "ece": null,
      "hit_rate": 0.56,
      "logloss": 0.6922088005845274,
      "n": 150
    },
    "1h": {
      "base_rate": 0.5289747399702823,
      "baseline_brier": 0.2491604644436545,
      "baseline_hit_rate": 0.5289747399702823,
      "brier": 0.25022004982047313,
      "display_ready": true,
      "ece": null,
      "hit_rate": 0.5289747399702823,
      "logloss": 0.693587920528286,
      "n": 673
    },
    "24h": {
      "base_rate": 0.64,
      "baseline_brier": 0.23040000000000002,
      "baseline_hit_rate": 0.64,
      "brier": 0.2482881720418367,
      "display_ready": true,
      "ece": null,
      "hit_rate": 0.64,
      "logloss": 0.6897225271142554,
      "n": 75
    },
    "4h": {
      "base_rate": 0.5423728813559322,
      "baseline_brier": 0.24820453892559607,
      "baseline_hit_rate": 0.5423728813559322,
      "brier": 0.24995977480042633,
      "display_ready": true,
      "ece": null,
      "hit_rate": 0.5423728813559322,
      "logloss": 0.6930670035019859,
      "n": 413
    }
  },
  "by_model_version": {
    "v0.1.0-baseline-shadow": {
      "base_rate": 0.5430968726163234,
      "baseline_brier": 0.24814265957069243,
      "baseline_hit_rate": 0.5430968726163234,
      "brier": 0.2499486494604274,
      "display_ready": true,
      "ece": null,
      "hit_rate": 0.5430968726163234,
      "logloss": 0.6930448913677383,
      "n": 1311
    }
  },
  "generated_at": "2026-07-12T06:47:46Z",
  "global": {
    "base_rate": 0.5430968726163234,
    "baseline_brier": 0.24814265957069243,
    "baseline_hit_rate": 0.5430968726163234,
    "brier": 0.2499486494604274,
    "display_ready": true,
    "ece": null,
    "hit_rate": 0.5430968726163234,
    "logloss": 0.6930448913677383,
    "n": 1311
  },
  "metrics_version": "metrics-v0.1.0",
  "min_n_display": 20,
  "rolling": {
    "30d": {
      "base_rate": 0.5688622754491018,
      "baseline_brier": 0.24525798701997203,
      "baseline_hit_rate": 0.5688622754491018,
      "brier": 0.24997070924610262,
      "display_ready": true,
      "ece": null,
      "hit_rate": 0.5688622754491018,
      "logloss": 0.693089651640072,
      "n": 501
    },
    "7d": {
      "base_rate": 0.4523809523809524,
      "baseline_brier": 0.24773242630385492,
      "baseline_hit_rate": 0.5476190476190477,
      "brier": 0.251411899449747,
      "display_ready": true,
      "ece": null,
      "hit_rate": 0.4523809523809524,
      "logloss": 0.6959720438953131,
      "n": 126
    },
    "90d": {
      "base_rate": 0.5430968726163234,
      "baseline_brier": 0.24814265957069243,
      "baseline_hit_rate": 0.5430968726163234,
      "brier": 0.2499486494604274,
      "display_ready": true,
      "ece": null,
      "hit_rate": 0.5430968726163234,
      "logloss": 0.6930448913677383,
      "n": 1311
    }
  },
  "schema_version": "1",
  "total_forecasts": 1315,
  "total_resolved": 1311
}
