{
  "by_horizon": {
    "12h": {
      "base_rate": 0.574468085106383,
      "baseline_brier": 0.24445450430058852,
      "baseline_hit_rate": 0.574468085106383,
      "brier": 0.2493282624945948,
      "display_ready": true,
      "ece": null,
      "hit_rate": 0.574468085106383,
      "logloss": 0.6918040248713782,
      "n": 141
    },
    "1h": {
      "base_rate": 0.5302547770700637,
      "baseline_brier": 0.24908464846444076,
      "baseline_hit_rate": 0.5302547770700637,
      "brier": 0.2501230958369764,
      "display_ready": true,
      "ece": null,
      "hit_rate": 0.5302547770700637,
      "logloss": 0.6933939849736993,
      "n": 628
    },
    "24h": {
      "base_rate": 0.6714285714285714,
      "baseline_brier": 0.2206122448979592,
      "baseline_hit_rate": 0.6714285714285714,
      "brier": 0.24792540661556606,
      "display_ready": true,
      "ece": null,
      "hit_rate": 0.6714285714285714,
      "logloss": 0.6889968115631677,
      "n": 70
    },
    "4h": {
      "base_rate": 0.5452196382428941,
      "baseline_brier": 0.2479551843171818,
      "baseline_hit_rate": 0.5452196382428941,
      "brier": 0.2499551811735244,
      "display_ready": true,
      "ece": null,
      "hit_rate": 0.5452196382428941,
      "logloss": 0.6930578383177927,
      "n": 387
    }
  },
  "by_model_version": {
    "v0.1.0-baseline-shadow": {
      "base_rate": 0.5481239804241436,
      "baseline_brier": 0.24768408250813664,
      "baseline_hit_rate": 0.5481239804241436,
      "brier": 0.2498531996530201,
      "display_ready": true,
      "ece": null,
      "hit_rate": 0.5481239804241436,
      "logloss": 0.6928539562061623,
      "n": 1226
    }
  },
  "generated_at": "2026-07-07T15:48:43Z",
  "global": {
    "base_rate": 0.5481239804241436,
    "baseline_brier": 0.24768408250813664,
    "baseline_hit_rate": 0.5481239804241436,
    "brier": 0.2498531996530201,
    "display_ready": true,
    "ece": null,
    "hit_rate": 0.5481239804241436,
    "logloss": 0.6928539562061623,
    "n": 1226
  },
  "metrics_version": "metrics-v0.1.0",
  "min_n_display": 20,
  "rolling": {
    "30d": {
      "base_rate": 0.5481239804241436,
      "baseline_brier": 0.24768408250813664,
      "baseline_hit_rate": 0.5481239804241436,
      "brier": 0.2498531996530201,
      "display_ready": true,
      "ece": null,
      "hit_rate": 0.5481239804241436,
      "logloss": 0.6928539562061623,
      "n": 1226
    },
    "7d": {
      "base_rate": 0.5655737704918032,
      "baseline_brier": 0.24570008062348833,
      "baseline_hit_rate": 0.5655737704918032,
      "brier": 0.25011285158806185,
      "display_ready": true,
      "ece": null,
      "hit_rate": 0.5655737704918032,
      "logloss": 0.6933742374065477,
      "n": 122
    },
    "90d": {
      "base_rate": 0.5481239804241436,
      "baseline_brier": 0.24768408250813664,
      "baseline_hit_rate": 0.5481239804241436,
      "brier": 0.2498531996530201,
      "display_ready": true,
      "ece": null,
      "hit_rate": 0.5481239804241436,
      "logloss": 0.6928539562061623,
      "n": 1226
    }
  },
  "schema_version": "1",
  "total_forecasts": 1230,
  "total_resolved": 1226
}
