{
  "by_direction": {
    "down": {
      "always_down_rate": 0.4561643835616438,
      "always_up_rate": 0.5438356164383562,
      "base_rate": 0.45616438356164385,
      "baseline_brier": 0.24807843873146931,
      "baseline_hit_rate": 0.5438356164383562,
      "brier": 0.2509429299332443,
      "display_ready": true,
      "ece": null,
      "expectancy_bps": 4.92761426183336,
      "expectancy_maker_2bps": 2.92761426183336,
      "expectancy_taker_10bps": -5.07238573816664,
      "hit_down": 0.45616438356164385,
      "hit_rate": 0.45616438356164385,
      "hit_up": null,
      "logloss": 0.6950335635215295,
      "n": 730,
      "n_down": 730,
      "n_up": 0,
      "vs_majority_pp": -0.08767123287671236
    },
    "up": {
      "always_down_rate": 0.37926829268292683,
      "always_up_rate": 0.6207317073170732,
      "base_rate": 0.6207317073170732,
      "baseline_brier": 0.2354238548483046,
      "baseline_hit_rate": 0.6207317073170732,
      "brier": 0.24900830687311168,
      "display_ready": true,
      "ece": null,
      "expectancy_bps": 14.402453323334115,
      "expectancy_maker_2bps": 12.402453323334113,
      "expectancy_taker_10bps": 4.402453323334114,
      "hit_down": null,
      "hit_rate": 0.6207317073170732,
      "hit_up": 0.6207317073170732,
      "logloss": 0.69116385876222,
      "n": 820,
      "n_down": 0,
      "n_up": 820,
      "vs_majority_pp": 0.0
    }
  },
  "by_horizon": {
    "12h": {
      "always_down_rate": 0.480225988700565,
      "always_up_rate": 0.519774011299435,
      "base_rate": 0.5706214689265536,
      "baseline_brier": 0.2450126081266558,
      "baseline_hit_rate": 0.5706214689265536,
      "brier": 0.24935079605949775,
      "display_ready": true,
      "ece": null,
      "expectancy_bps": 24.80229155345435,
      "expectancy_maker_2bps": 22.80229155345435,
      "expectancy_taker_10bps": 14.80229155345435,
      "hit_down": 0.550561797752809,
      "hit_rate": 0.5706214689265536,
      "hit_up": 0.5909090909090909,
      "logloss": 0.6918477930640936,
      "n": 177,
      "n_down": 89,
      "n_up": 88,
      "vs_majority_pp": 0.05084745762711862
    },
    "1h": {
      "always_down_rate": 0.3827930174563591,
      "always_up_rate": 0.6172069825436409,
      "base_rate": 0.5261845386533666,
      "baseline_brier": 0.24931436993551034,
      "baseline_hit_rate": 0.5261845386533666,
      "brier": 0.2501282726937885,
      "display_ready": true,
      "ece": null,
      "expectancy_bps": 3.467738473804716,
      "expectancy_maker_2bps": 1.467738473804716,
      "expectancy_taker_10bps": -6.532261526195284,
      "hit_down": 0.39944903581267216,
      "hit_rate": 0.5261845386533666,
      "hit_up": 0.6309794988610479,
      "logloss": 0.693404286655404,
      "n": 802,
      "n_down": 363,
      "n_up": 439,
      "vs_majority_pp": -0.09102244389027436
    },
    "24h": {
      "always_down_rate": 0.5,
      "always_up_rate": 0.5,
      "base_rate": 0.625,
      "baseline_brier": 0.234375,
      "baseline_hit_rate": 0.625,
      "brier": 0.24896676328101125,
      "display_ready": true,
      "ece": null,
      "expectancy_bps": 54.73498298085394,
      "expectancy_maker_2bps": 52.73498298085395,
      "expectancy_taker_10bps": 44.73498298085394,
      "hit_down": 0.6222222222222222,
      "hit_rate": 0.625,
      "hit_up": 0.627906976744186,
      "logloss": 0.691080348313875,
      "n": 88,
      "n_down": 45,
      "n_up": 43,
      "vs_majority_pp": 0.125
    },
    "4h": {
      "always_down_rate": 0.43064182194616973,
      "always_up_rate": 0.5693581780538303,
      "base_rate": 0.546583850931677,
      "baseline_brier": 0.24782994483237528,
      "baseline_hit_rate": 0.546583850931677,
      "brier": 0.24995467850008582,
      "display_ready": true,
      "ece": null,
      "expectancy_bps": 7.07941981988484,
      "expectancy_maker_2bps": 5.07941981988484,
      "expectancy_taker_10bps": -2.9205801801151607,
      "hit_down": 0.47639484978540775,
      "hit_rate": 0.546583850931677,
      "hit_up": 0.612,
      "logloss": 0.6930569309195388,
      "n": 483,
      "n_down": 233,
      "n_up": 250,
      "vs_majority_pp": -0.022774327122153215
    }
  },
  "by_model_version": {
    "v0.1.0-baseline-shadow": {
      "always_down_rate": 0.4151554404145078,
      "always_up_rate": 0.5848445595854922,
      "base_rate": 0.5433937823834197,
      "baseline_brier": 0.2481169796504604,
      "baseline_hit_rate": 0.5433937823834197,
      "brier": 0.24992945732454336,
      "display_ready": true,
      "ece": null,
      "expectancy_bps": 9.962796339251252,
      "expectancy_maker_2bps": 7.962796339251252,
      "expectancy_taker_10bps": -0.03720366074874866,
      "hit_down": 0.45604395604395603,
      "hit_rate": 0.5433937823834197,
      "hit_up": 0.6213235294117647,
      "logloss": 0.693006533107891,
      "n": 1544,
      "n_down": 728,
      "n_up": 816,
      "vs_majority_pp": -0.041450777202072464
    },
    "v0.2.0-shadow-policy24": {
      "always_down_rate": 0.5,
      "always_up_rate": 0.5,
      "base_rate": 0.5,
      "baseline_brier": 0.25,
      "baseline_hit_rate": 0.5,
      "brier": 0.2473447296875,
      "display_ready": false,
      "ece": null,
      "expectancy_bps": 4.102098078065507,
      "expectancy_maker_2bps": 2.1020980780655067,
      "expectancy_taker_10bps": -5.897901921934493,
      "hit_down": 0.5,
      "hit_rate": 0.5,
      "hit_up": 0.5,
      "logloss": 0.6877964061922149,
      "n": 6,
      "n_down": 2,
      "n_up": 4,
      "vs_majority_pp": 0.0
    }
  },
  "by_regime": {
    "bear": {
      "always_down_rate": 0.3529411764705882,
      "always_up_rate": 0.6470588235294118,
      "base_rate": 0.35294117647058826,
      "baseline_brier": 0.2283737024221453,
      "baseline_hit_rate": 0.6470588235294117,
      "brier": 0.2531080695303725,
      "display_ready": false,
      "ece": null,
      "expectancy_bps": -3.52803521283918,
      "expectancy_maker_2bps": -5.52803521283918,
      "expectancy_taker_10bps": -13.52803521283918,
      "hit_down": 0.35294117647058826,
      "hit_rate": 0.35294117647058826,
      "hit_up": null,
      "logloss": 0.6993670907540178,
      "n": 17,
      "n_down": 17,
      "n_up": 0,
      "vs_majority_pp": -0.29411764705882354
    },
    "bull": {
      "always_down_rate": 0.6153846153846154,
      "always_up_rate": 0.38461538461538464,
      "base_rate": 0.38461538461538464,
      "baseline_brier": 0.2366863905325444,
      "baseline_hit_rate": 0.6153846153846154,
      "brier": 0.2510478583894247,
      "display_ready": false,
      "ece": null,
      "expectancy_bps": -19.504867949320772,
      "expectancy_maker_2bps": -21.504867949320772,
      "expectancy_taker_10bps": -29.504867949320772,
      "hit_down": null,
      "hit_rate": 0.38461538461538464,
      "hit_up": 0.38461538461538464,
      "logloss": 0.6952437136485445,
      "n": 13,
      "n_down": 0,
      "n_up": 13,
      "vs_majority_pp": -0.23076923076923078
    },
    "chop": {
      "always_down_rate": 0.8181818181818181,
      "always_up_rate": 0.18181818181818182,
      "base_rate": 0.6363636363636364,
      "baseline_brier": 0.23140495867768596,
      "baseline_hit_rate": 0.6363636363636364,
      "brier": 0.2451876192824862,
      "display_ready": false,
      "ece": null,
      "expectancy_bps": 27.81181480325364,
      "expectancy_maker_2bps": 25.811814803253636,
      "expectancy_taker_10bps": 17.81181480325364,
      "hit_down": 0.7777777777777778,
      "hit_rate": 0.6363636363636364,
      "hit_up": 0.0,
      "logloss": 0.6834942153151965,
      "n": 11,
      "n_down": 9,
      "n_up": 2,
      "vs_majority_pp": -0.18181818181818177
    },
    "unknown": {
      "always_down_rate": 0.411530815109344,
      "always_up_rate": 0.588469184890656,
      "base_rate": 0.5460569913850232,
      "baseline_brier": 0.2478787535445599,
      "baseline_hit_rate": 0.5460569913850232,
      "brier": 0.2499083017455492,
      "display_ready": true,