{
  "by_horizon": {
    "12h": {
      "base_rate": 0.5688622754491018,
      "baseline_brier": 0.245257987019972,
      "baseline_hit_rate": 0.5688622754491018,
      "brier": 0.24953635107282815,
      "display_ready": true,
      "ece": null,
      "hit_rate": 0.5688622754491018,
      "logloss": 0.6922203846087213,
      "n": 167
    },
    "1h": {
      "base_rate": 0.5265200517464425,
      "baseline_brier": 0.24929668685536602,
      "baseline_hit_rate": 0.5265200517464425,
      "brier": 0.25017536991847156,
      "display_ready": true,
      "ece": null,
      "hit_rate": 0.5265200517464425,
      "logloss": 0.6934985276066417,
      "n": 773
    },
    "24h": {
      "base_rate": 0.6265060240963856,
      "baseline_brier": 0.23399622586732471,
      "baseline_hit_rate": 0.6265060240963856,
      "brier": 0.2489736464192586,
      "display_ready": true,
      "ece": null,
      "hit_rate": 0.6265060240963856,
      "logloss": 0.691094081744704,
      "n": 83
    },
    "4h": {
      "base_rate": 0.5440860215053763,
      "baseline_brier": 0.2480564227078275,
      "baseline_hit_rate": 0.5440860215053763,
      "brier": 0.2500562858253891,
      "display_ready": true,
      "ece": null,
      "hit_rate": 0.5440860215053763,
      "logloss": 0.6932602064256118,
      "n": 465
    }
  },
  "by_model_version": {
    "v0.1.0-baseline-shadow": {
      "base_rate": 0.5423387096774194,
      "baseline_brier": 0.2482074336628512,
      "baseline_hit_rate": 0.5423387096774194,
      "brier": 0.24999940667859222,
      "display_ready": true,
      "ece": null,
      "hit_rate": 0.5423387096774194,
      "logloss": 0.6931464857811226,
      "n": 1488
    }
  },
  "generated_at": "2026-07-20T23:26:52Z",
  "global": {
    "base_rate": 0.5423387096774194,
    "baseline_brier": 0.2482074336628512,
    "baseline_hit_rate": 0.5423387096774194,
    "brier": 0.24999940667859222,
    "display_ready": true,
    "ece": null,
    "hit_rate": 0.5423387096774194,
    "logloss": 0.6931464857811226,
    "n": 1488
  },
  "metrics_version": "metrics-v0.1.0",
  "min_n_display": 20,
  "rolling": {
    "30d": {
      "base_rate": 0.53125,
      "baseline_brier": 0.2490234375,
      "baseline_hit_rate": 0.53125,
      "brier": 0.2505096883711769,
      "display_ready": true,
      "ece": null,
      "hit_rate": 0.53125,
      "logloss": 0.6941679058236498,
      "n": 544
    },
    "7d": {
      "base_rate": 0.5347222222222222,
      "baseline_brier": 0.2487943672839506,
      "baseline_hit_rate": 0.5347222222222222,
      "brier": 0.25046034433553244,
      "display_ready": true,
      "ece": null,
      "hit_rate": 0.5347222222222222,
      "logloss": 0.6940691468084704,
      "n": 144
    },
    "90d": {
      "base_rate": 0.5423387096774194,
      "baseline_brier": 0.2482074336628512,
      "baseline_hit_rate": 0.5423387096774194,
      "brier": 0.24999940667859222,
      "display_ready": true,
      "ece": null,
      "hit_rate": 0.5423387096774194,
      "logloss": 0.6931464857811226,
      "n": 1488
    }
  },
  "schema_version": "1",
  "total_forecasts": 1492,
  "total_resolved": 1488
}
