{
  "by_horizon": {
    "12h": {
      "base_rate": 0.5696969696969697,
      "baseline_brier": 0.24514233241505967,
      "baseline_hit_rate": 0.5696969696969697,
      "brier": 0.24952416591871018,
      "display_ready": true,
      "ece": null,
      "hit_rate": 0.5696969696969697,
      "logloss": 0.6921960202407073,
      "n": 165
    },
    "1h": {
      "base_rate": 0.5282522996057819,
      "baseline_brier": 0.24920180756698515,
      "baseline_hit_rate": 0.5282522996057819,
      "brier": 0.2501559377172838,
      "display_ready": true,
      "ece": null,
      "hit_rate": 0.5282522996057819,
      "logloss": 0.693459664097563,
      "n": 761
    },
    "24h": {
      "base_rate": 0.6341463414634146,
      "baseline_brier": 0.23200475907198095,
      "baseline_hit_rate": 0.6341463414634146,
      "brier": 0.2488377425425799,
      "display_ready": true,
      "ece": null,
      "hit_rate": 0.6341463414634146,
      "logloss": 0.690822236025332,
      "n": 82
    },
    "4h": {
      "base_rate": 0.5446623093681917,
      "baseline_brier": 0.24800527812189996,
      "baseline_hit_rate": 0.5446623093681917,
      "brier": 0.25006499218216716,
      "display_ready": true,
      "ece": null,
      "hit_rate": 0.5446623093681917,
      "logloss": 0.6932776271010784,
      "n": 459
    }
  },
  "by_model_version": {
    "v0.1.0-baseline-shadow": {
      "base_rate": 0.5439672801635992,
      "baseline_brier": 0.24806687827501558,
      "baseline_hit_rate": 0.5439672801635992,
      "brier": 0.24998274184018165,
      "display_ready": true,
      "ece": null,
      "hit_rate": 0.5439672801635992,
      "logloss": 0.6931131574038406,
      "n": 1467
    }
  },
  "generated_at": "2026-07-19T21:03:34Z",
  "global": {
    "base_rate": 0.5439672801635992,
    "baseline_brier": 0.24806687827501558,
    "baseline_hit_rate": 0.5439672801635992,
    "brier": 0.24998274184018165,
    "display_ready": true,
    "ece": null,
    "hit_rate": 0.5439672801635992,
    "logloss": 0.6931131574038406,
    "n": 1467
  },
  "metrics_version": "metrics-v0.1.0",
  "min_n_display": 20,
  "rolling": {
    "30d": {
      "base_rate": 0.5488029465930019,
      "baseline_brier": 0.2476182724038406,
      "baseline_hit_rate": 0.5488029465930019,
      "brier": 0.25031576703226593,
      "display_ready": true,
      "ece": null,
      "hit_rate": 0.5488029465930019,
      "logloss": 0.693780043380033,
      "n": 543
    },
    "7d": {
      "base_rate": 0.5555555555555556,
      "baseline_brier": 0.2469135802469136,
      "baseline_hit_rate": 0.5555555555555556,
      "brier": 0.2502428392776101,
      "display_ready": true,
      "ece": null,
      "hit_rate": 0.5555555555555556,
      "logloss": 0.6936341318642784,
      "n": 144
    },
    "90d": {
      "base_rate": 0.5439672801635992,
      "baseline_brier": 0.24806687827501558,
      "baseline_hit_rate": 0.5439672801635992,
      "brier": 0.24998274184018165,
      "display_ready": true,
      "ece": null,
      "hit_rate": 0.5439672801635992,
      "logloss": 0.6931131574038406,
      "n": 1467
    }
  },
  "schema_version": "1",
  "total_forecasts": 1469,
  "total_resolved": 1467
}
