{
  "by_horizon": {
    "12h": {
      "base_rate": 0.5705128205128205,
      "baseline_brier": 0.2450279421433268,
      "baseline_hit_rate": 0.5705128205128205,
      "brier": 0.24937713669832595,
      "display_ready": true,
      "ece": null,
      "hit_rate": 0.5705128205128205,
      "logloss": 0.691901774659044,
      "n": 156
    },
    "1h": {
      "base_rate": 0.5284090909090909,
      "baseline_brier": 0.24919292355371903,
      "baseline_hit_rate": 0.5284090909090909,
      "brier": 0.2501811300318558,
      "display_ready": true,
      "ece": null,
      "hit_rate": 0.5284090909090909,
      "logloss": 0.6935100737668215,
      "n": 704
    },
    "24h": {
      "base_rate": 0.6410256410256411,
      "baseline_brier": 0.23011176857330704,
      "baseline_hit_rate": 0.6410256410256411,
      "brier": 0.24844416327997038,
      "display_ready": true,
      "ece": null,
      "hit_rate": 0.6410256410256411,
      "logloss": 0.6900345780134044,
      "n": 78
    },
    "4h": {
      "base_rate": 0.5395348837209303,
      "baseline_brier": 0.24843699296917254,
      "baseline_hit_rate": 0.5395348837209303,
      "brier": 0.25003351549716224,
      "display_ready": true,
      "ece": null,
      "hit_rate": 0.5395348837209303,
      "logloss": 0.6932145767656688,
      "n": 430
    }
  },
  "by_model_version": {
    "v0.1.0-baseline-shadow": {
      "base_rate": 0.5431286549707602,
      "baseline_brier": 0.24813991912041314,
      "baseline_hit_rate": 0.5431286549707602,
      "brier": 0.24994400969808683,
      "display_ready": true,
      "ece": null,
      "hit_rate": 0.5431286549707602,
      "logloss": 0.693035624176123,
      "n": 1368
    }
  },
  "generated_at": "2026-07-15T00:01:29Z",
  "global": {
    "base_rate": 0.5431286549707602,
    "baseline_brier": 0.24813991912041314,
    "baseline_hit_rate": 0.5431286549707602,
    "brier": 0.24994400969808683,
    "display_ready": true,
    "ece": null,
    "hit_rate": 0.5431286549707602,
    "logloss": 0.693035624176123,
    "n": 1368
  },
  "metrics_version": "metrics-v0.1.0",
  "min_n_display": 20,
  "rolling": {
    "30d": {
      "base_rate": 0.5627450980392157,
      "baseline_brier": 0.24606305267204923,
      "baseline_hit_rate": 0.5627450980392157,
      "brier": 0.2500199297324217,
      "display_ready": true,
      "ece": null,
      "hit_rate": 0.5627450980392157,
      "logloss": 0.6931881557717102,
      "n": 510
    },
    "7d": {
      "base_rate": 0.5109489051094891,
      "baseline_brier": 0.2498801214769034,
      "baseline_hit_rate": 0.5109489051094891,
      "brier": 0.25060693911236614,
      "display_ready": true,
      "ece": null,
      "hit_rate": 0.5109489051094891,
      "logloss": 0.6943618907129998,
      "n": 137
    },
    "90d": {
      "base_rate": 0.5431286549707602,
      "baseline_brier": 0.24813991912041314,
      "baseline_hit_rate": 0.5431286549707602,
      "brier": 0.24994400969808683,
      "display_ready": true,
      "ece": null,
      "hit_rate": 0.5431286549707602,
      "logloss": 0.693035624176123,
      "n": 1368
    }
  },
  "schema_version": "1",
  "total_forecasts": 1368,
  "total_resolved": 1368
}
