{
  "by_horizon": {
    "12h": {
      "base_rate": 0.5806451612903226,
      "baseline_brier": 0.24349635796045785,
      "baseline_hit_rate": 0.5806451612903226,
      "brier": 0.24918670066282286,
      "display_ready": true,
      "ece": null,
      "hit_rate": 0.5806451612903226,
      "logloss": 0.6915209994721604,
      "n": 124
    },
    "1h": {
      "base_rate": 0.5197841726618705,
      "baseline_brier": 0.2496085865120853,
      "baseline_hit_rate": 0.5197841726618705,
      "brier": 0.2502331033696718,
      "display_ready": true,
      "ece": null,
      "hit_rate": 0.5197841726618705,
      "logloss": 0.693613937980011,
      "n": 556
    },
    "24h": {
      "base_rate": 0.6612903225806451,
      "baseline_brier": 0.22398543184183142,
      "baseline_hit_rate": 0.6612903225806451,
      "brier": 0.2480316454183736,
      "display_ready": true,
      "ece": null,
      "hit_rate": 0.6612903225806451,
      "logloss": 0.6892092046409473,
      "n": 62
    },
    "4h": {
      "base_rate": 0.5497076023391813,
      "baseline_brier": 0.24752915426968983,
      "baseline_hit_rate": 0.5497076023391813,
      "brier": 0.24973420823733555,
      "display_ready": true,
      "ece": null,
      "hit_rate": 0.5497076023391813,
      "logloss": 0.6926156612805443,
      "n": 342
    }
  },
  "by_model_version": {
    "v0.1.0-baseline-shadow": {
      "base_rate": 0.544280442804428,
      "baseline_brier": 0.24803924238504377,
      "baseline_hit_rate": 0.544280442804428,
      "brier": 0.249830090026601,
      "display_ready": true,
      "ece": null,
      "hit_rate": 0.544280442804428,
      "logloss": 0.6928076386504787,
      "n": 1084
    }
  },
  "generated_at": "2026-06-29T09:59:53Z",
  "global": {
    "base_rate": 0.544280442804428,
    "baseline_brier": 0.24803924238504377,
    "baseline_hit_rate": 0.544280442804428,
    "brier": 0.249830090026601,
    "display_ready": true,
    "ece": null,
    "hit_rate": 0.544280442804428,
    "logloss": 0.6928076386504787,
    "n": 1084
  },
  "metrics_version": "metrics-v0.1.0",
  "min_n_display": 20,
  "rolling": {
    "30d": {
      "base_rate": 0.544280442804428,
      "baseline_brier": 0.24803924238504377,
      "baseline_hit_rate": 0.544280442804428,
      "brier": 0.249830090026601,
      "display_ready": true,
      "ece": null,
      "hit_rate": 0.544280442804428,
      "logloss": 0.6928076386504787,
      "n": 1084
    },
    "7d": {
      "base_rate": 0.4745762711864407,
      "baseline_brier": 0.24935363401321456,
      "baseline_hit_rate": 0.5254237288135593,
      "brier": 0.2511522235965333,
      "display_ready": true,
      "ece": null,
      "hit_rate": 0.4745762711864407,
      "logloss": 0.6954542384713611,
      "n": 118
    },
    "90d": {
      "base_rate": 0.544280442804428,
      "baseline_brier": 0.24803924238504377,
      "baseline_hit_rate": 0.544280442804428,
      "brier": 0.249830090026601,
      "display_ready": true,
      "ece": null,
      "hit_rate": 0.544280442804428,
      "logloss": 0.6928076386504787,
      "n": 1084
    }
  },
  "schema_version": "1",
  "total_forecasts": 1088,
  "total_resolved": 1084
}
