{
  "by_horizon": {
    "12h": {
      "base_rate": 0.5925925925925926,
      "baseline_brier": 0.2414266117969822,
      "baseline_hit_rate": 0.5925925925925926,
      "brier": 0.24892959871855813,
      "display_ready": true,
      "ece": null,
      "hit_rate": 0.5925925925925926,
      "logloss": 0.6910064990716093,
      "n": 135
    },
    "1h": {
      "base_rate": 0.5322314049586777,
      "baseline_brier": 0.24896113653438973,
      "baseline_hit_rate": 0.5322314049586777,
      "brier": 0.25012640664309593,
      "display_ready": true,
      "ece": null,
      "hit_rate": 0.5322314049586777,
      "logloss": 0.6934006214242766,
      "n": 605
    },
    "24h": {
      "base_rate": 0.6567164179104478,
      "baseline_brier": 0.2254399643573179,
      "baseline_hit_rate": 0.6567164179104478,
      "brier": 0.24813525013144686,
      "display_ready": true,
      "ece": null,
      "hit_rate": 0.6567164179104478,
      "logloss": 0.6894164860024029,
      "n": 67
    },
    "4h": {
      "base_rate": 0.5564516129032258,
      "baseline_brier": 0.24681321540062434,
      "baseline_hit_rate": 0.5564516129032258,
      "brier": 0.24980364493012294,
      "display_ready": true,
      "ece": null,
      "hit_rate": 0.5564516129032258,
      "logloss": 0.6927547025003168,
      "n": 372
    }
  },
  "by_model_version": {
    "v0.1.0-baseline-shadow": {
      "base_rate": 0.5538592027141646,
      "baseline_brier": 0.24709918628299454,
      "baseline_hit_rate": 0.5538592027141646,
      "brier": 0.24977437618226553,
      "display_ready": true,
      "ece": null,
      "hit_rate": 0.5538592027141646,
      "logloss": 0.6926962741549053,
      "n": 1179
    }
  },
  "generated_at": "2026-07-04T23:17:03Z",
  "global": {
    "base_rate": 0.5538592027141646,
    "baseline_brier": 0.24709918628299454,
    "baseline_hit_rate": 0.5538592027141646,
    "brier": 0.24977437618226553,
    "display_ready": true,
    "ece": null,
    "hit_rate": 0.5538592027141646,
    "logloss": 0.6926962741549053,
    "n": 1179
  },
  "metrics_version": "metrics-v0.1.0",
  "min_n_display": 20,
  "rolling": {
    "30d": {
      "base_rate": 0.5538592027141646,
      "baseline_brier": 0.24709918628299454,
      "baseline_hit_rate": 0.5538592027141646,
      "brier": 0.24977437618226553,
      "display_ready": true,
      "ece": null,
      "hit_rate": 0.5538592027141646,
      "logloss": 0.6926962741549053,
      "n": 1179
    },
    "7d": {
      "base_rate": 0.5867768595041323,
      "baseline_brier": 0.24246977665460012,
      "baseline_hit_rate": 0.5867768595041323,
      "brier": 0.249820389589132,
      "display_ready": true,
      "ece": null,
      "hit_rate": 0.5867768595041323,
      "logloss": 0.69278889099606,
      "n": 121
    },
    "90d": {
      "base_rate": 0.5538592027141646,
      "baseline_brier": 0.24709918628299454,
      "baseline_hit_rate": 0.5538592027141646,
      "brier": 0.24977437618226553,
      "display_ready": true,
      "ece": null,
      "hit_rate": 0.5538592027141646,
      "logloss": 0.6926962741549053,
      "n": 1179
    }
  },
  "schema_version": "1",
  "total_forecasts": 1183,
  "total_resolved": 1179
}
