{
  "by_horizon": {
    "12h": {
      "base_rate": 0.5714285714285714,
      "baseline_brier": 0.2448979591836735,
      "baseline_hit_rate": 0.5714285714285714,
      "brier": 0.2494561270107476,
      "display_ready": true,
      "ece": null,
      "hit_rate": 0.5714285714285714,
      "logloss": 0.6920599317219565,
      "n": 161
    },
    "1h": {
      "base_rate": 0.5258152173913043,
      "baseline_brier": 0.2493335745510397,
      "baseline_hit_rate": 0.5258152173913043,
      "brier": 0.25021600909084835,
      "display_ready": true,
      "ece": null,
      "hit_rate": 0.5258152173913043,
      "logloss": 0.693579834592915,
      "n": 736
    },
    "24h": {
      "base_rate": 0.6375,
      "baseline_brier": 0.23109375000000001,
      "baseline_hit_rate": 0.6375,
      "brier": 0.24876606971771062,
      "display_ready": true,
      "ece": null,
      "hit_rate": 0.6375,
      "logloss": 0.6906788537454258,
      "n": 80
    },
    "4h": {
      "base_rate": 0.5413870246085011,
      "baseline_brier": 0.24828711419405533,
      "baseline_hit_rate": 0.5413870246085011,
      "brier": 0.2500951002168853,
      "display_ready": true,
      "ece": null,
      "hit_rate": 0.5413870246085011,
      "logloss": 0.693337850916371,
      "n": 447
    }
  },
  "by_model_version": {
    "v0.1.0-baseline-shadow": {
      "base_rate": 0.5421348314606742,
      "baseline_brier": 0.24822465597778057,
      "baseline_hit_rate": 0.5421348314606742,
      "brier": 0.25001068434969054,
      "display_ready": true,
      "ece": null,
      "hit_rate": 0.5421348314606742,
      "logloss": 0.6931690554261744,
      "n": 1424
    }
  },
  "generated_at": "2026-07-17T23:10:37Z",
  "global": {
    "base_rate": 0.5421348314606742,
    "baseline_brier": 0.24822465597778057,
    "baseline_hit_rate": 0.5421348314606742,
    "brier": 0.25001068434969054,
    "display_ready": true,
    "ece": null,
    "hit_rate": 0.5421348314606742,
    "logloss": 0.6931690554261744,
    "n": 1424
  },
  "metrics_version": "metrics-v0.1.0",
  "min_n_display": 20,
  "rolling": {
    "30d": {
      "base_rate": 0.5444234404536862,
      "baseline_brier": 0.2480265579382578,
      "baseline_hit_rate": 0.5444234404536862,
      "brier": 0.25044311572279776,
      "display_ready": true,
      "ece": null,
      "hit_rate": 0.5444234404536862,
      "logloss": 0.694034880909736,
      "n": 529
    },
    "7d": {
      "base_rate": 0.5352112676056338,
      "baseline_brier": 0.24876016663360445,
      "baseline_hit_rate": 0.5352112676056338,
      "brier": 0.25074457486491736,
      "display_ready": true,
      "ece": null,
      "hit_rate": 0.5352112676056338,
      "logloss": 0.6946376853324605,
      "n": 142
    },
    "90d": {
      "base_rate": 0.5421348314606742,
      "baseline_brier": 0.24822465597778057,
      "baseline_hit_rate": 0.5421348314606742,
      "brier": 0.25001068434969054,
      "display_ready": true,
      "ece": null,
      "hit_rate": 0.5421348314606742,
      "logloss": 0.6931690554261744,
      "n": 1424
    }
  },
  "schema_version": "1",
  "total_forecasts": 1428,
  "total_resolved": 1424
}
