{
  "by_horizon": {
    "12h": {
      "base_rate": 0.5586206896551724,
      "baseline_brier": 0.24656361474435196,
      "baseline_hit_rate": 0.5586206896551724,
      "brier": 0.24951809525699065,
      "display_ready": true,
      "ece": null,
      "hit_rate": 0.5586206896551724,
      "logloss": 0.6921837973449548,
      "n": 145
    },
    "1h": {
      "base_rate": 0.5255813953488372,
      "baseline_brier": 0.24934559221200653,
      "baseline_hit_rate": 0.5255813953488372,
      "brier": 0.2502287047737988,
      "display_ready": true,
      "ece": null,
      "hit_rate": 0.5255813953488372,
      "logloss": 0.6936052475453138,
      "n": 645
    },
    "24h": {
      "base_rate": 0.6527777777777778,
      "baseline_brier": 0.22665895061728392,
      "baseline_hit_rate": 0.6527777777777778,
      "brier": 0.2482232263187979,
      "display_ready": true,
      "ece": null,
      "hit_rate": 0.6527777777777778,
      "logloss": 0.6895926033689225,
      "n": 72
    },
    "4h": {
      "base_rate": 0.5402010050251256,
      "baseline_brier": 0.24838387919496982,
      "baseline_hit_rate": 0.5402010050251256,
      "brier": 0.2499991169941059,
      "display_ready": true,
      "ece": null,
      "hit_rate": 0.5402010050251256,
      "logloss": 0.6931456959855725,
      "n": 398
    }
  },
  "by_model_version": {
    "v0.1.0-baseline-shadow": {
      "base_rate": 0.5412698412698412,
      "baseline_brier": 0.2482968002015621,
      "baseline_hit_rate": 0.5412698412698412,
      "brier": 0.24995980892854883,
      "display_ready": true,
      "ece": null,
      "hit_rate": 0.5412698412698412,
      "logloss": 0.6930672140687033,
      "n": 1260
    }
  },
  "generated_at": "2026-07-09T15:38:12Z",
  "global": {
    "base_rate": 0.5412698412698412,
    "baseline_brier": 0.2482968002015621,
    "baseline_hit_rate": 0.5412698412698412,
    "brier": 0.24995980892854883,
    "display_ready": true,
    "ece": null,
    "hit_rate": 0.5412698412698412,
    "logloss": 0.6930672140687033,
    "n": 1260
  },
  "metrics_version": "metrics-v0.1.0",
  "min_n_display": 20,
  "rolling": {
    "30d": {
      "base_rate": 0.5693877551020409,
      "baseline_brier": 0.2451853394418992,
      "baseline_hit_rate": 0.5693877551020409,
      "brier": 0.24980136168500147,
      "display_ready": true,
      "ece": null,
      "hit_rate": 0.5693877551020409,
      "logloss": 0.692750865134568,
      "n": 490
    },
    "7d": {
      "base_rate": 0.5040650406504065,
      "baseline_brier": 0.24998347544451052,
      "baseline_hit_rate": 0.5040650406504065,
      "brier": 0.2504376279965814,
      "display_ready": true,
      "ece": null,
      "hit_rate": 0.5040650406504065,
      "logloss": 0.6940230812915886,
      "n": 123
    },
    "90d": {
      "base_rate": 0.5412698412698412,
      "baseline_brier": 0.2482968002015621,
      "baseline_hit_rate": 0.5412698412698412,
      "brier": 0.24995980892854883,
      "display_ready": true,
      "ece": null,
      "hit_rate": 0.5412698412698412,
      "logloss": 0.6930672140687033,
      "n": 1260
    }
  },
  "schema_version": "1",
  "total_forecasts": 1264,
  "total_resolved": 1260
}
