{
  "by_horizon": {
    "12h": {
      "base_rate": 0.56875,
      "baseline_brier": 0.2452734375,
      "baseline_hit_rate": 0.56875,
      "brier": 0.2495168984660822,
      "display_ready": true,
      "ece": null,
      "hit_rate": 0.56875,
      "logloss": 0.6921814960673878,
      "n": 160
    },
    "1h": {
      "base_rate": 0.5267489711934157,
      "baseline_brier": 0.2492844925400938,
      "baseline_hit_rate": 0.5267489711934157,
      "brier": 0.25021233176458135,
      "display_ready": true,
      "ece": null,
      "hit_rate": 0.5267489711934157,
      "logloss": 0.6935724862264294,
      "n": 729
    },
    "24h": {
      "base_rate": 0.6375,
      "baseline_brier": 0.23109375000000001,
      "baseline_hit_rate": 0.6375,
      "brier": 0.24876606971771062,
      "display_ready": true,
      "ece": null,
      "hit_rate": 0.6375,
      "logloss": 0.6906788537454258,
      "n": 80
    },
    "4h": {
      "base_rate": 0.5427927927927928,
      "baseline_brier": 0.2481687768849931,
      "baseline_hit_rate": 0.5427927927927928,
      "brier": 0.2500587206214203,
      "display_ready": true,
      "ece": null,
      "hit_rate": 0.5427927927927928,
      "logloss": 0.693265069397034,
      "n": 444
    }
  },
  "by_model_version": {
    "v0.1.0-baseline-shadow": {
      "base_rate": 0.5428167020523709,
      "baseline_brier": 0.2481667300253585,
      "baseline_hit_rate": 0.5428167020523709,
      "brier": 0.2500034332231284,
      "display_ready": true,
      "ece": null,
      "hit_rate": 0.5428167020523709,
      "logloss": 0.6931545512680582,
      "n": 1413
    }
  },
  "generated_at": "2026-07-17T10:08:00Z",
  "global": {
    "base_rate": 0.5428167020523709,
    "baseline_brier": 0.2481667300253585,
    "baseline_hit_rate": 0.5428167020523709,
    "brier": 0.2500034332231284,
    "display_ready": true,
    "ece": null,
    "hit_rate": 0.5428167020523709,
    "logloss": 0.6931545512680582,
    "n": 1413
  },
  "metrics_version": "metrics-v0.1.0",
  "min_n_display": 20,
  "rolling": {
    "30d": {
      "base_rate": 0.5475285171102662,
      "baseline_brier": 0.2477410400612991,
      "baseline_hit_rate": 0.5475285171102662,
      "brier": 0.25039538954239354,
      "display_ready": true,
      "ece": null,
      "hit_rate": 0.5475285171102662,
      "logloss": 0.6939394182614548,
      "n": 526
    },
    "7d": {
      "base_rate": 0.5319148936170213,
      "baseline_brier": 0.24898143956541421,
      "baseline_hit_rate": 0.5319148936170213,
      "brier": 0.2508463028419464,
      "display_ready": true,
      "ece": null,
      "hit_rate": 0.5319148936170213,
      "logloss": 0.6948412204436005,
      "n": 141
    },
    "90d": {
      "base_rate": 0.5428167020523709,
      "baseline_brier": 0.2481667300253585,
      "baseline_hit_rate": 0.5428167020523709,
      "brier": 0.2500034332231284,
      "display_ready": true,
      "ece": null,
      "hit_rate": 0.5428167020523709,
      "logloss": 0.6931545512680582,
      "n": 1413
    }
  },
  "schema_version": "1",
  "total_forecasts": 1416,
  "total_resolved": 1413
}
