{
  "by_horizon": {
    "12h": {
      "base_rate": 0.5827338129496403,
      "baseline_brier": 0.24315511619481392,
      "baseline_hit_rate": 0.5827338129496403,
      "brier": 0.24907334365034314,
      "display_ready": true,
      "ece": null,
      "hit_rate": 0.5827338129496403,
      "logloss": 0.6912939974263227,
      "n": 139
    },
    "1h": {
      "base_rate": 0.5306451612903226,
      "baseline_brier": 0.2490608740894901,
      "baseline_hit_rate": 0.5306451612903226,
      "brier": 0.2501028620505339,
      "display_ready": true,
      "ece": null,
      "hit_rate": 0.5306451612903226,
      "logloss": 0.6933534841417842,
      "n": 620
    },
    "24h": {
      "base_rate": 0.6666666666666666,
      "baseline_brier": 0.22222222222222224,
      "baseline_hit_rate": 0.6666666666666666,
      "brier": 0.2479735123737109,
      "display_ready": true,
      "ece": null,
      "hit_rate": 0.6666666666666666,
      "logloss": 0.6890930120606911,
      "n": 69
    },
    "4h": {
      "base_rate": 0.5485564304461942,
      "baseline_brier": 0.24764227306232392,
      "baseline_hit_rate": 0.5485564304461942,
      "brier": 0.24988599506847078,
      "display_ready": true,
      "ece": null,
      "hit_rate": 0.5485564304461942,
      "logloss": 0.6929194062422768,
      "n": 381
    }
  },
  "by_model_version": {
    "v0.1.0-baseline-shadow": {
      "base_rate": 0.5500413564929694,
      "baseline_brier": 0.24749586264034357,
      "baseline_hit_rate": 0.5500413564929694,
      "brier": 0.24979462838180488,
      "display_ready": true,
      "ece": null,
      "hit_rate": 0.5500413564929694,
      "logloss": 0.6927367555175022,
      "n": 1209
    }
  },
  "generated_at": "2026-07-06T13:58:59Z",
  "global": {
    "base_rate": 0.5500413564929694,
    "baseline_brier": 0.24749586264034357,
    "baseline_hit_rate": 0.5500413564929694,
    "brier": 0.24979462838180488,
    "display_ready": true,
    "ece": null,
    "hit_rate": 0.5500413564929694,
    "logloss": 0.6927367555175022,
    "n": 1209
  },
  "metrics_version": "metrics-v0.1.0",
  "min_n_display": 20,
  "rolling": {
    "30d": {
      "base_rate": 0.5500413564929694,
      "baseline_brier": 0.24749586264034357,
      "baseline_hit_rate": 0.5500413564929694,
      "brier": 0.24979462838180488,
      "display_ready": true,
      "ece": null,
      "hit_rate": 0.5500413564929694,
      "logloss": 0.6927367555175022,
      "n": 1209
    },
    "7d": {
      "base_rate": 0.5967741935483871,
      "baseline_brier": 0.24063475546305932,
      "baseline_hit_rate": 0.5967741935483871,
      "brier": 0.2494970555700645,
      "display_ready": true,
      "ece": null,
      "hit_rate": 0.5967741935483871,
      "logloss": 0.6921419636215653,
      "n": 124
    },
    "90d": {
      "base_rate": 0.5500413564929694,
      "baseline_brier": 0.24749586264034357,
      "baseline_hit_rate": 0.5500413564929694,
      "brier": 0.24979462838180488,
      "display_ready": true,
      "ece": null,
      "hit_rate": 0.5500413564929694,
      "logloss": 0.6927367555175022,
      "n": 1209
    }
  },
  "schema_version": "1",
  "total_forecasts": 1212,
  "total_resolved": 1209
}
