{
  "by_horizon": {
    "12h": {
      "base_rate": 0.5833333333333334,
      "baseline_brier": 0.24305555555555555,
      "baseline_hit_rate": 0.5833333333333334,
      "brier": 0.24914655359156646,
      "display_ready": true,
      "ece": null,
      "hit_rate": 0.5833333333333334,
      "logloss": 0.6914407182402192,
      "n": 120
    },
    "1h": {
      "base_rate": 0.5242537313432836,
      "baseline_brier": 0.2494117565159278,
      "baseline_hit_rate": 0.5242537313432836,
      "brier": 0.2502250550670149,
      "display_ready": true,
      "ece": null,
      "hit_rate": 0.5242537313432836,
      "logloss": 0.693597855687805,
      "n": 536
    },
    "24h": {
      "base_rate": 0.65,
      "baseline_brier": 0.2275,
      "baseline_hit_rate": 0.65,
      "brier": 0.24813698151125094,
      "display_ready": true,
      "ece": null,
      "hit_rate": 0.65,
      "logloss": 0.6894198466941057,
      "n": 60
    },
    "4h": {
      "base_rate": 0.552870090634441,
      "baseline_brier": 0.24720475351630597,
      "baseline_hit_rate": 0.552870090634441,
      "brier": 0.2496763218797043,
      "display_ready": true,
      "ece": null,
      "hit_rate": 0.552870090634441,
      "logloss": 0.6924998790619955,
      "n": 331
    }
  },
  "by_model_version": {
    "v0.1.0-baseline-shadow": {
      "base_rate": 0.5472779369627507,
      "baseline_brier": 0.24776479667654616,
      "baseline_hit_rate": 0.5472779369627507,
      "brier": 0.24980830695297532,
      "display_ready": true,
      "ece": null,
      "hit_rate": 0.5472779369627507,
      "logloss": 0.6927640760350112,
      "n": 1047
    }
  },
  "generated_at": "2026-06-27T08:03:09Z",
  "global": {
    "base_rate": 0.5472779369627507,
    "baseline_brier": 0.24776479667654616,
    "baseline_hit_rate": 0.5472779369627507,
    "brier": 0.24980830695297532,
    "display_ready": true,
    "ece": null,
    "hit_rate": 0.5472779369627507,
    "logloss": 0.6927640760350112,
    "n": 1047
  },
  "metrics_version": "metrics-v0.1.0",
  "min_n_display": 20,
  "rolling": {
    "30d": {
      "base_rate": 0.5472779369627507,
      "baseline_brier": 0.24776479667654616,
      "baseline_hit_rate": 0.5472779369627507,
      "brier": 0.24980830695297532,
      "display_ready": true,
      "ece": null,
      "hit_rate": 0.5472779369627507,
      "logloss": 0.6927640760350112,
      "n": 1047
    },
    "7d": {
      "base_rate": 0.5826086956521739,
      "baseline_brier": 0.24317580340264652,
      "baseline_hit_rate": 0.5826086956521739,
      "brier": 0.2500118670546352,
      "display_ready": true,
      "ece": null,
      "hit_rate": 0.5826086956521739,
      "logloss": 0.6931734097958994,
      "n": 115
    },
    "90d": {
      "base_rate": 0.5472779369627507,
      "baseline_brier": 0.24776479667654616,
      "baseline_hit_rate": 0.5472779369627507,
      "brier": 0.24980830695297532,
      "display_ready": true,
      "ece": null,
      "hit_rate": 0.5472779369627507,
      "logloss": 0.6927640760350112,
      "n": 1047
    }
  },
  "schema_version": "1",
  "total_forecasts": 1049,
  "total_resolved": 1047
}
