{
  "by_horizon": {
    "12h": {
      "base_rate": 0.6017699115044248,
      "baseline_brier": 0.23964288511238155,
      "baseline_hit_rate": 0.6017699115044248,
      "brier": 0.2489083941951233,
      "display_ready": true,
      "ece": null,
      "hit_rate": 0.6017699115044248,
      "logloss": 0.6909641864184675,
      "n": 113
    },
    "1h": {
      "base_rate": 0.5334645669291339,
      "baseline_brier": 0.24888012276024551,
      "baseline_hit_rate": 0.5334645669291339,
      "brier": 0.2500261143846595,
      "display_ready": true,
      "ece": null,
      "hit_rate": 0.5334645669291339,
      "logloss": 0.6931996038094858,
      "n": 508
    },
    "24h": {
      "base_rate": 0.6428571428571429,
      "baseline_brier": 0.22959183673469388,
      "baseline_hit_rate": 0.6428571428571429,
      "brier": 0.24806123596809607,
      "display_ready": true,
      "ece": null,
      "hit_rate": 0.6428571428571429,
      "logloss": 0.6892681235567978,
      "n": 56
    },
    "4h": {
      "base_rate": 0.5562700964630225,
      "baseline_brier": 0.24683367624404215,
      "baseline_hit_rate": 0.5562700964630225,
      "brier": 0.24943129442611559,
      "display_ready": true,
      "ece": null,
      "hit_rate": 0.5562700964630225,
      "logloss": 0.692009214721751,
      "n": 311
    }
  },
  "by_model_version": {
    "v0.1.0-baseline-shadow": {
      "base_rate": 0.5546558704453441,
      "baseline_brier": 0.24701273582586175,
      "baseline_hit_rate": 0.5546558704453441,
      "brier": 0.2495996725022179,
      "display_ready": true,
      "ece": null,
      "hit_rate": 0.5546558704453441,
      "logloss": 0.6923463891681688,
      "n": 988
    }
  },
  "generated_at": "2026-06-23T18:10:56Z",
  "global": {
    "base_rate": 0.5546558704453441,
    "baseline_brier": 0.24701273582586175,
    "baseline_hit_rate": 0.5546558704453441,
    "brier": 0.2495996725022179,
    "display_ready": true,
    "ece": null,
    "hit_rate": 0.5546558704453441,
    "logloss": 0.6923463891681688,
    "n": 988
  },
  "metrics_version": "metrics-v0.1.0",
  "min_n_display": 20,
  "rolling": {
    "30d": {
      "base_rate": 0.5546558704453441,
      "baseline_brier": 0.24701273582586175,
      "baseline_hit_rate": 0.5546558704453441,
      "brier": 0.2495996725022179,
      "display_ready": true,
      "ece": null,
      "hit_rate": 0.5546558704453441,
      "logloss": 0.6923463891681688,
      "n": 988
    },
    "7d": {
      "base_rate": 0.6944444444444444,
      "baseline_brier": 0.21219135802469136,
      "baseline_hit_rate": 0.6944444444444444,
      "brier": 0.24805233138514826,
      "display_ready": true,
      "ece": null,
      "hit_rate": 0.6944444444444444,
      "logloss": 0.6892510927473311,
      "n": 108
    },
    "90d": {
      "base_rate": 0.5546558704453441,
      "baseline_brier": 0.24701273582586175,
      "baseline_hit_rate": 0.5546558704453441,
      "brier": 0.2495996725022179,
      "display_ready": true,
      "ece": null,
      "hit_rate": 0.5546558704453441,
      "logloss": 0.6923463891681688,
      "n": 988
    }
  },
  "schema_version": "1",
  "total_forecasts": 991,
  "total_resolved": 988
}
