{
  "by_horizon": {
    "12h": {
      "base_rate": 0.5586206896551724,
      "baseline_brier": 0.24656361474435196,
      "baseline_hit_rate": 0.5586206896551724,
      "brier": 0.24951809525699065,
      "display_ready": true,
      "ece": null,
      "hit_rate": 0.5586206896551724,
      "logloss": 0.6921837973449548,
      "n": 145
    },
    "1h": {
      "base_rate": 0.5263157894736842,
      "baseline_brier": 0.24930747922437674,
      "baseline_hit_rate": 0.5263157894736842,
      "brier": 0.25021846410660237,
      "display_ready": true,
      "ece": null,
      "hit_rate": 0.5263157894736842,
      "logloss": 0.6935847641072486,
      "n": 646
    },
    "24h": {
      "base_rate": 0.6527777777777778,
      "baseline_brier": 0.22665895061728392,
      "baseline_hit_rate": 0.6527777777777778,
      "brier": 0.2482232263187979,
      "display_ready": true,
      "ece": null,
      "hit_rate": 0.6527777777777778,
      "logloss": 0.6895926033689225,
      "n": 72
    },
    "4h": {
      "base_rate": 0.5413533834586466,
      "baseline_brier": 0.24828989767652213,
      "baseline_hit_rate": 0.5413533834586466,
      "brier": 0.2499804608473582,
      "display_ready": true,
      "ece": null,
      "hit_rate": 0.5413533834586466,
      "logloss": 0.6931083801974599,
      "n": 399
    }
  },
  "by_model_version": {
    "v0.1.0-baseline-shadow": {
      "base_rate": 0.5419968304278923,
      "baseline_brier": 0.24823626623401088,
      "baseline_hit_rate": 0.5419968304278923,
      "brier": 0.24994891267684483,
      "display_ready": true,
      "ece": null,
      "hit_rate": 0.5419968304278923,
      "logloss": 0.6930454194688193,
      "n": 1262
    }
  },
  "generated_at": "2026-07-09T18:12:25Z",
  "global": {
    "base_rate": 0.5419968304278923,
    "baseline_brier": 0.24823626623401088,
    "baseline_hit_rate": 0.5419968304278923,
    "brier": 0.24994891267684483,
    "display_ready": true,
    "ece": null,
    "hit_rate": 0.5419968304278923,
    "logloss": 0.6930454194688193,
    "n": 1262
  },
  "metrics_version": "metrics-v0.1.0",
  "min_n_display": 20,
  "rolling": {
    "30d": {
      "base_rate": 0.5714285714285714,
      "baseline_brier": 0.24489795918367346,
      "baseline_hit_rate": 0.5714285714285714,
      "brier": 0.24977267623155566,
      "display_ready": true,
      "ece": null,
      "hit_rate": 0.5714285714285714,
      "logloss": 0.6926934903190874,
      "n": 490
    },
    "7d": {
      "base_rate": 0.5121951219512195,
      "baseline_brier": 0.24985127900059487,
      "baseline_hit_rate": 0.5121951219512195,
      "brier": 0.2503206739066057,
      "display_ready": true,
      "ece": null,
      "hit_rate": 0.5121951219512195,
      "logloss": 0.6937891545091398,
      "n": 123
    },
    "90d": {
      "base_rate": 0.5419968304278923,
      "baseline_brier": 0.24823626623401088,
      "baseline_hit_rate": 0.5419968304278923,
      "brier": 0.24994891267684483,
      "display_ready": true,
      "ece": null,
      "hit_rate": 0.5419968304278923,
      "logloss": 0.6930454194688193,
      "n": 1262
    }
  },
  "schema_version": "1",
  "total_forecasts": 1266,
  "total_resolved": 1262
}
