{
  "by_horizon": {
    "12h": {
      "base_rate": 0.5637583892617449,
      "baseline_brier": 0.24593486779874782,
      "baseline_hit_rate": 0.5637583892617449,
      "brier": 0.249518185158352,
      "display_ready": true,
      "ece": null,
      "hit_rate": 0.5637583892617449,
      "logloss": 0.6921840271269282,
      "n": 149
    },
    "1h": {
      "base_rate": 0.5279034690799397,
      "baseline_brier": 0.24922139641330485,
      "baseline_hit_rate": 0.5279034690799397,
      "brier": 0.2502163018515255,
      "display_ready": true,
      "ece": null,
      "hit_rate": 0.5279034690799397,
      "logloss": 0.6935804332452172,
      "n": 663
    },
    "24h": {
      "base_rate": 0.6486486486486487,
      "baseline_brier": 0.22790357925493057,
      "baseline_hit_rate": 0.6486486486486487,
      "brier": 0.24821168004606317,
      "display_ready": true,
      "ece": null,
      "hit_rate": 0.6486486486486487,
      "logloss": 0.6895695274370353,
      "n": 74
    },
    "4h": {
      "base_rate": 0.5427872860635696,
      "baseline_brier": 0.24816924815131428,
      "baseline_hit_rate": 0.5427872860635696,
      "brier": 0.2499544476256024,
      "display_ready": true,
      "ece": null,
      "hit_rate": 0.5427872860635696,
      "logloss": 0.693056351428181,
      "n": 409
    }
  },
  "by_model_version": {
    "v0.1.0-baseline-shadow": {
      "base_rate": 0.5436293436293437,
      "baseline_brier": 0.24809648037447266,
      "baseline_hit_rate": 0.5436293436293437,
      "brier": 0.24993872673238293,
      "display_ready": true,
      "ece": null,
      "hit_rate": 0.5436293436293437,
      "logloss": 0.6930250502300834,
      "n": 1295
    }
  },
  "generated_at": "2026-07-11T12:07:32Z",
  "global": {
    "base_rate": 0.5436293436293437,
    "baseline_brier": 0.24809648037447266,
    "baseline_hit_rate": 0.5436293436293437,
    "brier": 0.24993872673238293,
    "display_ready": true,
    "ece": null,
    "hit_rate": 0.5436293436293437,
    "logloss": 0.6930250502300834,
    "n": 1295
  },
  "metrics_version": "metrics-v0.1.0",
  "min_n_display": 20,
  "rolling": {
    "30d": {
      "base_rate": 0.5737373737373738,
      "baseline_brier": 0.24456279971431485,
      "baseline_hit_rate": 0.5737373737373738,
      "brier": 0.2498008720278106,
      "display_ready": true,
      "ece": null,
      "hit_rate": 0.5737373737373738,
      "logloss": 0.6927499086046206,
      "n": 495
    },
    "7d": {
      "base_rate": 0.4765625,
      "baseline_brier": 0.24945068359375,
      "baseline_hit_rate": 0.5234375,
      "brier": 0.25119796550056067,
      "display_ready": true,
      "ece": null,
      "hit_rate": 0.4765625,
      "logloss": 0.6955441490337694,
      "n": 128
    },
    "90d": {
      "base_rate": 0.5436293436293437,
      "baseline_brier": 0.24809648037447266,
      "baseline_hit_rate": 0.5436293436293437,
      "brier": 0.24993872673238293,
      "display_ready": true,
      "ece": null,
      "hit_rate": 0.5436293436293437,
      "logloss": 0.6930250502300834,
      "n": 1295
    }
  },
  "schema_version": "1",
  "total_forecasts": 1299,
  "total_resolved": 1295
}
