{
  "by_horizon": {
    "12h": {
      "base_rate": 0.5625,
      "baseline_brier": 0.24609375,
      "baseline_hit_rate": 0.5625,
      "brier": 0.24949773186449292,
      "display_ready": true,
      "ece": null,
      "hit_rate": 0.5625,
      "logloss": 0.6921430732486905,
      "n": 144
    },
    "1h": {
      "base_rate": 0.5256609642301711,
      "baseline_brier": 0.24934151491477788,
      "baseline_hit_rate": 0.5256609642301711,
      "brier": 0.25021958289301854,
      "display_ready": true,
      "ece": null,
      "hit_rate": 0.5256609642301711,
      "logloss": 0.693587004066268,
      "n": 643
    },
    "24h": {
      "base_rate": 0.6527777777777778,
      "baseline_brier": 0.22665895061728392,
      "baseline_hit_rate": 0.6527777777777778,
      "brier": 0.2482232263187979,
      "display_ready": true,
      "ece": null,
      "hit_rate": 0.6527777777777778,
      "logloss": 0.6895926033689225,
      "n": 72
    },
    "4h": {
      "base_rate": 0.5390428211586902,
      "baseline_brier": 0.24847565811597053,
      "baseline_hit_rate": 0.5390428211586902,
      "brier": 0.25000222417838536,
      "display_ready": true,
      "ece": null,
      "hit_rate": 0.5390428211586902,
      "logloss": 0.6931519110757006,
      "n": 397
    }
  },
  "by_model_version": {
    "v0.1.0-baseline-shadow": {
      "base_rate": 0.5414012738853503,
      "baseline_brier": 0.24828593452067022,
      "baseline_hit_rate": 0.5414012738853503,
      "brier": 0.2499536787280815,
      "display_ready": true,
      "ece": null,
      "hit_rate": 0.5414012738853503,
      "logloss": 0.6930549540621316,
      "n": 1256
    }
  },
  "generated_at": "2026-07-09T04:08:45Z",
  "global": {
    "base_rate": 0.5414012738853503,
    "baseline_brier": 0.24828593452067022,
    "baseline_hit_rate": 0.5414012738853503,
    "brier": 0.2499536787280815,
    "display_ready": true,
    "ece": null,
    "hit_rate": 0.5414012738853503,
    "logloss": 0.6930549540621316,
    "n": 1256
  },
  "metrics_version": "metrics-v0.1.0",
  "min_n_display": 20,
  "rolling": {
    "30d": {
      "base_rate": 0.5656565656565656,
      "baseline_brier": 0.2456892153861851,
      "baseline_hit_rate": 0.5656565656565656,
      "brier": 0.24984190115240149,
      "display_ready": true,
      "ece": null,
      "hit_rate": 0.5656565656565656,
      "logloss": 0.6928319698449206,
      "n": 495
    },
    "7d": {
      "base_rate": 0.5196850393700787,
      "baseline_brier": 0.24961249922499845,
      "baseline_hit_rate": 0.5196850393700787,
      "brier": 0.2501466947338017,
      "display_ready": true,
      "ece": null,
      "hit_rate": 0.5196850393700787,
      "logloss": 0.6934412310811354,
      "n": 127
    },
    "90d": {
      "base_rate": 0.5414012738853503,
      "baseline_brier": 0.24828593452067022,
      "baseline_hit_rate": 0.5414012738853503,
      "brier": 0.2499536787280815,
      "display_ready": true,
      "ece": null,
      "hit_rate": 0.5414012738853503,
      "logloss": 0.6930549540621316,
      "n": 1256
    }
  },
  "schema_version": "1",
  "total_forecasts": 1258,
  "total_resolved": 1256
}
