{
  "by_horizon": {
    "12h": {
      "base_rate": 0.5555555555555556,
      "baseline_brier": 0.24691358024691357,
      "baseline_hit_rate": 0.5555555555555556,
      "brier": 0.24969815877738452,
      "display_ready": true,
      "ece": null,
      "hit_rate": 0.5555555555555556,
      "logloss": 0.6925441664286613,
      "n": 90
    },
    "1h": {
      "base_rate": 0.5129411764705882,
      "baseline_brier": 0.2498325259515571,
      "baseline_hit_rate": 0.5129411764705882,
      "brier": 0.2502841710165876,
      "display_ready": true,
      "ece": null,
      "hit_rate": 0.5129411764705882,
      "logloss": 0.6937159297618632,
      "n": 425
    },
    "24h": {
      "base_rate": 0.6222222222222222,
      "baseline_brier": 0.23506172839506173,
      "baseline_hit_rate": 0.6222222222222222,
      "brier": 0.24842871804801223,
      "display_ready": true,
      "ece": null,
      "hit_rate": 0.6222222222222222,
      "logloss": 0.6900029465601712,
      "n": 45
    },
    "4h": {
      "base_rate": 0.524,
      "baseline_brier": 0.249424,
      "baseline_hit_rate": 0.524,
      "brier": 0.24969781930459192,
      "display_ready": true,
      "ece": null,
      "hit_rate": 0.524,
      "logloss": 0.6925422375553991,
      "n": 250
    }
  },
  "by_model_version": {
    "v0.1.0-baseline-shadow": {
      "base_rate": 0.5271604938271605,
      "baseline_brier": 0.24926230757506476,
      "baseline_hit_rate": 0.5271604938271605,
      "brier": 0.2499350050744727,
      "display_ready": true,
      "ece": null,
      "hit_rate": 0.5271604938271605,
      "logloss": 0.6930172063104061,
      "n": 810
    }
  },
  "generated_at": "2026-06-12T01:36:24Z",
  "global": {
    "base_rate": 0.5271604938271605,
    "baseline_brier": 0.24926230757506476,
    "baseline_hit_rate": 0.5271604938271605,
    "brier": 0.2499350050744727,
    "display_ready": true,
    "ece": null,
    "hit_rate": 0.5271604938271605,
    "logloss": 0.6930172063104061,
    "n": 810
  },
  "metrics_version": "metrics-v0.1.0",
  "min_n_display": 20,
  "rolling": {
    "30d": {
      "base_rate": 0.5271604938271605,
      "baseline_brier": 0.24926230757506476,
      "baseline_hit_rate": 0.5271604938271605,
      "brier": 0.2499350050744727,
      "display_ready": true,
      "ece": null,
      "hit_rate": 0.5271604938271605,
      "logloss": 0.6930172063104061,
      "n": 810
    },
    "7d": {
      "base_rate": 0.5271604938271605,
      "baseline_brier": 0.24926230757506476,
      "baseline_hit_rate": 0.5271604938271605,
      "brier": 0.2499350050744727,
      "display_ready": true,
      "ece": null,
      "hit_rate": 0.5271604938271605,
      "logloss": 0.6930172063104061,
      "n": 810
    },
    "90d": {
      "base_rate": 0.5271604938271605,
      "baseline_brier": 0.24926230757506476,
      "baseline_hit_rate": 0.5271604938271605,
      "brier": 0.2499350050744727,
      "display_ready": true,
      "ece": null,
      "hit_rate": 0.5271604938271605,
      "logloss": 0.6930172063104061,
      "n": 810
    }
  },
  "schema_version": "1",
  "total_forecasts": 810,
  "total_resolved": 810
}
