{
  "by_horizon": {
    "12h": {
      "base_rate": 0.573170731707317,
      "baseline_brier": 0.24464604402141585,
      "baseline_hit_rate": 0.573170731707317,
      "brier": 0.249459570806587,
      "display_ready": true,
      "ece": null,
      "hit_rate": 0.573170731707317,
      "logloss": 0.692066816518192,
      "n": 164
    },
    "1h": {
      "base_rate": 0.5332446808510638,
      "baseline_brier": 0.24889479119511088,
      "baseline_hit_rate": 0.5332446808510638,
      "brier": 0.25012852846716394,
      "display_ready": true,
      "ece": null,
      "hit_rate": 0.5332446808510638,
      "logloss": 0.6934048492635935,
      "n": 752
    },
    "24h": {
      "base_rate": 0.6341463414634146,
      "baseline_brier": 0.23200475907198095,
      "baseline_hit_rate": 0.6341463414634146,
      "brier": 0.2488377425425799,
      "display_ready": true,
      "ece": null,
      "hit_rate": 0.6341463414634146,
      "logloss": 0.690822236025332,
      "n": 82
    },
    "4h": {
      "base_rate": 0.5462555066079295,
      "baseline_brier": 0.2478604281084438,
      "baseline_hit_rate": 0.5462555066079295,
      "brier": 0.2500456137164824,
      "display_ready": true,
      "ece": null,
      "hit_rate": 0.5462555066079295,
      "logloss": 0.69323886981684,
      "n": 454
    }
  },
  "by_model_version": {
    "v0.1.0-baseline-shadow": {
      "base_rate": 0.5475206611570248,
      "baseline_brier": 0.24774178676319922,
      "baseline_hit_rate": 0.5475206611570248,
      "brier": 0.24995415050644773,
      "display_ready": true,
      "ece": null,
      "hit_rate": 0.5475206611570248,
      "logloss": 0.6930559743843859,
      "n": 1452
    }
  },
  "generated_at": "2026-07-19T03:58:46Z",
  "global": {
    "base_rate": 0.5475206611570248,
    "baseline_brier": 0.24774178676319922,
    "baseline_hit_rate": 0.5475206611570248,
    "brier": 0.24995415050644773,
    "display_ready": true,
    "ece": null,
    "hit_rate": 0.5475206611570248,
    "logloss": 0.6930559743843859,
    "n": 1452
  },
  "metrics_version": "metrics-v0.1.0",
  "min_n_display": 20,
  "rolling": {
    "30d": {
      "base_rate": 0.5594795539033457,
      "baseline_brier": 0.24646218266745898,
      "baseline_hit_rate": 0.5594795539033457,
      "brier": 0.25020411716271435,
      "display_ready": true,
      "ece": null,
      "hit_rate": 0.5594795539033457,
      "logloss": 0.6935567238025664,
      "n": 538
    },
    "7d": {
      "base_rate": 0.5804195804195804,
      "baseline_brier": 0.24353269108513864,
      "baseline_hit_rate": 0.5804195804195804,
      "brier": 0.250057217394508,
      "display_ready": true,
      "ece": null,
      "hit_rate": 0.5804195804195804,
      "logloss": 0.6932628472899369,
      "n": 143
    },
    "90d": {
      "base_rate": 0.5475206611570248,
      "baseline_brier": 0.24774178676319922,
      "baseline_hit_rate": 0.5475206611570248,
      "brier": 0.24995415050644773,
      "display_ready": true,
      "ece": null,
      "hit_rate": 0.5475206611570248,
      "logloss": 0.6930559743843859,
      "n": 1452
    }
  },
  "schema_version": "1",
  "total_forecasts": 1456,
  "total_resolved": 1452
}
