{
  "by_horizon": {
    "12h": {
      "base_rate": 0.56875,
      "baseline_brier": 0.2452734375,
      "baseline_hit_rate": 0.56875,
      "brier": 0.2495168984660822,
      "display_ready": true,
      "ece": null,
      "hit_rate": 0.56875,
      "logloss": 0.6921814960673878,
      "n": 160
    },
    "1h": {
      "base_rate": 0.5268225584594223,
      "baseline_brier": 0.24928055035769087,
      "baseline_hit_rate": 0.5268225584594223,
      "brier": 0.2502081757991399,
      "display_ready": true,
      "ece": null,
      "hit_rate": 0.5268225584594223,
      "logloss": 0.6935641684871482,
      "n": 727
    },
    "24h": {
      "base_rate": 0.6375,
      "baseline_brier": 0.23109375000000001,
      "baseline_hit_rate": 0.6375,
      "brier": 0.24876606971771062,
      "display_ready": true,
      "ece": null,
      "hit_rate": 0.6375,
      "logloss": 0.6906788537454258,
      "n": 80
    },
    "4h": {
      "base_rate": 0.5417607223476298,
      "baseline_brier": 0.24825604206900417,
      "baseline_hit_rate": 0.5417607223476298,
      "brier": 0.25008787747351746,
      "display_ready": true,
      "ece": null,
      "hit_rate": 0.5417607223476298,
      "logloss": 0.6933233971658559,
      "n": 443
    }
  },
  "by_model_version": {
    "v0.1.0-baseline-shadow": {
      "base_rate": 0.5425531914893617,
      "baseline_brier": 0.2481892258940697,
      "baseline_hit_rate": 0.5425531914893617,
      "brier": 0.25001011550264746,
      "display_ready": true,
      "ece": null,
      "hit_rate": 0.5425531914893617,
      "logloss": 0.693167917095778,
      "n": 1410
    }
  },
  "generated_at": "2026-07-17T06:29:38Z",
  "global": {
    "base_rate": 0.5425531914893617,
    "baseline_brier": 0.2481892258940697,
    "baseline_hit_rate": 0.5425531914893617,
    "brier": 0.25001011550264746,
    "display_ready": true,
    "ece": null,
    "hit_rate": 0.5425531914893617,
    "logloss": 0.693167917095778,
    "n": 1410
  },
  "metrics_version": "metrics-v0.1.0",
  "min_n_display": 20,
  "rolling": {
    "30d": {
      "base_rate": 0.5468451242829828,
      "baseline_brier": 0.2478055343309119,
      "baseline_hit_rate": 0.5468451242829828,
      "brier": 0.2504156531811692,
      "display_ready": true,
      "ece": null,
      "hit_rate": 0.5468451242829828,
      "logloss": 0.6939799544336634,
      "n": 523
    },
    "7d": {
      "base_rate": 0.5323741007194245,
      "baseline_brier": 0.24895191760260857,
      "baseline_hit_rate": 0.5323741007194245,
      "brier": 0.25087684906363683,
      "display_ready": true,
      "ece": null,
      "hit_rate": 0.5323741007194245,
      "logloss": 0.6949023292546734,
      "n": 139
    },
    "90d": {
      "base_rate": 0.5425531914893617,
      "baseline_brier": 0.2481892258940697,
      "baseline_hit_rate": 0.5425531914893617,
      "brier": 0.25001011550264746,
      "display_ready": true,
      "ece": null,
      "hit_rate": 0.5425531914893617,
      "logloss": 0.693167917095778,
      "n": 1410
    }
  },
  "schema_version": "1",
  "total_forecasts": 1414,
  "total_resolved": 1410
}
