{
  "by_horizon": {
    "12h": {
      "base_rate": 0.56,
      "baseline_brier": 0.2464,
      "baseline_hit_rate": 0.56,
      "brier": 0.24953057345152038,
      "display_ready": true,
      "ece": null,
      "hit_rate": 0.56,
      "logloss": 0.6922088005845274,
      "n": 150
    },
    "1h": {
      "base_rate": 0.5288888888888889,
      "baseline_brier": 0.24916543209876543,
      "baseline_hit_rate": 0.5288888888888889,
      "brier": 0.25021493877820133,
      "display_ready": true,
      "ece": null,
      "hit_rate": 0.5288888888888889,
      "logloss": 0.6935776955688948,
      "n": 675
    },
    "24h": {
      "base_rate": 0.64,
      "baseline_brier": 0.23040000000000002,
      "baseline_hit_rate": 0.64,
      "brier": 0.2482881720418367,
      "display_ready": true,
      "ece": null,
      "hit_rate": 0.64,
      "logloss": 0.6897225271142554,
      "n": 75
    },
    "4h": {
      "base_rate": 0.5410628019323671,
      "baseline_brier": 0.2483138462974632,
      "baseline_hit_rate": 0.5410628019323671,
      "brier": 0.2499744556731262,
      "display_ready": true,
      "ece": null,
      "hit_rate": 0.5410628019323671,
      "logloss": 0.6930963659922414,
      "n": 414
    }
  },
  "by_model_version": {
    "v0.1.0-baseline-shadow": {
      "base_rate": 0.5426179604261796,
      "baseline_brier": 0.24818370944911258,
      "baseline_hit_rate": 0.5426179604261796,
      "brier": 0.24995107096257682,
      "display_ready": true,
      "ece": null,
      "hit_rate": 0.5426179604261796,
      "logloss": 0.6930497333721768,
      "n": 1314
    }
  },
  "generated_at": "2026-07-12T11:33:01Z",
  "global": {
    "base_rate": 0.5426179604261796,
    "baseline_brier": 0.24818370944911258,
    "baseline_hit_rate": 0.5426179604261796,
    "brier": 0.24995107096257682,
    "display_ready": true,
    "ece": null,
    "hit_rate": 0.5426179604261796,
    "logloss": 0.6930497333721768,
    "n": 1314
  },
  "metrics_version": "metrics-v0.1.0",
  "min_n_display": 20,
  "rolling": {
    "30d": {
      "base_rate": 0.572,
      "baseline_brier": 0.244816,
      "baseline_hit_rate": 0.572,
      "brier": 0.24990056274971992,
      "display_ready": true,
      "ece": null,
      "hit_rate": 0.572,
      "logloss": 0.6929493409124436,
      "n": 500
    },
    "7d": {
      "base_rate": 0.4444444444444444,
      "baseline_brier": 0.2469135802469136,
      "baseline_hit_rate": 0.5555555555555556,
      "brier": 0.2514486439049376,
      "display_ready": true,
      "ece": null,
      "hit_rate": 0.4444444444444444,
      "logloss": 0.6960455322728184,
      "n": 126
    },
    "90d": {
      "base_rate": 0.5426179604261796,
      "baseline_brier": 0.24818370944911258,
      "baseline_hit_rate": 0.5426179604261796,
      "brier": 0.24995107096257682,
      "display_ready": true,
      "ece": null,
      "hit_rate": 0.5426179604261796,
      "logloss": 0.6930497333721768,
      "n": 1314
    }
  },
  "schema_version": "1",
  "total_forecasts": 1318,
  "total_resolved": 1314
}
