{
  "by_horizon": {
    "12h": {
      "base_rate": 0.5877862595419847,
      "baseline_brier": 0.2422935726356273,
      "baseline_hit_rate": 0.5877862595419847,
      "brier": 0.24908987622540923,
      "display_ready": true,
      "ece": null,
      "hit_rate": 0.5877862595419847,
      "logloss": 0.6913272262054222,
      "n": 131
    },
    "1h": {
      "base_rate": 0.5215146299483648,
      "baseline_brier": 0.24953712069818493,
      "baseline_hit_rate": 0.5215146299483648,
      "brier": 0.2502845126962581,
      "display_ready": true,
      "ece": null,
      "hit_rate": 0.5215146299483648,
      "logloss": 0.6937168762676673,
      "n": 581
    },
    "24h": {
      "base_rate": 0.6461538461538462,
      "baseline_brier": 0.22863905325443787,
      "baseline_hit_rate": 0.6461538461538462,
      "brier": 0.24837870325740943,
      "display_ready": true,
      "ece": null,
      "hit_rate": 0.6461538461538462,
      "logloss": 0.6899034573716565,
      "n": 65
    },
    "4h": {
      "base_rate": 0.55,
      "baseline_brier": 0.2475,
      "baseline_hit_rate": 0.55,
      "brier": 0.24987455453501606,
      "display_ready": true,
      "ece": null,
      "hit_rate": 0.55,
      "logloss": 0.6928965395947725,
      "n": 360
    }
  },
  "by_model_version": {
    "v0.1.0-baseline-shadow": {
      "base_rate": 0.5452946350043976,
      "baseline_brier": 0.2479483960398184,
      "baseline_hit_rate": 0.5452946350043976,
      "brier": 0.24990811873913105,
      "display_ready": true,
      "ece": null,
      "hit_rate": 0.5452946350043976,
      "logloss": 0.6929638089073886,
      "n": 1137
    }
  },
  "generated_at": "2026-07-02T15:33:43Z",
  "global": {
    "base_rate": 0.5452946350043976,
    "baseline_brier": 0.2479483960398184,
    "baseline_hit_rate": 0.5452946350043976,
    "brier": 0.24990811873913105,
    "display_ready": true,
    "ece": null,
    "hit_rate": 0.5452946350043976,
    "logloss": 0.6929638089073886,
    "n": 1137
  },
  "metrics_version": "metrics-v0.1.0",
  "min_n_display": 20,
  "rolling": {
    "30d": {
      "base_rate": 0.5452946350043976,
      "baseline_brier": 0.2479483960398184,
      "baseline_hit_rate": 0.5452946350043976,
      "brier": 0.24990811873913105,
      "display_ready": true,
      "ece": null,
      "hit_rate": 0.5452946350043976,
      "logloss": 0.6929638089073886,
      "n": 1137
    },
    "7d": {
      "base_rate": 0.5,
      "baseline_brier": 0.25,
      "baseline_hit_rate": 0.5,
      "brier": 0.25124964178025244,
      "display_ready": true,
      "ece": null,
      "hit_rate": 0.5,
      "logloss": 0.6956483821801895,
      "n": 120
    },
    "90d": {
      "base_rate": 0.5452946350043976,
      "baseline_brier": 0.2479483960398184,
      "baseline_hit_rate": 0.5452946350043976,
      "brier": 0.24990811873913105,
      "display_ready": true,
      "ece": null,
      "hit_rate": 0.5452946350043976,
      "logloss": 0.6929638089073886,
      "n": 1137
    }
  },
  "schema_version": "1",
  "total_forecasts": 1141,
  "total_resolved": 1137
}
