{
  "by_direction": {
    "down": {
      "always_down_rate": 0.45833333333333337,
      "always_up_rate": 0.5416666666666666,
      "base_rate": 0.4583333333333333,
      "baseline_brier": 0.2482638888888889,
      "baseline_hit_rate": 0.5416666666666667,
      "brier": 0.25077203636085543,
      "display_ready": true,
      "ece": null,
      "expectancy_bps": 5.114525587723684,
      "expectancy_maker_2bps": 3.114525587723685,
      "expectancy_taker_10bps": -4.885474412276316,
      "hit_down": 0.4583333333333333,
      "hit_rate": 0.4583333333333333,
      "hit_up": null,
      "logloss": 0.6946905315120574,
      "n": 744,
      "n_down": 744,
      "n_up": 0,
      "vs_majority_pp": -0.08333333333333331
    },
    "up": {
      "always_down_rate": 0.37985436893203883,
      "always_up_rate": 0.6201456310679612,
      "base_rate": 0.6201456310679612,
      "baseline_brier": 0.23556502733528137,
      "baseline_hit_rate": 0.6201456310679612,
      "brier": 0.24902832691934715,
      "display_ready": true,
      "ece": null,
      "expectancy_bps": 14.155523073558253,
      "expectancy_maker_2bps": 12.155523073558252,
      "expectancy_taker_10bps": 4.1555230735582525,
      "hit_down": null,
      "hit_rate": 0.6201456310679612,
      "hit_up": 0.6201456310679612,
      "logloss": 0.6912039036984605,
      "n": 824,
      "n_down": 0,
      "n_up": 824,
      "vs_majority_pp": 0.0
    }
  },
  "by_horizon": {
    "12h": {
      "always_down_rate": 0.4917127071823204,
      "always_up_rate": 0.5082872928176796,
      "base_rate": 0.580110497237569,
      "baseline_brier": 0.24358230823234944,
      "baseline_hit_rate": 0.580110497237569,
      "brier": 0.24881008729180176,
      "display_ready": true,
      "ece": null,
      "expectancy_bps": 25.427623177986455,
      "expectancy_maker_2bps": 23.427623177986455,
      "expectancy_taker_10bps": 15.427623177986455,
      "hit_down": 0.5698924731182796,
      "hit_rate": 0.580110497237569,
      "hit_up": 0.5909090909090909,
      "logloss": 0.690762969071121,
      "n": 181,
      "n_down": 93,
      "n_up": 88,
      "vs_majority_pp": 0.07182320441988943
    },
    "1h": {
      "always_down_rate": 0.3827160493827161,
      "always_up_rate": 0.6172839506172839,
      "base_rate": 0.5246913580246914,
      "baseline_brier": 0.24939033683889653,
      "baseline_hit_rate": 0.5246913580246914,
      "brier": 0.25015868596451507,
      "display_ready": true,
      "ece": null,
      "expectancy_bps": 3.149595594671546,
      "expectancy_maker_2bps": 1.1495955946715457,
      "expectancy_taker_10bps": -6.8504044053284545,
      "hit_down": 0.3983739837398374,
      "hit_rate": 0.5246913580246914,
      "hit_up": 0.6303854875283447,
      "logloss": 0.693465117955775,
      "n": 810,
      "n_down": 369,
      "n_up": 441,
      "vs_majority_pp": -0.09259259259259256
    },
    "24h": {
      "always_down_rate": 0.5111111111111111,
      "always_up_rate": 0.4888888888888889,
      "base_rate": 0.6333333333333333,
      "baseline_brier": 0.23222222222222225,
      "baseline_hit_rate": 0.6333333333333333,
      "brier": 0.24844432986949105,
      "display_ready": true,
      "ece": null,
      "expectancy_bps": 56.43259900384062,
      "expectancy_maker_2bps": 54.43259900384062,
      "expectancy_taker_10bps": 46.43259900384062,
      "hit_down": 0.6382978723404256,
      "hit_rate": 0.6333333333333333,
      "hit_up": 0.627906976744186,
      "logloss": 0.6900320429037062,
      "n": 90,
      "n_down": 47,
      "n_up": 43,
      "vs_majority_pp": 0.12222222222222223
    },
    "4h": {
      "always_down_rate": 0.42915811088295686,
      "always_up_rate": 0.5708418891170431,
      "base_rate": 0.5441478439425051,
      "baseline_brier": 0.2480509678752282,
      "baseline_hit_rate": 0.5441478439425051,
      "brier": 0.25000120187821545,
      "display_ready": true,
      "ece": null,
      "expectancy_bps": 6.646513167624774,
      "expectancy_maker_2bps": 4.646513167624774,
      "expectancy_taker_10bps": -3.3534868323752263,
      "hit_down": 0.4723404255319149,
      "hit_rate": 0.5441478439425051,
      "hit_up": 0.6111111111111112,
      "logloss": 0.6931499903185172,
      "n": 487,
      "n_down": 235,
      "n_up": 252,
      "vs_majority_pp": -0.026694045174537995
    }
  },
  "by_model_version": {
    "v0.1.0-baseline-shadow": {
      "always_down_rate": 0.41565105837075045,
      "always_up_rate": 0.5843489416292496,
      "base_rate": 0.5426555484284797,
      "baseline_brier": 0.24818050418826562,
      "baseline_hit_rate": 0.5426555484284797,
      "brier": 0.24995649009358145,
      "display_ready": true,
      "ece": null,
      "expectancy_bps": 9.754599526791347,
      "expectancy_maker_2bps": 7.754599526791347,
      "expectancy_taker_10bps": -0.24540047320865305,
      "hit_down": 0.456021650879567,
      "hit_rate": 0.5426555484284797,
      "hit_up": 0.6207317073170732,
      "logloss": 0.6930606046523938,
      "n": 1559,
      "n_down": 739,
      "n_up": 820,
      "vs_majority_pp": -0.04169339320076981
    },
    "v0.2.0-shadow-policy24": {
      "always_down_rate": 0.6666666666666667,
      "always_up_rate": 0.3333333333333333,
      "base_rate": 0.6666666666666666,
      "baseline_brier": 0.2222222222222222,
      "baseline_hit_rate": 0.6666666666666666,
      "brier": 0.23239648645833333,
      "display_ready": false,
      "ece": null,
      "expectancy_bps": 29.10415417896798,
      "expectancy_maker_2bps": 27.10415417896798,
      "expectancy_taker_10bps": 19.10415417896798,
      "hit_down": 0.8,
      "hit_rate": 0.6666666666666666,
      "hit_up": 0.5,
      "logloss": 0.6578099377133501,
      "n": 9,
      "n_down": 5,
      "n_up": 4,
      "vs_majority_pp": -1.1102230246251565e-16
    }
  },
  "by_regime": {
    "bear": {
      "always_down_rate": 0.37037037037037035,
      "always_up_rate": 0.6296296296296297,
      "base_rate": 0.37037037037037035,
      "baseline_brier": 0.23319615912208505,
      "baseline_hit_rate": 0.6296296296296297,
      "brier": 0.25139130859560144,
      "display_ready": true,
      "ece": null,
      "expectancy_bps": -11.351869046227158,
      "expectancy_maker_2bps": -13.351869046227158,
      "expectancy_taker_10bps": -21.35186904622716,
      "hit_down": 0.37037037037037035,
      "hit_rate": 0.37037037037037035,
      "hit_up": null,
      "logloss": 0.6959211180409818,
      "n": 27,
      "n_down": 27,
      "n_up": 0,
      "vs_majority_pp": -0.2592592592592593
    },
    "bull": {
      "always_down_rate": 0.5882352941176471,
      "always_up_rate": 0.4117647058823529,
      "base_rate": 0.4117647058823529,
      "baseline_brier": 0.24221453287197234,
      "baseline_hit_rate": 0.5882352941176471,
      "brier": 0.2515383473325285,
      "display_ready": false,
      "ece": null,
      "expectancy_bps": -23.495529168420124,
      "expectancy_maker_2bps": -25.495529168420127,
      "expectancy_taker_10bps": -33.49552916842013,
      "hit_down": null,
      "hit_rate": 0.4117647058823529,
      "hit_up": 0.4117647058823529,
      "logloss": 0.6962247494083634,
      "n": 17,
      "n_down": 0,
      "n_up": 17,
      "vs_majority_pp": -0.17647058823529416
    },
    "chop": {
      "always_down_rate": 0.8666666666666667,
      "always_up_rate": 0.13333333333333333,
      "base_rate": 0.7333333333333333,
      "baseline_brier": 0.19555555555555554,
      "baseline_hit_rate": 0.7333333333333333,
      "brier": 0.2398927908833675,
      "display_ready": false,
      "ece": null,
      "expectancy_bps": 50.700163639581675,
      "expectancy_maker_2bps": 48.70016363958168,
      "expectancy_taker_10bps": 40.700163639581675,
      "hit_down": 0.8461538461538461,
      "hit_rate": 0.7333333333333333,
      "hit_up": 0.0,
      "logloss": 0.6728707198955435,
      "n": 15,
      "n_down": 13,
      "n_up": 2,
      "vs_majority_pp": -0.13333333333333341
    },
    "unknown": {
      "always_down_rate": 0.411530815109344,