{
  "by_horizon": {
    "12h": {
      "base_rate": 0.5698924731182796,
      "baseline_brier": 0.2451150422014106,
      "baseline_hit_rate": 0.5698924731182796,
      "brier": 0.24954623639953472,
      "display_ready": true,
      "ece": null,
      "hit_rate": 0.5698924731182796,
      "logloss": 0.6922402618244883,
      "n": 93
    },
    "1h": {
      "base_rate": 0.5170842824601367,
      "baseline_brier": 0.24970812729282227,
      "baseline_hit_rate": 0.5170842824601367,
      "brier": 0.25025715086148287,
      "display_ready": true,
      "ece": null,
      "hit_rate": 0.5170842824601367,
      "logloss": 0.6936618820078203,
      "n": 439
    },
    "24h": {
      "base_rate": 0.6304347826086957,
      "baseline_brier": 0.2329867674858223,
      "baseline_hit_rate": 0.6304347826086957,
      "brier": 0.2482261567401665,
      "display_ready": true,
      "ece": null,
      "hit_rate": 0.6304347826086957,
      "logloss": 0.68959778412973,
      "n": 46
    },
    "4h": {
      "base_rate": 0.524904214559387,
      "baseline_brier": 0.24937978009717998,
      "baseline_hit_rate": 0.524904214559387,
      "brier": 0.2497450815316376,
      "display_ready": true,
      "ece": null,
      "hit_rate": 0.524904214559387,
      "logloss": 0.6926368015259519,
      "n": 261
    }
  },
  "by_model_version": {
    "v0.1.0-baseline-shadow": {
      "base_rate": 0.531585220500596,
      "baseline_brier": 0.24900237384592874,
      "baseline_hit_rate": 0.531585220500596,
      "brier": 0.24990769809672558,
      "display_ready": true,
      "ece": null,
      "hit_rate": 0.531585220500596,
      "logloss": 0.6929625909646622,
      "n": 839
    }
  },
  "generated_at": "2026-06-13T20:24:06Z",
  "global": {
    "base_rate": 0.531585220500596,
    "baseline_brier": 0.24900237384592874,
    "baseline_hit_rate": 0.531585220500596,
    "brier": 0.24990769809672558,
    "display_ready": true,
    "ece": null,
    "hit_rate": 0.531585220500596,
    "logloss": 0.6929625909646622,
    "n": 839
  },
  "metrics_version": "metrics-v0.1.0",
  "min_n_display": 20,
  "rolling": {
    "30d": {
      "base_rate": 0.531585220500596,
      "baseline_brier": 0.24900237384592874,
      "baseline_hit_rate": 0.531585220500596,
      "brier": 0.24990769809672558,
      "display_ready": true,
      "ece": null,
      "hit_rate": 0.531585220500596,
      "logloss": 0.6929625909646622,
      "n": 839
    },
    "7d": {
      "base_rate": 0.531585220500596,
      "baseline_brier": 0.24900237384592874,
      "baseline_hit_rate": 0.531585220500596,
      "brier": 0.24990769809672558,
      "display_ready": true,
      "ece": null,
      "hit_rate": 0.531585220500596,
      "logloss": 0.6929625909646622,
      "n": 839
    },
    "90d": {
      "base_rate": 0.531585220500596,
      "baseline_brier": 0.24900237384592874,
      "baseline_hit_rate": 0.531585220500596,
      "brier": 0.24990769809672558,
      "display_ready": true,
      "ece": null,
      "hit_rate": 0.531585220500596,
      "logloss": 0.6929625909646622,
      "n": 839
    }
  },
  "schema_version": "1",
  "total_forecasts": 841,
  "total_resolved": 839
}
