{
  "by_horizon": {
    "12h": {
      "base_rate": 0.5785714285714286,
      "baseline_brier": 0.2438265306122449,
      "baseline_hit_rate": 0.5785714285714286,
      "brier": 0.2492173015694245,
      "display_ready": true,
      "ece": null,
      "hit_rate": 0.5785714285714286,
      "logloss": 0.6915820440867769,
      "n": 140
    },
    "1h": {
      "base_rate": 0.5312,
      "baseline_brier": 0.24902655999999998,
      "baseline_hit_rate": 0.5312,
      "brier": 0.2501047609981574,
      "display_ready": true,
      "ece": null,
      "hit_rate": 0.5312,
      "logloss": 0.6933573105353792,
      "n": 625
    },
    "24h": {
      "base_rate": 0.6714285714285714,
      "baseline_brier": 0.2206122448979592,
      "baseline_hit_rate": 0.6714285714285714,
      "brier": 0.24792540661556606,
      "display_ready": true,
      "ece": null,
      "hit_rate": 0.6714285714285714,
      "logloss": 0.6889968115631677,
      "n": 70
    },
    "4h": {
      "base_rate": 0.548051948051948,
      "baseline_brier": 0.24769101028841287,
      "baseline_hit_rate": 0.548051948051948,
      "brier": 0.24991845472465035,
      "display_ready": true,
      "ece": null,
      "hit_rate": 0.548051948051948,
      "logloss": 0.6929843743894722,
      "n": 385
    }
  },
  "by_model_version": {
    "v0.1.0-baseline-shadow": {
      "base_rate": 0.55,
      "baseline_brier": 0.2475,
      "baseline_hit_rate": 0.55,
      "brier": 0.2498190830947933,
      "display_ready": true,
      "ece": null,
      "hit_rate": 0.55,
      "logloss": 0.692785710005024,
      "n": 1220
    }
  },
  "generated_at": "2026-07-07T05:03:29Z",
  "global": {
    "base_rate": 0.55,
    "baseline_brier": 0.2475,
    "baseline_hit_rate": 0.55,
    "brier": 0.2498190830947933,
    "display_ready": true,
    "ece": null,
    "hit_rate": 0.55,
    "logloss": 0.692785710005024,
    "n": 1220
  },
  "metrics_version": "metrics-v0.1.0",
  "min_n_display": 20,
  "rolling": {
    "30d": {
      "base_rate": 0.55,
      "baseline_brier": 0.2475,
      "baseline_hit_rate": 0.55,
      "brier": 0.2498190830947933,
      "display_ready": true,
      "ece": null,
      "hit_rate": 0.55,
      "logloss": 0.692785710005024,
      "n": 1220
    },
    "7d": {
      "base_rate": 0.6097560975609756,
      "baseline_brier": 0.2379535990481856,
      "baseline_hit_rate": 0.6097560975609756,
      "brier": 0.24942143349332543,
      "display_ready": true,
      "ece": null,
      "hit_rate": 0.6097560975609756,
      "logloss": 0.6919911185003186,
      "n": 123
    },
    "90d": {
      "base_rate": 0.55,
      "baseline_brier": 0.2475,
      "baseline_hit_rate": 0.55,
      "brier": 0.2498190830947933,
      "display_ready": true,
      "ece": null,
      "hit_rate": 0.55,
      "logloss": 0.692785710005024,
      "n": 1220
    }
  },
  "schema_version": "1",
  "total_forecasts": 1222,
  "total_resolved": 1220
}
