{
  "by_horizon": {
    "12h": {
      "base_rate": 0.5632183908045977,
      "baseline_brier": 0.24600343506407715,
      "baseline_hit_rate": 0.5632183908045977,
      "brier": 0.24971820542657064,
      "display_ready": true,
      "ece": null,
      "hit_rate": 0.5632183908045977,
      "logloss": 0.6925843036971188,
      "n": 87
    },
    "1h": {
      "base_rate": 0.5095693779904307,
      "baseline_brier": 0.24990842700487625,
      "baseline_hit_rate": 0.5095693779904307,
      "brier": 0.2504025587711181,
      "display_ready": true,
      "ece": null,
      "hit_rate": 0.5095693779904307,
      "logloss": 0.6939527934784906,
      "n": 418
    },
    "24h": {
      "base_rate": 0.627906976744186,
      "baseline_brier": 0.23363980530016226,
      "baseline_hit_rate": 0.627906976744186,
      "brier": 0.24855910732806002,
      "display_ready": true,
      "ece": null,
      "hit_rate": 0.627906976744186,
      "logloss": 0.6902637577693241,
      "n": 43
    },
    "4h": {
      "base_rate": 0.5204918032786885,
      "baseline_brier": 0.24958008599838752,
      "baseline_hit_rate": 0.5204918032786885,
      "brier": 0.24989100701454742,
      "display_ready": true,
      "ece": null,
      "hit_rate": 0.5204918032786885,
      "logloss": 0.6929287151630602,
      "n": 244
    }
  },
  "by_model_version": {
    "v0.1.0-baseline-shadow": {
      "base_rate": 0.5252525252525253,
      "baseline_brier": 0.24936230996837058,
      "baseline_hit_rate": 0.5252525252525253,
      "brier": 0.2500696979357262,
      "display_ready": true,
      "ece": null,
      "hit_rate": 0.5252525252525253,
      "logloss": 0.6932866795196035,
      "n": 792
    }
  },
  "generated_at": "2026-06-10T22:58:16Z",
  "global": {
    "base_rate": 0.5252525252525253,
    "baseline_brier": 0.24936230996837058,
    "baseline_hit_rate": 0.5252525252525253,
    "brier": 0.2500696979357262,
    "display_ready": true,
    "ece": null,
    "hit_rate": 0.5252525252525253,
    "logloss": 0.6932866795196035,
    "n": 792
  },
  "metrics_version": "metrics-v0.1.0",
  "min_n_display": 20,
  "rolling": {
    "30d": {
      "base_rate": 0.5252525252525253,
      "baseline_brier": 0.24936230996837058,
      "baseline_hit_rate": 0.5252525252525253,
      "brier": 0.2500696979357262,
      "display_ready": true,
      "ece": null,
      "hit_rate": 0.5252525252525253,
      "logloss": 0.6932866795196035,
      "n": 792
    },
    "7d": {
      "base_rate": 0.5252525252525253,
      "baseline_brier": 0.24936230996837058,
      "baseline_hit_rate": 0.5252525252525253,
      "brier": 0.2500696979357262,
      "display_ready": true,
      "ece": null,
      "hit_rate": 0.5252525252525253,
      "logloss": 0.6932866795196035,
      "n": 792
    },
    "90d": {
      "base_rate": 0.5252525252525253,
      "baseline_brier": 0.24936230996837058,
      "baseline_hit_rate": 0.5252525252525253,
      "brier": 0.2500696979357262,
      "display_ready": true,
      "ece": null,
      "hit_rate": 0.5252525252525253,
      "logloss": 0.6932866795196035,
      "n": 792
    }
  },
  "schema_version": "1",
  "total_forecasts": 796,
  "total_resolved": 792
}
