{
  "by_horizon": {
    "12h": {
      "base_rate": 0.5877862595419847,
      "baseline_brier": 0.2422935726356273,
      "baseline_hit_rate": 0.5877862595419847,
      "brier": 0.24908987622540923,
      "display_ready": true,
      "ece": null,
      "hit_rate": 0.5877862595419847,
      "logloss": 0.6913272262054222,
      "n": 131
    },
    "1h": {
      "base_rate": 0.520618556701031,
      "baseline_brier": 0.2495748751195664,
      "baseline_hit_rate": 0.520618556701031,
      "brier": 0.25031925366300556,
      "display_ready": true,
      "ece": null,
      "hit_rate": 0.520618556701031,
      "logloss": 0.6937863954149395,
      "n": 582
    },
    "24h": {
      "base_rate": 0.6461538461538462,
      "baseline_brier": 0.22863905325443787,
      "baseline_hit_rate": 0.6461538461538462,
      "brier": 0.24837870325740943,
      "display_ready": true,
      "ece": null,
      "hit_rate": 0.6461538461538462,
      "logloss": 0.6899034573716565,
      "n": 65
    },
    "4h": {
      "base_rate": 0.5512465373961218,
      "baseline_brier": 0.24737379240490787,
      "baseline_hit_rate": 0.5512465373961218,
      "brier": 0.24981963927572357,
      "display_ready": true,
      "ece": null,
      "hit_rate": 0.5512465373961218,
      "logloss": 0.692786647843388,
      "n": 361
    }
  },
  "by_model_version": {
    "v0.1.0-baseline-shadow": {
      "base_rate": 0.5452151009657594,
      "baseline_brier": 0.24795559464465616,
      "baseline_hit_rate": 0.5452151009657594,
      "brier": 0.24990876638074247,
      "display_ready": true,
      "ece": null,
      "hit_rate": 0.5452151009657594,
      "logloss": 0.692965103920128,
      "n": 1139
    }
  },
  "generated_at": "2026-07-02T18:03:06Z",
  "global": {
    "base_rate": 0.5452151009657594,
    "baseline_brier": 0.24795559464465616,
    "baseline_hit_rate": 0.5452151009657594,
    "brier": 0.24990876638074247,
    "display_ready": true,
    "ece": null,
    "hit_rate": 0.5452151009657594,
    "logloss": 0.692965103920128,
    "n": 1139
  },
  "metrics_version": "metrics-v0.1.0",
  "min_n_display": 20,
  "rolling": {
    "30d": {
      "base_rate": 0.5452151009657594,
      "baseline_brier": 0.24795559464465616,
      "baseline_hit_rate": 0.5452151009657594,
      "brier": 0.24990876638074247,
      "display_ready": true,
      "ece": null,
      "hit_rate": 0.5452151009657594,
      "logloss": 0.692965103920128,
      "n": 1139
    },
    "7d": {
      "base_rate": 0.5083333333333333,
      "baseline_brier": 0.24993055555555557,
      "baseline_hit_rate": 0.5083333333333333,
      "brier": 0.251220194776207,
      "display_ready": true,
      "ece": null,
      "hit_rate": 0.5083333333333333,
      "logloss": 0.6955894917409864,
      "n": 120
    },
    "90d": {
      "base_rate": 0.5452151009657594,
      "baseline_brier": 0.24795559464465616,
      "baseline_hit_rate": 0.5452151009657594,
      "brier": 0.24990876638074247,
      "display_ready": true,
      "ece": null,
      "hit_rate": 0.5452151009657594,
      "logloss": 0.692965103920128,
      "n": 1139
    }
  },
  "schema_version": "1",
  "total_forecasts": 1143,
  "total_resolved": 1139
}
