{
  "by_horizon": {
    "12h": {
      "base_rate": 0.5686274509803921,
      "baseline_brier": 0.24529027297193387,
      "baseline_hit_rate": 0.5686274509803921,
      "brier": 0.24951236489212184,
      "display_ready": true,
      "ece": null,
      "hit_rate": 0.5686274509803921,
      "logloss": 0.6921723740406495,
      "n": 153
    },
    "1h": {
      "base_rate": 0.5283842794759825,
      "baseline_brier": 0.2491943326786293,
      "baseline_hit_rate": 0.5283842794759825,
      "brier": 0.25019852714893315,
      "display_ready": true,
      "ece": null,
      "hit_rate": 0.5283842794759825,
      "logloss": 0.6935448408825211,
      "n": 687
    },
    "24h": {
      "base_rate": 0.6447368421052632,
      "baseline_brier": 0.22905124653739614,
      "baseline_hit_rate": 0.6447368421052632,
      "brier": 0.2482923612999702,
      "display_ready": true,
      "ece": null,
      "hit_rate": 0.6447368421052632,
      "logloss": 0.6897309186607747,
      "n": 76
    },
    "4h": {
      "base_rate": 0.5391923990498813,
      "baseline_brier": 0.24846395585671485,
      "baseline_hit_rate": 0.5391923990498813,
      "brier": 0.25001152562935985,
      "display_ready": true,
      "ece": null,
      "hit_rate": 0.5391923990498813,
      "logloss": 0.6931705377711954,
      "n": 421
    }
  },
  "by_model_version": {
    "v0.1.0-baseline-shadow": {
      "base_rate": 0.5430067314884068,
      "baseline_brier": 0.24815042104668408,
      "baseline_hit_rate": 0.5430067314884068,
      "brier": 0.24995276868255042,
      "display_ready": true,
      "ece": null,
      "hit_rate": 0.5430067314884068,
      "logloss": 0.6930531227632037,
      "n": 1337
    }
  },
  "generated_at": "2026-07-13T12:15:07Z",
  "global": {
    "base_rate": 0.5430067314884068,
    "baseline_brier": 0.24815042104668408,
    "baseline_hit_rate": 0.5430067314884068,
    "brier": 0.24995276868255042,
    "display_ready": true,
    "ece": null,
    "hit_rate": 0.5430067314884068,
    "logloss": 0.6930531227632037,
    "n": 1337
  },
  "metrics_version": "metrics-v0.1.0",
  "min_n_display": 20,
  "rolling": {
    "30d": {
      "base_rate": 0.5654761904761905,
      "baseline_brier": 0.24571286848072563,
      "baseline_hit_rate": 0.5654761904761905,
      "brier": 0.24997708236653732,
      "display_ready": true,
      "ece": null,
      "hit_rate": 0.5654761904761905,
      "logloss": 0.6931023891772636,
      "n": 504
    },
    "7d": {
      "base_rate": 0.48484848484848486,
      "baseline_brier": 0.2497704315886134,
      "baseline_hit_rate": 0.5151515151515151,
      "brier": 0.25127032164126917,
      "display_ready": true,
      "ece": null,
      "hit_rate": 0.48484848484848486,
      "logloss": 0.6956888807732257,
      "n": 132
    },
    "90d": {
      "base_rate": 0.5430067314884068,
      "baseline_brier": 0.24815042104668408,
      "baseline_hit_rate": 0.5430067314884068,
      "brier": 0.24995276868255042,
      "display_ready": true,
      "ece": null,
      "hit_rate": 0.5430067314884068,
      "logloss": 0.6930531227632037,
      "n": 1337
    }
  },
  "schema_version": "1",
  "total_forecasts": 1338,
  "total_resolved": 1337
}
