{
  "by_horizon": {
    "12h": {
      "base_rate": 0.6039603960396039,
      "baseline_brier": 0.2391922360552887,
      "baseline_hit_rate": 0.6039603960396039,
      "brier": 0.24904208378064221,
      "display_ready": true,
      "ece": null,
      "hit_rate": 0.6039603960396039,
      "logloss": 0.6912316787442241,
      "n": 101
    },
    "1h": {
      "base_rate": 0.5205183585313174,
      "baseline_brier": 0.2495789969631803,
      "baseline_hit_rate": 0.5205183585313174,
      "brier": 0.2501292027134307,
      "display_ready": true,
      "ece": null,
      "hit_rate": 0.5205183585313174,
      "logloss": 0.6934058163801639,
      "n": 463
    },
    "24h": {
      "base_rate": 0.64,
      "baseline_brier": 0.2304,
      "baseline_hit_rate": 0.64,
      "brier": 0.24783240697472894,
      "display_ready": true,
      "ece": null,
      "hit_rate": 0.64,
      "logloss": 0.688810166334,
      "n": 50
    },
    "4h": {
      "base_rate": 0.5376344086021505,
      "baseline_brier": 0.2485836512891664,
      "baseline_hit_rate": 0.5376344086021505,
      "brier": 0.24971519617621588,
      "display_ready": true,
      "ece": null,
      "hit_rate": 0.5376344086021505,
      "logloss": 0.6925771959774258,
      "n": 279
    }
  },
  "by_model_version": {
    "v0.1.0-baseline-shadow": {
      "base_rate": 0.541993281075028,
      "baseline_brier": 0.24823656434455368,
      "baseline_hit_rate": 0.541993281075028,
      "brier": 0.24974829944016122,
      "display_ready": true,
      "ece": null,
      "hit_rate": 0.541993281075028,
      "logloss": 0.6926437161607887,
      "n": 893
    }
  },
  "generated_at": "2026-06-17T18:30:18Z",
  "global": {
    "base_rate": 0.541993281075028,
    "baseline_brier": 0.24823656434455368,
    "baseline_hit_rate": 0.541993281075028,
    "brier": 0.24974829944016122,
    "display_ready": true,
    "ece": null,
    "hit_rate": 0.541993281075028,
    "logloss": 0.6926437161607887,
    "n": 893
  },
  "metrics_version": "metrics-v0.1.0",
  "min_n_display": 20,
  "rolling": {
    "30d": {
      "base_rate": 0.541993281075028,
      "baseline_brier": 0.24823656434455368,
      "baseline_hit_rate": 0.541993281075028,
      "brier": 0.24974829944016122,
      "display_ready": true,
      "ece": null,
      "hit_rate": 0.541993281075028,
      "logloss": 0.6926437161607887,
      "n": 893
    },
    "7d": {
      "base_rate": 0.6634615384615384,
      "baseline_brier": 0.22328032544378698,
      "baseline_hit_rate": 0.6634615384615384,
      "brier": 0.24750184477702242,
      "display_ready": true,
      "ece": null,
      "hit_rate": 0.6634615384615384,
      "logloss": 0.6881495981705026,
      "n": 104
    },
    "90d": {
      "base_rate": 0.541993281075028,
      "baseline_brier": 0.24823656434455368,
      "baseline_hit_rate": 0.541993281075028,
      "brier": 0.24974829944016122,
      "display_ready": true,
      "ece": null,
      "hit_rate": 0.541993281075028,
      "logloss": 0.6926437161607887,
      "n": 893
    }
  },
  "schema_version": "1",
  "total_forecasts": 896,
  "total_resolved": 893
}
