{
  "by_horizon": {
    "12h": {
      "base_rate": 0.6111111111111112,
      "baseline_brier": 0.2376543209876543,
      "baseline_hit_rate": 0.6111111111111112,
      "brier": 0.24880792658431605,
      "display_ready": true,
      "ece": null,
      "hit_rate": 0.6111111111111112,
      "logloss": 0.690763245625509,
      "n": 108
    },
    "1h": {
      "base_rate": 0.5274949083503055,
      "baseline_brier": 0.2492440300148083,
      "baseline_hit_rate": 0.5274949083503055,
      "brier": 0.25011450527833146,
      "display_ready": true,
      "ece": null,
      "hit_rate": 0.5274949083503055,
      "logloss": 0.6933765002513125,
      "n": 491
    },
    "24h": {
      "base_rate": 0.6481481481481481,
      "baseline_brier": 0.22805212620027435,
      "baseline_hit_rate": 0.6481481481481481,
      "brier": 0.24785431425021975,
      "display_ready": true,
      "ece": null,
      "hit_rate": 0.6481481481481481,
      "logloss": 0.6888541809153216,
      "n": 54
    },
    "4h": {
      "base_rate": 0.5484949832775919,
      "baseline_brier": 0.24764823659690607,
      "baseline_hit_rate": 0.5484949832775919,
      "brier": 0.2495886035872687,
      "display_ready": true,
      "ece": null,
      "hit_rate": 0.5484949832775919,
      "logloss": 0.6923240703114788,
      "n": 299
    }
  },
  "by_model_version": {
    "v0.1.0-baseline-shadow": {
      "base_rate": 0.5504201680672269,
      "baseline_brier": 0.2474578066520726,
      "baseline_hit_rate": 0.5504201680672269,
      "brier": 0.2496729029462942,
      "display_ready": true,
      "ece": null,
      "hit_rate": 0.5504201680672269,
      "logloss": 0.6924929778818372,
      "n": 952
    }
  },
  "generated_at": "2026-06-21T10:48:38Z",
  "global": {
    "base_rate": 0.5504201680672269,
    "baseline_brier": 0.2474578066520726,
    "baseline_hit_rate": 0.5504201680672269,
    "brier": 0.2496729029462942,
    "display_ready": true,
    "ece": null,
    "hit_rate": 0.5504201680672269,
    "logloss": 0.6924929778818372,
    "n": 952
  },
  "metrics_version": "metrics-v0.1.0",
  "min_n_display": 20,
  "rolling": {
    "30d": {
      "base_rate": 0.5504201680672269,
      "baseline_brier": 0.2474578066520726,
      "baseline_hit_rate": 0.5504201680672269,
      "brier": 0.2496729029462942,
      "display_ready": true,
      "ece": null,
      "hit_rate": 0.5504201680672269,
      "logloss": 0.6924929778818372,
      "n": 952
    },
    "7d": {
      "base_rate": 0.6826923076923077,
      "baseline_brier": 0.21662352071005916,
      "baseline_hit_rate": 0.6826923076923077,
      "brier": 0.24802746857161825,
      "display_ready": true,
      "ece": null,
      "hit_rate": 0.6826923076923077,
      "logloss": 0.689201950451111,
      "n": 104
    },
    "90d": {
      "base_rate": 0.5504201680672269,
      "baseline_brier": 0.2474578066520726,
      "baseline_hit_rate": 0.5504201680672269,
      "brier": 0.2496729029462942,
      "display_ready": true,
      "ece": null,
      "hit_rate": 0.5504201680672269,
      "logloss": 0.6924929778818372,
      "n": 952
    }
  },
  "schema_version": "1",
  "total_forecasts": 956,
  "total_resolved": 952
}
