{
  "by_horizon": {
    "12h": {
      "base_rate": 0.5714285714285714,
      "baseline_brier": 0.24489795918367346,
      "baseline_hit_rate": 0.5714285714285714,
      "brier": 0.24941930564530376,
      "display_ready": true,
      "ece": null,
      "hit_rate": 0.5714285714285714,
      "logloss": 0.691986194865111,
      "n": 154
    },
    "1h": {
      "base_rate": 0.5273775216138329,
      "baseline_brier": 0.24925047131028413,
      "baseline_hit_rate": 0.5273775216138329,
      "brier": 0.2502176903965882,
      "display_ready": true,
      "ece": null,
      "hit_rate": 0.5273775216138329,
      "logloss": 0.6935831750828289,
      "n": 694
    },
    "24h": {
      "base_rate": 0.6493506493506493,
      "baseline_brier": 0.22769438353853938,
      "baseline_hit_rate": 0.6493506493506493,
      "brier": 0.24829874686643189,
      "display_ready": true,
      "ece": null,
      "hit_rate": 0.6493506493506493,
      "logloss": 0.6897437025170247,
      "n": 77
    },
    "4h": {
      "base_rate": 0.5377358490566038,
      "baseline_brier": 0.24857600569597724,
      "baseline_hit_rate": 0.5377358490566038,
      "brier": 0.25004759716263103,
      "display_ready": true,
      "ece": null,
      "hit_rate": 0.5377358490566038,
      "logloss": 0.6932427002045778,
      "n": 424
    }
  },
  "by_model_version": {
    "v0.1.0-baseline-shadow": {
      "base_rate": 0.5426241660489252,
      "baseline_brier": 0.24818318046863366,
      "baseline_hit_rate": 0.5426241660489252,
      "brier": 0.2499635544182949,
      "display_ready": true,
      "ece": null,
      "hit_rate": 0.5426241660489252,
      "logloss": 0.693074697922359,
      "n": 1349
    }
  },
  "generated_at": "2026-07-14T03:38:38Z",
  "global": {
    "base_rate": 0.5426241660489252,
    "baseline_brier": 0.24818318046863366,
    "baseline_hit_rate": 0.5426241660489252,
    "brier": 0.2499635544182949,
    "display_ready": true,
    "ece": null,
    "hit_rate": 0.5426241660489252,
    "logloss": 0.693074697922359,
    "n": 1349
  },
  "metrics_version": "metrics-v0.1.0",
  "min_n_display": 20,
  "rolling": {
    "30d": {
      "base_rate": 0.5584158415841585,
      "baseline_brier": 0.24658758945201453,
      "baseline_hit_rate": 0.5584158415841585,
      "brier": 0.25007822047600553,
      "display_ready": true,
      "ece": null,
      "hit_rate": 0.5584158415841585,
      "logloss": 0.6933046872267571,
      "n": 505
    },
    "7d": {
      "base_rate": 0.46564885496183206,
      "baseline_brier": 0.24881999883456676,
      "baseline_hit_rate": 0.5343511450381679,
      "brier": 0.2515364818218997,
      "display_ready": true,
      "ece": null,
      "hit_rate": 0.46564885496183206,
      "logloss": 0.6962210989356032,
      "n": 131
    },
    "90d": {
      "base_rate": 0.5426241660489252,
      "baseline_brier": 0.24818318046863366,
      "baseline_hit_rate": 0.5426241660489252,
      "brier": 0.2499635544182949,
      "display_ready": true,
      "ece": null,
      "hit_rate": 0.5426241660489252,
      "logloss": 0.693074697922359,
      "n": 1349
    }
  },
  "schema_version": "1",
  "total_forecasts": 1353,
  "total_resolved": 1349
}
