{
  "by_horizon": {
    "12h": {
      "base_rate": 0.5964912280701754,
      "baseline_brier": 0.24068944290550937,
      "baseline_hit_rate": 0.5964912280701754,
      "brier": 0.2491267343366156,
      "display_ready": true,
      "ece": null,
      "hit_rate": 0.5964912280701754,
      "logloss": 0.6914011697610295,
      "n": 114
    },
    "1h": {
      "base_rate": 0.5321637426900585,
      "baseline_brier": 0.24896549365616769,
      "baseline_hit_rate": 0.5321637426900585,
      "brier": 0.2500347722539094,
      "display_ready": true,
      "ece": null,
      "hit_rate": 0.5321637426900585,
      "logloss": 0.6932169151049327,
      "n": 513
    },
    "24h": {
      "base_rate": 0.6491228070175439,
      "baseline_brier": 0.22776238842720836,
      "baseline_hit_rate": 0.6491228070175439,
      "brier": 0.24798094119803063,
      "display_ready": true,
      "ece": null,
      "hit_rate": 0.6491228070175439,
      "logloss": 0.6891075477701932,
      "n": 57
    },
    "4h": {
      "base_rate": 0.554140127388535,
      "baseline_brier": 0.24706884660635323,
      "baseline_hit_rate": 0.554140127388535,
      "brier": 0.24953281424546392,
      "display_ready": true,
      "ece": null,
      "hit_rate": 0.554140127388535,
      "logloss": 0.6922123526726269,
      "n": 314
    }
  },
  "by_model_version": {
    "v0.1.0-baseline-shadow": {
      "base_rate": 0.5531062124248497,
      "baseline_brier": 0.24717973020188677,
      "baseline_hit_rate": 0.5531062124248497,
      "brier": 0.24965581483165644,
      "display_ready": true,
      "ece": null,
      "hit_rate": 0.5531062124248497,
      "logloss": 0.69245873723817,
      "n": 998
    }
  },
  "generated_at": "2026-06-24T11:52:16Z",
  "global": {
    "base_rate": 0.5531062124248497,
    "baseline_brier": 0.24717973020188677,
    "baseline_hit_rate": 0.5531062124248497,
    "brier": 0.24965581483165644,
    "display_ready": true,
    "ece": null,
    "hit_rate": 0.5531062124248497,
    "logloss": 0.69245873723817,
    "n": 998
  },
  "metrics_version": "metrics-v0.1.0",
  "min_n_display": 20,
  "rolling": {
    "30d": {
      "base_rate": 0.5531062124248497,
      "baseline_brier": 0.24717973020188677,
      "baseline_hit_rate": 0.5531062124248497,
      "brier": 0.24965581483165644,
      "display_ready": true,
      "ece": null,
      "hit_rate": 0.5531062124248497,
      "logloss": 0.69245873723817,
      "n": 998
    },
    "7d": {
      "base_rate": 0.6605504587155964,
      "baseline_brier": 0.2242235502062116,
      "baseline_hit_rate": 0.6605504587155964,
      "brier": 0.24871169484778752,
      "display_ready": true,
      "ece": null,
      "hit_rate": 0.6605504587155964,
      "logloss": 0.6905704038869099,
      "n": 109
    },
    "90d": {
      "base_rate": 0.5531062124248497,
      "baseline_brier": 0.24717973020188677,
      "baseline_hit_rate": 0.5531062124248497,
      "brier": 0.24965581483165644,
      "display_ready": true,
      "ece": null,
      "hit_rate": 0.5531062124248497,
      "logloss": 0.69245873723817,
      "n": 998
    }
  },
  "schema_version": "1",
  "total_forecasts": 1001,
  "total_resolved": 998
}
