{
  "by_horizon": {
    "12h": {
      "base_rate": 0.5679012345679012,
      "baseline_brier": 0.24538942234415487,
      "baseline_hit_rate": 0.5679012345679012,
      "brier": 0.24951654277542695,
      "display_ready": true,
      "ece": null,
      "hit_rate": 0.5679012345679012,
      "logloss": 0.6921807730086494,
      "n": 162
    },
    "1h": {
      "base_rate": 0.5263870094722598,
      "baseline_brier": 0.24930372573111087,
      "baseline_hit_rate": 0.5263870094722598,
      "brier": 0.2502065415738352,
      "display_ready": true,
      "ece": null,
      "hit_rate": 0.5263870094722598,
      "logloss": 0.6935608960929294,
      "n": 739
    },
    "24h": {
      "base_rate": 0.6296296296296297,
      "baseline_brier": 0.23319615912208505,
      "baseline_hit_rate": 0.6296296296296297,
      "brier": 0.2489107180523578,
      "display_ready": true,
      "ece": null,
      "hit_rate": 0.6296296296296297,
      "logloss": 0.6909681935182765,
      "n": 81
    },
    "4h": {
      "base_rate": 0.5412026726057907,
      "baseline_brier": 0.24830233977014005,
      "baseline_hit_rate": 0.5412026726057907,
      "brier": 0.2501045543141414,
      "display_ready": true,
      "ece": null,
      "hit_rate": 0.5412026726057907,
      "logloss": 0.6933567637954395,
      "n": 449
    }
  },
  "by_model_version": {
    "v0.1.0-baseline-shadow": {
      "base_rate": 0.5415793151642209,
      "baseline_brier": 0.24827116055047443,
      "baseline_hit_rate": 0.5415793151642209,
      "brier": 0.250023079805712,
      "display_ready": true,
      "ece": null,
      "hit_rate": 0.5415793151642209,
      "logloss": 0.6931938490979795,
      "n": 1431
    }
  },
  "generated_at": "2026-07-18T06:21:40Z",
  "global": {
    "base_rate": 0.5415793151642209,
    "baseline_brier": 0.24827116055047443,
    "baseline_hit_rate": 0.5415793151642209,
    "brier": 0.250023079805712,
    "display_ready": true,
    "ece": null,
    "hit_rate": 0.5415793151642209,
    "logloss": 0.6931938490979795,
    "n": 1431
  },
  "metrics_version": "metrics-v0.1.0",
  "min_n_display": 20,
  "rolling": {
    "30d": {
      "base_rate": 0.5461393596986818,
      "baseline_brier": 0.2478711594865957,
      "baseline_hit_rate": 0.5461393596986818,
      "brier": 0.25037582451287027,
      "display_ready": true,
      "ece": null,
      "hit_rate": 0.5461393596986818,
      "logloss": 0.6939002231149525,
      "n": 531
    },
    "7d": {
      "base_rate": 0.5277777777777778,
      "baseline_brier": 0.24922839506172836,
      "baseline_hit_rate": 0.5277777777777778,
      "brier": 0.2507863018757652,
      "display_ready": true,
      "ece": null,
      "hit_rate": 0.5277777777777778,
      "logloss": 0.6947210993044775,
      "n": 144
    },
    "90d": {
      "base_rate": 0.5415793151642209,
      "baseline_brier": 0.24827116055047443,
      "baseline_hit_rate": 0.5415793151642209,
      "brier": 0.250023079805712,
      "display_ready": true,
      "ece": null,
      "hit_rate": 0.5415793151642209,
      "logloss": 0.6931938490979795,
      "n": 1431
    }
  },
  "schema_version": "1",
  "total_forecasts": 1435,
  "total_resolved": 1431
}
