{
  "by_horizon": {
    "12h": {
      "base_rate": 0.6095238095238096,
      "baseline_brier": 0.23800453514739228,
      "baseline_hit_rate": 0.6095238095238096,
      "brier": 0.24882070005620896,
      "display_ready": true,
      "ece": null,
      "hit_rate": 0.6095238095238096,
      "logloss": 0.6907887999927856,
      "n": 105
    },
    "1h": {
      "base_rate": 0.5157232704402516,
      "baseline_brier": 0.24975277876666271,
      "baseline_hit_rate": 0.5157232704402516,
      "brier": 0.2502635722552228,
      "display_ready": true,
      "ece": null,
      "hit_rate": 0.5157232704402516,
      "logloss": 0.6936746614878461,
      "n": 477
    },
    "24h": {
      "base_rate": 0.6538461538461539,
      "baseline_brier": 0.22633136094674555,
      "baseline_hit_rate": 0.6538461538461539,
      "brier": 0.24764269128090624,
      "display_ready": true,
      "ece": null,
      "hit_rate": 0.6538461538461539,
      "logloss": 0.6884307590629929,
      "n": 52
    },
    "4h": {
      "base_rate": 0.5379310344827586,
      "baseline_brier": 0.24856123662306778,
      "baseline_hit_rate": 0.5379310344827586,
      "brier": 0.24973759780267485,
      "display_ready": true,
      "ece": null,
      "hit_rate": 0.5379310344827586,
      "logloss": 0.6926220736408817,
      "n": 290
    }
  },
  "by_model_version": {
    "v0.1.0-baseline-shadow": {
      "base_rate": 0.5411255411255411,
      "baseline_brier": 0.24830868986713142,
      "baseline_hit_rate": 0.5411255411255411,
      "brier": 0.24978703547730088,
      "display_ready": true,
      "ece": null,
      "hit_rate": 0.5411255411255411,
      "logloss": 0.6927212536321173,
      "n": 924
    }
  },
  "generated_at": "2026-06-19T20:05:35Z",
  "global": {
    "base_rate": 0.5411255411255411,
    "baseline_brier": 0.24830868986713142,
    "baseline_hit_rate": 0.5411255411255411,
    "brier": 0.24978703547730088,
    "display_ready": true,
    "ece": null,
    "hit_rate": 0.5411255411255411,
    "logloss": 0.6927212536321173,
    "n": 924
  },
  "metrics_version": "metrics-v0.1.0",
  "min_n_display": 20,
  "rolling": {
    "30d": {
      "base_rate": 0.5411255411255411,
      "baseline_brier": 0.24830868986713142,
      "baseline_hit_rate": 0.5411255411255411,
      "brier": 0.24978703547730088,
      "display_ready": true,
      "ece": null,
      "hit_rate": 0.5411255411255411,
      "logloss": 0.6927212536321173,
      "n": 924
    },
    "7d": {
      "base_rate": 0.6476190476190476,
      "baseline_brier": 0.22820861678004536,
      "baseline_hit_rate": 0.6476190476190476,
      "brier": 0.2484774186949513,
      "display_ready": true,
      "ece": null,
      "hit_rate": 0.6476190476190476,
      "logloss": 0.6901018599172564,
      "n": 105
    },
    "90d": {
      "base_rate": 0.5411255411255411,
      "baseline_brier": 0.24830868986713142,
      "baseline_hit_rate": 0.5411255411255411,
      "brier": 0.24978703547730088,
      "display_ready": true,
      "ece": null,
      "hit_rate": 0.5411255411255411,
      "logloss": 0.6927212536321173,
      "n": 924
    }
  },
  "schema_version": "1",
  "total_forecasts": 928,
  "total_resolved": 924
}
