{
  "by_horizon": {
    "12h": {
      "base_rate": 0.6057692307692307,
      "baseline_brier": 0.2388128698224852,
      "baseline_hit_rate": 0.6057692307692307,
      "brier": 0.24893832491261683,
      "display_ready": true,
      "ece": null,
      "hit_rate": 0.6057692307692307,
      "logloss": 0.6910241149863255,
      "n": 104
    },
    "1h": {
      "base_rate": 0.5169491525423728,
      "baseline_brier": 0.2497127262280954,
      "baseline_hit_rate": 0.5169491525423728,
      "brier": 0.25023849668491605,
      "display_ready": true,
      "ece": null,
      "hit_rate": 0.5169491525423728,
      "logloss": 0.6936245022558847,
      "n": 472
    },
    "24h": {
      "base_rate": 0.6538461538461539,
      "baseline_brier": 0.22633136094674555,
      "baseline_hit_rate": 0.6538461538461539,
      "brier": 0.24764269128090624,
      "display_ready": true,
      "ece": null,
      "hit_rate": 0.6538461538461539,
      "logloss": 0.6884307590629929,
      "n": 52
    },
    "4h": {
      "base_rate": 0.534965034965035,
      "baseline_brier": 0.2487774463298939,
      "baseline_hit_rate": 0.534965034965035,
      "brier": 0.2498043193322453,
      "display_ready": true,
      "ece": null,
      "hit_rate": 0.534965034965035,
      "logloss": 0.69275554162838,
      "n": 286
    }
  },
  "by_model_version": {
    "v0.1.0-baseline-shadow": {
      "base_rate": 0.5404814004376368,
      "baseline_brier": 0.24836125621860772,
      "baseline_hit_rate": 0.5404814004376368,
      "brier": 0.24980701477223388,
      "display_ready": true,
      "ece": null,
      "hit_rate": 0.5404814004376368,
      "logloss": 0.6927612225386737,
      "n": 914
    }
  },
  "generated_at": "2026-06-19T01:50:37Z",
  "global": {
    "base_rate": 0.5404814004376368,
    "baseline_brier": 0.24836125621860772,
    "baseline_hit_rate": 0.5404814004376368,
    "brier": 0.24980701477223388,
    "display_ready": true,
    "ece": null,
    "hit_rate": 0.5404814004376368,
    "logloss": 0.6927612225386737,
    "n": 914
  },
  "metrics_version": "metrics-v0.1.0",
  "min_n_display": 20,
  "rolling": {
    "30d": {
      "base_rate": 0.5404814004376368,
      "baseline_brier": 0.24836125621860772,
      "baseline_hit_rate": 0.5404814004376368,
      "brier": 0.24980701477223388,
      "display_ready": true,
      "ece": null,
      "hit_rate": 0.5404814004376368,
      "logloss": 0.6927612225386737,
      "n": 914
    },
    "7d": {
      "base_rate": 0.6442307692307693,
      "baseline_brier": 0.22919748520710057,
      "baseline_hit_rate": 0.6442307692307693,
      "brier": 0.248810167225951,
      "display_ready": true,
      "ece": null,
      "hit_rate": 0.6442307692307693,
      "logloss": 0.6907675027780662,
      "n": 104
    },
    "90d": {
      "base_rate": 0.5404814004376368,
      "baseline_brier": 0.24836125621860772,
      "baseline_hit_rate": 0.5404814004376368,
      "brier": 0.24980701477223388,
      "display_ready": true,
      "ece": null,
      "hit_rate": 0.5404814004376368,
      "logloss": 0.6927612225386737,
      "n": 914
    }
  },
  "schema_version": "1",
  "total_forecasts": 914,
  "total_resolved": 914
}
