{
  "by_horizon": {
    "12h": {
      "base_rate": 0.5970149253731343,
      "baseline_brier": 0.24058810425484514,
      "baseline_hit_rate": 0.5970149253731343,
      "brier": 0.24886003125915543,
      "display_ready": true,
      "ece": null,
      "hit_rate": 0.5970149253731343,
      "logloss": 0.6908673540096207,
      "n": 134
    },
    "1h": {
      "base_rate": 0.5276381909547738,
      "baseline_brier": 0.24923613040074744,
      "baseline_hit_rate": 0.5276381909547738,
      "brier": 0.25017894696354875,
      "display_ready": true,
      "ece": null,
      "hit_rate": 0.5276381909547738,
      "logloss": 0.693505718093619,
      "n": 597
    },
    "24h": {
      "base_rate": 0.6567164179104478,
      "baseline_brier": 0.2254399643573179,
      "baseline_hit_rate": 0.6567164179104478,
      "brier": 0.24813525013144686,
      "display_ready": true,
      "ece": null,
      "hit_rate": 0.6567164179104478,
      "logloss": 0.6894164860024029,
      "n": 67
    },
    "4h": {
      "base_rate": 0.5528455284552846,
      "baseline_brier": 0.2472073501222817,
      "baseline_hit_rate": 0.5528455284552846,
      "brier": 0.24983245054089906,
      "display_ready": true,
      "ece": null,
      "hit_rate": 0.5528455284552846,
      "logloss": 0.692812317805677,
      "n": 369
    }
  },
  "by_model_version": {
    "v0.1.0-baseline-shadow": {
      "base_rate": 0.5509854327335048,
      "baseline_brier": 0.24740048564897726,
      "baseline_hit_rate": 0.5509854327335048,
      "brier": 0.2498006097123943,
      "display_ready": true,
      "ece": null,
      "hit_rate": 0.5509854327335048,
      "logloss": 0.692748748047674,
      "n": 1167
    }
  },
  "generated_at": "2026-07-04T10:27:23Z",
  "global": {
    "base_rate": 0.5509854327335048,
    "baseline_brier": 0.24740048564897726,
    "baseline_hit_rate": 0.5509854327335048,
    "brier": 0.2498006097123943,
    "display_ready": true,
    "ece": null,
    "hit_rate": 0.5509854327335048,
    "logloss": 0.692748748047674,
    "n": 1167
  },
  "metrics_version": "metrics-v0.1.0",
  "min_n_display": 20,
  "rolling": {
    "30d": {
      "base_rate": 0.5509854327335048,
      "baseline_brier": 0.24740048564897726,
      "baseline_hit_rate": 0.5509854327335048,
      "brier": 0.2498006097123943,
      "display_ready": true,
      "ece": null,
      "hit_rate": 0.5509854327335048,
      "logloss": 0.692748748047674,
      "n": 1167
    },
    "7d": {
      "base_rate": 0.5798319327731093,
      "baseline_brier": 0.24362686250970977,
      "baseline_hit_rate": 0.5798319327731093,
      "brier": 0.2497968177157229,
      "display_ready": true,
      "ece": null,
      "hit_rate": 0.5798319327731093,
      "logloss": 0.6927417628051037,
      "n": 119
    },
    "90d": {
      "base_rate": 0.5509854327335048,
      "baseline_brier": 0.24740048564897726,
      "baseline_hit_rate": 0.5509854327335048,
      "brier": 0.2498006097123943,
      "display_ready": true,
      "ece": null,
      "hit_rate": 0.5509854327335048,
      "logloss": 0.692748748047674,
      "n": 1167
    }
  },
  "schema_version": "1",
  "total_forecasts": 1171,
  "total_resolved": 1167
}
