{
  "by_horizon": {
    "12h": {
      "base_rate": 0.5912408759124088,
      "baseline_brier": 0.24167510256273642,
      "baseline_hit_rate": 0.5912408759124088,
      "brier": 0.248981076384841,
      "display_ready": true,
      "ece": null,
      "hit_rate": 0.5912408759124088,
      "logloss": 0.6911094587247094,
      "n": 137
    },
    "1h": {
      "base_rate": 0.5293159609120521,
      "baseline_brier": 0.24914057443580304,
      "baseline_hit_rate": 0.5293159609120521,
      "brier": 0.25016031486653706,
      "display_ready": true,
      "ece": null,
      "hit_rate": 0.5293159609120521,
      "logloss": 0.6934684336712114,
      "n": 614
    },
    "24h": {
      "base_rate": 0.6617647058823529,
      "baseline_brier": 0.22383217993079585,
      "baseline_hit_rate": 0.6617647058823529,
      "brier": 0.24804329555165688,
      "display_ready": true,
      "ece": null,
      "hit_rate": 0.6617647058823529,
      "logloss": 0.6892325731731971,
      "n": 68
    },
    "4h": {
      "base_rate": 0.5517241379310345,
      "baseline_brier": 0.2473246135552913,
      "baseline_hit_rate": 0.5517241379310345,
      "brier": 0.24986353530923658,
      "display_ready": true,
      "ece": null,
      "hit_rate": 0.5517241379310345,
      "logloss": 0.6928744879685999,
      "n": 377
    }
  },
  "by_model_version": {
    "v0.1.0-baseline-shadow": {
      "base_rate": 0.5510033444816054,
      "baseline_brier": 0.2473986588516907,
      "baseline_hit_rate": 0.5510033444816054,
      "brier": 0.2498113191487223,
      "display_ready": true,
      "ece": null,
      "hit_rate": 0.5510033444816054,
      "logloss": 0.6927701597486192,
      "n": 1196
    }
  },
  "generated_at": "2026-07-05T19:39:38Z",
  "global": {
    "base_rate": 0.5510033444816054,
    "baseline_brier": 0.2473986588516907,
    "baseline_hit_rate": 0.5510033444816054,
    "brier": 0.2498113191487223,
    "display_ready": true,
    "ece": null,
    "hit_rate": 0.5510033444816054,
    "logloss": 0.6927701597486192,
    "n": 1196
  },
  "metrics_version": "metrics-v0.1.0",
  "min_n_display": 20,
  "rolling": {
    "30d": {
      "base_rate": 0.5510033444816054,
      "baseline_brier": 0.2473986588516907,
      "baseline_hit_rate": 0.5510033444816054,
      "brier": 0.2498113191487223,
      "display_ready": true,
      "ece": null,
      "hit_rate": 0.5510033444816054,
      "logloss": 0.6927701597486192,
      "n": 1196
    },
    "7d": {
      "base_rate": 0.5983606557377049,
      "baseline_brier": 0.2403251814028487,
      "baseline_hit_rate": 0.5983606557377049,
      "brier": 0.24994263959915292,
      "display_ready": true,
      "ece": null,
      "hit_rate": 0.5983606557377049,
      "logloss": 0.69303341891655,
      "n": 122
    },
    "90d": {
      "base_rate": 0.5510033444816054,
      "baseline_brier": 0.2473986588516907,
      "baseline_hit_rate": 0.5510033444816054,
      "brier": 0.2498113191487223,
      "display_ready": true,
      "ece": null,
      "hit_rate": 0.5510033444816054,
      "logloss": 0.6927701597486192,
      "n": 1196
    }
  },
  "schema_version": "1",
  "total_forecasts": 1199,
  "total_resolved": 1196
}
