{
  "by_horizon": {
    "12h": {
      "base_rate": 0.5789473684210527,
      "baseline_brier": 0.24376731301939059,
      "baseline_hit_rate": 0.5789473684210527,
      "brier": 0.2494074356441332,
      "display_ready": true,
      "ece": null,
      "hit_rate": 0.5789473684210527,
      "logloss": 0.6919626239282919,
      "n": 95
    },
    "1h": {
      "base_rate": 0.5146067415730337,
      "baseline_brier": 0.24978664310061863,
      "baseline_hit_rate": 0.5146067415730337,
      "brier": 0.25026377436422614,
      "display_ready": true,
      "ece": null,
      "hit_rate": 0.5146067415730337,
      "logloss": 0.6936751257164254,
      "n": 445
    },
    "24h": {
      "base_rate": 0.6382978723404256,
      "baseline_brier": 0.23087369850611136,
      "baseline_hit_rate": 0.6382978723404256,
      "brier": 0.24820717047495747,
      "display_ready": true,
      "ece": null,
      "hit_rate": 0.6382978723404256,
      "logloss": 0.6895598469006999,
      "n": 47
    },
    "4h": {
      "base_rate": 0.5283018867924528,
      "baseline_brier": 0.2491990032039872,
      "baseline_hit_rate": 0.5283018867924528,
      "brier": 0.24970044471856534,
      "display_ready": true,
      "ece": null,
      "hit_rate": 0.5283018867924528,
      "logloss": 0.6925475267288185,
      "n": 265
    }
  },
  "by_model_version": {
    "v0.1.0-baseline-shadow": {
      "base_rate": 0.5328638497652582,
      "baseline_brier": 0.24891996737860653,
      "baseline_hit_rate": 0.5328638497652582,
      "brier": 0.24987962540025366,
      "display_ready": true,
      "ece": null,
      "hit_rate": 0.5328638497652582,
      "logloss": 0.6929064408503132,
      "n": 852
    }
  },
  "generated_at": "2026-06-14T15:19:55Z",
  "global": {
    "base_rate": 0.5328638497652582,
    "baseline_brier": 0.24891996737860653,
    "baseline_hit_rate": 0.5328638497652582,
    "brier": 0.24987962540025366,
    "display_ready": true,
    "ece": null,
    "hit_rate": 0.5328638497652582,
    "logloss": 0.6929064408503132,
    "n": 852
  },
  "metrics_version": "metrics-v0.1.0",
  "min_n_display": 20,
  "rolling": {
    "30d": {
      "base_rate": 0.5328638497652582,
      "baseline_brier": 0.24891996737860653,
      "baseline_hit_rate": 0.5328638497652582,
      "brier": 0.24987962540025366,
      "display_ready": true,
      "ece": null,
      "hit_rate": 0.5328638497652582,
      "logloss": 0.6929064408503132,
      "n": 852
    },
    "7d": {
      "base_rate": 0.5328638497652582,
      "baseline_brier": 0.24891996737860653,
      "baseline_hit_rate": 0.5328638497652582,
      "brier": 0.24987962540025366,
      "display_ready": true,
      "ece": null,
      "hit_rate": 0.5328638497652582,
      "logloss": 0.6929064408503132,
      "n": 852
    },
    "90d": {
      "base_rate": 0.5328638497652582,
      "baseline_brier": 0.24891996737860653,
      "baseline_hit_rate": 0.5328638497652582,
      "brier": 0.24987962540025366,
      "display_ready": true,
      "ece": null,
      "hit_rate": 0.5328638497652582,
      "logloss": 0.6929064408503132,
      "n": 852
    }
  },
  "schema_version": "1",
  "total_forecasts": 856,
  "total_resolved": 852
}
