{
  "by_horizon": {
    "12h": {
      "base_rate": 0.5827338129496403,
      "baseline_brier": 0.24315511619481392,
      "baseline_hit_rate": 0.5827338129496403,
      "brier": 0.24907334365034314,
      "display_ready": true,
      "ece": null,
      "hit_rate": 0.5827338129496403,
      "logloss": 0.6912939974263227,
      "n": 139
    },
    "1h": {
      "base_rate": 0.5321543408360129,
      "baseline_brier": 0.2489660983654015,
      "baseline_hit_rate": 0.5321543408360129,
      "brier": 0.25006498461424637,
      "display_ready": true,
      "ece": null,
      "hit_rate": 0.5321543408360129,
      "logloss": 0.6932777134078211,
      "n": 622
    },
    "24h": {
      "base_rate": 0.6666666666666666,
      "baseline_brier": 0.22222222222222224,
      "baseline_hit_rate": 0.6666666666666666,
      "brier": 0.2479735123737109,
      "display_ready": true,
      "ece": null,
      "hit_rate": 0.6666666666666666,
      "logloss": 0.6890930120606911,
      "n": 69
    },
    "4h": {
      "base_rate": 0.5483028720626631,
      "baseline_brier": 0.247666832550498,
      "baseline_hit_rate": 0.5483028720626631,
      "brier": 0.24990775586033043,
      "display_ready": true,
      "ece": null,
      "hit_rate": 0.5483028720626631,
      "logloss": 0.6929629650115043,
      "n": 383
    }
  },
  "by_model_version": {
    "v0.1.0-baseline-shadow": {
      "base_rate": 0.5507007419620775,
      "baseline_brier": 0.24742943476449483,
      "baseline_hit_rate": 0.5507007419620775,
      "brier": 0.24978273540457668,
      "display_ready": true,
      "ece": null,
      "hit_rate": 0.5507007419620775,
      "logloss": 0.6927129734653895,
      "n": 1213
    }
  },
  "generated_at": "2026-07-06T20:10:28Z",
  "global": {
    "base_rate": 0.5507007419620775,
    "baseline_brier": 0.24742943476449483,
    "baseline_hit_rate": 0.5507007419620775,
    "brier": 0.24978273540457668,
    "display_ready": true,
    "ece": null,
    "hit_rate": 0.5507007419620775,
    "logloss": 0.6927129734653895,
    "n": 1213
  },
  "metrics_version": "metrics-v0.1.0",
  "min_n_display": 20,
  "rolling": {
    "30d": {
      "base_rate": 0.5507007419620775,
      "baseline_brier": 0.24742943476449483,
      "baseline_hit_rate": 0.5507007419620775,
      "brier": 0.24978273540457668,
      "display_ready": true,
      "ece": null,
      "hit_rate": 0.5507007419620775,
      "logloss": 0.6927129734653895,
      "n": 1213
    },
    "7d": {
      "base_rate": 0.6097560975609756,
      "baseline_brier": 0.2379535990481856,
      "baseline_hit_rate": 0.6097560975609756,
      "brier": 0.24925334454781664,
      "display_ready": true,
      "ece": null,
      "hit_rate": 0.6097560975609756,
      "logloss": 0.691654580474641,
      "n": 123
    },
    "90d": {
      "base_rate": 0.5507007419620775,
      "baseline_brier": 0.24742943476449483,
      "baseline_hit_rate": 0.5507007419620775,
      "brier": 0.24978273540457668,
      "display_ready": true,
      "ece": null,
      "hit_rate": 0.5507007419620775,
      "logloss": 0.6927129734653895,
      "n": 1213
    }
  },
  "schema_version": "1",
  "total_forecasts": 1215,
  "total_resolved": 1213
}
