{
  "by_horizon": {
    "12h": {
      "base_rate": 0.5925925925925926,
      "baseline_brier": 0.2414266117969822,
      "baseline_hit_rate": 0.5925925925925926,
      "brier": 0.24892959871855813,
      "display_ready": true,
      "ece": null,
      "hit_rate": 0.5925925925925926,
      "logloss": 0.6910064990716093,
      "n": 135
    },
    "1h": {
      "base_rate": 0.5323383084577115,
      "baseline_brier": 0.2489542338060939,
      "baseline_hit_rate": 0.5323383084577115,
      "brier": 0.25012268301786283,
      "display_ready": true,
      "ece": null,
      "hit_rate": 0.5323383084577115,
      "logloss": 0.6933931732481753,
      "n": 603
    },
    "24h": {
      "base_rate": 0.6567164179104478,
      "baseline_brier": 0.2254399643573179,
      "baseline_hit_rate": 0.6567164179104478,
      "brier": 0.24813525013144686,
      "display_ready": true,
      "ece": null,
      "hit_rate": 0.6567164179104478,
      "logloss": 0.6894164860024029,
      "n": 67
    },
    "4h": {
      "base_rate": 0.5564516129032258,
      "baseline_brier": 0.24681321540062434,
      "baseline_hit_rate": 0.5564516129032258,
      "brier": 0.24980364493012294,
      "display_ready": true,
      "ece": null,
      "hit_rate": 0.5564516129032258,
      "logloss": 0.6927547025003168,
      "n": 372
    }
  },
  "by_model_version": {
    "v0.1.0-baseline-shadow": {
      "base_rate": 0.5539507221750213,
      "baseline_brier": 0.24708931957679367,
      "baseline_hit_rate": 0.5539507221750213,
      "brier": 0.2497718703140096,
      "display_ready": true,
      "ece": null,
      "hit_rate": 0.5539507221750213,
      "logloss": 0.6926912614576005,
      "n": 1177
    }
  },
  "generated_at": "2026-07-04T21:14:52Z",
  "global": {
    "base_rate": 0.5539507221750213,
    "baseline_brier": 0.24708931957679367,
    "baseline_hit_rate": 0.5539507221750213,
    "brier": 0.2497718703140096,
    "display_ready": true,
    "ece": null,
    "hit_rate": 0.5539507221750213,
    "logloss": 0.6926912614576005,
    "n": 1177
  },
  "metrics_version": "metrics-v0.1.0",
  "min_n_display": 20,
  "rolling": {
    "30d": {
      "base_rate": 0.5539507221750213,
      "baseline_brier": 0.24708931957679367,
      "baseline_hit_rate": 0.5539507221750213,
      "brier": 0.2497718703140096,
      "display_ready": true,
      "ece": null,
      "hit_rate": 0.5539507221750213,
      "logloss": 0.6926912614576005,
      "n": 1177
    },
    "7d": {
      "base_rate": 0.5833333333333334,
      "baseline_brier": 0.24305555555555555,
      "baseline_hit_rate": 0.5833333333333334,
      "brier": 0.24981923514747453,
      "display_ready": true,
      "ece": null,
      "hit_rate": 0.5833333333333334,
      "logloss": 0.6927865751247313,
      "n": 120
    },
    "90d": {
      "base_rate": 0.5539507221750213,
      "baseline_brier": 0.24708931957679367,
      "baseline_hit_rate": 0.5539507221750213,
      "brier": 0.2497718703140096,
      "display_ready": true,
      "ece": null,
      "hit_rate": 0.5539507221750213,
      "logloss": 0.6926912614576005,
      "n": 1177
    }
  },
  "schema_version": "1",
  "total_forecasts": 1181,
  "total_resolved": 1177
}
