{
  "by_horizon": {
    "12h": {
      "base_rate": 0.6055045871559633,
      "baseline_brier": 0.23886878208904974,
      "baseline_hit_rate": 0.6055045871559633,
      "brier": 0.24890701023732936,
      "display_ready": true,
      "ece": null,
      "hit_rate": 0.6055045871559633,
      "logloss": 0.6909614323847094,
      "n": 109
    },
    "1h": {
      "base_rate": 0.52834008097166,
      "baseline_brier": 0.24919683981051974,
      "baseline_hit_rate": 0.52834008097166,
      "brier": 0.25010494761134017,
      "display_ready": true,
      "ece": null,
      "hit_rate": 0.52834008097166,
      "logloss": 0.6933573821594395,
      "n": 494
    },
    "24h": {
      "base_rate": 0.6481481481481481,
      "baseline_brier": 0.22805212620027435,
      "baseline_hit_rate": 0.6481481481481481,
      "brier": 0.24785431425021975,
      "display_ready": true,
      "ece": null,
      "hit_rate": 0.6481481481481481,
      "logloss": 0.6888541809153216,
      "n": 54
    },
    "4h": {
      "base_rate": 0.5514950166112956,
      "baseline_brier": 0.24734826326420237,
      "baseline_hit_rate": 0.5514950166112956,
      "brier": 0.2495698607996119,
      "display_ready": true,
      "ece": null,
      "hit_rate": 0.5514950166112956,
      "logloss": 0.6922865853199136,
      "n": 301
    }
  },
  "by_model_version": {
    "v0.1.0-baseline-shadow": {
      "base_rate": 0.5511482254697286,
      "baseline_brier": 0.2473838590312978,
      "baseline_hit_rate": 0.5511482254697286,
      "brier": 0.24967366315873277,
      "display_ready": true,
      "ece": null,
      "hit_rate": 0.5511482254697286,
      "logloss": 0.6924944998616053,
      "n": 958
    }
  },
  "generated_at": "2026-06-21T17:55:25Z",
  "global": {
    "base_rate": 0.5511482254697286,
    "baseline_brier": 0.2473838590312978,
    "baseline_hit_rate": 0.5511482254697286,
    "brier": 0.24967366315873277,
    "display_ready": true,
    "ece": null,
    "hit_rate": 0.5511482254697286,
    "logloss": 0.6924944998616053,
    "n": 958
  },
  "metrics_version": "metrics-v0.1.0",
  "min_n_display": 20,
  "rolling": {
    "30d": {
      "base_rate": 0.5511482254697286,
      "baseline_brier": 0.2473838590312978,
      "baseline_hit_rate": 0.5511482254697286,
      "brier": 0.24967366315873277,
      "display_ready": true,
      "ece": null,
      "hit_rate": 0.5511482254697286,
      "logloss": 0.6924944998616053,
      "n": 958
    },
    "7d": {
      "base_rate": 0.7115384615384616,
      "baseline_brier": 0.20525147928994084,
      "baseline_hit_rate": 0.7115384615384616,
      "brier": 0.2478837381038965,
      "display_ready": true,
      "ece": null,
      "hit_rate": 0.7115384615384616,
      "logloss": 0.6889145034945773,
      "n": 104
    },
    "90d": {
      "base_rate": 0.5511482254697286,
      "baseline_brier": 0.2473838590312978,
      "baseline_hit_rate": 0.5511482254697286,
      "brier": 0.24967366315873277,
      "display_ready": true,
      "ece": null,
      "hit_rate": 0.5511482254697286,
      "logloss": 0.6924944998616053,
      "n": 958
    }
  },
  "schema_version": "1",
  "total_forecasts": 962,
  "total_resolved": 958
}
