{
  "by_direction": {
    "down": {
      "always_down_rate": 0.4574898785425101,
      "always_up_rate": 0.5425101214574899,
      "base_rate": 0.4574898785425101,
      "baseline_brier": 0.24819288957366945,
      "baseline_hit_rate": 0.5425101214574899,
      "brier": 0.2508390361332233,
      "display_ready": true,
      "ece": null,
      "expectancy_bps": 5.145635591060621,
      "expectancy_maker_2bps": 3.1456355910606213,
      "expectancy_taker_10bps": -4.854364408939379,
      "hit_down": 0.4574898785425101,
      "hit_rate": 0.4574898785425101,
      "hit_up": null,
      "logloss": 0.6948249467105081,
      "n": 741,
      "n_down": 741,
      "n_up": 0,
      "vs_majority_pp": -0.08502024291497978
    },
    "up": {
      "always_down_rate": 0.37926829268292683,
      "always_up_rate": 0.6207317073170732,
      "base_rate": 0.6207317073170732,
      "baseline_brier": 0.2354238548483046,
      "baseline_hit_rate": 0.6207317073170732,
      "brier": 0.24900830687311168,
      "display_ready": true,
      "ece": null,
      "expectancy_bps": 14.402453323334115,
      "expectancy_maker_2bps": 12.402453323334113,
      "expectancy_taker_10bps": 4.402453323334114,
      "hit_down": null,
      "hit_rate": 0.6207317073170732,
      "hit_up": 0.6207317073170732,
      "logloss": 0.69116385876222,
      "n": 820,
      "n_down": 0,
      "n_up": 820,
      "vs_majority_pp": 0.0
    }
  },
  "by_horizon": {
    "12h": {
      "always_down_rate": 0.4860335195530726,
      "always_up_rate": 0.5139664804469274,
      "base_rate": 0.5754189944134078,
      "baseline_brier": 0.24431197528167034,
      "baseline_hit_rate": 0.5754189944134078,
      "brier": 0.24908103035837462,
      "display_ready": true,
      "ece": null,
      "expectancy_bps": 25.599568093233774,
      "expectancy_maker_2bps": 23.599568093233774,
      "expectancy_taker_10bps": 15.599568093233774,
      "hit_down": 0.5604395604395604,
      "hit_rate": 0.5754189944134078,
      "hit_up": 0.5909090909090909,
      "logloss": 0.6913065396234526,
      "n": 179,
      "n_down": 91,
      "n_up": 88,
      "vs_majority_pp": 0.06145251396648044
    },
    "1h": {
      "always_down_rate": 0.3828996282527881,
      "always_up_rate": 0.6171003717472119,
      "base_rate": 0.5254027261462205,
      "baseline_brier": 0.24935470150434008,
      "baseline_hit_rate": 0.5254027261462205,
      "brier": 0.25014711629042263,
      "display_ready": true,
      "ece": null,
      "expectancy_bps": 3.285957046394291,
      "expectancy_maker_2bps": 1.2859570463942909,
      "expectancy_taker_10bps": -6.714042953605708,
      "hit_down": 0.39945652173913043,
      "hit_rate": 0.5254027261462205,
      "hit_up": 0.6309794988610479,
      "logloss": 0.6934419779302515,
      "n": 807,
      "n_down": 368,
      "n_up": 439,
      "vs_majority_pp": -0.09169764560099136
    },
    "24h": {
      "always_down_rate": 0.5111111111111111,
      "always_up_rate": 0.4888888888888889,
      "base_rate": 0.6333333333333333,
      "baseline_brier": 0.23222222222222225,
      "baseline_hit_rate": 0.6333333333333333,
      "brier": 0.24844432986949105,
      "display_ready": true,
      "ece": null,
      "expectancy_bps": 56.43259900384062,
      "expectancy_maker_2bps": 54.43259900384062,
      "expectancy_taker_10bps": 46.43259900384062,
      "hit_down": 0.6382978723404256,
      "hit_rate": 0.6333333333333333,
      "hit_up": 0.627906976744186,
      "logloss": 0.6900320429037062,
      "n": 90,
      "n_down": 47,
      "n_up": 43,
      "vs_majority_pp": 0.12222222222222223
    },
    "4h": {
      "always_down_rate": 0.42886597938144333,
      "always_up_rate": 0.5711340206185567,
      "base_rate": 0.5443298969072164,
      "baseline_brier": 0.24803486024019555,
      "baseline_hit_rate": 0.5443298969072164,
      "brier": 0.24998828957091898,
      "display_ready": true,
      "ece": null,
      "expectancy_bps": 6.824543840484948,
      "expectancy_maker_2bps": 4.8245438404849486,
      "expectancy_taker_10bps": -3.175456159515052,
      "hit_down": 0.4723404255319149,
      "hit_rate": 0.5443298969072164,
      "hit_up": 0.612,
      "logloss": 0.6931241629976542,
      "n": 485,
      "n_down": 235,
      "n_up": 250,
      "vs_majority_pp": -0.026804123711340222
    }
  },
  "by_model_version": {
    "v0.1.0-baseline-shadow": {
      "always_down_rate": 0.41532517707662586,
      "always_up_rate": 0.5846748229233741,
      "base_rate": 0.5428203477141017,
      "baseline_brier": 0.2481664178216434,
      "baseline_hit_rate": 0.5428203477141017,
      "brier": 0.24994814490183195,
      "display_ready": true,
      "ece": null,
      "expectancy_bps": 9.897636100297833,
      "expectancy_maker_2bps": 7.897636100297833,
      "expectancy_taker_10bps": -0.10236389970216765,
      "hit_down": 0.4559023066485753,
      "hit_rate": 0.5428203477141017,
      "hit_up": 0.6213235294117647,
      "logloss": 0.693043913238147,
      "n": 1553,
      "n_down": 737,
      "n_up": 816,
      "vs_majority_pp": -0.041854475209272435
    },
    "v0.2.0-shadow-policy24": {
      "always_down_rate": 0.625,
      "always_up_rate": 0.375,
      "base_rate": 0.625,
      "baseline_brier": 0.234375,
      "baseline_hit_rate": 0.625,
      "brier": 0.23613354726562497,
      "display_ready": false,
      "ece": null,
      "expectancy_bps": 31.48735429342008,
      "expectancy_maker_2bps": 29.48735429342008,
      "expectancy_taker_10bps": 21.48735429342008,
      "hit_down": 0.75,
      "hit_rate": 0.625,
      "hit_up": 0.5,
      "logloss": 0.6653065548330662,
      "n": 8,
      "n_down": 4,
      "n_up": 4,
      "vs_majority_pp": 0.0
    }
  },
  "by_regime": {
    "bear": {
      "always_down_rate": 0.33333333333333337,
      "always_up_rate": 0.6666666666666666,
      "base_rate": 0.3333333333333333,
      "baseline_brier": 0.22222222222222224,
      "baseline_hit_rate": 0.6666666666666667,
      "brier": 0.2535373355968022,
      "display_ready": true,
      "ece": null,
      "expectancy_bps": -12.44964702244306,
      "expectancy_maker_2bps": -14.449647022443061,
      "expectancy_taker_10bps": -22.44964702244306,
      "hit_down": 0.3333333333333333,
      "hit_rate": 0.3333333333333333,
      "hit_up": null,
      "logloss": 0.7002250106092628,
      "n": 24,
      "n_down": 24,
      "n_up": 0,
      "vs_majority_pp": -0.3333333333333333
    },
    "bull": {
      "always_down_rate": 0.6153846153846154,
      "always_up_rate": 0.38461538461538464,
      "base_rate": 0.38461538461538464,
      "baseline_brier": 0.2366863905325444,
      "baseline_hit_rate": 0.6153846153846154,
      "brier": 0.2510478583894247,
      "display_ready": false,
      "ece": null,
      "expectancy_bps": -19.504867949320772,
      "expectancy_maker_2bps": -21.504867949320772,
      "expectancy_taker_10bps": -29.504867949320772,
      "hit_down": null,
      "hit_rate": 0.38461538461538464,
      "hit_up": 0.38461538461538464,
      "logloss": 0.6952437136485445,
      "n": 13,
      "n_down": 0,
      "n_up": 13,
      "vs_majority_pp": -0.23076923076923078
    },
    "chop": {
      "always_down_rate": 0.8666666666666667,
      "always_up_rate": 0.13333333333333333,
      "base_rate": 0.7333333333333333,
      "baseline_brier": 0.19555555555555554,
      "baseline_hit_rate": 0.7333333333333333,
      "brier": 0.2398927908833675,
      "display_ready": false,
      "ece": null,
      "expectancy_bps": 50.700163639581675,
      "expectancy_maker_2bps": 48.70016363958168,
      "expectancy_taker_10bps": 40.700163639581675,
      "hit_down": 0.8461538461538461,
      "hit_rate": 0.7333333333333333,
      "hit_up": 0.0,
      "logloss": 0.6728707198955435,
      "n": 15,
      "n_down": 13,
      "n_up": 2,
      "vs_majority_pp": -0.13333333333333341
    },
    "unknown": {
      "always_down_rate": 0.411530815109344,
      "always_up_rate": 0.588469184890656,
      "base_rate": 0.5460569913850232,