{
  "by_horizon": {
    "12h": {
      "base_rate": 0.5714285714285714,
      "baseline_brier": 0.2448979591836735,
      "baseline_hit_rate": 0.5714285714285714,
      "brier": 0.2495177516747886,
      "display_ready": true,
      "ece": null,
      "hit_rate": 0.5714285714285714,
      "logloss": 0.6921831820877208,
      "n": 168
    },
    "1h": {
      "base_rate": 0.5271317829457365,
      "baseline_brier": 0.24926386635418543,
      "baseline_hit_rate": 0.5271317829457365,
      "brier": 0.2501658289837948,
      "display_ready": true,
      "ece": null,
      "hit_rate": 0.5271317829457365,
      "logloss": 0.693479443647499,
      "n": 774
    },
    "24h": {
      "base_rate": 0.6309523809523809,
      "baseline_brier": 0.2328514739229025,
      "baseline_hit_rate": 0.6309523809523809,
      "brier": 0.24897295422156468,
      "display_ready": true,
      "ece": null,
      "hit_rate": 0.6309523809523809,
      "logloss": 0.6910927019713022,
      "n": 84
    },
    "4h": {
      "base_rate": 0.5450643776824035,
      "baseline_brier": 0.24796920186409768,
      "baseline_hit_rate": 0.5450643776824035,
      "brier": 0.250030951448459,
      "display_ready": true,
      "ece": null,
      "hit_rate": 0.5450643776824035,
      "logloss": 0.6932095272442297,
      "n": 466
    }
  },
  "by_model_version": {
    "v0.1.0-baseline-shadow": {
      "base_rate": 0.5435656836461126,
      "baseline_brier": 0.24810203120844684,
      "baseline_hit_rate": 0.5435656836461126,
      "brier": 0.24998356933271781,
      "display_ready": true,
      "ece": null,
      "hit_rate": 0.5435656836461126,
      "logloss": 0.6931148060558323,
      "n": 1492
    }
  },
  "generated_at": "2026-07-21T00:06:20Z",
  "global": {
    "base_rate": 0.5435656836461126,
    "baseline_brier": 0.24810203120844684,
    "baseline_hit_rate": 0.5435656836461126,
    "brier": 0.24998356933271781,
    "display_ready": true,
    "ece": null,
    "hit_rate": 0.5435656836461126,
    "logloss": 0.6931148060558323,
    "n": 1492
  },
  "metrics_version": "metrics-v0.1.0",
  "min_n_display": 20,
  "rolling": {
    "30d": {
      "base_rate": 0.5346715328467153,
      "baseline_brier": 0.24879788481005913,
      "baseline_hit_rate": 0.5346715328467153,
      "brier": 0.2504628444901277,
      "display_ready": true,
      "ece": null,
      "hit_rate": 0.5346715328467153,
      "logloss": 0.6940741981041184,
      "n": 548
    },
    "7d": {
      "base_rate": 0.5472972972972973,
      "baseline_brier": 0.24776296566837108,
      "baseline_hit_rate": 0.5472972972972973,
      "brier": 0.25028822899315145,
      "display_ready": true,
      "ece": null,
      "hit_rate": 0.5472972972972973,
      "logloss": 0.6937248441446697,
      "n": 148
    },
    "90d": {
      "base_rate": 0.5435656836461126,
      "baseline_brier": 0.24810203120844684,
      "baseline_hit_rate": 0.5435656836461126,
      "brier": 0.24998356933271781,
      "display_ready": true,
      "ece": null,
      "hit_rate": 0.5435656836461126,
      "logloss": 0.6931148060558323,
      "n": 1492
    }
  },
  "schema_version": "1",
  "total_forecasts": 1492,
  "total_resolved": 1492
}
