{
  "by_horizon": {
    "12h": {
      "base_rate": 0.5629139072847682,
      "baseline_brier": 0.2460418402701636,
      "baseline_hit_rate": 0.5629139072847682,
      "brier": 0.2495244541283976,
      "display_ready": true,
      "ece": null,
      "hit_rate": 0.5629139072847682,
      "logloss": 0.6921965587571446,
      "n": 151
    },
    "1h": {
      "base_rate": 0.5287187039764359,
      "baseline_brier": 0.24917523604191383,
      "baseline_hit_rate": 0.5287187039764359,
      "brier": 0.25021730735811704,
      "display_ready": true,
      "ece": null,
      "hit_rate": 0.5287187039764359,
      "logloss": 0.6935824292207429,
      "n": 679
    },
    "24h": {
      "base_rate": 0.64,
      "baseline_brier": 0.23040000000000002,
      "baseline_hit_rate": 0.64,
      "brier": 0.2482881720418367,
      "display_ready": true,
      "ece": null,
      "hit_rate": 0.64,
      "logloss": 0.6897225271142554,
      "n": 75
    },
    "4h": {
      "base_rate": 0.5384615384615384,
      "baseline_brier": 0.2485207100591716,
      "baseline_hit_rate": 0.5384615384615384,
      "brier": 0.24998710848018973,
      "display_ready": true,
      "ece": null,
      "hit_rate": 0.5384615384615384,
      "logloss": 0.6931216706174669,
      "n": 416
    }
  },
  "by_model_version": {
    "v0.1.0-baseline-shadow": {
      "base_rate": 0.5420136260408781,
      "baseline_brier": 0.24823485522689723,
      "baseline_hit_rate": 0.5420136260408781,
      "brier": 0.24995608955370643,
      "display_ready": true,
      "ece": null,
      "hit_rate": 0.5420136260408781,
      "logloss": 0.6930597686023078,
      "n": 1321
    }
  },
  "generated_at": "2026-07-12T19:19:35Z",
  "global": {
    "base_rate": 0.5420136260408781,
    "baseline_brier": 0.24823485522689723,
    "baseline_hit_rate": 0.5420136260408781,
    "brier": 0.24995608955370643,
    "display_ready": true,
    "ece": null,
    "hit_rate": 0.5420136260408781,
    "logloss": 0.6930597686023078,
    "n": 1321
  },
  "metrics_version": "metrics-v0.1.0",
  "min_n_display": 20,
  "rolling": {
    "30d": {
      "base_rate": 0.5657370517928287,
      "baseline_brier": 0.24567864002158696,
      "baseline_hit_rate": 0.5657370517928287,
      "brier": 0.24995797307249018,
      "display_ready": true,
      "ece": null,
      "hit_rate": 0.5657370517928287,
      "logloss": 0.6930641658543509,
      "n": 502
    },
    "7d": {
      "base_rate": 0.4523809523809524,
      "baseline_brier": 0.24773242630385492,
      "baseline_hit_rate": 0.5476190476190477,
      "brier": 0.2513633125107725,
      "display_ready": true,
      "ece": null,
      "hit_rate": 0.4523809523809524,
      "logloss": 0.6958748586181518,
      "n": 126
    },
    "90d": {
      "base_rate": 0.5420136260408781,
      "baseline_brier": 0.24823485522689723,
      "baseline_hit_rate": 0.5420136260408781,
      "brier": 0.24995608955370643,
      "display_ready": true,
      "ece": null,
      "hit_rate": 0.5420136260408781,
      "logloss": 0.6930597686023078,
      "n": 1321
    }
  },
  "schema_version": "1",
  "total_forecasts": 1324,
  "total_resolved": 1321
}
