{
  "by_horizon": {
    "12h": {
      "base_rate": 0.6037735849056604,
      "baseline_brier": 0.23923104307582768,
      "baseline_hit_rate": 0.6037735849056604,
      "brier": 0.2489071837309081,
      "display_ready": true,
      "ece": null,
      "hit_rate": 0.6037735849056604,
      "logloss": 0.6909617779462889,
      "n": 106
    },
    "1h": {
      "base_rate": 0.520746887966805,
      "baseline_brier": 0.24956956663969285,
      "baseline_hit_rate": 0.520746887966805,
      "brier": 0.25020757994566806,
      "display_ready": true,
      "ece": null,
      "hit_rate": 0.520746887966805,
      "logloss": 0.6935626672223988,
      "n": 482
    },
    "24h": {
      "base_rate": 0.6415094339622641,
      "baseline_brier": 0.2299750800996796,
      "baseline_hit_rate": 0.6415094339622641,
      "brier": 0.24794720750135646,
      "display_ready": true,
      "ece": null,
      "hit_rate": 0.6415094339622641,
      "logloss": 0.6890399546646908,
      "n": 53
    },
    "4h": {
      "base_rate": 0.5426621160409556,
      "baseline_brier": 0.24817994385490802,
      "baseline_hit_rate": 0.5426621160409556,
      "brier": 0.2496770067314625,
      "display_ready": true,
      "ece": null,
      "hit_rate": 0.5426621160409556,
      "logloss": 0.6925008853067469,
      "n": 293
    }
  },
  "by_model_version": {
    "v0.1.0-baseline-shadow": {
      "base_rate": 0.5438972162740899,
      "baseline_brier": 0.24807303440338577,
      "baseline_hit_rate": 0.5438972162740899,
      "brier": 0.24976528905693648,
      "display_ready": true,
      "ece": null,
      "hit_rate": 0.5438972162740899,
      "logloss": 0.6926777634428354,
      "n": 934
    }
  },
  "generated_at": "2026-06-20T09:34:12Z",
  "global": {
    "base_rate": 0.5438972162740899,
    "baseline_brier": 0.24807303440338577,
    "baseline_hit_rate": 0.5438972162740899,
    "brier": 0.24976528905693648,
    "display_ready": true,
    "ece": null,
    "hit_rate": 0.5438972162740899,
    "logloss": 0.6926777634428354,
    "n": 934
  },
  "metrics_version": "metrics-v0.1.0",
  "min_n_display": 20,
  "rolling": {
    "30d": {
      "base_rate": 0.5438972162740899,
      "baseline_brier": 0.24807303440338577,
      "baseline_hit_rate": 0.5438972162740899,
      "brier": 0.24976528905693648,
      "display_ready": true,
      "ece": null,
      "hit_rate": 0.5438972162740899,
      "logloss": 0.6926777634428354,
      "n": 934
    },
    "7d": {
      "base_rate": 0.6792452830188679,
      "baseline_brier": 0.21787112851548593,
      "baseline_hit_rate": 0.6792452830188679,
      "brier": 0.24831070325908264,
      "display_ready": true,
      "ece": null,
      "hit_rate": 0.6792452830188679,
      "logloss": 0.6897684839702054,
      "n": 106
    },
    "90d": {
      "base_rate": 0.5438972162740899,
      "baseline_brier": 0.24807303440338577,
      "baseline_hit_rate": 0.5438972162740899,
      "brier": 0.24976528905693648,
      "display_ready": true,
      "ece": null,
      "hit_rate": 0.5438972162740899,
      "logloss": 0.6926777634428354,
      "n": 934
    }
  },
  "schema_version": "1",
  "total_forecasts": 936,
  "total_resolved": 934
}
