{
  "by_horizon": {
    "12h": {
      "base_rate": 0.56,
      "baseline_brier": 0.2464,
      "baseline_hit_rate": 0.56,
      "brier": 0.24953057345152038,
      "display_ready": true,
      "ece": null,
      "hit_rate": 0.56,
      "logloss": 0.6922088005845274,
      "n": 150
    },
    "1h": {
      "base_rate": 0.5290611028315947,
      "baseline_brier": 0.2491554523022115,
      "baseline_hit_rate": 0.5290611028315947,
      "brier": 0.25021378437767555,
      "display_ready": true,
      "ece": null,
      "hit_rate": 0.5290611028315947,
      "logloss": 0.6935753906951103,
      "n": 671
    },
    "24h": {
      "base_rate": 0.64,
      "baseline_brier": 0.23040000000000002,
      "baseline_hit_rate": 0.64,
      "brier": 0.2482881720418367,
      "display_ready": true,
      "ece": null,
      "hit_rate": 0.64,
      "logloss": 0.6897225271142554,
      "n": 75
    },
    "4h": {
      "base_rate": 0.5436893203883495,
      "baseline_brier": 0.24809124328400414,
      "baseline_hit_rate": 0.5436893203883495,
      "brier": 0.2499562855679646,
      "display_ready": true,
      "ece": null,
      "hit_rate": 0.5436893203883495,
      "logloss": 0.6930600256828894,
      "n": 412
    }
  },
  "by_model_version": {
    "v0.1.0-baseline-shadow": {
      "base_rate": 0.5435779816513762,
      "baseline_brier": 0.24810095951519232,
      "baseline_hit_rate": 0.5435779816513762,
      "brier": 0.24994391276168768,
      "display_ready": true,
      "ece": null,
      "hit_rate": 0.5435779816513762,
      "logloss": 0.693035418470197,
      "n": 1308
    }
  },
  "generated_at": "2026-07-12T00:07:01Z",
  "global": {
    "base_rate": 0.5435779816513762,
    "baseline_brier": 0.24810095951519232,
    "baseline_hit_rate": 0.5435779816513762,
    "brier": 0.24994391276168768,
    "display_ready": true,
    "ece": null,
    "hit_rate": 0.5435779816513762,
    "logloss": 0.693035418470197,
    "n": 1308
  },
  "metrics_version": "metrics-v0.1.0",
  "min_n_display": 20,
  "rolling": {
    "30d": {
      "base_rate": 0.5717131474103586,
      "baseline_brier": 0.2448572244885002,
      "baseline_hit_rate": 0.5717131474103586,
      "brier": 0.24989639194735866,
      "display_ready": true,
      "ece": null,
      "hit_rate": 0.5717131474103586,
      "logloss": 0.6929409871891301,
      "n": 502
    },
    "7d": {
      "base_rate": 0.4496124031007752,
      "baseline_brier": 0.24746109007872122,
      "baseline_hit_rate": 0.5503875968992248,
      "brier": 0.25149339824338324,
      "display_ready": true,
      "ece": null,
      "hit_rate": 0.4496124031007752,
      "logloss": 0.6961350397704208,
      "n": 129
    },
    "90d": {
      "base_rate": 0.5435779816513762,
      "baseline_brier": 0.24810095951519232,
      "baseline_hit_rate": 0.5435779816513762,
      "brier": 0.24994391276168768,
      "display_ready": true,
      "ece": null,
      "hit_rate": 0.5435779816513762,
      "logloss": 0.693035418470197,
      "n": 1308
    }
  },
  "schema_version": "1",
  "total_forecasts": 1308,
  "total_resolved": 1308
}
