{
  "by_horizon": {
    "12h": {
      "base_rate": 0.5714285714285714,
      "baseline_brier": 0.2448979591836735,
      "baseline_hit_rate": 0.5714285714285714,
      "brier": 0.2494561270107476,
      "display_ready": true,
      "ece": null,
      "hit_rate": 0.5714285714285714,
      "logloss": 0.6920599317219565,
      "n": 161
    },
    "1h": {
      "base_rate": 0.5265306122448979,
      "baseline_brier": 0.24929612661391087,
      "baseline_hit_rate": 0.5265306122448979,
      "brier": 0.2502028500814358,
      "display_ready": true,
      "ece": null,
      "hit_rate": 0.5265306122448979,
      "logloss": 0.6935535139819662,
      "n": 735
    },
    "24h": {
      "base_rate": 0.6375,
      "baseline_brier": 0.23109375000000001,
      "baseline_hit_rate": 0.6375,
      "brier": 0.24876606971771062,
      "display_ready": true,
      "ece": null,
      "hit_rate": 0.6375,
      "logloss": 0.6906788537454258,
      "n": 80
    },
    "4h": {
      "base_rate": 0.5413870246085011,
      "baseline_brier": 0.24828711419405533,
      "baseline_hit_rate": 0.5413870246085011,
      "brier": 0.2500951002168853,
      "display_ready": true,
      "ece": null,
      "hit_rate": 0.5413870246085011,
      "logloss": 0.693337850916371,
      "n": 447
    }
  },
  "by_model_version": {
    "v0.1.0-baseline-shadow": {
      "base_rate": 0.5425158116654955,
      "baseline_brier": 0.24819240575842413,
      "baseline_hit_rate": 0.5425158116654955,
      "brier": 0.2500037432417078,
      "display_ready": true,
      "ece": null,
      "hit_rate": 0.5425158116654955,
      "logloss": 0.6931551717802052,
      "n": 1423
    }
  },
  "generated_at": "2026-07-17T22:02:39Z",
  "global": {
    "base_rate": 0.5425158116654955,
    "baseline_brier": 0.24819240575842413,
    "baseline_hit_rate": 0.5425158116654955,
    "brier": 0.2500037432417078,
    "display_ready": true,
    "ece": null,
    "hit_rate": 0.5425158116654955,
    "logloss": 0.6931551717802052,
    "n": 1423
  },
  "metrics_version": "metrics-v0.1.0",
  "min_n_display": 20,
  "rolling": {
    "30d": {
      "base_rate": 0.5454545454545454,
      "baseline_brier": 0.24793388429752067,
      "baseline_hit_rate": 0.5454545454545454,
      "brier": 0.25042522790975563,
      "display_ready": true,
      "ece": null,
      "hit_rate": 0.5454545454545454,
      "logloss": 0.6939991032530494,
      "n": 528
    },
    "7d": {
      "base_rate": 0.5352112676056338,
      "baseline_brier": 0.24876016663360445,
      "baseline_hit_rate": 0.5352112676056338,
      "brier": 0.25069226815246265,
      "display_ready": true,
      "ece": null,
      "hit_rate": 0.5352112676056338,
      "logloss": 0.6945330542914026,
      "n": 142
    },
    "90d": {
      "base_rate": 0.5425158116654955,
      "baseline_brier": 0.24819240575842413,
      "baseline_hit_rate": 0.5425158116654955,
      "brier": 0.2500037432417078,
      "display_ready": true,
      "ece": null,
      "hit_rate": 0.5425158116654955,
      "logloss": 0.6931551717802052,
      "n": 1423
    }
  },
  "schema_version": "1",
  "total_forecasts": 1426,
  "total_resolved": 1423
}
