{
  "by_horizon": {
    "12h": {
      "base_rate": 0.564625850340136,
      "baseline_brier": 0.24582349946781432,
      "baseline_hit_rate": 0.564625850340136,
      "brier": 0.24942735191417678,
      "display_ready": true,
      "ece": null,
      "hit_rate": 0.564625850340136,
      "logloss": 0.6920022913749541,
      "n": 147
    },
    "1h": {
      "base_rate": 0.5274390243902439,
      "baseline_brier": 0.24924709994051159,
      "baseline_hit_rate": 0.5274390243902439,
      "brier": 0.2502107294724007,
      "display_ready": true,
      "ece": null,
      "hit_rate": 0.5274390243902439,
      "logloss": 0.693569295055873,
      "n": 656
    },
    "24h": {
      "base_rate": 0.6438356164383562,
      "baseline_brier": 0.2293113154437981,
      "baseline_hit_rate": 0.6438356164383562,
      "brier": 0.2482811331332892,
      "display_ready": true,
      "ece": null,
      "hit_rate": 0.6438356164383562,
      "logloss": 0.689708431640677,
      "n": 73
    },
    "4h": {
      "base_rate": 0.5432098765432098,
      "baseline_brier": 0.24813290656912054,
      "baseline_hit_rate": 0.5432098765432098,
      "brier": 0.24994677178096691,
      "display_ready": true,
      "ece": null,
      "hit_rate": 0.5432098765432098,
      "logloss": 0.6930410020625,
      "n": 405
    }
  },
  "by_model_version": {
    "v0.1.0-baseline-shadow": {
      "base_rate": 0.5433255269320844,
      "baseline_brier": 0.24812289871605722,
      "baseline_hit_rate": 0.5433255269320844,
      "brier": 0.24992741963723697,
      "display_ready": true,
      "ece": null,
      "hit_rate": 0.5433255269320844,
      "logloss": 0.693002432266864,
      "n": 1281
    }
  },
  "generated_at": "2026-07-10T20:44:22Z",
  "global": {
    "base_rate": 0.5433255269320844,
    "baseline_brier": 0.24812289871605722,
    "baseline_hit_rate": 0.5433255269320844,
    "brier": 0.24992741963723697,
    "display_ready": true,
    "ece": null,
    "hit_rate": 0.5433255269320844,
    "logloss": 0.693002432266864,
    "n": 1281
  },
  "metrics_version": "metrics-v0.1.0",
  "min_n_display": 20,
  "rolling": {
    "30d": {
      "base_rate": 0.5723014256619144,
      "baseline_brier": 0.24477250384725466,
      "baseline_hit_rate": 0.5723014256619144,
      "brier": 0.24971813932155906,
      "display_ready": true,
      "ece": null,
      "hit_rate": 0.5723014256619144,
      "logloss": 0.6925843749178817,
      "n": 491
    },
    "7d": {
      "base_rate": 0.5,
      "baseline_brier": 0.25,
      "baseline_hit_rate": 0.5,
      "brier": 0.25060925936500716,
      "display_ready": true,
      "ece": null,
      "hit_rate": 0.5,
      "logloss": 0.6943665747307276,
      "n": 124
    },
    "90d": {
      "base_rate": 0.5433255269320844,
      "baseline_brier": 0.24812289871605722,
      "baseline_hit_rate": 0.5433255269320844,
      "brier": 0.24992741963723697,
      "display_ready": true,
      "ece": null,
      "hit_rate": 0.5433255269320844,
      "logloss": 0.693002432266864,
      "n": 1281
    }
  },
  "schema_version": "1",
  "total_forecasts": 1285,
  "total_resolved": 1281
}
