{
  "by_horizon": {
    "12h": {
      "base_rate": 0.6074766355140186,
      "baseline_brier": 0.23844877281858678,
      "baseline_hit_rate": 0.6074766355140186,
      "brier": 0.24885133128426387,
      "display_ready": true,
      "ece": null,
      "hit_rate": 0.6074766355140186,
      "logloss": 0.6908500620047231,
      "n": 107
    },
    "1h": {
      "base_rate": 0.5266393442622951,
      "baseline_brier": 0.24929034533727493,
      "baseline_hit_rate": 0.5266393442622951,
      "brier": 0.25013836748092694,
      "display_ready": true,
      "ece": null,
      "hit_rate": 0.5266393442622951,
      "logloss": 0.6934242322223927,
      "n": 488
    },
    "24h": {
      "base_rate": 0.6415094339622641,
      "baseline_brier": 0.2299750800996796,
      "baseline_hit_rate": 0.6415094339622641,
      "brier": 0.24794720750135646,
      "display_ready": true,
      "ece": null,
      "hit_rate": 0.6415094339622641,
      "logloss": 0.6890399546646908,
      "n": 53
    },
    "4h": {
      "base_rate": 0.5472972972972973,
      "baseline_brier": 0.24776296566837108,
      "baseline_hit_rate": 0.5472972972972973,
      "brier": 0.24961496245994777,
      "display_ready": true,
      "ece": null,
      "hit_rate": 0.5472972972972973,
      "logloss": 0.6923767922904842,
      "n": 296
    }
  },
  "by_model_version": {
    "v0.1.0-baseline-shadow": {
      "base_rate": 0.548728813559322,
      "baseline_brier": 0.24762550272910083,
      "baseline_hit_rate": 0.548728813559322,
      "brier": 0.2497053460421875,
      "display_ready": true,
      "ece": null,
      "hit_rate": 0.548728813559322,
      "logloss": 0.6925578708413611,
      "n": 944
    }
  },
  "generated_at": "2026-06-20T22:19:35Z",
  "global": {
    "base_rate": 0.548728813559322,
    "baseline_brier": 0.24762550272910083,
    "baseline_hit_rate": 0.548728813559322,
    "brier": 0.2497053460421875,
    "display_ready": true,
    "ece": null,
    "hit_rate": 0.548728813559322,
    "logloss": 0.6925578708413611,
    "n": 944
  },
  "metrics_version": "metrics-v0.1.0",
  "min_n_display": 20,
  "rolling": {
    "30d": {
      "base_rate": 0.548728813559322,
      "baseline_brier": 0.24762550272910083,
      "baseline_hit_rate": 0.548728813559322,
      "brier": 0.2497053460421875,
      "display_ready": true,
      "ece": null,
      "hit_rate": 0.548728813559322,
      "logloss": 0.6925578708413611,
      "n": 944
    },
    "7d": {
      "base_rate": 0.6826923076923077,
      "baseline_brier": 0.21662352071005916,
      "baseline_hit_rate": 0.6826923076923077,
      "brier": 0.2481377732255205,
      "display_ready": true,
      "ece": null,
      "hit_rate": 0.6826923076923077,
      "logloss": 0.6894226050441927,
      "n": 104
    },
    "90d": {
      "base_rate": 0.548728813559322,
      "baseline_brier": 0.24762550272910083,
      "baseline_hit_rate": 0.548728813559322,
      "brier": 0.2497053460421875,
      "display_ready": true,
      "ece": null,
      "hit_rate": 0.548728813559322,
      "logloss": 0.6925578708413611,
      "n": 944
    }
  },
  "schema_version": "1",
  "total_forecasts": 947,
  "total_resolved": 944
}
