{
  "by_horizon": {
    "12h": {
      "base_rate": 0.5625,
      "baseline_brier": 0.24609375,
      "baseline_hit_rate": 0.5625,
      "brier": 0.24949773186449292,
      "display_ready": true,
      "ece": null,
      "hit_rate": 0.5625,
      "logloss": 0.6921430732486905,
      "n": 144
    },
    "1h": {
      "base_rate": 0.5263975155279503,
      "baseline_brier": 0.24930317117395162,
      "baseline_hit_rate": 0.5263975155279503,
      "brier": 0.2502173251010032,
      "display_ready": true,
      "ece": null,
      "hit_rate": 0.5263975155279503,
      "logloss": 0.6935824874531289,
      "n": 644
    },
    "24h": {
      "base_rate": 0.6527777777777778,
      "baseline_brier": 0.22665895061728392,
      "baseline_hit_rate": 0.6527777777777778,
      "brier": 0.2482232263187979,
      "display_ready": true,
      "ece": null,
      "hit_rate": 0.6527777777777778,
      "logloss": 0.6895926033689225,
      "n": 72
    },
    "4h": {
      "base_rate": 0.5402010050251256,
      "baseline_brier": 0.24838387919496982,
      "baseline_hit_rate": 0.5402010050251256,
      "brier": 0.2499991169941059,
      "display_ready": true,
      "ece": null,
      "hit_rate": 0.5402010050251256,
      "logloss": 0.6931456959855725,
      "n": 398
    }
  },
  "by_model_version": {
    "v0.1.0-baseline-shadow": {
      "base_rate": 0.5421303656597775,
      "baseline_brier": 0.24822503228937345,
      "baseline_hit_rate": 0.5421303656597775,
      "brier": 0.24995178983476998,
      "display_ready": true,
      "ece": null,
      "hit_rate": 0.5421303656597775,
      "logloss": 0.6930511756060785,
      "n": 1258
    }
  },
  "generated_at": "2026-07-09T08:52:26Z",
  "global": {
    "base_rate": 0.5421303656597775,
    "baseline_brier": 0.24822503228937345,
    "baseline_hit_rate": 0.5421303656597775,
    "brier": 0.24995178983476998,
    "display_ready": true,
    "ece": null,
    "hit_rate": 0.5421303656597775,
    "logloss": 0.6930511756060785,
    "n": 1258
  },
  "metrics_version": "metrics-v0.1.0",
  "min_n_display": 20,
  "rolling": {
    "30d": {
      "base_rate": 0.5743380855397149,
      "baseline_brier": 0.24447384903829003,
      "baseline_hit_rate": 0.5743380855397149,
      "brier": 0.2497319271928173,
      "display_ready": true,
      "ece": null,
      "hit_rate": 0.5743380855397149,
      "logloss": 0.692611982971093,
      "n": 491
    },
    "7d": {
      "base_rate": 0.5196850393700787,
      "baseline_brier": 0.24961249922499845,
      "baseline_hit_rate": 0.5196850393700787,
      "brier": 0.2503302169118493,
      "display_ready": true,
      "ece": null,
      "hit_rate": 0.5196850393700787,
      "logloss": 0.6938083670799821,
      "n": 127
    },
    "90d": {
      "base_rate": 0.5421303656597775,
      "baseline_brier": 0.24822503228937345,
      "baseline_hit_rate": 0.5421303656597775,
      "brier": 0.24995178983476998,
      "display_ready": true,
      "ece": null,
      "hit_rate": 0.5421303656597775,
      "logloss": 0.6930511756060785,
      "n": 1258
    }
  },
  "schema_version": "1",
  "total_forecasts": 1260,
  "total_resolved": 1258
}
