{
  "by_horizon": {
    "12h": {
      "base_rate": 0.5679012345679012,
      "baseline_brier": 0.24538942234415487,
      "baseline_hit_rate": 0.5679012345679012,
      "brier": 0.24951654277542695,
      "display_ready": true,
      "ece": null,
      "hit_rate": 0.5679012345679012,
      "logloss": 0.6921807730086494,
      "n": 162
    },
    "1h": {
      "base_rate": 0.5251017639077341,
      "baseline_brier": 0.24936990144872037,
      "baseline_hit_rate": 0.5251017639077341,
      "brier": 0.2502263706929812,
      "display_ready": true,
      "ece": null,
      "hit_rate": 0.5251017639077341,
      "logloss": 0.6936005586663296,
      "n": 737
    },
    "24h": {
      "base_rate": 0.6296296296296297,
      "baseline_brier": 0.23319615912208505,
      "baseline_hit_rate": 0.6296296296296297,
      "brier": 0.2489107180523578,
      "display_ready": true,
      "ece": null,
      "hit_rate": 0.6296296296296297,
      "logloss": 0.6909681935182765,
      "n": 81
    },
    "4h": {
      "base_rate": 0.5401785714285714,
      "baseline_brier": 0.2483856823979592,
      "baseline_hit_rate": 0.5401785714285714,
      "brier": 0.2501205762517833,
      "display_ready": true,
      "ece": null,
      "hit_rate": 0.5401785714285714,
      "logloss": 0.693388810859499,
      "n": 448
    }
  },
  "by_model_version": {
    "v0.1.0-baseline-shadow": {
      "base_rate": 0.5406162464985994,
      "baseline_brier": 0.24835032052036501,
      "baseline_hit_rate": 0.5406162464985994,
      "brier": 0.25003802622786153,
      "display_ready": true,
      "ece": null,
      "hit_rate": 0.5406162464985994,
      "logloss": 0.693223745031178,
      "n": 1428
    }
  },
  "generated_at": "2026-07-18T00:03:42Z",
  "global": {
    "base_rate": 0.5406162464985994,
    "baseline_brier": 0.24835032052036501,
    "baseline_hit_rate": 0.5406162464985994,
    "brier": 0.25003802622786153,
    "display_ready": true,
    "ece": null,
    "hit_rate": 0.5406162464985994,
    "logloss": 0.693223745031178,
    "n": 1428
  },
  "metrics_version": "metrics-v0.1.0",
  "min_n_display": 20,
  "rolling": {
    "30d": {
      "base_rate": 0.5413533834586466,
      "baseline_brier": 0.24828989767652213,
      "baseline_hit_rate": 0.5413533834586466,
      "brier": 0.2504785832639652,
      "display_ready": true,
      "ece": null,
      "hit_rate": 0.5413533834586466,
      "logloss": 0.6941057943276995,
      "n": 532
    },
    "7d": {
      "base_rate": 0.5205479452054794,
      "baseline_brier": 0.24957778194783262,
      "baseline_hit_rate": 0.5205479452054794,
      "brier": 0.25099189431674773,
      "display_ready": true,
      "ece": null,
      "hit_rate": 0.5205479452054794,
      "logloss": 0.6951323581839675,
      "n": 146
    },
    "90d": {
      "base_rate": 0.5406162464985994,
      "baseline_brier": 0.24835032052036501,
      "baseline_hit_rate": 0.5406162464985994,
      "brier": 0.25003802622786153,
      "display_ready": true,
      "ece": null,
      "hit_rate": 0.5406162464985994,
      "logloss": 0.693223745031178,
      "n": 1428
    }
  },
  "schema_version": "1",
  "total_forecasts": 1428,
  "total_resolved": 1428
}
