{
  "by_horizon": {
    "12h": {
      "base_rate": 0.6095238095238096,
      "baseline_brier": 0.23800453514739228,
      "baseline_hit_rate": 0.6095238095238096,
      "brier": 0.24882070005620896,
      "display_ready": true,
      "ece": null,
      "hit_rate": 0.6095238095238096,
      "logloss": 0.6907887999927856,
      "n": 105
    },
    "1h": {
      "base_rate": 0.5147058823529411,
      "baseline_brier": 0.24978373702422144,
      "baseline_hit_rate": 0.5147058823529411,
      "brier": 0.2502704026774707,
      "display_ready": true,
      "ece": null,
      "hit_rate": 0.5147058823529411,
      "logloss": 0.6936883231891869,
      "n": 476
    },
    "24h": {
      "base_rate": 0.6538461538461539,
      "baseline_brier": 0.22633136094674555,
      "baseline_hit_rate": 0.6538461538461539,
      "brier": 0.24764269128090624,
      "display_ready": true,
      "ece": null,
      "hit_rate": 0.6538461538461539,
      "logloss": 0.6884307590629929,
      "n": 52
    },
    "4h": {
      "base_rate": 0.5363321799307958,
      "baseline_brier": 0.24867997270147627,
      "baseline_hit_rate": 0.5363321799307958,
      "brier": 0.24975232592055913,
      "display_ready": true,
      "ece": null,
      "hit_rate": 0.5363321799307958,
      "logloss": 0.6926515296871482,
      "n": 289
    }
  },
  "by_model_version": {
    "v0.1.0-baseline-shadow": {
      "base_rate": 0.5401301518438177,
      "baseline_brier": 0.24838957091299213,
      "baseline_hit_rate": 0.5401301518438177,
      "brier": 0.24979471509547366,
      "display_ready": true,
      "ece": null,
      "hit_rate": 0.5401301518438177,
      "logloss": 0.6927366132192592,
      "n": 922
    }
  },
  "generated_at": "2026-06-19T18:10:56Z",
  "global": {
    "base_rate": 0.5401301518438177,
    "baseline_brier": 0.24838957091299213,
    "baseline_hit_rate": 0.5401301518438177,
    "brier": 0.24979471509547366,
    "display_ready": true,
    "ece": null,
    "hit_rate": 0.5401301518438177,
    "logloss": 0.6927366132192592,
    "n": 922
  },
  "metrics_version": "metrics-v0.1.0",
  "min_n_display": 20,
  "rolling": {
    "30d": {
      "base_rate": 0.5401301518438177,
      "baseline_brier": 0.24838957091299213,
      "baseline_hit_rate": 0.5401301518438177,
      "brier": 0.24979471509547366,
      "display_ready": true,
      "ece": null,
      "hit_rate": 0.5401301518438177,
      "logloss": 0.6927366132192592,
      "n": 922
    },
    "7d": {
      "base_rate": 0.6407766990291263,
      "baseline_brier": 0.2301819210104628,
      "baseline_hit_rate": 0.6407766990291263,
      "brier": 0.24852073300942285,
      "display_ready": true,
      "ece": null,
      "hit_rate": 0.6407766990291263,
      "logloss": 0.6901884885766264,
      "n": 103
    },
    "90d": {
      "base_rate": 0.5401301518438177,
      "baseline_brier": 0.24838957091299213,
      "baseline_hit_rate": 0.5401301518438177,
      "brier": 0.24979471509547366,
      "display_ready": true,
      "ece": null,
      "hit_rate": 0.5401301518438177,
      "logloss": 0.6927366132192592,
      "n": 922
    }
  },
  "schema_version": "1",
  "total_forecasts": 926,
  "total_resolved": 922
}
