{
  "by_horizon": {
    "12h": {
      "base_rate": 0.5529411764705883,
      "baseline_brier": 0.24719723183391004,
      "baseline_hit_rate": 0.5529411764705883,
      "brier": 0.24997754889236928,
      "display_ready": true,
      "ece": null,
      "hit_rate": 0.5529411764705883,
      "logloss": 0.6931031011121214,
      "n": 85
    },
    "1h": {
      "base_rate": 0.5109489051094891,
      "baseline_brier": 0.2498801214769034,
      "baseline_hit_rate": 0.5109489051094891,
      "brier": 0.2503208715865714,
      "display_ready": true,
      "ece": null,
      "hit_rate": 0.5109489051094891,
      "logloss": 0.693789381891679,
      "n": 411
    },
    "24h": {
      "base_rate": 0.6190476190476191,
      "baseline_brier": 0.23582766439909297,
      "baseline_hit_rate": 0.6190476190476191,
      "brier": 0.24873185897787634,
      "display_ready": true,
      "ece": null,
      "hit_rate": 0.6190476190476191,
      "logloss": 0.690609264403064,
      "n": 42
    },
    "4h": {
      "base_rate": 0.5168067226890757,
      "baseline_brier": 0.2497175340724525,
      "baseline_hit_rate": 0.5168067226890757,
      "brier": 0.2499226657973923,
      "display_ready": true,
      "ece": null,
      "hit_rate": 0.5168067226890757,
      "logloss": 0.6929920111995218,
      "n": 238
    }
  },
  "by_model_version": {
    "v0.1.0-baseline-shadow": {
      "base_rate": 0.5231958762886598,
      "baseline_brier": 0.2494619513232012,
      "baseline_hit_rate": 0.5231958762886598,
      "brier": 0.2500751319778124,
      "display_ready": true,
      "ece": null,
      "hit_rate": 0.5231958762886598,
      "logloss": 0.6932975352093109,
      "n": 776
    }
  },
  "generated_at": "2026-06-09T22:53:36Z",
  "global": {
    "base_rate": 0.5231958762886598,
    "baseline_brier": 0.2494619513232012,
    "baseline_hit_rate": 0.5231958762886598,
    "brier": 0.2500751319778124,
    "display_ready": true,
    "ece": null,
    "hit_rate": 0.5231958762886598,
    "logloss": 0.6932975352093109,
    "n": 776
  },
  "metrics_version": "metrics-v0.1.0",
  "min_n_display": 20,
  "rolling": {
    "30d": {
      "base_rate": 0.5231958762886598,
      "baseline_brier": 0.2494619513232012,
      "baseline_hit_rate": 0.5231958762886598,
      "brier": 0.2500751319778124,
      "display_ready": true,
      "ece": null,
      "hit_rate": 0.5231958762886598,
      "logloss": 0.6932975352093109,
      "n": 776
    },
    "7d": {
      "base_rate": 0.5231958762886598,
      "baseline_brier": 0.2494619513232012,
      "baseline_hit_rate": 0.5231958762886598,
      "brier": 0.2500751319778124,
      "display_ready": true,
      "ece": null,
      "hit_rate": 0.5231958762886598,
      "logloss": 0.6932975352093109,
      "n": 776
    },
    "90d": {
      "base_rate": 0.5231958762886598,
      "baseline_brier": 0.2494619513232012,
      "baseline_hit_rate": 0.5231958762886598,
      "brier": 0.2500751319778124,
      "display_ready": true,
      "ece": null,
      "hit_rate": 0.5231958762886598,
      "logloss": 0.6932975352093109,
      "n": 776
    }
  },
  "schema_version": "1",
  "total_forecasts": 780,
  "total_resolved": 776
}
