{
  "by_direction": {
    "down": {
      "always_down_rate": 0.4545454545454546,
      "always_up_rate": 0.5454545454545454,
      "base_rate": 0.45454545454545453,
      "baseline_brier": 0.24793388429752064,
      "baseline_hit_rate": 0.5454545454545454,
      "brier": 0.2509803217171696,
      "display_ready": true,
      "ece": null,
      "expectancy_bps": 4.675584007704568,
      "expectancy_maker_2bps": 2.6755840077045683,
      "expectancy_taker_10bps": -5.324415992295432,
      "hit_down": 0.45454545454545453,
      "hit_rate": 0.45454545454545453,
      "hit_up": null,
      "logloss": 0.6951087160342276,
      "n": 704,
      "n_down": 704,
      "n_up": 0,
      "vs_majority_pp": -0.09090909090909088
    },
    "up": {
      "always_down_rate": 0.3720642768850433,
      "always_up_rate": 0.6279357231149567,
      "base_rate": 0.6279357231149567,
      "baseline_brier": 0.23363245075105313,
      "baseline_hit_rate": 0.6279357231149567,
      "brier": 0.2488983229994925,
      "display_ready": true,
      "ece": null,
      "expectancy_bps": 15.151745217479682,
      "expectancy_maker_2bps": 13.15174521747968,
      "expectancy_taker_10bps": 5.151745217479681,
      "hit_down": null,
      "hit_rate": 0.6279357231149567,
      "hit_up": 0.6279357231149567,
      "logloss": 0.690943743287202,
      "n": 809,
      "n_down": 0,
      "n_up": 809,
      "vs_majority_pp": 0.0
    }
  },
  "by_horizon": {
    "12h": {
      "always_down_rate": 0.4736842105263158,
      "always_up_rate": 0.5263157894736842,
      "base_rate": 0.5789473684210527,
      "baseline_brier": 0.24376731301939056,
      "baseline_hit_rate": 0.5789473684210527,
      "brier": 0.24921872686237062,
      "display_ready": true,
      "ece": null,
      "expectancy_bps": 25.886242957594515,
      "expectancy_maker_2bps": 23.886242957594515,
      "expectancy_taker_10bps": 15.886242957594515,
      "hit_down": 0.5529411764705883,
      "hit_rate": 0.5789473684210527,
      "hit_up": 0.6046511627906976,
      "logloss": 0.6915847358068562,
      "n": 171,
      "n_down": 85,
      "n_up": 86,
      "vs_majority_pp": 0.052631578947368474
    },
    "1h": {
      "always_down_rate": 0.3788265306122449,
      "always_up_rate": 0.6211734693877551,
      "base_rate": 0.5293367346938775,
      "baseline_brier": 0.24913935599750103,
      "baseline_hit_rate": 0.5293367346938775,
      "brier": 0.2501093280445605,
      "display_ready": true,
      "ece": null,
      "expectancy_bps": 3.583168076248622,
      "expectancy_maker_2bps": 1.5831680762486222,
      "expectancy_taker_10bps": -6.416831923751379,
      "hit_down": 0.39714285714285713,
      "hit_rate": 0.5293367346938775,
      "hit_up": 0.6359447004608295,
      "logloss": 0.6933664008210821,
      "n": 784,
      "n_down": 350,
      "n_up": 434,
      "vs_majority_pp": -0.09183673469387754
    },
    "24h": {
      "always_down_rate": 0.4883720930232558,
      "always_up_rate": 0.5116279069767442,
      "base_rate": 0.6395348837209303,
      "baseline_brier": 0.23053001622498648,
      "baseline_hit_rate": 0.6395348837209303,
      "brier": 0.24854875136337595,
      "display_ready": true,
      "ece": null,
      "expectancy_bps": 57.01908317000415,
      "expectancy_maker_2bps": 55.01908317000415,
      "expectancy_taker_10bps": 47.01908317000415,
      "hit_down": 0.6222222222222222,
      "hit_rate": 0.6395348837209303,
      "hit_up": 0.6585365853658537,
      "logloss": 0.6902436217373141,
      "n": 86,
      "n_down": 45,
      "n_up": 41,
      "vs_majority_pp": 0.12790697674418605
    },
    "4h": {
      "always_down_rate": 0.4258474576271186,
      "always_up_rate": 0.5741525423728814,
      "base_rate": 0.548728813559322,
      "baseline_brier": 0.24762550272910083,
      "baseline_hit_rate": 0.548728813559322,
      "brier": 0.24993979173268152,
      "display_ready": true,
      "ece": null,
      "expectancy_bps": 7.224535068256655,
      "expectancy_maker_2bps": 5.224535068256655,
      "expectancy_taker_10bps": -2.775464931743345,
      "hit_down": 0.4732142857142857,
      "hit_rate": 0.548728813559322,
      "hit_up": 0.6169354838709677,
      "logloss": 0.6930271713375696,
      "n": 472,
      "n_down": 224,
      "n_up": 248,
      "vs_majority_pp": -0.025423728813559365
    }
  },
  "by_model_version": {
    "v0.1.0-baseline-shadow": {
      "always_down_rate": 0.4109861019192588,
      "always_up_rate": 0.5890138980807412,
      "base_rate": 0.5466578424884183,
      "baseline_brier": 0.24782304573432593,
      "baseline_hit_rate": 0.5466578424884183,
      "brier": 0.24990258268975965,
      "display_ready": true,
      "ece": null,
      "expectancy_bps": 10.233625505195539,
      "expectancy_maker_2bps": 8.233625505195539,
      "expectancy_taker_10bps": 0.2336255051955385,
      "hit_down": 0.45454545454545453,
      "hit_rate": 0.5466578424884183,
      "hit_up": 0.6270136307311028,
      "logloss": 0.6929527891984532,
      "n": 1511,
      "n_down": 704,
      "n_up": 807,
      "vs_majority_pp": -0.042356055592322917
    },
    "v0.2.0-shadow-policy24": {
      "always_down_rate": 0.0,
      "always_up_rate": 1.0,
      "base_rate": 1.0,
      "baseline_brier": 0.0,
      "baseline_hit_rate": 1.0,
      "brier": 0.223043675625,
      "display_ready": false,
      "ece": null,
      "expectancy_bps": 43.182442007309525,
      "expectancy_maker_2bps": 41.182442007309525,
      "expectancy_taker_10bps": 33.182442007309525,
      "hit_down": null,
      "hit_rate": 1.0,
      "hit_up": 1.0,
      "logloss": 0.6391799642900029,
      "n": 2,
      "n_down": 0,
      "n_up": 2,
      "vs_majority_pp": 0.0
    }
  },
  "by_regime": {
    "bull": {
      "always_down_rate": 0.0,
      "always_up_rate": 1.0,
      "base_rate": 1.0,
      "baseline_brier": 0.0,
      "baseline_hit_rate": 1.0,
      "brier": 0.23431561536076811,
      "display_ready": false,
      "ece": null,
      "expectancy_bps": 33.648241742276895,
      "expectancy_maker_2bps": 31.64824174227689,
      "expectancy_taker_10bps": 23.648241742276895,
      "hit_down": null,
      "hit_rate": 1.0,
      "hit_up": 1.0,
      "logloss": 0.6617510101055929,
      "n": 4,
      "n_down": 0,
      "n_up": 4,
      "vs_majority_pp": 0.0
    },
    "unknown": {
      "always_down_rate": 0.411530815109344,
      "always_up_rate": 0.588469184890656,
      "base_rate": 0.5460569913850232,
      "baseline_brier": 0.2478787535445599,
      "baseline_hit_rate": 0.5460569913850232,
      "brier": 0.2499083017455492,
      "display_ready": true,
      "ece": null,
      "expectancy_bps": 10.215228664941002,
      "expectancy_maker_2bps": 8.215228664941002,
      "expectancy_taker_10bps": 0.2152286649410016,
      "hit_down": 0.45454545454545453,
      "hit_rate": 0.5460569913850232,
      "hit_up": 0.6260869565217392,
      "logloss": 0.6929642282087609,
      "n": 1509,
      "n_down": 704,
      "n_up": 805,
      "vs_majority_pp": -0.042412193505632856
    }
  },
  "edge_scoreboard": [
    {
      "expectancy_maker_2bps": 55.01908317000415,
      "hit_rate": 0.6395348837209303,
      "horizon": "24h",
      "n": 86,
      "rank_key": 55.01908317000415,
      "tradeable": true,
      "vs_majority_pp": 0.12790697674418605
    },
    {
      "expectancy_maker_2bps": 23.886242957594515,
      "hit_rate": 0.5789473684210527,
      "horizon": "12h",
      "n": 171,
      "rank_key": 23.886242957594515,
      "tradeable": true,
      "vs_majority_pp": 0.052631578947368474
    },
    {
      "expectancy_maker_2bps": 5.224535068256655,
      "hit_rate": 0.548728813559322,
      "horizon": "4h",
      "n": 472,
      "rank_key": 5.224535068256655,
      "tradeable": false,
      "vs_majority_pp": -0.025423728813559365
    },
    {
      "expectancy_maker_2bps": 1.5831680762486222,
      "hit_rate": 0.5293367346938775,
      "horizon": "1h",
      "n": 784,
      "rank_key": 1.5831680762486222,
      "tradeable": false,