{
  "by_horizon": {
    "12h": {
      "base_rate": 0.5819672131147541,
      "baseline_brier": 0.2432813759742005,
      "baseline_hit_rate": 0.5819672131147541,
      "brier": 0.24914696833773986,
      "display_ready": true,
      "ece": null,
      "hit_rate": 0.5819672131147541,
      "logloss": 0.691441538690848,
      "n": 122
    },
    "1h": {
      "base_rate": 0.5246800731261426,
      "baseline_brier": 0.24939089399048825,
      "baseline_hit_rate": 0.5246800731261426,
      "brier": 0.25017445567621677,
      "display_ready": true,
      "ece": null,
      "hit_rate": 0.5246800731261426,
      "logloss": 0.6934966353101855,
      "n": 547
    },
    "24h": {
      "base_rate": 0.6557377049180327,
      "baseline_brier": 0.22574576726686377,
      "baseline_hit_rate": 0.6557377049180327,
      "brier": 0.2480847763047276,
      "display_ready": true,
      "ece": null,
      "hit_rate": 0.6557377049180327,
      "logloss": 0.6893154518763513,
      "n": 61
    },
    "4h": {
      "base_rate": 0.5519287833827893,
      "baseline_brier": 0.24730340145638333,
      "baseline_hit_rate": 0.5519287833827893,
      "brier": 0.24969790634955855,
      "display_ready": true,
      "ece": null,
      "hit_rate": 0.5519287833827893,
      "logloss": 0.6925430523652816,
      "n": 337
    }
  },
  "by_model_version": {
    "v0.1.0-baseline-shadow": {
      "base_rate": 0.5473289597000938,
      "baseline_brier": 0.2477599695737069,
      "baseline_hit_rate": 0.5473289597000938,
      "brier": 0.2497869945515318,
      "display_ready": true,
      "ece": null,
      "hit_rate": 0.5473289597000938,
      "logloss": 0.6927214418430293,
      "n": 1067
    }
  },
  "generated_at": "2026-06-28T09:28:08Z",
  "global": {
    "base_rate": 0.5473289597000938,
    "baseline_brier": 0.2477599695737069,
    "baseline_hit_rate": 0.5473289597000938,
    "brier": 0.2497869945515318,
    "display_ready": true,
    "ece": null,
    "hit_rate": 0.5473289597000938,
    "logloss": 0.6927214418430293,
    "n": 1067
  },
  "metrics_version": "metrics-v0.1.0",
  "min_n_display": 20,
  "rolling": {
    "30d": {
      "base_rate": 0.5473289597000938,
      "baseline_brier": 0.2477599695737069,
      "baseline_hit_rate": 0.5473289597000938,
      "brier": 0.2497869945515318,
      "display_ready": true,
      "ece": null,
      "hit_rate": 0.5473289597000938,
      "logloss": 0.6927214418430293,
      "n": 1067
    },
    "7d": {
      "base_rate": 0.5128205128205128,
      "baseline_brier": 0.24983563445101906,
      "baseline_hit_rate": 0.5128205128205128,
      "brier": 0.2508000550949513,
      "display_ready": true,
      "ece": null,
      "hit_rate": 0.5128205128205128,
      "logloss": 0.6947498475072729,
      "n": 117
    },
    "90d": {
      "base_rate": 0.5473289597000938,
      "baseline_brier": 0.2477599695737069,
      "baseline_hit_rate": 0.5473289597000938,
      "brier": 0.2497869945515318,
      "display_ready": true,
      "ece": null,
      "hit_rate": 0.5473289597000938,
      "logloss": 0.6927214418430293,
      "n": 1067
    }
  },
  "schema_version": "1",
  "total_forecasts": 1070,
  "total_resolved": 1067
}
