{
  "by_horizon": {
    "12h": {
      "base_rate": 0.5664335664335665,
      "baseline_brier": 0.24558658125091692,
      "baseline_hit_rate": 0.5664335664335665,
      "brier": 0.24936417698564534,
      "display_ready": true,
      "ece": null,
      "hit_rate": 0.5664335664335665,
      "logloss": 0.6918758497013305,
      "n": 143
    },
    "1h": {
      "base_rate": 0.5257410296411856,
      "baseline_brier": 0.24933739939301158,
      "baseline_hit_rate": 0.5257410296411856,
      "brier": 0.2502134899916841,
      "display_ready": true,
      "ece": null,
      "hit_rate": 0.5257410296411856,
      "logloss": 0.6935748190907942,
      "n": 641
    },
    "24h": {
      "base_rate": 0.6619718309859155,
      "baseline_brier": 0.22376512596707002,
      "baseline_hit_rate": 0.6619718309859155,
      "brier": 0.2481639613395502,
      "display_ready": true,
      "ece": null,
      "hit_rate": 0.6619718309859155,
      "logloss": 0.689474058368131,
      "n": 71
    },
    "4h": {
      "base_rate": 0.5392405063291139,
      "baseline_brier": 0.24846018266303477,
      "baseline_hit_rate": 0.5392405063291139,
      "brier": 0.2499857924745659,
      "display_ready": true,
      "ece": null,
      "hit_rate": 0.5392405063291139,
      "logloss": 0.6931190444442961,
      "n": 395
    }
  },
  "by_model_version": {
    "v0.1.0-baseline-shadow": {
      "base_rate": 0.5424,
      "baseline_brier": 0.24820224,
      "baseline_hit_rate": 0.5424,
      "brier": 0.2499279629409427,
      "display_ready": true,
      "ece": null,
      "hit_rate": 0.5424,
      "logloss": 0.693003508995299,
      "n": 1250
    }
  },
  "generated_at": "2026-07-08T22:18:06Z",
  "global": {
    "base_rate": 0.5424,
    "baseline_brier": 0.24820224,
    "baseline_hit_rate": 0.5424,
    "brier": 0.2499279629409427,
    "display_ready": true,
    "ece": null,
    "hit_rate": 0.5424,
    "logloss": 0.693003508995299,
    "n": 1250
  },
  "metrics_version": "metrics-v0.1.0",
  "min_n_display": 20,
  "rolling": {
    "30d": {
      "base_rate": 0.5693877551020409,
      "baseline_brier": 0.2451853394418992,
      "baseline_hit_rate": 0.5693877551020409,
      "brier": 0.249772944854814,
      "display_ready": true,
      "ece": null,
      "hit_rate": 0.5693877551020409,
      "logloss": 0.6926940277988544,
      "n": 490
    },
    "7d": {
      "base_rate": 0.5317460317460317,
      "baseline_brier": 0.24899218946837995,
      "baseline_hit_rate": 0.5317460317460317,
      "brier": 0.24995625204503694,
      "display_ready": true,
      "ece": null,
      "hit_rate": 0.5317460317460317,
      "logloss": 0.6930604892891735,
      "n": 126
    },
    "90d": {
      "base_rate": 0.5424,
      "baseline_brier": 0.24820224,
      "baseline_hit_rate": 0.5424,
      "brier": 0.2499279629409427,
      "display_ready": true,
      "ece": null,
      "hit_rate": 0.5424,
      "logloss": 0.693003508995299,
      "n": 1250
    }
  },
  "schema_version": "1",
  "total_forecasts": 1254,
  "total_resolved": 1250
}
