{
  "by_horizon": {
    "12h": {
      "base_rate": 0.5657894736842105,
      "baseline_brier": 0.2456717451523546,
      "baseline_hit_rate": 0.5657894736842105,
      "brier": 0.24951715643800737,
      "display_ready": true,
      "ece": null,
      "hit_rate": 0.5657894736842105,
      "logloss": 0.6921819602146536,
      "n": 152
    },
    "1h": {
      "base_rate": 0.5285505124450952,
      "baseline_brier": 0.24918486823912245,
      "baseline_hit_rate": 0.5285505124450952,
      "brier": 0.2502210276399952,
      "display_ready": true,
      "ece": null,
      "hit_rate": 0.5285505124450952,
      "logloss": 0.6935898665117394,
      "n": 683
    },
    "24h": {
      "base_rate": 0.6447368421052632,
      "baseline_brier": 0.22905124653739614,
      "baseline_hit_rate": 0.6447368421052632,
      "brier": 0.2482923612999702,
      "display_ready": true,
      "ece": null,
      "hit_rate": 0.6447368421052632,
      "logloss": 0.6897309186607747,
      "n": 76
    },
    "4h": {
      "base_rate": 0.5382775119617225,
      "baseline_brier": 0.24853483207802018,
      "baseline_hit_rate": 0.5382775119617225,
      "brier": 0.24999240217632238,
      "display_ready": true,
      "ece": null,
      "hit_rate": 0.5382775119617225,
      "logloss": 0.693132256913002,
      "n": 418
    }
  },
  "by_model_version": {
    "v0.1.0-baseline-shadow": {
      "base_rate": 0.5425131677953349,
      "baseline_brier": 0.2481926305640057,
      "baseline_hit_rate": 0.5425131677953349,
      "brier": 0.24995832447343444,
      "display_ready": true,
      "ece": null,
      "hit_rate": 0.5425131677953349,
      "logloss": 0.6930642362588405,
      "n": 1329
    }
  },
  "generated_at": "2026-07-13T00:13:03Z",
  "global": {
    "base_rate": 0.5425131677953349,
    "baseline_brier": 0.2481926305640057,
    "baseline_hit_rate": 0.5425131677953349,
    "brier": 0.24995832447343444,
    "display_ready": true,
    "ece": null,
    "hit_rate": 0.5425131677953349,
    "logloss": 0.6930642362588405,
    "n": 1329
  },
  "metrics_version": "metrics-v0.1.0",
  "min_n_display": 20,
  "rolling": {
    "30d": {
      "base_rate": 0.5680473372781065,
      "baseline_brier": 0.24536955988935963,
      "baseline_hit_rate": 0.5680473372781065,
      "brier": 0.2499556046077989,
      "display_ready": true,
      "ece": null,
      "hit_rate": 0.5680473372781065,
      "logloss": 0.6930594190595484,
      "n": 507
    },
    "7d": {
      "base_rate": 0.47692307692307695,
      "baseline_brier": 0.24946745562130176,
      "baseline_hit_rate": 0.523076923076923,
      "brier": 0.2512579279641208,
      "display_ready": true,
      "ece": null,
      "hit_rate": 0.47692307692307695,
      "logloss": 0.6956640578279008,
      "n": 130
    },
    "90d": {
      "base_rate": 0.5425131677953349,
      "baseline_brier": 0.2481926305640057,
      "baseline_hit_rate": 0.5425131677953349,
      "brier": 0.24995832447343444,
      "display_ready": true,
      "ece": null,
      "hit_rate": 0.5425131677953349,
      "logloss": 0.6930642362588405,
      "n": 1329
    }
  },
  "schema_version": "1",
  "total_forecasts": 1333,
  "total_resolved": 1329
}
