{
  "by_horizon": {
    "12h": {
      "base_rate": 0.5867768595041323,
      "baseline_brier": 0.24246977665460012,
      "baseline_hit_rate": 0.5867768595041323,
      "brier": 0.2491118916933992,
      "display_ready": true,
      "ece": null,
      "hit_rate": 0.5867768595041323,
      "logloss": 0.6913713880300612,
      "n": 121
    },
    "1h": {
      "base_rate": 0.5260223048327137,
      "baseline_brier": 0.2493228396511933,
      "baseline_hit_rate": 0.5260223048327137,
      "brier": 0.2501958206369837,
      "display_ready": true,
      "ece": null,
      "hit_rate": 0.5260223048327137,
      "logloss": 0.6935393802497264,
      "n": 538
    },
    "24h": {
      "base_rate": 0.65,
      "baseline_brier": 0.2275,
      "baseline_hit_rate": 0.65,
      "brier": 0.24813698151125094,
      "display_ready": true,
      "ece": null,
      "hit_rate": 0.65,
      "logloss": 0.6894198466941057,
      "n": 60
    },
    "4h": {
      "base_rate": 0.5542168674698795,
      "baseline_brier": 0.2470605312817535,
      "baseline_hit_rate": 0.5542168674698795,
      "brier": 0.2496537812909942,
      "display_ready": true,
      "ece": null,
      "hit_rate": 0.5542168674698795,
      "logloss": 0.6924547938514821,
      "n": 332
    }
  },
  "by_model_version": {
    "v0.1.0-baseline-shadow": {
      "base_rate": 0.5490009514747859,
      "baseline_brier": 0.24759890675456564,
      "baseline_hit_rate": 0.5490009514747859,
      "brier": 0.24978226895992736,
      "display_ready": true,
      "ece": null,
      "hit_rate": 0.5490009514747859,
      "logloss": 0.6927119951344706,
      "n": 1051
    }
  },
  "generated_at": "2026-06-27T12:44:44Z",
  "global": {
    "base_rate": 0.5490009514747859,
    "baseline_brier": 0.24759890675456564,
    "baseline_hit_rate": 0.5490009514747859,
    "brier": 0.24978226895992736,
    "display_ready": true,
    "ece": null,
    "hit_rate": 0.5490009514747859,
    "logloss": 0.6927119951344706,
    "n": 1051
  },
  "metrics_version": "metrics-v0.1.0",
  "min_n_display": 20,
  "rolling": {
    "30d": {
      "base_rate": 0.5490009514747859,
      "baseline_brier": 0.24759890675456564,
      "baseline_hit_rate": 0.5490009514747859,
      "brier": 0.24978226895992736,
      "display_ready": true,
      "ece": null,
      "hit_rate": 0.5490009514747859,
      "logloss": 0.6927119951344706,
      "n": 1051
    },
    "7d": {
      "base_rate": 0.5789473684210527,
      "baseline_brier": 0.24376731301939056,
      "baseline_hit_rate": 0.5789473684210527,
      "brier": 0.2500832414406446,
      "display_ready": true,
      "ece": null,
      "hit_rate": 0.5789473684210527,
      "logloss": 0.6933161935737088,
      "n": 114
    },
    "90d": {
      "base_rate": 0.5490009514747859,
      "baseline_brier": 0.24759890675456564,
      "baseline_hit_rate": 0.5490009514747859,
      "brier": 0.24978226895992736,
      "display_ready": true,
      "ece": null,
      "hit_rate": 0.5490009514747859,
      "logloss": 0.6927119951344706,
      "n": 1051
    }
  },
  "schema_version": "1",
  "total_forecasts": 1055,
  "total_resolved": 1051
}
