{
  "by_horizon": {
    "12h": {
      "base_rate": 0.5625,
      "baseline_brier": 0.24609375,
      "baseline_hit_rate": 0.5625,
      "brier": 0.24949773186449292,
      "display_ready": true,
      "ece": null,
      "hit_rate": 0.5625,
      "logloss": 0.6921430732486905,
      "n": 144
    },
    "1h": {
      "base_rate": 0.5249221183800623,
      "baseline_brier": 0.24937888801545013,
      "baseline_hit_rate": 0.5249221183800623,
      "brier": 0.2502237231671825,
      "display_ready": true,
      "ece": null,
      "hit_rate": 0.5249221183800623,
      "logloss": 0.6935952856995311,
      "n": 642
    },
    "24h": {
      "base_rate": 0.6527777777777778,
      "baseline_brier": 0.22665895061728392,
      "baseline_hit_rate": 0.6527777777777778,
      "brier": 0.2482232263187979,
      "display_ready": true,
      "ece": null,
      "hit_rate": 0.6527777777777778,
      "logloss": 0.6895926033689225,
      "n": 72
    },
    "4h": {
      "base_rate": 0.5378787878787878,
      "baseline_brier": 0.24856519742883376,
      "baseline_hit_rate": 0.5378787878787878,
      "brier": 0.2500083875554021,
      "display_ready": true,
      "ece": null,
      "hit_rate": 0.5378787878787878,
      "logloss": 0.693164238640257,
      "n": 396
    }
  },
  "by_model_version": {
    "v0.1.0-baseline-shadow": {
      "base_rate": 0.5406698564593302,
      "baseline_brier": 0.24834596277557752,
      "baseline_hit_rate": 0.5406698564593302,
      "brier": 0.24995749396228933,
      "display_ready": true,
      "ece": null,
      "hit_rate": 0.5406698564593302,
      "logloss": 0.6930625852559924,
      "n": 1254
    }
  },
  "generated_at": "2026-07-09T01:03:37Z",
  "global": {
    "base_rate": 0.5406698564593302,
    "baseline_brier": 0.24834596277557752,
    "baseline_hit_rate": 0.5406698564593302,
    "brier": 0.24995749396228933,
    "display_ready": true,
    "ece": null,
    "hit_rate": 0.5406698564593302,
    "logloss": 0.6930625852559924,
    "n": 1254
  },
  "metrics_version": "metrics-v0.1.0",
  "min_n_display": 20,
  "rolling": {
    "30d": {
      "base_rate": 0.563894523326572,
      "baseline_brier": 0.24591748988887013,
      "baseline_hit_rate": 0.563894523326572,
      "brier": 0.24985115216364953,
      "display_ready": true,
      "ece": null,
      "hit_rate": 0.563894523326572,
      "logloss": 0.6928504760288294,
      "n": 493
    },
    "7d": {
      "base_rate": 0.512,
      "baseline_brier": 0.249856,
      "baseline_hit_rate": 0.512,
      "brier": 0.2501880574194662,
      "display_ready": true,
      "ece": null,
      "hit_rate": 0.512,
      "logloss": 0.6935239676502513,
      "n": 125
    },
    "90d": {
      "base_rate": 0.5406698564593302,
      "baseline_brier": 0.24834596277557752,
      "baseline_hit_rate": 0.5406698564593302,
      "brier": 0.24995749396228933,
      "display_ready": true,
      "ece": null,
      "hit_rate": 0.5406698564593302,
      "logloss": 0.6930625852559924,
      "n": 1254
    }
  },
  "schema_version": "1",
  "total_forecasts": 1258,
  "total_resolved": 1254
}
