{
  "by_direction": {
    "down": {
      "always_down_rate": 0.45325779036827196,
      "always_up_rate": 0.546742209631728,
      "base_rate": 0.45325779036827196,
      "baseline_brier": 0.24781516583874358,
      "baseline_hit_rate": 0.546742209631728,
      "brier": 0.2509986551467771,
      "display_ready": true,
      "ece": null,
      "expectancy_bps": 4.62480998332041,
      "expectancy_maker_2bps": 2.62480998332041,
      "expectancy_taker_10bps": -5.375190016679589,
      "hit_down": 0.45325779036827196,
      "hit_rate": 0.45325779036827196,
      "hit_up": null,
      "logloss": 0.6951453834585891,
      "n": 706,
      "n_down": 706,
      "n_up": 0,
      "vs_majority_pp": -0.09348441926345608
    },
    "up": {
      "always_down_rate": 0.3762254901960784,
      "always_up_rate": 0.6237745098039216,
      "base_rate": 0.6237745098039216,
      "baseline_brier": 0.23467987072279892,
      "baseline_hit_rate": 0.6237745098039216,
      "brier": 0.24895982898618896,
      "display_ready": true,
      "ece": null,
      "expectancy_bps": 14.652657207029407,
      "expectancy_maker_2bps": 12.652657207029405,
      "expectancy_taker_10bps": 4.652657207029406,
      "hit_down": null,
      "hit_rate": 0.6237745098039216,
      "hit_up": 0.6237745098039216,
      "logloss": 0.6910668301153715,
      "n": 816,
      "n_down": 0,
      "n_up": 816,
      "vs_majority_pp": 0.0
    }
  },
  "by_horizon": {
    "12h": {
      "always_down_rate": 0.47976878612716767,
      "always_up_rate": 0.5202312138728323,
      "base_rate": 0.5722543352601156,
      "baseline_brier": 0.24477931103611883,
      "baseline_hit_rate": 0.5722543352601156,
      "brier": 0.24942361182048572,
      "display_ready": true,
      "ece": null,
      "expectancy_bps": 24.908240052981103,
      "expectancy_maker_2bps": 22.908240052981103,
      "expectancy_taker_10bps": 14.908240052981105,
      "hit_down": 0.5529411764705883,
      "hit_rate": 0.5722543352601156,
      "hit_up": 0.5909090909090909,
      "logloss": 0.6919948497409503,
      "n": 173,
      "n_down": 85,
      "n_up": 88,
      "vs_majority_pp": 0.052023121387283267
    },
    "1h": {
      "always_down_rate": 0.37944162436548223,
      "always_up_rate": 0.6205583756345178,
      "base_rate": 0.5279187817258884,
      "baseline_brier": 0.2492205416269422,
      "baseline_hit_rate": 0.5279187817258884,
      "brier": 0.2501210873287791,
      "display_ready": true,
      "ece": null,
      "expectancy_bps": 3.4521641291636183,
      "expectancy_maker_2bps": 1.4521641291636183,
      "expectancy_taker_10bps": -6.547835870836382,
      "hit_down": 0.396011396011396,
      "hit_rate": 0.5279187817258884,
      "hit_up": 0.6338672768878718,
      "logloss": 0.6933899183730103,
      "n": 788,
      "n_down": 351,
      "n_up": 437,
      "vs_majority_pp": -0.09263959390862941
    },
    "24h": {
      "always_down_rate": 0.4883720930232558,
      "always_up_rate": 0.5116279069767442,
      "base_rate": 0.6395348837209303,
      "baseline_brier": 0.23053001622498648,
      "baseline_hit_rate": 0.6395348837209303,
      "brier": 0.24854875136337595,
      "display_ready": true,
      "ece": null,
      "expectancy_bps": 57.01908317000415,
      "expectancy_maker_2bps": 55.01908317000415,
      "expectancy_taker_10bps": 47.01908317000415,
      "hit_down": 0.6222222222222222,
      "hit_rate": 0.6395348837209303,
      "hit_up": 0.6585365853658537,
      "logloss": 0.6902436217373141,
      "n": 86,
      "n_down": 45,
      "n_up": 41,
      "vs_majority_pp": 0.12790697674418605
    },
    "4h": {
      "always_down_rate": 0.4273684210526316,
      "always_up_rate": 0.5726315789473684,
      "base_rate": 0.5452631578947369,
      "baseline_brier": 0.2479512465373961,
      "baseline_hit_rate": 0.5452631578947369,
      "brier": 0.2499692141243844,
      "display_ready": true,
      "ece": null,
      "expectancy_bps": 6.923393923354077,
      "expectancy_maker_2bps": 4.923393923354077,
      "expectancy_taker_10bps": -3.0766060766459233,
      "hit_down": 0.4711111111111111,
      "hit_rate": 0.5452631578947369,
      "hit_up": 0.612,
      "logloss": 0.6930860167229084,
      "n": 475,
      "n_down": 225,
      "n_up": 250,
      "vs_majority_pp": -0.027368421052631486
    }
  },
  "by_model_version": {
    "v0.1.0-baseline-shadow": {
      "always_down_rate": 0.4121132323897301,
      "always_up_rate": 0.5878867676102699,
      "base_rate": 0.5444371296905859,
      "baseline_brier": 0.24802534150486202,
      "baseline_hit_rate": 0.5444371296905859,
      "brier": 0.24992211320571417,
      "display_ready": true,
      "ece": null,
      "expectancy_bps": 10.002653228069159,
      "expectancy_maker_2bps": 8.002653228069159,
      "expectancy_taker_10bps": 0.002653228069159075,
      "hit_down": 0.45325779036827196,
      "hit_rate": 0.5444371296905859,
      "hit_up": 0.6236162361623616,
      "logloss": 0.6929918501194127,
      "n": 1519,
      "n_down": 706,
      "n_up": 813,
      "vs_majority_pp": -0.04344963791968404
    },
    "v0.2.0-shadow-policy24": {
      "always_down_rate": 0.33333333333333337,
      "always_up_rate": 0.6666666666666666,
      "base_rate": 0.6666666666666666,
      "baseline_brier": 0.22222222222222224,
      "baseline_hit_rate": 0.6666666666666666,
      "brier": 0.24152700895833332,
      "display_ready": false,
      "ece": null,
      "expectancy_bps": 9.217958574384525,
      "expectancy_maker_2bps": 7.217958574384526,
      "expectancy_taker_10bps": -0.7820414256154743,
      "hit_down": null,
      "hit_rate": 0.6666666666666666,
      "hit_up": 0.6666666666666666,
      "logloss": 0.6761845881730756,
      "n": 3,
      "n_down": 0,
      "n_up": 3,
      "vs_majority_pp": 0.0
    }
  },
  "by_regime": {
    "bear": {
      "always_down_rate": 0.0,
      "always_up_rate": 1.0,
      "base_rate": 0.0,
      "baseline_brier": 0.0,
      "baseline_hit_rate": 1.0,
      "brier": 0.2574520223686197,
      "display_ready": false,
      "ece": null,
      "expectancy_bps": -13.247646599903181,
      "expectancy_maker_2bps": -15.247646599903181,
      "expectancy_taker_10bps": -23.24764659990318,
      "hit_down": 0.0,
      "hit_rate": 0.0,
      "hit_up": null,
      "logloss": 0.708052316833812,
      "n": 2,
      "n_down": 2,
      "n_up": 0,
      "vs_majority_pp": -1.0
    },
    "bull": {
      "always_down_rate": 0.5454545454545454,
      "always_up_rate": 0.45454545454545453,
      "base_rate": 0.45454545454545453,
      "baseline_brier": 0.24793388429752064,
      "baseline_hit_rate": 0.5454545454545454,
      "brier": 0.2481581461439875,
      "display_ready": false,
      "ece": null,
      "expectancy_bps": -15.145512094178194,
      "expectancy_maker_2bps": -17.145512094178194,
      "expectancy_taker_10bps": -25.145512094178194,
      "hit_down": null,
      "hit_rate": 0.45454545454545453,
      "hit_up": 0.45454545454545453,
      "logloss": 0.6894590086562815,
      "n": 11,
      "n_down": 0,
      "n_up": 11,
      "vs_majority_pp": -0.09090909090909088
    },
    "unknown": {
      "always_down_rate": 0.411530815109344,
      "always_up_rate": 0.588469184890656,
      "base_rate": 0.5460569913850232,
      "baseline_brier": 0.2478787535445599,
      "baseline_hit_rate": 0.5460569913850232,
      "brier": 0.2499083017455492,
      "display_ready": true,
      "ece": null,
      "expectancy_bps": 10.215228664941002,
      "expectancy_maker_2bps": 8.215228664941002,
      "expectancy_taker_10bps": 0.2152286649410016,
      "hit_down": 0.45454545454545453,
      "hit_rate": 0.5460569913850232,
      "hit_up": 0.6260869565217392,
      "logloss": 0.6929642282087609,
      "n": 1509,
      "n_down": 704,
      "n_up": 805,
      "vs_majority_pp": -0.042412193505632856
    }
  },
  "edge_scoreboard": [
    {
      "expectancy_maker_2bps": 55.01908317000415,
      "hit_rate": 0.6395348837209303,
      "horizon": "24h",
      "n": 86,