{
  "by_horizon": {
    "12h": {
      "base_rate": 0.5789473684210527,
      "baseline_brier": 0.24376731301939059,
      "baseline_hit_rate": 0.5789473684210527,
      "brier": 0.2494074356441332,
      "display_ready": true,
      "ece": null,
      "hit_rate": 0.5789473684210527,
      "logloss": 0.6919626239282919,
      "n": 95
    },
    "1h": {
      "base_rate": 0.5145413870246085,
      "baseline_brier": 0.24978854806340053,
      "baseline_hit_rate": 0.5145413870246085,
      "brier": 0.2502705437210621,
      "display_ready": true,
      "ece": null,
      "hit_rate": 0.5145413870246085,
      "logloss": 0.6936886647379338,
      "n": 447
    },
    "24h": {
      "base_rate": 0.6382978723404256,
      "baseline_brier": 0.23087369850611136,
      "baseline_hit_rate": 0.6382978723404256,
      "brier": 0.24820717047495747,
      "display_ready": true,
      "ece": null,
      "hit_rate": 0.6382978723404256,
      "logloss": 0.6895598469006999,
      "n": 47
    },
    "4h": {
      "base_rate": 0.5263157894736842,
      "baseline_brier": 0.2493074792243767,
      "baseline_hit_rate": 0.5263157894736842,
      "brier": 0.2497112492128099,
      "display_ready": true,
      "ece": null,
      "hit_rate": 0.5263157894736842,
      "logloss": 0.6925691379300699,
      "n": 266
    }
  },
  "by_model_version": {
    "v0.1.0-baseline-shadow": {
      "base_rate": 0.5321637426900585,
      "baseline_brier": 0.2489654936561677,
      "baseline_hit_rate": 0.5321637426900585,
      "brier": 0.24988721489174018,
      "display_ready": true,
      "ece": null,
      "hit_rate": 0.5321637426900585,
      "logloss": 0.6929216209412581,
      "n": 855
    }
  },
  "generated_at": "2026-06-14T19:53:34Z",
  "global": {
    "base_rate": 0.5321637426900585,
    "baseline_brier": 0.2489654936561677,
    "baseline_hit_rate": 0.5321637426900585,
    "brier": 0.24988721489174018,
    "display_ready": true,
    "ece": null,
    "hit_rate": 0.5321637426900585,
    "logloss": 0.6929216209412581,
    "n": 855
  },
  "metrics_version": "metrics-v0.1.0",
  "min_n_display": 20,
  "rolling": {
    "30d": {
      "base_rate": 0.5321637426900585,
      "baseline_brier": 0.2489654936561677,
      "baseline_hit_rate": 0.5321637426900585,
      "brier": 0.24988721489174018,
      "display_ready": true,
      "ece": null,
      "hit_rate": 0.5321637426900585,
      "logloss": 0.6929216209412581,
      "n": 855
    },
    "7d": {
      "base_rate": 0.5321637426900585,
      "baseline_brier": 0.2489654936561677,
      "baseline_hit_rate": 0.5321637426900585,
      "brier": 0.24988721489174018,
      "display_ready": true,
      "ece": null,
      "hit_rate": 0.5321637426900585,
      "logloss": 0.6929216209412581,
      "n": 855
    },
    "90d": {
      "base_rate": 0.5321637426900585,
      "baseline_brier": 0.2489654936561677,
      "baseline_hit_rate": 0.5321637426900585,
      "brier": 0.24988721489174018,
      "display_ready": true,
      "ece": null,
      "hit_rate": 0.5321637426900585,
      "logloss": 0.6929216209412581,
      "n": 855
    }
  },
  "schema_version": "1",
  "total_forecasts": 858,
  "total_resolved": 855
}
