{
  "by_horizon": {
    "12h": {
      "base_rate": 0.6074766355140186,
      "baseline_brier": 0.23844877281858678,
      "baseline_hit_rate": 0.6074766355140186,
      "brier": 0.24885133128426387,
      "display_ready": true,
      "ece": null,
      "hit_rate": 0.6074766355140186,
      "logloss": 0.6908500620047231,
      "n": 107
    },
    "1h": {
      "base_rate": 0.5227272727272727,
      "baseline_brier": 0.24948347107438015,
      "baseline_hit_rate": 0.5227272727272727,
      "brier": 0.25018222987245387,
      "display_ready": true,
      "ece": null,
      "hit_rate": 0.5227272727272727,
      "logloss": 0.6935119634086884,
      "n": 484
    },
    "24h": {
      "base_rate": 0.6415094339622641,
      "baseline_brier": 0.2299750800996796,
      "baseline_hit_rate": 0.6415094339622641,
      "brier": 0.24794720750135646,
      "display_ready": true,
      "ece": null,
      "hit_rate": 0.6415094339622641,
      "logloss": 0.6890399546646908,
      "n": 53
    },
    "4h": {
      "base_rate": 0.54421768707483,
      "baseline_brier": 0.24804479614975242,
      "baseline_hit_rate": 0.54421768707483,
      "brier": 0.2496576363030078,
      "display_ready": true,
      "ece": null,
      "hit_rate": 0.54421768707483,
      "logloss": 0.6924621435048852,
      "n": 294
    }
  },
  "by_model_version": {
    "v0.1.0-baseline-shadow": {
      "base_rate": 0.5458422174840085,
      "baseline_brier": 0.24789849109614887,
      "baseline_hit_rate": 0.5458422174840085,
      "brier": 0.24973970018799582,
      "display_ready": true,
      "ece": null,
      "hit_rate": 0.5458422174840085,
      "logloss": 0.6926265828485878,
      "n": 938
    }
  },
  "generated_at": "2026-06-20T14:33:37Z",
  "global": {
    "base_rate": 0.5458422174840085,
    "baseline_brier": 0.24789849109614887,
    "baseline_hit_rate": 0.5458422174840085,
    "brier": 0.24973970018799582,
    "display_ready": true,
    "ece": null,
    "hit_rate": 0.5458422174840085,
    "logloss": 0.6926265828485878,
    "n": 938
  },
  "metrics_version": "metrics-v0.1.0",
  "min_n_display": 20,
  "rolling": {
    "30d": {
      "base_rate": 0.5458422174840085,
      "baseline_brier": 0.24789849109614887,
      "baseline_hit_rate": 0.5458422174840085,
      "brier": 0.24973970018799582,
      "display_ready": true,
      "ece": null,
      "hit_rate": 0.5458422174840085,
      "logloss": 0.6926265828485878,
      "n": 938
    },
    "7d": {
      "base_rate": 0.6730769230769231,
      "baseline_brier": 0.22004437869822485,
      "baseline_hit_rate": 0.6730769230769231,
      "brier": 0.2481993549852102,
      "display_ready": true,
      "ece": null,
      "hit_rate": 0.6730769230769231,
      "logloss": 0.689545765939064,
      "n": 104
    },
    "90d": {
      "base_rate": 0.5458422174840085,
      "baseline_brier": 0.24789849109614887,
      "baseline_hit_rate": 0.5458422174840085,
      "brier": 0.24973970018799582,
      "display_ready": true,
      "ece": null,
      "hit_rate": 0.5458422174840085,
      "logloss": 0.6926265828485878,
      "n": 938
    }
  },
  "schema_version": "1",
  "total_forecasts": 942,
  "total_resolved": 938
}
