{
  "by_horizon": {
    "12h": {
      "base_rate": 0.591304347826087,
      "baseline_brier": 0.24166351606805295,
      "baseline_hit_rate": 0.591304347826087,
      "brier": 0.24914588192717993,
      "display_ready": true,
      "ece": null,
      "hit_rate": 0.591304347826087,
      "logloss": 0.6914394604701161,
      "n": 115
    },
    "1h": {
      "base_rate": 0.5329457364341085,
      "baseline_brier": 0.24891457845081427,
      "baseline_hit_rate": 0.5329457364341085,
      "brier": 0.24994938195877736,
      "display_ready": true,
      "ece": null,
      "hit_rate": 0.5329457364341085,
      "logloss": 0.6930459578116778,
      "n": 516
    },
    "24h": {
      "base_rate": 0.6491228070175439,
      "baseline_brier": 0.22776238842720836,
      "baseline_hit_rate": 0.6491228070175439,
      "brier": 0.24798094119803063,
      "display_ready": true,
      "ece": null,
      "hit_rate": 0.6491228070175439,
      "logloss": 0.6891075477701932,
      "n": 57
    },
    "4h": {
      "base_rate": 0.5583596214511041,
      "baseline_brier": 0.24659415458408382,
      "baseline_hit_rate": 0.5583596214511041,
      "brier": 0.24942518197156674,
      "display_ready": true,
      "ece": null,
      "hit_rate": 0.5583596214511041,
      "logloss": 0.6919968592729923,
      "n": 317
    }
  },
  "by_model_version": {
    "v0.1.0-baseline-shadow": {
      "base_rate": 0.554228855721393,
      "baseline_brier": 0.24705923120714834,
      "baseline_hit_rate": 0.554228855721393,
      "brier": 0.24958045158769077,
      "display_ready": true,
      "ece": null,
      "hit_rate": 0.554228855721393,
      "logloss": 0.6923078475595309,
      "n": 1005
    }
  },
  "generated_at": "2026-06-24T20:01:35Z",
  "global": {
    "base_rate": 0.554228855721393,
    "baseline_brier": 0.24705923120714834,
    "baseline_hit_rate": 0.554228855721393,
    "brier": 0.24958045158769077,
    "display_ready": true,
    "ece": null,
    "hit_rate": 0.554228855721393,
    "logloss": 0.6923078475595309,
    "n": 1005
  },
  "metrics_version": "metrics-v0.1.0",
  "min_n_display": 20,
  "rolling": {
    "30d": {
      "base_rate": 0.554228855721393,
      "baseline_brier": 0.24705923120714834,
      "baseline_hit_rate": 0.554228855721393,
      "brier": 0.24958045158769077,
      "display_ready": true,
      "ece": null,
      "hit_rate": 0.554228855721393,
      "logloss": 0.6923078475595309,
      "n": 1005
    },
    "7d": {
      "base_rate": 0.6517857142857143,
      "baseline_brier": 0.2269610969387755,
      "baseline_hit_rate": 0.6517857142857143,
      "brier": 0.24824216469254698,
      "display_ready": true,
      "ece": null,
      "hit_rate": 0.6517857142857143,
      "logloss": 0.6896298952298601,
      "n": 112
    },
    "90d": {
      "base_rate": 0.554228855721393,
      "baseline_brier": 0.24705923120714834,
      "baseline_hit_rate": 0.554228855721393,
      "brier": 0.24958045158769077,
      "display_ready": true,
      "ece": null,
      "hit_rate": 0.554228855721393,
      "logloss": 0.6923078475595309,
      "n": 1005
    }
  },
  "schema_version": "1",
  "total_forecasts": 1007,
  "total_resolved": 1005
}
