{
  "by_horizon": {
    "12h": {
      "base_rate": 0.5705128205128205,
      "baseline_brier": 0.2450279421433268,
      "baseline_hit_rate": 0.5705128205128205,
      "brier": 0.24937713669832595,
      "display_ready": true,
      "ece": null,
      "hit_rate": 0.5705128205128205,
      "logloss": 0.691901774659044,
      "n": 156
    },
    "1h": {
      "base_rate": 0.5289957567185289,
      "baseline_brier": 0.2491592460923199,
      "baseline_hit_rate": 0.5289957567185289,
      "brier": 0.2501656947384783,
      "display_ready": true,
      "ece": null,
      "hit_rate": 0.5289957567185289,
      "logloss": 0.6934792084345798,
      "n": 707
    },
    "24h": {
      "base_rate": 0.6410256410256411,
      "baseline_brier": 0.23011176857330704,
      "baseline_hit_rate": 0.6410256410256411,
      "brier": 0.24844416327997038,
      "display_ready": true,
      "ece": null,
      "hit_rate": 0.6410256410256411,
      "logloss": 0.6900345780134044,
      "n": 78
    },
    "4h": {
      "base_rate": 0.5370370370370371,
      "baseline_brier": 0.24862825788751713,
      "baseline_hit_rate": 0.5370370370370371,
      "brier": 0.2501232256178018,
      "display_ready": true,
      "ece": null,
      "hit_rate": 0.5370370370370371,
      "logloss": 0.6933940968422438,
      "n": 432
    }
  },
  "by_model_version": {
    "v0.1.0-baseline-shadow": {
      "base_rate": 0.5426074289876184,
      "baseline_brier": 0.24818460699506506,
      "baseline_hit_rate": 0.5426074289876184,
      "brier": 0.24996493642226586,
      "display_ready": true,
      "ece": null,
      "hit_rate": 0.5426074289876184,
      "logloss": 0.6930775121128577,
      "n": 1373
    }
  },
  "generated_at": "2026-07-15T11:44:40Z",
  "global": {
    "base_rate": 0.5426074289876184,
    "baseline_brier": 0.24818460699506506,
    "baseline_hit_rate": 0.5426074289876184,
    "brier": 0.24996493642226586,
    "display_ready": true,
    "ece": null,
    "hit_rate": 0.5426074289876184,
    "logloss": 0.6930775121128577,
    "n": 1373
  },
  "metrics_version": "metrics-v0.1.0",
  "min_n_display": 20,
  "rolling": {
    "30d": {
      "base_rate": 0.5596868884540117,
      "baseline_brier": 0.24643747534667837,
      "baseline_hit_rate": 0.5596868884540117,
      "brier": 0.25011831242950444,
      "display_ready": true,
      "ece": null,
      "hit_rate": 0.5596868884540117,
      "logloss": 0.6933850577557888,
      "n": 511
    },
    "7d": {
      "base_rate": 0.5227272727272727,
      "baseline_brier": 0.24948347107438015,
      "baseline_hit_rate": 0.5227272727272727,
      "brier": 0.25074997957254747,
      "display_ready": true,
      "ece": null,
      "hit_rate": 0.5227272727272727,
      "logloss": 0.6946483415983028,
      "n": 132
    },
    "90d": {
      "base_rate": 0.5426074289876184,
      "baseline_brier": 0.24818460699506506,
      "baseline_hit_rate": 0.5426074289876184,
      "brier": 0.24996493642226586,
      "display_ready": true,
      "ece": null,
      "hit_rate": 0.5426074289876184,
      "logloss": 0.6930775121128577,
      "n": 1373
    }
  },
  "schema_version": "1",
  "total_forecasts": 1375,
  "total_resolved": 1373
}
