{
  "by_horizon": {
    "12h": {
      "base_rate": 0.5897435897435898,
      "baseline_brier": 0.24194608809993423,
      "baseline_hit_rate": 0.5897435897435898,
      "brier": 0.24924157906623795,
      "display_ready": true,
      "ece": null,
      "hit_rate": 0.5897435897435898,
      "logloss": 0.691630901023223,
      "n": 117
    },
    "1h": {
      "base_rate": 0.5277246653919694,
      "baseline_brier": 0.24923134292890337,
      "baseline_hit_rate": 0.5277246653919694,
      "brier": 0.25013439703115703,
      "display_ready": true,
      "ece": null,
      "hit_rate": 0.5277246653919694,
      "logloss": 0.6934164469417909,
      "n": 523
    },
    "24h": {
      "base_rate": 0.6551724137931034,
      "baseline_brier": 0.2259215219976219,
      "baseline_hit_rate": 0.6551724137931034,
      "brier": 0.24799290452775993,
      "display_ready": true,
      "ece": null,
      "hit_rate": 0.6551724137931034,
      "logloss": 0.6891315004463346,
      "n": 58
    },
    "4h": {
      "base_rate": 0.5514018691588785,
      "baseline_brier": 0.2473578478469735,
      "baseline_hit_rate": 0.5514018691588785,
      "brier": 0.2496402450899246,
      "display_ready": true,
      "ece": null,
      "hit_rate": 0.5514018691588785,
      "logloss": 0.6924276328970287,
      "n": 321
    }
  },
  "by_model_version": {
    "v0.1.0-baseline-shadow": {
      "base_rate": 0.549558390578999,
      "baseline_brier": 0.24754396592321937,
      "baseline_hit_rate": 0.549558390578999,
      "brier": 0.24975432927823435,
      "display_ready": true,
      "ece": null,
      "hit_rate": 0.549558390578999,
      "logloss": 0.692656049417181,
      "n": 1019
    }
  },
  "generated_at": "2026-06-25T17:21:14Z",
  "global": {
    "base_rate": 0.549558390578999,
    "baseline_brier": 0.24754396592321937,
    "baseline_hit_rate": 0.549558390578999,
    "brier": 0.24975432927823435,
    "display_ready": true,
    "ece": null,
    "hit_rate": 0.549558390578999,
    "logloss": 0.692656049417181,
    "n": 1019
  },
  "metrics_version": "metrics-v0.1.0",
  "min_n_display": 20,
  "rolling": {
    "30d": {
      "base_rate": 0.549558390578999,
      "baseline_brier": 0.24754396592321937,
      "baseline_hit_rate": 0.549558390578999,
      "brier": 0.24975432927823435,
      "display_ready": true,
      "ece": null,
      "hit_rate": 0.549558390578999,
      "logloss": 0.692656049417181,
      "n": 1019
    },
    "7d": {
      "base_rate": 0.631578947368421,
      "baseline_brier": 0.23268698060941828,
      "baseline_hit_rate": 0.631578947368421,
      "brier": 0.24924262018981677,
      "display_ready": true,
      "ece": null,
      "hit_rate": 0.631578947368421,
      "logloss": 0.6916343043785863,
      "n": 114
    },
    "90d": {
      "base_rate": 0.549558390578999,
      "baseline_brier": 0.24754396592321937,
      "baseline_hit_rate": 0.549558390578999,
      "brier": 0.24975432927823435,
      "display_ready": true,
      "ece": null,
      "hit_rate": 0.549558390578999,
      "logloss": 0.692656049417181,
      "n": 1019
    }
  },
  "schema_version": "1",
  "total_forecasts": 1021,
  "total_resolved": 1019
}
