{
  "by_horizon": {
    "12h": {
      "base_rate": 0.5705521472392638,
      "baseline_brier": 0.24502239451992922,
      "baseline_hit_rate": 0.5705521472392638,
      "brier": 0.24947611445318854,
      "display_ready": true,
      "ece": null,
      "hit_rate": 0.5705521472392638,
      "logloss": 0.6920999074018285,
      "n": 163
    },
    "1h": {
      "base_rate": 0.5327102803738317,
      "baseline_brier": 0.24893003755786533,
      "baseline_hit_rate": 0.5327102803738317,
      "brier": 0.2501416331843203,
      "display_ready": true,
      "ece": null,
      "hit_rate": 0.5327102803738317,
      "logloss": 0.6934310643381095,
      "n": 749
    },
    "24h": {
      "base_rate": 0.6296296296296297,
      "baseline_brier": 0.23319615912208505,
      "baseline_hit_rate": 0.6296296296296297,
      "brier": 0.2489107180523578,
      "display_ready": true,
      "ece": null,
      "hit_rate": 0.6296296296296297,
      "logloss": 0.6909681935182765,
      "n": 81
    },
    "4h": {
      "base_rate": 0.5452538631346578,
      "baseline_brier": 0.24795208787138967,
      "baseline_hit_rate": 0.5452538631346578,
      "brier": 0.2500661057371713,
      "display_ready": true,
      "ece": null,
      "hit_rate": 0.5452538631346578,
      "logloss": 0.6932798595840061,
      "n": 453
    }
  },
  "by_model_version": {
    "v0.1.0-baseline-shadow": {
      "base_rate": 0.5463347164591977,
      "baseline_brier": 0.24785309405064573,
      "baseline_hit_rate": 0.5463347164591977,
      "brier": 0.24997399998070902,
      "display_ready": true,
      "ece": null,
      "hit_rate": 0.5463347164591977,
      "logloss": 0.6930956792270243,
      "n": 1446
    }
  },
  "generated_at": "2026-07-18T22:09:06Z",
  "global": {
    "base_rate": 0.5463347164591977,
    "baseline_brier": 0.24785309405064573,
    "baseline_hit_rate": 0.5463347164591977,
    "brier": 0.24997399998070902,
    "display_ready": true,
    "ece": null,
    "hit_rate": 0.5463347164591977,
    "logloss": 0.6930956792270243,
    "n": 1446
  },
  "metrics_version": "metrics-v0.1.0",
  "min_n_display": 20,
  "rolling": {
    "30d": {
      "base_rate": 0.5549348230912476,
      "baseline_brier": 0.24698216521193334,
      "baseline_hit_rate": 0.5549348230912476,
      "brier": 0.25030539250064343,
      "display_ready": true,
      "ece": null,
      "hit_rate": 0.5549348230912476,
      "logloss": 0.6937593260349095,
      "n": 537
    },
    "7d": {
      "base_rate": 0.5594405594405595,
      "baseline_brier": 0.24646681989339334,
      "baseline_hit_rate": 0.5594405594405595,
      "brier": 0.25032485466023,
      "display_ready": true,
      "ece": null,
      "hit_rate": 0.5594405594405595,
      "logloss": 0.6937981634847203,
      "n": 143
    },
    "90d": {
      "base_rate": 0.5463347164591977,
      "baseline_brier": 0.24785309405064573,
      "baseline_hit_rate": 0.5463347164591977,
      "brier": 0.24997399998070902,
      "display_ready": true,
      "ece": null,
      "hit_rate": 0.5463347164591977,
      "logloss": 0.6930956792270243,
      "n": 1446
    }
  },
  "schema_version": "1",
  "total_forecasts": 1450,
  "total_resolved": 1446
}
