{
  "by_horizon": {
    "12h": {
      "base_rate": 0.6055045871559633,
      "baseline_brier": 0.23886878208904974,
      "baseline_hit_rate": 0.6055045871559633,
      "brier": 0.24890701023732936,
      "display_ready": true,
      "ece": null,
      "hit_rate": 0.6055045871559633,
      "logloss": 0.6909614323847094,
      "n": 109
    },
    "1h": {
      "base_rate": 0.5292929292929293,
      "baseline_brier": 0.24914192429343945,
      "baseline_hit_rate": 0.5292929292929293,
      "brier": 0.2501022254940503,
      "display_ready": true,
      "ece": null,
      "hit_rate": 0.5292929292929293,
      "logloss": 0.6933519372955638,
      "n": 495
    },
    "24h": {
      "base_rate": 0.6481481481481481,
      "baseline_brier": 0.22805212620027435,
      "baseline_hit_rate": 0.6481481481481481,
      "brier": 0.24785431425021975,
      "display_ready": true,
      "ece": null,
      "hit_rate": 0.6481481481481481,
      "logloss": 0.6888541809153216,
      "n": 54
    },
    "4h": {
      "base_rate": 0.5514950166112956,
      "baseline_brier": 0.24734826326420237,
      "baseline_hit_rate": 0.5514950166112956,
      "brier": 0.2495698607996119,
      "display_ready": true,
      "ece": null,
      "hit_rate": 0.5514950166112956,
      "logloss": 0.6922865853199136,
      "n": 301
    }
  },
  "by_model_version": {
    "v0.1.0-baseline-shadow": {
      "base_rate": 0.5516162669447341,
      "baseline_brier": 0.24733576098668997,
      "baseline_hit_rate": 0.5516162669447341,
      "brier": 0.24967270782650558,
      "display_ready": true,
      "ece": null,
      "hit_rate": 0.5516162669447341,
      "logloss": 0.6924925891991228,
      "n": 959
    }
  },
  "generated_at": "2026-06-21T19:58:29Z",
  "global": {
    "base_rate": 0.5516162669447341,
    "baseline_brier": 0.24733576098668997,
    "baseline_hit_rate": 0.5516162669447341,
    "brier": 0.24967270782650558,
    "display_ready": true,
    "ece": null,
    "hit_rate": 0.5516162669447341,
    "logloss": 0.6924925891991228,
    "n": 959
  },
  "metrics_version": "metrics-v0.1.0",
  "min_n_display": 20,
  "rolling": {
    "30d": {
      "base_rate": 0.5516162669447341,
      "baseline_brier": 0.24733576098668997,
      "baseline_hit_rate": 0.5516162669447341,
      "brier": 0.24967270782650558,
      "display_ready": true,
      "ece": null,
      "hit_rate": 0.5516162669447341,
      "logloss": 0.6924925891991228,
      "n": 959
    },
    "7d": {
      "base_rate": 0.7115384615384616,
      "baseline_brier": 0.20525147928994084,
      "baseline_hit_rate": 0.7115384615384616,
      "brier": 0.24790921224212495,
      "display_ready": true,
      "ece": null,
      "hit_rate": 0.7115384615384616,
      "logloss": 0.6889654532421451,
      "n": 104
    },
    "90d": {
      "base_rate": 0.5516162669447341,
      "baseline_brier": 0.24733576098668997,
      "baseline_hit_rate": 0.5516162669447341,
      "brier": 0.24967270782650558,
      "display_ready": true,
      "ece": null,
      "hit_rate": 0.5516162669447341,
      "logloss": 0.6924925891991228,
      "n": 959
    }
  },
  "schema_version": "1",
  "total_forecasts": 962,
  "total_resolved": 959
}
