{
  "by_horizon": {
    "12h": {
      "base_rate": 0.5616438356164384,
      "baseline_brier": 0.24620003753049355,
      "baseline_hit_rate": 0.5616438356164384,
      "brier": 0.24947040497743442,
      "display_ready": true,
      "ece": null,
      "hit_rate": 0.5616438356164384,
      "logloss": 0.6920884062434729,
      "n": 146
    },
    "1h": {
      "base_rate": 0.5276923076923077,
      "baseline_brier": 0.24923313609467454,
      "baseline_hit_rate": 0.5276923076923077,
      "brier": 0.2501922918406494,
      "display_ready": true,
      "ece": null,
      "hit_rate": 0.5276923076923077,
      "logloss": 0.6935324080361028,
      "n": 650
    },
    "24h": {
      "base_rate": 0.6438356164383562,
      "baseline_brier": 0.2293113154437981,
      "baseline_hit_rate": 0.6438356164383562,
      "brier": 0.2482811331332892,
      "display_ready": true,
      "ece": null,
      "hit_rate": 0.6438356164383562,
      "logloss": 0.689708431640677,
      "n": 73
    },
    "4h": {
      "base_rate": 0.543640897755611,
      "baseline_brier": 0.24809547204308433,
      "baseline_hit_rate": 0.543640897755611,
      "brier": 0.24994276232506535,
      "display_ready": true,
      "ece": null,
      "hit_rate": 0.543640897755611,
      "logloss": 0.6930329720032241,
      "n": 401
    }
  },
  "by_model_version": {
    "v0.1.0-baseline-shadow": {
      "base_rate": 0.5433070866141733,
      "baseline_brier": 0.24812449624899247,
      "baseline_hit_rate": 0.5433070866141733,
      "brier": 0.24992066081433767,
      "display_ready": true,
      "ece": null,
      "hit_rate": 0.5433070866141733,
      "logloss": 0.692988905368564,
      "n": 1270
    }
  },
  "generated_at": "2026-07-10T00:15:32Z",
  "global": {
    "base_rate": 0.5433070866141733,
    "baseline_brier": 0.24812449624899247,
    "baseline_hit_rate": 0.5433070866141733,
    "brier": 0.24992066081433767,
    "display_ready": true,
    "ece": null,
    "hit_rate": 0.5433070866141733,
    "logloss": 0.692988905368564,
    "n": 1270
  },
  "metrics_version": "metrics-v0.1.0",
  "min_n_display": 20,
  "rolling": {
    "30d": {
      "base_rate": 0.5760649087221096,
      "baseline_brier": 0.24421412966109715,
      "baseline_hit_rate": 0.5760649087221096,
      "brier": 0.24965176528920927,
      "display_ready": true,
      "ece": null,
      "hit_rate": 0.5760649087221096,
      "logloss": 0.6924515963345618,
      "n": 493
    },
    "7d": {
      "base_rate": 0.5275590551181102,
      "baseline_brier": 0.24924049848099697,
      "baseline_hit_rate": 0.5275590551181102,
      "brier": 0.24996386428035267,
      "display_ready": true,
      "ece": null,
      "hit_rate": 0.5275590551181102,
      "logloss": 0.6930753727922992,
      "n": 127
    },
    "90d": {
      "base_rate": 0.5433070866141733,
      "baseline_brier": 0.24812449624899247,
      "baseline_hit_rate": 0.5433070866141733,
      "brier": 0.24992066081433767,
      "display_ready": true,
      "ece": null,
      "hit_rate": 0.5433070866141733,
      "logloss": 0.692988905368564,
      "n": 1270
    }
  },
  "schema_version": "1",
  "total_forecasts": 1270,
  "total_resolved": 1270
}
