{
  "by_horizon": {
    "12h": {
      "base_rate": 0.5793650793650794,
      "baseline_brier": 0.24370118417737466,
      "baseline_hit_rate": 0.5793650793650794,
      "brier": 0.24922399857777328,
      "display_ready": true,
      "ece": null,
      "hit_rate": 0.5793650793650794,
      "logloss": 0.6915955966138704,
      "n": 126
    },
    "1h": {
      "base_rate": 0.5195729537366548,
      "baseline_brier": 0.24961689948202279,
      "baseline_hit_rate": 0.5195729537366548,
      "brier": 0.2502488583650885,
      "display_ready": true,
      "ece": null,
      "hit_rate": 0.5195729537366548,
      "logloss": 0.6936454473987846,
      "n": 562
    },
    "24h": {
      "base_rate": 0.6507936507936508,
      "baseline_brier": 0.22726127488032252,
      "baseline_hit_rate": 0.6507936507936508,
      "brier": 0.24818844148035107,
      "display_ready": true,
      "ece": null,
      "hit_rate": 0.6507936507936508,
      "logloss": 0.6895228375776471,
      "n": 63
    },
    "4h": {
      "base_rate": 0.5491329479768786,
      "baseline_brier": 0.24758595342310133,
      "baseline_hit_rate": 0.5491329479768786,
      "brier": 0.24977598560903908,
      "display_ready": true,
      "ece": null,
      "hit_rate": 0.5491329479768786,
      "logloss": 0.6926992290512535,
      "n": 346
    }
  },
  "by_model_version": {
    "v0.1.0-baseline-shadow": {
      "base_rate": 0.5432999088422972,
      "baseline_brier": 0.24812511789424876,
      "baseline_hit_rate": 0.5432999088422972,
      "brier": 0.24986366914855862,
      "display_ready": true,
      "ece": null,
      "hit_rate": 0.5432999088422972,
      "logloss": 0.6928748027626163,
      "n": 1097
    }
  },
  "generated_at": "2026-06-30T00:15:57Z",
  "global": {
    "base_rate": 0.5432999088422972,
    "baseline_brier": 0.24812511789424876,
    "baseline_hit_rate": 0.5432999088422972,
    "brier": 0.24986366914855862,
    "display_ready": true,
    "ece": null,
    "hit_rate": 0.5432999088422972,
    "logloss": 0.6928748027626163,
    "n": 1097
  },
  "metrics_version": "metrics-v0.1.0",
  "min_n_display": 20,
  "rolling": {
    "30d": {
      "base_rate": 0.5432999088422972,
      "baseline_brier": 0.24812511789424876,
      "baseline_hit_rate": 0.5432999088422972,
      "brier": 0.24986366914855862,
      "display_ready": true,
      "ece": null,
      "hit_rate": 0.5432999088422972,
      "logloss": 0.6928748027626163,
      "n": 1097
    },
    "7d": {
      "base_rate": 0.45901639344262296,
      "baseline_brier": 0.2483203439935501,
      "baseline_hit_rate": 0.540983606557377,
      "brier": 0.2513768913166959,
      "display_ready": true,
      "ece": null,
      "hit_rate": 0.45901639344262296,
      "logloss": 0.6959035563885128,
      "n": 122
    },
    "90d": {
      "base_rate": 0.5432999088422972,
      "baseline_brier": 0.24812511789424876,
      "baseline_hit_rate": 0.5432999088422972,
      "brier": 0.24986366914855862,
      "display_ready": true,
      "ece": null,
      "hit_rate": 0.5432999088422972,
      "logloss": 0.6928748027626163,
      "n": 1097
    }
  },
  "schema_version": "1",
  "total_forecasts": 1097,
  "total_resolved": 1097
}
