{
  "by_horizon": {
    "12h": {
      "base_rate": 0.5705521472392638,
      "baseline_brier": 0.24502239451992922,
      "baseline_hit_rate": 0.5705521472392638,
      "brier": 0.24947611445318854,
      "display_ready": true,
      "ece": null,
      "hit_rate": 0.5705521472392638,
      "logloss": 0.6920999074018285,
      "n": 163
    },
    "1h": {
      "base_rate": 0.5333333333333333,
      "baseline_brier": 0.2488888888888889,
      "baseline_hit_rate": 0.5333333333333333,
      "brier": 0.25012762985986753,
      "display_ready": true,
      "ece": null,
      "hit_rate": 0.5333333333333333,
      "logloss": 0.6934030528476419,
      "n": 750
    },
    "24h": {
      "base_rate": 0.6296296296296297,
      "baseline_brier": 0.23319615912208505,
      "baseline_hit_rate": 0.6296296296296297,
      "brier": 0.2489107180523578,
      "display_ready": true,
      "ece": null,
      "hit_rate": 0.6296296296296297,
      "logloss": 0.6909681935182765,
      "n": 81
    },
    "4h": {
      "base_rate": 0.5452538631346578,
      "baseline_brier": 0.24795208787138967,
      "baseline_hit_rate": 0.5452538631346578,
      "brier": 0.2500661057371713,
      "display_ready": true,
      "ece": null,
      "hit_rate": 0.5452538631346578,
      "logloss": 0.6932798595840061,
      "n": 453
    }
  },
  "by_model_version": {
    "v0.1.0-baseline-shadow": {
      "base_rate": 0.5466482377332412,
      "baseline_brier": 0.247823941916383,
      "baseline_hit_rate": 0.5466482377332412,
      "brier": 0.2499668577138562,
      "display_ready": true,
      "ece": null,
      "hit_rate": 0.5466482377332412,
      "logloss": 0.693081392265905,
      "n": 1447
    }
  },
  "generated_at": "2026-07-18T23:04:14Z",
  "global": {
    "base_rate": 0.5466482377332412,
    "baseline_brier": 0.247823941916383,
    "baseline_hit_rate": 0.5466482377332412,
    "brier": 0.2499668577138562,
    "display_ready": true,
    "ece": null,
    "hit_rate": 0.5466482377332412,
    "logloss": 0.693081392265905,
    "n": 1447
  },
  "metrics_version": "metrics-v0.1.0",
  "min_n_display": 20,
  "rolling": {
    "30d": {
      "base_rate": 0.5567970204841713,
      "baseline_brier": 0.24677409846412063,
      "baseline_hit_rate": 0.5567970204841713,
      "brier": 0.2502616874428685,
      "display_ready": true,
      "ece": null,
      "hit_rate": 0.5567970204841713,
      "logloss": 0.6936718993309716,
      "n": 537
    },
    "7d": {
      "base_rate": 0.5625,
      "baseline_brier": 0.24609375,
      "baseline_hit_rate": 0.5625,
      "brier": 0.2502506483073448,
      "display_ready": true,
      "ece": null,
      "hit_rate": 0.5625,
      "logloss": 0.6936497210055723,
      "n": 144
    },
    "90d": {
      "base_rate": 0.5466482377332412,
      "baseline_brier": 0.247823941916383,
      "baseline_hit_rate": 0.5466482377332412,
      "brier": 0.2499668577138562,
      "display_ready": true,
      "ece": null,
      "hit_rate": 0.5466482377332412,
      "logloss": 0.693081392265905,
      "n": 1447
    }
  },
  "schema_version": "1",
  "total_forecasts": 1450,
  "total_resolved": 1447
}
