{
  "by_horizon": {
    "12h": {
      "base_rate": 0.6036036036036037,
      "baseline_brier": 0.23926629332034738,
      "baseline_hit_rate": 0.6036036036036037,
      "brier": 0.24891422854016568,
      "display_ready": true,
      "ece": null,
      "hit_rate": 0.6036036036036037,
      "logloss": 0.6909758645431656,
      "n": 111
    },
    "1h": {
      "base_rate": 0.534,
      "baseline_brier": 0.24884399999999998,
      "baseline_hit_rate": 0.534,
      "brier": 0.25006157796816125,
      "display_ready": true,
      "ece": null,
      "hit_rate": 0.534,
      "logloss": 0.6932706343485352,
      "n": 500
    },
    "24h": {
      "base_rate": 0.6363636363636364,
      "baseline_brier": 0.23140495867768593,
      "baseline_hit_rate": 0.6363636363636364,
      "brier": 0.24806801844135692,
      "display_ready": true,
      "ece": null,
      "hit_rate": 0.6363636363636364,
      "logloss": 0.6892816613055586,
      "n": 55
    },
    "4h": {
      "base_rate": 0.5573770491803278,
      "baseline_brier": 0.24670787422735826,
      "baseline_hit_rate": 0.5573770491803278,
      "brier": 0.24954621267746716,
      "display_ready": true,
      "ece": null,
      "hit_rate": 0.5573770491803278,
      "logloss": 0.6922392926074756,
      "n": 305
    }
  },
  "by_model_version": {
    "v0.1.0-baseline-shadow": {
      "base_rate": 0.5550978372811535,
      "baseline_brier": 0.24696422832693954,
      "baseline_hit_rate": 0.5550978372811535,
      "brier": 0.2496556171297025,
      "display_ready": true,
      "ece": null,
      "hit_rate": 0.5550978372811535,
      "logloss": 0.6924584075753294,
      "n": 971
    }
  },
  "generated_at": "2026-06-22T17:54:19Z",
  "global": {
    "base_rate": 0.5550978372811535,
    "baseline_brier": 0.24696422832693954,
    "baseline_hit_rate": 0.5550978372811535,
    "brier": 0.2496556171297025,
    "display_ready": true,
    "ece": null,
    "hit_rate": 0.5550978372811535,
    "logloss": 0.6924584075753294,
    "n": 971
  },
  "metrics_version": "metrics-v0.1.0",
  "min_n_display": 20,
  "rolling": {
    "30d": {
      "base_rate": 0.5550978372811535,
      "baseline_brier": 0.24696422832693954,
      "baseline_hit_rate": 0.5550978372811535,
      "brier": 0.2496556171297025,
      "display_ready": true,
      "ece": null,
      "hit_rate": 0.5550978372811535,
      "logloss": 0.6924584075753294,
      "n": 971
    },
    "7d": {
      "base_rate": 0.7264150943396226,
      "baseline_brier": 0.1987362050551798,
      "baseline_hit_rate": 0.7264150943396226,
      "brier": 0.24831811353231326,
      "display_ready": true,
      "ece": null,
      "hit_rate": 0.7264150943396226,
      "logloss": 0.689783744325067,
      "n": 106
    },
    "90d": {
      "base_rate": 0.5550978372811535,
      "baseline_brier": 0.24696422832693954,
      "baseline_hit_rate": 0.5550978372811535,
      "brier": 0.2496556171297025,
      "display_ready": true,
      "ece": null,
      "hit_rate": 0.5550978372811535,
      "logloss": 0.6924584075753294,
      "n": 971
    }
  },
  "schema_version": "1",
  "total_forecasts": 975,
  "total_resolved": 971
}
