{
  "by_horizon": {
    "12h": {
      "base_rate": 0.6039603960396039,
      "baseline_brier": 0.2391922360552887,
      "baseline_hit_rate": 0.6039603960396039,
      "brier": 0.24904208378064221,
      "display_ready": true,
      "ece": null,
      "hit_rate": 0.6039603960396039,
      "logloss": 0.6912316787442241,
      "n": 101
    },
    "1h": {
      "base_rate": 0.5182795698924731,
      "baseline_brier": 0.2496658573245462,
      "baseline_hit_rate": 0.5182795698924731,
      "brier": 0.2501716493183362,
      "display_ready": true,
      "ece": null,
      "hit_rate": 0.5182795698924731,
      "logloss": 0.693490746231085,
      "n": 465
    },
    "24h": {
      "base_rate": 0.64,
      "baseline_brier": 0.2304,
      "baseline_hit_rate": 0.64,
      "brier": 0.24783240697472894,
      "display_ready": true,
      "ece": null,
      "hit_rate": 0.64,
      "logloss": 0.688810166334,
      "n": 50
    },
    "4h": {
      "base_rate": 0.5357142857142857,
      "baseline_brier": 0.24872448979591835,
      "baseline_hit_rate": 0.5357142857142857,
      "brier": 0.24973216933338963,
      "display_ready": true,
      "ece": null,
      "hit_rate": 0.5357142857142857,
      "logloss": 0.6926111444816602,
      "n": 280
    }
  },
  "by_model_version": {
    "v0.1.0-baseline-shadow": {
      "base_rate": 0.5401785714285714,
      "baseline_brier": 0.2483856823979592,
      "baseline_hit_rate": 0.5401785714285714,
      "brier": 0.24977644548767491,
      "display_ready": true,
      "ece": null,
      "hit_rate": 0.5401785714285714,
      "logloss": 0.6927000282613683,
      "n": 896
    }
  },
  "generated_at": "2026-06-17T23:51:56Z",
  "global": {
    "base_rate": 0.5401785714285714,
    "baseline_brier": 0.2483856823979592,
    "baseline_hit_rate": 0.5401785714285714,
    "brier": 0.24977644548767491,
    "display_ready": true,
    "ece": null,
    "hit_rate": 0.5401785714285714,
    "logloss": 0.6927000282613683,
    "n": 896
  },
  "metrics_version": "metrics-v0.1.0",
  "min_n_display": 20,
  "rolling": {
    "30d": {
      "base_rate": 0.5401785714285714,
      "baseline_brier": 0.2483856823979592,
      "baseline_hit_rate": 0.5401785714285714,
      "brier": 0.24977644548767491,
      "display_ready": true,
      "ece": null,
      "hit_rate": 0.5401785714285714,
      "logloss": 0.6927000282613683,
      "n": 896
    },
    "7d": {
      "base_rate": 0.6538461538461539,
      "baseline_brier": 0.22633136094674555,
      "baseline_hit_rate": 0.6538461538461539,
      "brier": 0.24754321530636128,
      "display_ready": true,
      "ece": null,
      "hit_rate": 0.6538461538461539,
      "logloss": 0.6882324532948072,
      "n": 104
    },
    "90d": {
      "base_rate": 0.5401785714285714,
      "baseline_brier": 0.2483856823979592,
      "baseline_hit_rate": 0.5401785714285714,
      "brier": 0.24977644548767491,
      "display_ready": true,
      "ece": null,
      "hit_rate": 0.5401785714285714,
      "logloss": 0.6927000282613683,
      "n": 896
    }
  },
  "schema_version": "1",
  "total_forecasts": 900,
  "total_resolved": 896
}
