{
  "by_horizon": {
    "12h": {
      "base_rate": 0.6074766355140186,
      "baseline_brier": 0.23844877281858678,
      "baseline_hit_rate": 0.6074766355140186,
      "brier": 0.24885133128426387,
      "display_ready": true,
      "ece": null,
      "hit_rate": 0.6074766355140186,
      "logloss": 0.6908500620047231,
      "n": 107
    },
    "1h": {
      "base_rate": 0.5246913580246914,
      "baseline_brier": 0.24939033683889653,
      "baseline_hit_rate": 0.5246913580246914,
      "brier": 0.2501580228520456,
      "display_ready": true,
      "ece": null,
      "hit_rate": 0.5246913580246914,
      "logloss": 0.6934635453830128,
      "n": 486
    },
    "24h": {
      "base_rate": 0.6415094339622641,
      "baseline_brier": 0.2299750800996796,
      "baseline_hit_rate": 0.6415094339622641,
      "brier": 0.24794720750135646,
      "display_ready": true,
      "ece": null,
      "hit_rate": 0.6415094339622641,
      "logloss": 0.6890399546646908,
      "n": 53
    },
    "4h": {
      "base_rate": 0.5457627118644067,
      "baseline_brier": 0.2479057742028153,
      "baseline_hit_rate": 0.5457627118644067,
      "brier": 0.24963901253143794,
      "display_ready": true,
      "ece": null,
      "hit_rate": 0.5457627118644067,
      "logloss": 0.6924248951982571,
      "n": 295
    }
  },
  "by_model_version": {
    "v0.1.0-baseline-shadow": {
      "base_rate": 0.5472901168969182,
      "baseline_brier": 0.2477636448438758,
      "baseline_hit_rate": 0.5472901168969182,
      "brier": 0.2497222128032481,
      "display_ready": true,
      "ece": null,
      "hit_rate": 0.5472901168969182,
      "logloss": 0.6925916061332243,
      "n": 941
    }
  },
  "generated_at": "2026-06-20T18:49:38Z",
  "global": {
    "base_rate": 0.5472901168969182,
    "baseline_brier": 0.2477636448438758,
    "baseline_hit_rate": 0.5472901168969182,
    "brier": 0.2497222128032481,
    "display_ready": true,
    "ece": null,
    "hit_rate": 0.5472901168969182,
    "logloss": 0.6925916061332243,
    "n": 941
  },
  "metrics_version": "metrics-v0.1.0",
  "min_n_display": 20,
  "rolling": {
    "30d": {
      "base_rate": 0.5472901168969182,
      "baseline_brier": 0.2477636448438758,
      "baseline_hit_rate": 0.5472901168969182,
      "brier": 0.2497222128032481,
      "display_ready": true,
      "ece": null,
      "hit_rate": 0.5472901168969182,
      "logloss": 0.6925916061332243,
      "n": 941
    },
    "7d": {
      "base_rate": 0.6826923076923077,
      "baseline_brier": 0.21662352071005916,
      "baseline_hit_rate": 0.6826923076923077,
      "brier": 0.2480812563321628,
      "display_ready": true,
      "ece": null,
      "hit_rate": 0.6826923076923077,
      "logloss": 0.6893095536576852,
      "n": 104
    },
    "90d": {
      "base_rate": 0.5472901168969182,
      "baseline_brier": 0.2477636448438758,
      "baseline_hit_rate": 0.5472901168969182,
      "brier": 0.2497222128032481,
      "display_ready": true,
      "ece": null,
      "hit_rate": 0.5472901168969182,
      "logloss": 0.6925916061332243,
      "n": 941
    }
  },
  "schema_version": "1",
  "total_forecasts": 945,
  "total_resolved": 941
}
