{
  "by_horizon": {
    "12h": {
      "base_rate": 0.5982142857142857,
      "baseline_brier": 0.24035395408163265,
      "baseline_hit_rate": 0.5982142857142857,
      "brier": 0.2489568224104872,
      "display_ready": true,
      "ece": null,
      "hit_rate": 0.5982142857142857,
      "logloss": 0.6910610514425579,
      "n": 112
    },
    "1h": {
      "base_rate": 0.532803180914513,
      "baseline_brier": 0.24892395132188974,
      "baseline_hit_rate": 0.532803180914513,
      "brier": 0.2500802862883921,
      "display_ready": true,
      "ece": null,
      "hit_rate": 0.532803180914513,
      "logloss": 0.6933080513931136,
      "n": 503
    },
    "24h": {
      "base_rate": 0.6428571428571429,
      "baseline_brier": 0.22959183673469388,
      "baseline_hit_rate": 0.6428571428571429,
      "brier": 0.24806123596809607,
      "display_ready": true,
      "ece": null,
      "hit_rate": 0.6428571428571429,
      "logloss": 0.6892681235567978,
      "n": 56
    },
    "4h": {
      "base_rate": 0.5537459283387622,
      "baseline_brier": 0.2471113751870046,
      "baseline_hit_rate": 0.5537459283387622,
      "brier": 0.24958325370114845,
      "display_ready": true,
      "ece": null,
      "hit_rate": 0.5537459283387622,
      "logloss": 0.6923133802743644,
      "n": 307
    }
  },
  "by_model_version": {
    "v0.1.0-baseline-shadow": {
      "base_rate": 0.5531697341513292,
      "baseline_brier": 0.24717297937027696,
      "baseline_hit_rate": 0.5531697341513292,
      "brier": 0.2496799961283249,
      "display_ready": true,
      "ece": null,
      "hit_rate": 0.5531697341513292,
      "logloss": 0.6925071679710768,
      "n": 978
    }
  },
  "generated_at": "2026-06-23T01:25:12Z",
  "global": {
    "base_rate": 0.5531697341513292,
    "baseline_brier": 0.24717297937027696,
    "baseline_hit_rate": 0.5531697341513292,
    "brier": 0.2496799961283249,
    "display_ready": true,
    "ece": null,
    "hit_rate": 0.5531697341513292,
    "logloss": 0.6925071679710768,
    "n": 978
  },
  "metrics_version": "metrics-v0.1.0",
  "min_n_display": 20,
  "rolling": {
    "30d": {
      "base_rate": 0.5531697341513292,
      "baseline_brier": 0.24717297937027696,
      "baseline_hit_rate": 0.5531697341513292,
      "brier": 0.2496799961283249,
      "display_ready": true,
      "ece": null,
      "hit_rate": 0.5531697341513292,
      "logloss": 0.6925071679710768,
      "n": 978
    },
    "7d": {
      "base_rate": 0.7047619047619048,
      "baseline_brier": 0.20807256235827665,
      "baseline_hit_rate": 0.7047619047619048,
      "brier": 0.24875656430151236,
      "display_ready": true,
      "ece": null,
      "hit_rate": 0.7047619047619048,
      "logloss": 0.6906607754047206,
      "n": 105
    },
    "90d": {
      "base_rate": 0.5531697341513292,
      "baseline_brier": 0.24717297937027696,
      "baseline_hit_rate": 0.5531697341513292,
      "brier": 0.2496799961283249,
      "display_ready": true,
      "ece": null,
      "hit_rate": 0.5531697341513292,
      "logloss": 0.6925071679710768,
      "n": 978
    }
  },
  "schema_version": "1",
  "total_forecasts": 982,
  "total_resolved": 978
}
