{
  "by_horizon": {
    "12h": {
      "base_rate": 0.5609756097560976,
      "baseline_brier": 0.2462819750148721,
      "baseline_hit_rate": 0.5609756097560976,
      "brier": 0.24971162715130493,
      "display_ready": true,
      "ece": null,
      "hit_rate": 0.5609756097560976,
      "logloss": 0.6925710728285207,
      "n": 82
    },
    "1h": {
      "base_rate": 0.5112781954887218,
      "baseline_brier": 0.24987280230651818,
      "baseline_hit_rate": 0.5112781954887218,
      "brier": 0.25033359771881775,
      "display_ready": true,
      "ece": null,
      "hit_rate": 0.5112781954887218,
      "logloss": 0.6938149042809163,
      "n": 399
    },
    "24h": {
      "base_rate": 0.6341463414634146,
      "baseline_brier": 0.23200475907198095,
      "baseline_hit_rate": 0.6341463414634146,
      "brier": 0.24838057572547773,
      "display_ready": true,
      "ece": null,
      "hit_rate": 0.6341463414634146,
      "logloss": 0.6899065134382631,
      "n": 41
    },
    "4h": {
      "base_rate": 0.5173913043478261,
      "baseline_brier": 0.24969754253308127,
      "baseline_hit_rate": 0.5173913043478261,
      "brier": 0.24987051570498825,
      "display_ready": true,
      "ece": null,
      "hit_rate": 0.5173913043478261,
      "logloss": 0.6928874766777748,
      "n": 230
    }
  },
  "by_model_version": {
    "v0.1.0-baseline-shadow": {
      "base_rate": 0.5252659574468085,
      "baseline_brier": 0.24936163139429607,
      "baseline_hit_rate": 0.5252659574468085,
      "brier": 0.25001766108125956,
      "display_ready": true,
      "ece": null,
      "hit_rate": 0.5252659574468085,
      "logloss": 0.6931825285463847,
      "n": 752
    }
  },
  "generated_at": "2026-06-08T06:04:36Z",
  "global": {
    "base_rate": 0.5252659574468085,
    "baseline_brier": 0.24936163139429607,
    "baseline_hit_rate": 0.5252659574468085,
    "brier": 0.25001766108125956,
    "display_ready": true,
    "ece": null,
    "hit_rate": 0.5252659574468085,
    "logloss": 0.6931825285463847,
    "n": 752
  },
  "metrics_version": "metrics-v0.1.0",
  "min_n_display": 20,
  "rolling": {
    "30d": {
      "base_rate": 0.5252659574468085,
      "baseline_brier": 0.24936163139429607,
      "baseline_hit_rate": 0.5252659574468085,
      "brier": 0.25001766108125956,
      "display_ready": true,
      "ece": null,
      "hit_rate": 0.5252659574468085,
      "logloss": 0.6931825285463847,
      "n": 752
    },
    "7d": {
      "base_rate": 0.5252659574468085,
      "baseline_brier": 0.24936163139429607,
      "baseline_hit_rate": 0.5252659574468085,
      "brier": 0.25001766108125956,
      "display_ready": true,
      "ece": null,
      "hit_rate": 0.5252659574468085,
      "logloss": 0.6931825285463847,
      "n": 752
    },
    "90d": {
      "base_rate": 0.5252659574468085,
      "baseline_brier": 0.24936163139429607,
      "baseline_hit_rate": 0.5252659574468085,
      "brier": 0.25001766108125956,
      "display_ready": true,
      "ece": null,
      "hit_rate": 0.5252659574468085,
      "logloss": 0.6931825285463847,
      "n": 752
    }
  },
  "schema_version": "1",
  "total_forecasts": 754,
  "total_resolved": 752
}
