{
  "by_horizon": {
    "12h": {
      "base_rate": 0.5660377358490566,
      "baseline_brier": 0.2456390174439302,
      "baseline_hit_rate": 0.5660377358490566,
      "brier": 0.24958421316853432,
      "display_ready": true,
      "ece": null,
      "hit_rate": 0.5660377358490566,
      "logloss": 0.692316152619404,
      "n": 159
    },
    "1h": {
      "base_rate": 0.5263157894736842,
      "baseline_brier": 0.24930747922437674,
      "baseline_hit_rate": 0.5263157894736842,
      "brier": 0.25020901017015684,
      "display_ready": true,
      "ece": null,
      "hit_rate": 0.5263157894736842,
      "logloss": 0.6935658383978083,
      "n": 722
    },
    "24h": {
      "base_rate": 0.6329113924050633,
      "baseline_brier": 0.23233456176894726,
      "baseline_hit_rate": 0.6329113924050633,
      "brier": 0.24876630274045292,
      "display_ready": true,
      "ece": null,
      "hit_rate": 0.6329113924050633,
      "logloss": 0.6906793139554366,
      "n": 79
    },
    "4h": {
      "base_rate": 0.5396825396825397,
      "baseline_brier": 0.24842529604434366,
      "baseline_hit_rate": 0.5396825396825397,
      "brier": 0.25012272152862747,
      "display_ready": true,
      "ece": null,
      "hit_rate": 0.5396825396825397,
      "logloss": 0.6933930947462187,
      "n": 441
    }
  },
  "by_model_version": {
    "v0.1.0-baseline-shadow": {
      "base_rate": 0.5410421127765882,
      "baseline_brier": 0.24831554497883385,
      "baseline_hit_rate": 0.5410421127765882,
      "brier": 0.25002958839919387,
      "display_ready": true,
      "ece": null,
      "hit_rate": 0.5410421127765882,
      "logloss": 0.6932068695041147,
      "n": 1401
    }
  },
  "generated_at": "2026-07-16T20:08:46Z",
  "global": {
    "base_rate": 0.5410421127765882,
    "baseline_brier": 0.24831554497883385,
    "baseline_hit_rate": 0.5410421127765882,
    "brier": 0.25002958839919387,
    "display_ready": true,
    "ece": null,
    "hit_rate": 0.5410421127765882,
    "logloss": 0.6932068695041147,
    "n": 1401
  },
  "metrics_version": "metrics-v0.1.0",
  "min_n_display": 20,
  "rolling": {
    "30d": {
      "base_rate": 0.5470249520153551,
      "baseline_brier": 0.24778865388795357,
      "baseline_hit_rate": 0.5470249520153551,
      "brier": 0.2504349879168433,
      "display_ready": true,
      "ece": null,
      "hit_rate": 0.5470249520153551,
      "logloss": 0.6940186366484178,
      "n": 521
    },
    "7d": {
      "base_rate": 0.5255474452554745,
      "baseline_brier": 0.24934732804091855,
      "baseline_hit_rate": 0.5255474452554745,
      "brier": 0.25083196503631994,
      "display_ready": true,
      "ece": null,
      "hit_rate": 0.5255474452554745,
      "logloss": 0.6948125409974016,
      "n": 137
    },
    "90d": {
      "base_rate": 0.5410421127765882,
      "baseline_brier": 0.24831554497883385,
      "baseline_hit_rate": 0.5410421127765882,
      "brier": 0.25002958839919387,
      "display_ready": true,
      "ece": null,
      "hit_rate": 0.5410421127765882,
      "logloss": 0.6932068695041147,
      "n": 1401
    }
  },
  "schema_version": "1",
  "total_forecasts": 1403,
  "total_resolved": 1401
}
