{
  "by_horizon": {
    "12h": {
      "base_rate": 0.5827338129496403,
      "baseline_brier": 0.24315511619481392,
      "baseline_hit_rate": 0.5827338129496403,
      "brier": 0.24907334365034314,
      "display_ready": true,
      "ece": null,
      "hit_rate": 0.5827338129496403,
      "logloss": 0.6912939974263227,
      "n": 139
    },
    "1h": {
      "base_rate": 0.5306451612903226,
      "baseline_brier": 0.2490608740894901,
      "baseline_hit_rate": 0.5306451612903226,
      "brier": 0.2501028620505339,
      "display_ready": true,
      "ece": null,
      "hit_rate": 0.5306451612903226,
      "logloss": 0.6933534841417842,
      "n": 620
    },
    "24h": {
      "base_rate": 0.6666666666666666,
      "baseline_brier": 0.22222222222222224,
      "baseline_hit_rate": 0.6666666666666666,
      "brier": 0.2479735123737109,
      "display_ready": true,
      "ece": null,
      "hit_rate": 0.6666666666666666,
      "logloss": 0.6890930120606911,
      "n": 69
    },
    "4h": {
      "base_rate": 0.5471204188481675,
      "baseline_brier": 0.24777966612757327,
      "baseline_hit_rate": 0.5471204188481675,
      "brier": 0.2499366271555212,
      "display_ready": true,
      "ece": null,
      "hit_rate": 0.5471204188481675,
      "logloss": 0.6930207180842863,
      "n": 382
    }
  },
  "by_model_version": {
    "v0.1.0-baseline-shadow": {
      "base_rate": 0.5495867768595041,
      "baseline_brier": 0.24754115156068576,
      "baseline_hit_rate": 0.5495867768595041,
      "brier": 0.2498106885668792,
      "display_ready": true,
      "ece": null,
      "hit_rate": 0.5495867768595041,
      "logloss": 0.6927688908682232,
      "n": 1210
    }
  },
  "generated_at": "2026-07-06T16:31:03Z",
  "global": {
    "base_rate": 0.5495867768595041,
    "baseline_brier": 0.24754115156068576,
    "baseline_hit_rate": 0.5495867768595041,
    "brier": 0.2498106885668792,
    "display_ready": true,
    "ece": null,
    "hit_rate": 0.5495867768595041,
    "logloss": 0.6927688908682232,
    "n": 1210
  },
  "metrics_version": "metrics-v0.1.0",
  "min_n_display": 20,
  "rolling": {
    "30d": {
      "base_rate": 0.5495867768595041,
      "baseline_brier": 0.24754115156068576,
      "baseline_hit_rate": 0.5495867768595041,
      "brier": 0.2498106885668792,
      "display_ready": true,
      "ece": null,
      "hit_rate": 0.5495867768595041,
      "logloss": 0.6927688908682232,
      "n": 1210
    },
    "7d": {
      "base_rate": 0.6033057851239669,
      "baseline_brier": 0.23932791475992077,
      "baseline_hit_rate": 0.6033057851239669,
      "brier": 0.2495118272479396,
      "display_ready": true,
      "ece": null,
      "hit_rate": 0.6033057851239669,
      "logloss": 0.6921716603107982,
      "n": 121
    },
    "90d": {
      "base_rate": 0.5495867768595041,
      "baseline_brier": 0.24754115156068576,
      "baseline_hit_rate": 0.5495867768595041,
      "brier": 0.2498106885668792,
      "display_ready": true,
      "ece": null,
      "hit_rate": 0.5495867768595041,
      "logloss": 0.6927688908682232,
      "n": 1210
    }
  },
  "schema_version": "1",
  "total_forecasts": 1214,
  "total_resolved": 1210
}
