{
  "by_horizon": {
    "12h": {
      "base_rate": 0.5698924731182796,
      "baseline_brier": 0.2451150422014106,
      "baseline_hit_rate": 0.5698924731182796,
      "brier": 0.24954623639953472,
      "display_ready": true,
      "ece": null,
      "hit_rate": 0.5698924731182796,
      "logloss": 0.6922402618244883,
      "n": 93
    },
    "1h": {
      "base_rate": 0.5160550458715596,
      "baseline_brier": 0.24974223550206212,
      "baseline_hit_rate": 0.5160550458715596,
      "brier": 0.2502763398626358,
      "display_ready": true,
      "ece": null,
      "hit_rate": 0.5160550458715596,
      "logloss": 0.6937002655545365,
      "n": 436
    },
    "24h": {
      "base_rate": 0.6304347826086957,
      "baseline_brier": 0.2329867674858223,
      "baseline_hit_rate": 0.6304347826086957,
      "brier": 0.2482261567401665,
      "display_ready": true,
      "ece": null,
      "hit_rate": 0.6304347826086957,
      "logloss": 0.68959778412973,
      "n": 46
    },
    "4h": {
      "base_rate": 0.5212355212355212,
      "baseline_brier": 0.24954905263785576,
      "baseline_hit_rate": 0.5212355212355212,
      "brier": 0.24979312155430353,
      "display_ready": true,
      "ece": null,
      "hit_rate": 0.5212355212355212,
      "logloss": 0.6927328836018913,
      "n": 259
    }
  },
  "by_model_version": {
    "v0.1.0-baseline-shadow": {
      "base_rate": 0.5299760191846523,
      "baseline_brier": 0.24910143827384137,
      "baseline_hit_rate": 0.5299760191846523,
      "brier": 0.2499317816041705,
      "display_ready": true,
      "ece": null,
      "hit_rate": 0.5299760191846523,
      "logloss": 0.6930107614560105,
      "n": 834
    }
  },
  "generated_at": "2026-06-13T14:29:33Z",
  "global": {
    "base_rate": 0.5299760191846523,
    "baseline_brier": 0.24910143827384137,
    "baseline_hit_rate": 0.5299760191846523,
    "brier": 0.2499317816041705,
    "display_ready": true,
    "ece": null,
    "hit_rate": 0.5299760191846523,
    "logloss": 0.6930107614560105,
    "n": 834
  },
  "metrics_version": "metrics-v0.1.0",
  "min_n_display": 20,
  "rolling": {
    "30d": {
      "base_rate": 0.5299760191846523,
      "baseline_brier": 0.24910143827384137,
      "baseline_hit_rate": 0.5299760191846523,
      "brier": 0.2499317816041705,
      "display_ready": true,
      "ece": null,
      "hit_rate": 0.5299760191846523,
      "logloss": 0.6930107614560105,
      "n": 834
    },
    "7d": {
      "base_rate": 0.5299760191846523,
      "baseline_brier": 0.24910143827384137,
      "baseline_hit_rate": 0.5299760191846523,
      "brier": 0.2499317816041705,
      "display_ready": true,
      "ece": null,
      "hit_rate": 0.5299760191846523,
      "logloss": 0.6930107614560105,
      "n": 834
    },
    "90d": {
      "base_rate": 0.5299760191846523,
      "baseline_brier": 0.24910143827384137,
      "baseline_hit_rate": 0.5299760191846523,
      "brier": 0.2499317816041705,
      "display_ready": true,
      "ece": null,
      "hit_rate": 0.5299760191846523,
      "logloss": 0.6930107614560105,
      "n": 834
    }
  },
  "schema_version": "1",
  "total_forecasts": 838,
  "total_resolved": 834
}
