{
  "by_horizon": {
    "12h": {
      "base_rate": 0.5696969696969697,
      "baseline_brier": 0.24514233241505967,
      "baseline_hit_rate": 0.5696969696969697,
      "brier": 0.24952416591871018,
      "display_ready": true,
      "ece": null,
      "hit_rate": 0.5696969696969697,
      "logloss": 0.6921960202407073,
      "n": 165
    },
    "1h": {
      "base_rate": 0.5288713910761155,
      "baseline_brier": 0.24916644277733,
      "baseline_hit_rate": 0.5288713910761155,
      "brier": 0.2501527241803329,
      "display_ready": true,
      "ece": null,
      "hit_rate": 0.5288713910761155,
      "logloss": 0.6934532361833,
      "n": 762
    },
    "24h": {
      "base_rate": 0.6341463414634146,
      "baseline_brier": 0.23200475907198095,
      "baseline_hit_rate": 0.6341463414634146,
      "brier": 0.2488377425425799,
      "display_ready": true,
      "ece": null,
      "hit_rate": 0.6341463414634146,
      "logloss": 0.690822236025332,
      "n": 82
    },
    "4h": {
      "base_rate": 0.5446623093681917,
      "baseline_brier": 0.24800527812189996,
      "baseline_hit_rate": 0.5446623093681917,
      "brier": 0.25006499218216716,
      "display_ready": true,
      "ece": null,
      "hit_rate": 0.5446623093681917,
      "logloss": 0.6932776271010784,
      "n": 459
    }
  },
  "by_model_version": {
    "v0.1.0-baseline-shadow": {
      "base_rate": 0.5442779291553134,
      "baseline_brier": 0.24803946498971702,
      "baseline_hit_rate": 0.5442779291553134,
      "brier": 0.24998119175892858,
      "display_ready": true,
      "ece": null,
      "hit_rate": 0.5442779291553134,
      "logloss": 0.693110056883422,
      "n": 1468
    }
  },
  "generated_at": "2026-07-19T22:11:01Z",
  "global": {
    "base_rate": 0.5442779291553134,
    "baseline_brier": 0.24803946498971702,
    "baseline_hit_rate": 0.5442779291553134,
    "brier": 0.24998119175892858,
    "display_ready": true,
    "ece": null,
    "hit_rate": 0.5442779291553134,
    "logloss": 0.693110056883422,
    "n": 1468
  },
  "metrics_version": "metrics-v0.1.0",
  "min_n_display": 20,
  "rolling": {
    "30d": {
      "base_rate": 0.5488029465930019,
      "baseline_brier": 0.2476182724038406,
      "baseline_hit_rate": 0.5488029465930019,
      "brier": 0.25031687613043563,
      "display_ready": true,
      "ece": null,
      "hit_rate": 0.5488029465930019,
      "logloss": 0.693782261636657,
      "n": 543
    },
    "7d": {
      "base_rate": 0.5625,
      "baseline_brier": 0.24609375,
      "baseline_hit_rate": 0.5625,
      "brier": 0.2502043599339596,
      "display_ready": true,
      "ece": null,
      "hit_rate": 0.5625,
      "logloss": 0.6935571723213827,
      "n": 144
    },
    "90d": {
      "base_rate": 0.5442779291553134,
      "baseline_brier": 0.24803946498971702,
      "baseline_hit_rate": 0.5442779291553134,
      "brier": 0.24998119175892858,
      "display_ready": true,
      "ece": null,
      "hit_rate": 0.5442779291553134,
      "logloss": 0.693110056883422,
      "n": 1468
    }
  },
  "schema_version": "1",
  "total_forecasts": 1472,
  "total_resolved": 1468
}
