{
  "by_horizon": {
    "12h": {
      "base_rate": 0.5608108108108109,
      "baseline_brier": 0.24630204528853178,
      "baseline_hit_rate": 0.5608108108108109,
      "brier": 0.24954140020006174,
      "display_ready": true,
      "ece": null,
      "hit_rate": 0.5608108108108109,
      "logloss": 0.6922304615180923,
      "n": 148
    },
    "1h": {
      "base_rate": 0.5273556231003039,
      "baseline_brier": 0.2492516698847941,
      "baseline_hit_rate": 0.5273556231003039,
      "brier": 0.25021286521040603,
      "display_ready": true,
      "ece": null,
      "hit_rate": 0.5273556231003039,
      "logloss": 0.6935735645984309,
      "n": 658
    },
    "24h": {
      "base_rate": 0.6486486486486487,
      "baseline_brier": 0.22790357925493057,
      "baseline_hit_rate": 0.6486486486486487,
      "brier": 0.24821168004606317,
      "display_ready": true,
      "ece": null,
      "hit_rate": 0.6486486486486487,
      "logloss": 0.6895695274370353,
      "n": 74
    },
    "4h": {
      "base_rate": 0.5443349753694581,
      "baseline_brier": 0.24803440995898954,
      "baseline_hit_rate": 0.5443349753694581,
      "brier": 0.24994087263711726,
      "display_ready": true,
      "ece": null,
      "hit_rate": 0.5443349753694581,
      "logloss": 0.6930292029934719,
      "n": 406
    }
  },
  "by_model_version": {
    "v0.1.0-baseline-shadow": {
      "base_rate": 0.5435458786936236,
      "baseline_brier": 0.2481037564488002,
      "baseline_hit_rate": 0.5435458786936236,
      "brier": 0.24993456543711864,
      "display_ready": true,
      "ece": null,
      "hit_rate": 0.5435458786936236,
      "logloss": 0.6930167303702452,
      "n": 1286
    }
  },
  "generated_at": "2026-07-11T00:12:12Z",
  "global": {
    "base_rate": 0.5435458786936236,
    "baseline_brier": 0.2481037564488002,
    "baseline_hit_rate": 0.5435458786936236,
    "brier": 0.24993456543711864,
    "display_ready": true,
    "ece": null,
    "hit_rate": 0.5435458786936236,
    "logloss": 0.6930167303702452,
    "n": 1286
  },
  "metrics_version": "metrics-v0.1.0",
  "min_n_display": 20,
  "rolling": {
    "30d": {
      "base_rate": 0.5728744939271255,
      "baseline_brier": 0.24468930813486536,
      "baseline_hit_rate": 0.5728744939271255,
      "brier": 0.24971791576323774,
      "display_ready": true,
      "ece": null,
      "hit_rate": 0.5728744939271255,
      "logloss": 0.6925839374020433,
      "n": 494
    },
    "7d": {
      "base_rate": 0.49206349206349204,
      "baseline_brier": 0.2499370118417737,
      "baseline_hit_rate": 0.5079365079365079,
      "brier": 0.25091904609532395,
      "display_ready": true,
      "ece": null,
      "hit_rate": 0.49206349206349204,
      "logloss": 0.6949863017887993,
      "n": 126
    },
    "90d": {
      "base_rate": 0.5435458786936236,
      "baseline_brier": 0.2481037564488002,
      "baseline_hit_rate": 0.5435458786936236,
      "brier": 0.24993456543711864,
      "display_ready": true,
      "ece": null,
      "hit_rate": 0.5435458786936236,
      "logloss": 0.6930167303702452,
      "n": 1286
    }
  },
  "schema_version": "1",
  "total_forecasts": 1290,
  "total_resolved": 1286
}
