{
  "by_horizon": {
    "12h": {
      "base_rate": 0.6055045871559633,
      "baseline_brier": 0.23886878208904974,
      "baseline_hit_rate": 0.6055045871559633,
      "brier": 0.24890701023732936,
      "display_ready": true,
      "ece": null,
      "hit_rate": 0.6055045871559633,
      "logloss": 0.6909614323847094,
      "n": 109
    },
    "1h": {
      "base_rate": 0.5292929292929293,
      "baseline_brier": 0.24914192429343945,
      "baseline_hit_rate": 0.5292929292929293,
      "brier": 0.2501022254940503,
      "display_ready": true,
      "ece": null,
      "hit_rate": 0.5292929292929293,
      "logloss": 0.6933519372955638,
      "n": 495
    },
    "24h": {
      "base_rate": 0.6481481481481481,
      "baseline_brier": 0.22805212620027435,
      "baseline_hit_rate": 0.6481481481481481,
      "brier": 0.24785431425021975,
      "display_ready": true,
      "ece": null,
      "hit_rate": 0.6481481481481481,
      "logloss": 0.6888541809153216,
      "n": 54
    },
    "4h": {
      "base_rate": 0.5529801324503312,
      "baseline_brier": 0.24719310556554536,
      "baseline_hit_rate": 0.5529801324503312,
      "brier": 0.24956440520007692,
      "display_ready": true,
      "ece": null,
      "hit_rate": 0.5529801324503312,
      "logloss": 0.6922756750905308,
      "n": 302
    }
  },
  "by_model_version": {
    "v0.1.0-baseline-shadow": {
      "base_rate": 0.5520833333333334,
      "baseline_brier": 0.24728732638888887,
      "baseline_hit_rate": 0.5520833333333334,
      "brier": 0.24967088445349886,
      "display_ready": true,
      "ece": null,
      "hit_rate": 0.5520833333333334,
      "logloss": 0.6924889424354219,
      "n": 960
    }
  },
  "generated_at": "2026-06-21T20:05:55Z",
  "global": {
    "base_rate": 0.5520833333333334,
    "baseline_brier": 0.24728732638888887,
    "baseline_hit_rate": 0.5520833333333334,
    "brier": 0.24967088445349886,
    "display_ready": true,
    "ece": null,
    "hit_rate": 0.5520833333333334,
    "logloss": 0.6924889424354219,
    "n": 960
  },
  "metrics_version": "metrics-v0.1.0",
  "min_n_display": 20,
  "rolling": {
    "30d": {
      "base_rate": 0.5520833333333334,
      "baseline_brier": 0.24728732638888887,
      "baseline_hit_rate": 0.5520833333333334,
      "brier": 0.24967088445349886,
      "display_ready": true,
      "ece": null,
      "hit_rate": 0.5520833333333334,
      "logloss": 0.6924889424354219,
      "n": 960
    },
    "7d": {
      "base_rate": 0.7115384615384616,
      "baseline_brier": 0.20525147928994084,
      "baseline_hit_rate": 0.7115384615384616,
      "brier": 0.2479266553244609,
      "display_ready": true,
      "ece": null,
      "hit_rate": 0.7115384615384616,
      "logloss": 0.6890003406964951,
      "n": 104
    },
    "90d": {
      "base_rate": 0.5520833333333334,
      "baseline_brier": 0.24728732638888887,
      "baseline_hit_rate": 0.5520833333333334,
      "brier": 0.24967088445349886,
      "display_ready": true,
      "ece": null,
      "hit_rate": 0.5520833333333334,
      "logloss": 0.6924889424354219,
      "n": 960
    }
  },
  "schema_version": "1",
  "total_forecasts": 964,
  "total_resolved": 960
}
