{
  "by_horizon": {
    "12h": {
      "base_rate": 0.5529411764705883,
      "baseline_brier": 0.24719723183391004,
      "baseline_hit_rate": 0.5529411764705883,
      "brier": 0.24997754889236928,
      "display_ready": true,
      "ece": null,
      "hit_rate": 0.5529411764705883,
      "logloss": 0.6931031011121214,
      "n": 85
    },
    "1h": {
      "base_rate": 0.5098039215686274,
      "baseline_brier": 0.2499038831218762,
      "baseline_hit_rate": 0.5098039215686274,
      "brier": 0.2503608371624703,
      "display_ready": true,
      "ece": null,
      "hit_rate": 0.5098039215686274,
      "logloss": 0.6938693936662625,
      "n": 408
    },
    "24h": {
      "base_rate": 0.6190476190476191,
      "baseline_brier": 0.23582766439909297,
      "baseline_hit_rate": 0.6190476190476191,
      "brier": 0.24873185897787634,
      "display_ready": true,
      "ece": null,
      "hit_rate": 0.6190476190476191,
      "logloss": 0.690609264403064,
      "n": 42
    },
    "4h": {
      "base_rate": 0.5189873417721519,
      "baseline_brier": 0.2496394808524275,
      "baseline_hit_rate": 0.5189873417721519,
      "brier": 0.24980955759285145,
      "display_ready": true,
      "ece": null,
      "hit_rate": 0.5189873417721519,
      "logloss": 0.6927655856455824,
      "n": 237
    }
  },
  "by_model_version": {
    "v0.1.0-baseline-shadow": {
      "base_rate": 0.5233160621761658,
      "baseline_brier": 0.24945636124459716,
      "baseline_hit_rate": 0.5233160621761658,
      "brier": 0.2500607725967822,
      "display_ready": true,
      "ece": null,
      "hit_rate": 0.5233160621761658,
      "logloss": 0.6932687941882087,
      "n": 772
    }
  },
  "generated_at": "2026-06-09T16:13:35Z",
  "global": {
    "base_rate": 0.5233160621761658,
    "baseline_brier": 0.24945636124459716,
    "baseline_hit_rate": 0.5233160621761658,
    "brier": 0.2500607725967822,
    "display_ready": true,
    "ece": null,
    "hit_rate": 0.5233160621761658,
    "logloss": 0.6932687941882087,
    "n": 772
  },
  "metrics_version": "metrics-v0.1.0",
  "min_n_display": 20,
  "rolling": {
    "30d": {
      "base_rate": 0.5233160621761658,
      "baseline_brier": 0.24945636124459716,
      "baseline_hit_rate": 0.5233160621761658,
      "brier": 0.2500607725967822,
      "display_ready": true,
      "ece": null,
      "hit_rate": 0.5233160621761658,
      "logloss": 0.6932687941882087,
      "n": 772
    },
    "7d": {
      "base_rate": 0.5233160621761658,
      "baseline_brier": 0.24945636124459716,
      "baseline_hit_rate": 0.5233160621761658,
      "brier": 0.2500607725967822,
      "display_ready": true,
      "ece": null,
      "hit_rate": 0.5233160621761658,
      "logloss": 0.6932687941882087,
      "n": 772
    },
    "90d": {
      "base_rate": 0.5233160621761658,
      "baseline_brier": 0.24945636124459716,
      "baseline_hit_rate": 0.5233160621761658,
      "brier": 0.2500607725967822,
      "display_ready": true,
      "ece": null,
      "hit_rate": 0.5233160621761658,
      "logloss": 0.6932687941882087,
      "n": 772
    }
  },
  "schema_version": "1",
  "total_forecasts": 776,
  "total_resolved": 772
}
