{
  "by_horizon": {
    "12h": {
      "base_rate": 0.5704225352112676,
      "baseline_brier": 0.2450406665344178,
      "baseline_hit_rate": 0.5704225352112676,
      "brier": 0.24934257935987247,
      "display_ready": true,
      "ece": null,
      "hit_rate": 0.5704225352112676,
      "logloss": 0.6918326564004589,
      "n": 142
    },
    "1h": {
      "base_rate": 0.5283911671924291,
      "baseline_brier": 0.24919394162545153,
      "baseline_hit_rate": 0.5283911671924291,
      "brier": 0.25014067308683546,
      "display_ready": true,
      "ece": null,
      "hit_rate": 0.5283911671924291,
      "logloss": 0.6934291376608347,
      "n": 634
    },
    "24h": {
      "base_rate": 0.6619718309859155,
      "baseline_brier": 0.22376512596707002,
      "baseline_hit_rate": 0.6619718309859155,
      "brier": 0.2481639613395502,
      "display_ready": true,
      "ece": null,
      "hit_rate": 0.6619718309859155,
      "logloss": 0.689474058368131,
      "n": 71
    },
    "4h": {
      "base_rate": 0.5396419437340153,
      "baseline_brier": 0.24842851629698917,
      "baseline_hit_rate": 0.5396419437340153,
      "brier": 0.24999637657574955,
      "display_ready": true,
      "ece": null,
      "hit_rate": 0.5396419437340153,
      "logloss": 0.6931402327000402,
      "n": 391
    }
  },
  "by_model_version": {
    "v0.1.0-baseline-shadow": {
      "base_rate": 0.5444264943457189,
      "baseline_brier": 0.24802628660014983,
      "baseline_hit_rate": 0.5444264943457189,
      "brier": 0.249890191843604,
      "display_ready": true,
      "ece": null,
      "hit_rate": 0.5444264943457189,
      "logloss": 0.6929279479932854,
      "n": 1238
    }
  },
  "generated_at": "2026-07-08T06:39:54Z",
  "global": {
    "base_rate": 0.5444264943457189,
    "baseline_brier": 0.24802628660014983,
    "baseline_hit_rate": 0.5444264943457189,
    "brier": 0.249890191843604,
    "display_ready": true,
    "ece": null,
    "hit_rate": 0.5444264943457189,
    "logloss": 0.6929279479932854,
    "n": 1238
  },
  "metrics_version": "metrics-v0.1.0",
  "min_n_display": 20,
  "rolling": {
    "30d": {
      "base_rate": 0.5740740740740741,
      "baseline_brier": 0.24451303155006857,
      "baseline_hit_rate": 0.5740740740740741,
      "brier": 0.24969295549233447,
      "display_ready": true,
      "ece": null,
      "hit_rate": 0.5740740740740741,
      "logloss": 0.6925340291127695,
      "n": 486
    },
    "7d": {
      "base_rate": 0.5483870967741935,
      "baseline_brier": 0.24765868886576484,
      "baseline_hit_rate": 0.5483870967741935,
      "brier": 0.2498821985025783,
      "display_ready": true,
      "ece": null,
      "hit_rate": 0.5483870967741935,
      "logloss": 0.6929125246450565,
      "n": 124
    },
    "90d": {
      "base_rate": 0.5444264943457189,
      "baseline_brier": 0.24802628660014983,
      "baseline_hit_rate": 0.5444264943457189,
      "brier": 0.249890191843604,
      "display_ready": true,
      "ece": null,
      "hit_rate": 0.5444264943457189,
      "logloss": 0.6929279479932854,
      "n": 1238
    }
  },
  "schema_version": "1",
  "total_forecasts": 1242,
  "total_resolved": 1238
}
