{
  "by_horizon": {
    "12h": {
      "base_rate": 0.5912408759124088,
      "baseline_brier": 0.24167510256273642,
      "baseline_hit_rate": 0.5912408759124088,
      "brier": 0.248981076384841,
      "display_ready": true,
      "ece": null,
      "hit_rate": 0.5912408759124088,
      "logloss": 0.6911094587247094,
      "n": 137
    },
    "1h": {
      "base_rate": 0.5294117647058824,
      "baseline_brier": 0.2491349480968858,
      "baseline_hit_rate": 0.5294117647058824,
      "brier": 0.2501582309866717,
      "display_ready": true,
      "ece": null,
      "hit_rate": 0.5294117647058824,
      "logloss": 0.6934642677160214,
      "n": 612
    },
    "24h": {
      "base_rate": 0.6617647058823529,
      "baseline_brier": 0.22383217993079585,
      "baseline_hit_rate": 0.6617647058823529,
      "brier": 0.24804329555165688,
      "display_ready": true,
      "ece": null,
      "hit_rate": 0.6617647058823529,
      "logloss": 0.6892325731731971,
      "n": 68
    },
    "4h": {
      "base_rate": 0.5517241379310345,
      "baseline_brier": 0.2473246135552913,
      "baseline_hit_rate": 0.5517241379310345,
      "brier": 0.24986353530923658,
      "display_ready": true,
      "ece": null,
      "hit_rate": 0.5517241379310345,
      "logloss": 0.6928744879685999,
      "n": 377
    }
  },
  "by_model_version": {
    "v0.1.0-baseline-shadow": {
      "base_rate": 0.5510887772194305,
      "baseline_brier": 0.24738993684222343,
      "baseline_hit_rate": 0.5510887772194305,
      "brier": 0.24980966644695243,
      "display_ready": true,
      "ece": null,
      "hit_rate": 0.5510887772194305,
      "logloss": 0.6927668547968424,
      "n": 1194
    }
  },
  "generated_at": "2026-07-05T16:28:59Z",
  "global": {
    "base_rate": 0.5510887772194305,
    "baseline_brier": 0.24738993684222343,
    "baseline_hit_rate": 0.5510887772194305,
    "brier": 0.24980966644695243,
    "display_ready": true,
    "ece": null,
    "hit_rate": 0.5510887772194305,
    "logloss": 0.6927668547968424,
    "n": 1194
  },
  "metrics_version": "metrics-v0.1.0",
  "min_n_display": 20,
  "rolling": {
    "30d": {
      "base_rate": 0.5510887772194305,
      "baseline_brier": 0.24738993684222343,
      "baseline_hit_rate": 0.5510887772194305,
      "brier": 0.24980966644695243,
      "display_ready": true,
      "ece": null,
      "hit_rate": 0.5510887772194305,
      "logloss": 0.6927668547968424,
      "n": 1194
    },
    "7d": {
      "base_rate": 0.6033057851239669,
      "baseline_brier": 0.23932791475992077,
      "baseline_hit_rate": 0.6033057851239669,
      "brier": 0.2498907127211423,
      "display_ready": true,
      "ece": null,
      "hit_rate": 0.6033057851239669,
      "logloss": 0.6929295697081915,
      "n": 121
    },
    "90d": {
      "base_rate": 0.5510887772194305,
      "baseline_brier": 0.24738993684222343,
      "baseline_hit_rate": 0.5510887772194305,
      "brier": 0.24980966644695243,
      "display_ready": true,
      "ece": null,
      "hit_rate": 0.5510887772194305,
      "logloss": 0.6927668547968424,
      "n": 1194
    }
  },
  "schema_version": "1",
  "total_forecasts": 1198,
  "total_resolved": 1194
}
