{
  "by_horizon": {
    "12h": {
      "base_rate": 0.5704225352112676,
      "baseline_brier": 0.2450406665344178,
      "baseline_hit_rate": 0.5704225352112676,
      "brier": 0.24934257935987247,
      "display_ready": true,
      "ece": null,
      "hit_rate": 0.5704225352112676,
      "logloss": 0.6918326564004589,
      "n": 142
    },
    "1h": {
      "base_rate": 0.5284810126582279,
      "baseline_brier": 0.24918883191796184,
      "baseline_hit_rate": 0.5284810126582279,
      "brier": 0.2501416390146565,
      "display_ready": true,
      "ece": null,
      "hit_rate": 0.5284810126582279,
      "logloss": 0.6934310714713461,
      "n": 632
    },
    "24h": {
      "base_rate": 0.6619718309859155,
      "baseline_brier": 0.22376512596707002,
      "baseline_hit_rate": 0.6619718309859155,
      "brier": 0.2481639613395502,
      "display_ready": true,
      "ece": null,
      "hit_rate": 0.6619718309859155,
      "logloss": 0.689474058368131,
      "n": 71
    },
    "4h": {
      "base_rate": 0.541025641025641,
      "baseline_brier": 0.24831689677843524,
      "baseline_hit_rate": 0.541025641025641,
      "brier": 0.24999013384941712,
      "display_ready": true,
      "ece": null,
      "hit_rate": 0.541025641025641,
      "logloss": 0.6931277479161297,
      "n": 390
    }
  },
  "by_model_version": {
    "v0.1.0-baseline-shadow": {
      "base_rate": 0.5449392712550607,
      "baseline_brier": 0.24798046189906406,
      "baseline_hit_rate": 0.5449392712550607,
      "brier": 0.24988822314392348,
      "display_ready": true,
      "ece": null,
      "hit_rate": 0.5449392712550607,
      "logloss": 0.6929240115062217,
      "n": 1235
    }
  },
  "generated_at": "2026-07-08T00:08:58Z",
  "global": {
    "base_rate": 0.5449392712550607,
    "baseline_brier": 0.24798046189906406,
    "baseline_hit_rate": 0.5449392712550607,
    "brier": 0.24988822314392348,
    "display_ready": true,
    "ece": null,
    "hit_rate": 0.5449392712550607,
    "logloss": 0.6929240115062217,
    "n": 1235
  },
  "metrics_version": "metrics-v0.1.0",
  "min_n_display": 20,
  "rolling": {
    "30d": {
      "base_rate": 0.5746421267893661,
      "baseline_brier": 0.2444285529083602,
      "baseline_hit_rate": 0.5746421267893661,
      "brier": 0.2497149158081955,
      "display_ready": true,
      "ece": null,
      "hit_rate": 0.5746421267893661,
      "logloss": 0.6925779283865265,
      "n": 489
    },
    "7d": {
      "base_rate": 0.5433070866141733,
      "baseline_brier": 0.24812449624899247,
      "baseline_hit_rate": 0.5433070866141733,
      "brier": 0.2501044188410329,
      "display_ready": true,
      "ece": null,
      "hit_rate": 0.5433070866141733,
      "logloss": 0.6933570009975054,
      "n": 127
    },
    "90d": {
      "base_rate": 0.5449392712550607,
      "baseline_brier": 0.24798046189906406,
      "baseline_hit_rate": 0.5449392712550607,
      "brier": 0.24988822314392348,
      "display_ready": true,
      "ece": null,
      "hit_rate": 0.5449392712550607,
      "logloss": 0.6929240115062217,
      "n": 1235
    }
  },
  "schema_version": "1",
  "total_forecasts": 1235,
  "total_resolved": 1235
}
