{
  "by_horizon": {
    "12h": {
      "base_rate": 0.5925925925925926,
      "baseline_brier": 0.2414266117969822,
      "baseline_hit_rate": 0.5925925925925926,
      "brier": 0.24892959871855813,
      "display_ready": true,
      "ece": null,
      "hit_rate": 0.5925925925925926,
      "logloss": 0.6910064990716093,
      "n": 135
    },
    "1h": {
      "base_rate": 0.5284280936454849,
      "baseline_brier": 0.2491918434916835,
      "baseline_hit_rate": 0.5284280936454849,
      "brier": 0.25017399060676293,
      "display_ready": true,
      "ece": null,
      "hit_rate": 0.5284280936454849,
      "logloss": 0.6934958042070546,
      "n": 598
    },
    "24h": {
      "base_rate": 0.6567164179104478,
      "baseline_brier": 0.2254399643573179,
      "baseline_hit_rate": 0.6567164179104478,
      "brier": 0.24813525013144686,
      "display_ready": true,
      "ece": null,
      "hit_rate": 0.6567164179104478,
      "logloss": 0.6894164860024029,
      "n": 67
    },
    "4h": {
      "base_rate": 0.5540540540540541,
      "baseline_brier": 0.2470781592403214,
      "baseline_hit_rate": 0.5540540540540541,
      "brier": 0.24982537647350647,
      "display_ready": true,
      "ece": null,
      "hit_rate": 0.5540540540540541,
      "logloss": 0.6927981688762781,
      "n": 370
    }
  },
  "by_model_version": {
    "v0.1.0-baseline-shadow": {
      "base_rate": 0.5512820512820513,
      "baseline_brier": 0.24737015121630504,
      "baseline_hit_rate": 0.5512820512820513,
      "brier": 0.24980341304602902,
      "display_ready": true,
      "ece": null,
      "hit_rate": 0.5512820512820513,
      "logloss": 0.6927543549887776,
      "n": 1170
    }
  },
  "generated_at": "2026-07-04T12:36:45Z",
  "global": {
    "base_rate": 0.5512820512820513,
    "baseline_brier": 0.24737015121630504,
    "baseline_hit_rate": 0.5512820512820513,
    "brier": 0.24980341304602902,
    "display_ready": true,
    "ece": null,
    "hit_rate": 0.5512820512820513,
    "logloss": 0.6927543549887776,
    "n": 1170
  },
  "metrics_version": "metrics-v0.1.0",
  "min_n_display": 20,
  "rolling": {
    "30d": {
      "base_rate": 0.5512820512820513,
      "baseline_brier": 0.24737015121630504,
      "baseline_hit_rate": 0.5512820512820513,
      "brier": 0.24980341304602902,
      "display_ready": true,
      "ece": null,
      "hit_rate": 0.5512820512820513,
      "logloss": 0.6927543549887776,
      "n": 1170
    },
    "7d": {
      "base_rate": 0.5714285714285714,
      "baseline_brier": 0.24489795918367346,
      "baseline_hit_rate": 0.5714285714285714,
      "brier": 0.24999015619302756,
      "display_ready": true,
      "ece": null,
      "hit_rate": 0.5714285714285714,
      "logloss": 0.6931284743742959,
      "n": 119
    },
    "90d": {
      "base_rate": 0.5512820512820513,
      "baseline_brier": 0.24737015121630504,
      "baseline_hit_rate": 0.5512820512820513,
      "brier": 0.24980341304602902,
      "display_ready": true,
      "ece": null,
      "hit_rate": 0.5512820512820513,
      "logloss": 0.6927543549887776,
      "n": 1170
    }
  },
  "schema_version": "1",
  "total_forecasts": 1174,
  "total_resolved": 1170
}
