{
  "by_horizon": {
    "12h": {
      "base_rate": 0.5714285714285714,
      "baseline_brier": 0.2448979591836735,
      "baseline_hit_rate": 0.5714285714285714,
      "brier": 0.2494561270107476,
      "display_ready": true,
      "ece": null,
      "hit_rate": 0.5714285714285714,
      "logloss": 0.6920599317219565,
      "n": 161
    },
    "1h": {
      "base_rate": 0.5252387448840382,
      "baseline_brier": 0.24936300575667844,
      "baseline_hit_rate": 0.5252387448840382,
      "brier": 0.2502318397450741,
      "display_ready": true,
      "ece": null,
      "hit_rate": 0.5252387448840382,
      "logloss": 0.6936115035680888,
      "n": 733
    },
    "24h": {
      "base_rate": 0.6375,
      "baseline_brier": 0.23109375000000001,
      "baseline_hit_rate": 0.6375,
      "brier": 0.24876606971771062,
      "display_ready": true,
      "ece": null,
      "hit_rate": 0.6375,
      "logloss": 0.6906788537454258,
      "n": 80
    },
    "4h": {
      "base_rate": 0.5403587443946188,
      "baseline_brier": 0.24837117175088982,
      "baseline_hit_rate": 0.5403587443946188,
      "brier": 0.25011573823332317,
      "display_ready": true,
      "ece": null,
      "hit_rate": 0.5403587443946188,
      "logloss": 0.6933791325864366,
      "n": 446
    }
  },
  "by_model_version": {
    "v0.1.0-baseline-shadow": {
      "base_rate": 0.5415492957746478,
      "baseline_brier": 0.2482736560206308,
      "baseline_hit_rate": 0.5415492957746478,
      "brier": 0.2500248449375695,
      "display_ready": true,
      "ece": null,
      "hit_rate": 0.5415492957746478,
      "logloss": 0.6931973820815696,
      "n": 1420
    }
  },
  "generated_at": "2026-07-17T18:14:51Z",
  "global": {
    "base_rate": 0.5415492957746478,
    "baseline_brier": 0.2482736560206308,
    "baseline_hit_rate": 0.5415492957746478,
    "brier": 0.2500248449375695,
    "display_ready": true,
    "ece": null,
    "hit_rate": 0.5415492957746478,
    "logloss": 0.6931973820815696,
    "n": 1420
  },
  "metrics_version": "metrics-v0.1.0",
  "min_n_display": 20,
  "rolling": {
    "30d": {
      "base_rate": 0.5416666666666666,
      "baseline_brier": 0.2482638888888889,
      "baseline_hit_rate": 0.5416666666666666,
      "brier": 0.2504841293535316,
      "display_ready": true,
      "ece": null,
      "hit_rate": 0.5416666666666666,
      "logloss": 0.6941169218682999,
      "n": 528
    },
    "7d": {
      "base_rate": 0.5211267605633803,
      "baseline_brier": 0.2495536599880976,
      "baseline_hit_rate": 0.5211267605633803,
      "brier": 0.25095349581062637,
      "display_ready": true,
      "ece": null,
      "hit_rate": 0.5211267605633803,
      "logloss": 0.6950555708349809,
      "n": 142
    },
    "90d": {
      "base_rate": 0.5415492957746478,
      "baseline_brier": 0.2482736560206308,
      "baseline_hit_rate": 0.5415492957746478,
      "brier": 0.2500248449375695,
      "display_ready": true,
      "ece": null,
      "hit_rate": 0.5415492957746478,
      "logloss": 0.6931973820815696,
      "n": 1420
    }
  },
  "schema_version": "1",
  "total_forecasts": 1423,
  "total_resolved": 1420
}
