{
  "by_horizon": {
    "12h": {
      "base_rate": 0.573170731707317,
      "baseline_brier": 0.24464604402141585,
      "baseline_hit_rate": 0.573170731707317,
      "brier": 0.249459570806587,
      "display_ready": true,
      "ece": null,
      "hit_rate": 0.573170731707317,
      "logloss": 0.692066816518192,
      "n": 164
    },
    "1h": {
      "base_rate": 0.5324503311258278,
      "baseline_brier": 0.24894697600982413,
      "baseline_hit_rate": 0.5324503311258278,
      "brier": 0.2501393226980195,
      "display_ready": true,
      "ece": null,
      "hit_rate": 0.5324503311258278,
      "logloss": 0.693426438545502,
      "n": 755
    },
    "24h": {
      "base_rate": 0.6341463414634146,
      "baseline_brier": 0.23200475907198095,
      "baseline_hit_rate": 0.6341463414634146,
      "brier": 0.2488377425425799,
      "display_ready": true,
      "ece": null,
      "hit_rate": 0.6341463414634146,
      "logloss": 0.690822236025332,
      "n": 82
    },
    "4h": {
      "base_rate": 0.5460526315789473,
      "baseline_brier": 0.24787915512465372,
      "baseline_hit_rate": 0.5460526315789473,
      "brier": 0.25005592264444476,
      "display_ready": true,
      "ece": null,
      "hit_rate": 0.5460526315789473,
      "logloss": 0.6932594907250242,
      "n": 456
    }
  },
  "by_model_version": {
    "v0.1.0-baseline-shadow": {
      "base_rate": 0.5470144131777626,
      "baseline_brier": 0.24778964495355066,
      "baseline_hit_rate": 0.5470144131777626,
      "brier": 0.24996345495102498,
      "display_ready": true,
      "ece": null,
      "hit_rate": 0.5470144131777626,
      "logloss": 0.6930745848562291,
      "n": 1457
    }
  },
  "generated_at": "2026-07-19T11:32:45Z",
  "global": {
    "base_rate": 0.5470144131777626,
    "baseline_brier": 0.24778964495355066,
    "baseline_hit_rate": 0.5470144131777626,
    "brier": 0.24996345495102498,
    "display_ready": true,
    "ece": null,
    "hit_rate": 0.5470144131777626,
    "logloss": 0.6930745848562291,
    "n": 1457
  },
  "metrics_version": "metrics-v0.1.0",
  "min_n_display": 20,
  "rolling": {
    "30d": {
      "base_rate": 0.5582255083179297,
      "baseline_brier": 0.24660979018111867,
      "baseline_hit_rate": 0.5582255083179297,
      "brier": 0.25022693640640853,
      "display_ready": true,
      "ece": null,
      "hit_rate": 0.5582255083179297,
      "logloss": 0.6936023633429953,
      "n": 541
    },
    "7d": {
      "base_rate": 0.5874125874125874,
      "baseline_brier": 0.2423590395618368,
      "baseline_hit_rate": 0.5874125874125874,
      "brier": 0.2500772490826391,
      "display_ready": true,
      "ece": null,
      "hit_rate": 0.5874125874125874,
      "logloss": 0.6933029404509482,
      "n": 143
    },
    "90d": {
      "base_rate": 0.5470144131777626,
      "baseline_brier": 0.24778964495355066,
      "baseline_hit_rate": 0.5470144131777626,
      "brier": 0.24996345495102498,
      "display_ready": true,
      "ece": null,
      "hit_rate": 0.5470144131777626,
      "logloss": 0.6930745848562291,
      "n": 1457
    }
  },
  "schema_version": "1",
  "total_forecasts": 1461,
  "total_resolved": 1457
}
