{
  "by_horizon": {
    "12h": {
      "base_rate": 0.5876288659793815,
      "baseline_brier": 0.24232118184716758,
      "baseline_hit_rate": 0.5876288659793815,
      "brier": 0.24922996406613773,
      "display_ready": true,
      "ece": null,
      "hit_rate": 0.5876288659793815,
      "logloss": 0.6916075565314158,
      "n": 97
    },
    "1h": {
      "base_rate": 0.5165562913907285,
      "baseline_brier": 0.24972588921538527,
      "baseline_hit_rate": 0.5165562913907285,
      "brier": 0.25012953537754073,
      "display_ready": true,
      "ece": null,
      "hit_rate": 0.5165562913907285,
      "logloss": 0.6934064611762061,
      "n": 453
    },
    "24h": {
      "base_rate": 0.6458333333333334,
      "baseline_brier": 0.22873263888888887,
      "baseline_hit_rate": 0.6458333333333334,
      "brier": 0.24806124523574724,
      "display_ready": true,
      "ece": null,
      "hit_rate": 0.6458333333333334,
      "logloss": 0.6892679929706885,
      "n": 48
    },
    "4h": {
      "base_rate": 0.5276752767527675,
      "baseline_brier": 0.2492340790566577,
      "baseline_hit_rate": 0.5276752767527675,
      "brier": 0.24971863737599395,
      "display_ready": true,
      "ece": null,
      "hit_rate": 0.5276752767527675,
      "logloss": 0.6925840246820067,
      "n": 271
    }
  },
  "by_model_version": {
    "v0.1.0-baseline-shadow": {
      "base_rate": 0.5350978135788262,
      "baseline_brier": 0.24876814348198598,
      "baseline_hit_rate": 0.5350978135788262,
      "brier": 0.2497867394023608,
      "display_ready": true,
      "ece": null,
      "hit_rate": 0.5350978135788262,
      "logloss": 0.6927205917696037,
      "n": 869
    }
  },
  "generated_at": "2026-06-15T21:25:34Z",
  "global": {
    "base_rate": 0.5350978135788262,
    "baseline_brier": 0.24876814348198598,
    "baseline_hit_rate": 0.5350978135788262,
    "brier": 0.2497867394023608,
    "display_ready": true,
    "ece": null,
    "hit_rate": 0.5350978135788262,
    "logloss": 0.6927205917696037,
    "n": 869
  },
  "metrics_version": "metrics-v0.1.0",
  "min_n_display": 20,
  "rolling": {
    "30d": {
      "base_rate": 0.5350978135788262,
      "baseline_brier": 0.24876814348198598,
      "baseline_hit_rate": 0.5350978135788262,
      "brier": 0.2497867394023608,
      "display_ready": true,
      "ece": null,
      "hit_rate": 0.5350978135788262,
      "logloss": 0.6927205917696037,
      "n": 869
    },
    "7d": {
      "base_rate": 0.5945945945945946,
      "baseline_brier": 0.2410518626734843,
      "baseline_hit_rate": 0.5945945945945946,
      "brier": 0.24839344351621664,
      "display_ready": true,
      "ece": null,
      "hit_rate": 0.5945945945945946,
      "logloss": 0.6899334165460063,
      "n": 111
    },
    "90d": {
      "base_rate": 0.5350978135788262,
      "baseline_brier": 0.24876814348198598,
      "baseline_hit_rate": 0.5350978135788262,
      "brier": 0.2497867394023608,
      "display_ready": true,
      "ece": null,
      "hit_rate": 0.5350978135788262,
      "logloss": 0.6927205917696037,
      "n": 869
    }
  },
  "schema_version": "1",
  "total_forecasts": 873,
  "total_resolved": 869
}
