{
  "by_horizon": {
    "12h": {
      "base_rate": 0.5925925925925926,
      "baseline_brier": 0.2414266117969822,
      "baseline_hit_rate": 0.5925925925925926,
      "brier": 0.24892959871855813,
      "display_ready": true,
      "ece": null,
      "hit_rate": 0.5925925925925926,
      "logloss": 0.6910064990716093,
      "n": 135
    },
    "1h": {
      "base_rate": 0.5331125827814569,
      "baseline_brier": 0.24890355686154114,
      "baseline_hit_rate": 0.5331125827814569,
      "brier": 0.2501084937194731,
      "display_ready": true,
      "ece": null,
      "hit_rate": 0.5331125827814569,
      "logloss": 0.6933647909175319,
      "n": 604
    },
    "24h": {
      "base_rate": 0.6567164179104478,
      "baseline_brier": 0.2254399643573179,
      "baseline_hit_rate": 0.6567164179104478,
      "brier": 0.24813525013144686,
      "display_ready": true,
      "ece": null,
      "hit_rate": 0.6567164179104478,
      "logloss": 0.6894164860024029,
      "n": 67
    },
    "4h": {
      "base_rate": 0.5564516129032258,
      "baseline_brier": 0.24681321540062434,
      "baseline_hit_rate": 0.5564516129032258,
      "brier": 0.24980364493012294,
      "display_ready": true,
      "ece": null,
      "hit_rate": 0.5564516129032258,
      "logloss": 0.6927547025003168,
      "n": 372
    }
  },
  "by_model_version": {
    "v0.1.0-baseline-shadow": {
      "base_rate": 0.5543293718166383,
      "baseline_brier": 0.24704831935800944,
      "baseline_hit_rate": 0.5543293718166383,
      "brier": 0.24976489278979602,
      "display_ready": true,
      "ece": null,
      "hit_rate": 0.5543293718166383,
      "logloss": 0.692677304737806,
      "n": 1178
    }
  },
  "generated_at": "2026-07-04T22:07:50Z",
  "global": {
    "base_rate": 0.5543293718166383,
    "baseline_brier": 0.24704831935800944,
    "baseline_hit_rate": 0.5543293718166383,
    "brier": 0.24976489278979602,
    "display_ready": true,
    "ece": null,
    "hit_rate": 0.5543293718166383,
    "logloss": 0.692677304737806,
    "n": 1178
  },
  "metrics_version": "metrics-v0.1.0",
  "min_n_display": 20,
  "rolling": {
    "30d": {
      "base_rate": 0.5543293718166383,
      "baseline_brier": 0.24704831935800944,
      "baseline_hit_rate": 0.5543293718166383,
      "brier": 0.24976489278979602,
      "display_ready": true,
      "ece": null,
      "hit_rate": 0.5543293718166383,
      "logloss": 0.692677304737806,
      "n": 1178
    },
    "7d": {
      "base_rate": 0.5867768595041323,
      "baseline_brier": 0.24246977665460012,
      "baseline_hit_rate": 0.5867768595041323,
      "brier": 0.24975091375609415,
      "display_ready": true,
      "ece": null,
      "hit_rate": 0.5867768595041323,
      "logloss": 0.6926499112438623,
      "n": 121
    },
    "90d": {
      "base_rate": 0.5543293718166383,
      "baseline_brier": 0.24704831935800944,
      "baseline_hit_rate": 0.5543293718166383,
      "brier": 0.24976489278979602,
      "display_ready": true,
      "ece": null,
      "hit_rate": 0.5543293718166383,
      "logloss": 0.692677304737806,
      "n": 1178
    }
  },
  "schema_version": "1",
  "total_forecasts": 1181,
  "total_resolved": 1178
}
