{
  "by_horizon": {
    "12h": {
      "base_rate": 0.5608108108108109,
      "baseline_brier": 0.24630204528853178,
      "baseline_hit_rate": 0.5608108108108109,
      "brier": 0.24954140020006174,
      "display_ready": true,
      "ece": null,
      "hit_rate": 0.5608108108108109,
      "logloss": 0.6922304615180923,
      "n": 148
    },
    "1h": {
      "base_rate": 0.5279878971255674,
      "baseline_brier": 0.24921667761448862,
      "baseline_hit_rate": 0.5279878971255674,
      "brier": 0.25021453045008324,
      "display_ready": true,
      "ece": null,
      "hit_rate": 0.5279878971255674,
      "logloss": 0.6935768923472476,
      "n": 661
    },
    "24h": {
      "base_rate": 0.6486486486486487,
      "baseline_brier": 0.22790357925493057,
      "baseline_hit_rate": 0.6486486486486487,
      "brier": 0.24821168004606317,
      "display_ready": true,
      "ece": null,
      "hit_rate": 0.6486486486486487,
      "logloss": 0.6895695274370353,
      "n": 74
    },
    "4h": {
      "base_rate": 0.5441176470588235,
      "baseline_brier": 0.24805363321799306,
      "baseline_hit_rate": 0.5441176470588235,
      "brier": 0.24994825244696572,
      "display_ready": true,
      "ece": null,
      "hit_rate": 0.5441176470588235,
      "logloss": 0.6930439616468645,
      "n": 408
    }
  },
  "by_model_version": {
    "v0.1.0-baseline-shadow": {
      "base_rate": 0.5437645236250969,
      "baseline_brier": 0.24808466647186833,
      "baseline_hit_rate": 0.5437645236250969,
      "brier": 0.24993840680006574,
      "display_ready": true,
      "ece": null,
      "hit_rate": 0.5437645236250969,
      "logloss": 0.6930244117184118,
      "n": 1291
    }
  },
  "generated_at": "2026-07-11T09:00:19Z",
  "global": {
    "base_rate": 0.5437645236250969,
    "baseline_brier": 0.24808466647186833,
    "baseline_hit_rate": 0.5437645236250969,
    "brier": 0.24993840680006574,
    "display_ready": true,
    "ece": null,
    "hit_rate": 0.5437645236250969,
    "logloss": 0.6930244117184118,
    "n": 1291
  },
  "metrics_version": "metrics-v0.1.0",
  "min_n_display": 20,
  "rolling": {
    "30d": {
      "base_rate": 0.5760649087221096,
      "baseline_brier": 0.24421412966109715,
      "baseline_hit_rate": 0.5760649087221096,
      "brier": 0.24973227314392826,
      "display_ready": true,
      "ece": null,
      "hit_rate": 0.5760649087221096,
      "logloss": 0.6926126639539018,
      "n": 493
    },
    "7d": {
      "base_rate": 0.48412698412698413,
      "baseline_brier": 0.24974804736709497,
      "baseline_hit_rate": 0.5158730158730158,
      "brier": 0.25111571085973566,
      "display_ready": true,
      "ece": null,
      "hit_rate": 0.48412698412698413,
      "logloss": 0.6953796434976417,
      "n": 126
    },
    "90d": {
      "base_rate": 0.5437645236250969,
      "baseline_brier": 0.24808466647186833,
      "baseline_hit_rate": 0.5437645236250969,
      "brier": 0.24993840680006574,
      "display_ready": true,
      "ece": null,
      "hit_rate": 0.5437645236250969,
      "logloss": 0.6930244117184118,
      "n": 1291
    }
  },
  "schema_version": "1",
  "total_forecasts": 1295,
  "total_resolved": 1291
}
