{
  "by_horizon": {
    "12h": {
      "base_rate": 0.5789473684210527,
      "baseline_brier": 0.24376731301939059,
      "baseline_hit_rate": 0.5789473684210527,
      "brier": 0.2494074356441332,
      "display_ready": true,
      "ece": null,
      "hit_rate": 0.5789473684210527,
      "logloss": 0.6919626239282919,
      "n": 95
    },
    "1h": {
      "base_rate": 0.5134529147982063,
      "baseline_brier": 0.2498190190834322,
      "baseline_hit_rate": 0.5134529147982063,
      "brier": 0.2502798763545687,
      "display_ready": true,
      "ece": null,
      "hit_rate": 0.5134529147982063,
      "logloss": 0.6937073312490191,
      "n": 446
    },
    "24h": {
      "base_rate": 0.6382978723404256,
      "baseline_brier": 0.23087369850611136,
      "baseline_hit_rate": 0.6382978723404256,
      "brier": 0.24820717047495747,
      "display_ready": true,
      "ece": null,
      "hit_rate": 0.6382978723404256,
      "logloss": 0.6895598469006999,
      "n": 47
    },
    "4h": {
      "base_rate": 0.5263157894736842,
      "baseline_brier": 0.2493074792243767,
      "baseline_hit_rate": 0.5263157894736842,
      "brier": 0.2497112492128099,
      "display_ready": true,
      "ece": null,
      "hit_rate": 0.5263157894736842,
      "logloss": 0.6925691379300699,
      "n": 266
    }
  },
  "by_model_version": {
    "v0.1.0-baseline-shadow": {
      "base_rate": 0.531615925058548,
      "baseline_brier": 0.24900043328269225,
      "baseline_hit_rate": 0.531615925058548,
      "brier": 0.249891639980399,
      "display_ready": true,
      "ece": null,
      "hit_rate": 0.531615925058548,
      "logloss": 0.6929304713161379,
      "n": 854
    }
  },
  "generated_at": "2026-06-14T17:41:02Z",
  "global": {
    "base_rate": 0.531615925058548,
    "baseline_brier": 0.24900043328269225,
    "baseline_hit_rate": 0.531615925058548,
    "brier": 0.249891639980399,
    "display_ready": true,
    "ece": null,
    "hit_rate": 0.531615925058548,
    "logloss": 0.6929304713161379,
    "n": 854
  },
  "metrics_version": "metrics-v0.1.0",
  "min_n_display": 20,
  "rolling": {
    "30d": {
      "base_rate": 0.531615925058548,
      "baseline_brier": 0.24900043328269225,
      "baseline_hit_rate": 0.531615925058548,
      "brier": 0.249891639980399,
      "display_ready": true,
      "ece": null,
      "hit_rate": 0.531615925058548,
      "logloss": 0.6929304713161379,
      "n": 854
    },
    "7d": {
      "base_rate": 0.531615925058548,
      "baseline_brier": 0.24900043328269225,
      "baseline_hit_rate": 0.531615925058548,
      "brier": 0.249891639980399,
      "display_ready": true,
      "ece": null,
      "hit_rate": 0.531615925058548,
      "logloss": 0.6929304713161379,
      "n": 854
    },
    "90d": {
      "base_rate": 0.531615925058548,
      "baseline_brier": 0.24900043328269225,
      "baseline_hit_rate": 0.531615925058548,
      "brier": 0.249891639980399,
      "display_ready": true,
      "ece": null,
      "hit_rate": 0.531615925058548,
      "logloss": 0.6929304713161379,
      "n": 854
    }
  },
  "schema_version": "1",
  "total_forecasts": 856,
  "total_resolved": 854
}
