{
  "by_horizon": {
    "12h": {
      "base_rate": 0.576,
      "baseline_brier": 0.24422400000000002,
      "baseline_hit_rate": 0.576,
      "brier": 0.24925648543610393,
      "display_ready": true,
      "ece": null,
      "hit_rate": 0.576,
      "logloss": 0.6916605761136073,
      "n": 125
    },
    "1h": {
      "base_rate": 0.5205724508050089,
      "baseline_brier": 0.2495767742678755,
      "baseline_hit_rate": 0.5205724508050089,
      "brier": 0.2502344139756114,
      "display_ready": true,
      "ece": null,
      "hit_rate": 0.5205724508050089,
      "logloss": 0.6936165567391145,
      "n": 559
    },
    "24h": {
      "base_rate": 0.6612903225806451,
      "baseline_brier": 0.22398543184183142,
      "baseline_hit_rate": 0.6612903225806451,
      "brier": 0.2480316454183736,
      "display_ready": true,
      "ece": null,
      "hit_rate": 0.6612903225806451,
      "logloss": 0.6892092046409473,
      "n": 62
    },
    "4h": {
      "base_rate": 0.5494186046511628,
      "baseline_brier": 0.24755780151433204,
      "baseline_hit_rate": 0.5494186046511628,
      "brier": 0.24974487371671839,
      "display_ready": true,
      "ece": null,
      "hit_rate": 0.5494186046511628,
      "logloss": 0.6926369927210231,
      "n": 344
    }
  },
  "by_model_version": {
    "v0.1.0-baseline-shadow": {
      "base_rate": 0.5440366972477064,
      "baseline_brier": 0.24806076929551385,
      "baseline_hit_rate": 0.5440366972477064,
      "brier": 0.2498424740058441,
      "display_ready": true,
      "ece": null,
      "hit_rate": 0.5440366972477064,
      "logloss": 0.6928324068028776,
      "n": 1090
    }
  },
  "generated_at": "2026-06-29T18:20:47Z",
  "global": {
    "base_rate": 0.5440366972477064,
    "baseline_brier": 0.24806076929551385,
    "baseline_hit_rate": 0.5440366972477064,
    "brier": 0.2498424740058441,
    "display_ready": true,
    "ece": null,
    "hit_rate": 0.5440366972477064,
    "logloss": 0.6928324068028776,
    "n": 1090
  },
  "metrics_version": "metrics-v0.1.0",
  "min_n_display": 20,
  "rolling": {
    "30d": {
      "base_rate": 0.5440366972477064,
      "baseline_brier": 0.24806076929551385,
      "baseline_hit_rate": 0.5440366972477064,
      "brier": 0.2498424740058441,
      "display_ready": true,
      "ece": null,
      "hit_rate": 0.5440366972477064,
      "logloss": 0.6928324068028776,
      "n": 1090
    },
    "7d": {
      "base_rate": 0.453781512605042,
      "baseline_brier": 0.24786385142292214,
      "baseline_hit_rate": 0.546218487394958,
      "brier": 0.25136716330612563,
      "display_ready": true,
      "ece": null,
      "hit_rate": 0.453781512605042,
      "logloss": 0.6958841147856455,
      "n": 119
    },
    "90d": {
      "base_rate": 0.5440366972477064,
      "baseline_brier": 0.24806076929551385,
      "baseline_hit_rate": 0.5440366972477064,
      "brier": 0.2498424740058441,
      "display_ready": true,
      "ece": null,
      "hit_rate": 0.5440366972477064,
      "logloss": 0.6928324068028776,
      "n": 1090
    }
  },
  "schema_version": "1",
  "total_forecasts": 1093,
  "total_resolved": 1090
}
