{
  "by_horizon": {
    "12h": {
      "base_rate": 0.5632911392405063,
      "baseline_brier": 0.24599423169363885,
      "baseline_hit_rate": 0.5632911392405063,
      "brier": 0.24958950780301195,
      "display_ready": true,
      "ece": null,
      "hit_rate": 0.5632911392405063,
      "logloss": 0.6923267453755105,
      "n": 158
    },
    "1h": {
      "base_rate": 0.5314685314685315,
      "baseline_brier": 0.24900973152721406,
      "baseline_hit_rate": 0.5314685314685315,
      "brier": 0.25013494775015327,
      "display_ready": true,
      "ece": null,
      "hit_rate": 0.5314685314685315,
      "logloss": 0.6934177005984339,
      "n": 715
    },
    "24h": {
      "base_rate": 0.6329113924050633,
      "baseline_brier": 0.23233456176894726,
      "baseline_hit_rate": 0.6329113924050633,
      "brier": 0.24876630274045292,
      "display_ready": true,
      "ece": null,
      "hit_rate": 0.6329113924050633,
      "logloss": 0.6906793139554366,
      "n": 79
    },
    "4h": {
      "base_rate": 0.5389908256880734,
      "baseline_brier": 0.2484797155121623,
      "baseline_hit_rate": 0.5389908256880734,
      "brier": 0.2500931593231646,
      "display_ready": true,
      "ece": null,
      "hit_rate": 0.5389908256880734,
      "logloss": 0.693333956233097,
      "n": 436
    }
  },
  "by_model_version": {
    "v0.1.0-baseline-shadow": {
      "base_rate": 0.5432276657060519,
      "baseline_brier": 0.24813136891760584,
      "baseline_hit_rate": 0.5432276657060519,
      "brier": 0.24998183375765926,
      "display_ready": true,
      "ece": null,
      "hit_rate": 0.5432276657060519,
      "logloss": 0.6931113490038334,
      "n": 1388
    }
  },
  "generated_at": "2026-07-16T03:41:38Z",
  "global": {
    "base_rate": 0.5432276657060519,
    "baseline_brier": 0.24813136891760584,
    "baseline_hit_rate": 0.5432276657060519,
    "brier": 0.24998183375765926,
    "display_ready": true,
    "ece": null,
    "hit_rate": 0.5432276657060519,
    "logloss": 0.6931113490038334,
    "n": 1388
  },
  "metrics_version": "metrics-v0.1.0",
  "min_n_display": 20,
  "rolling": {
    "30d": {
      "base_rate": 0.5572815533980583,
      "baseline_brier": 0.2467188236403054,
      "baseline_hit_rate": 0.5572815533980583,
      "brier": 0.25030521998793803,
      "display_ready": true,
      "ece": null,
      "hit_rate": 0.5572815533980583,
      "logloss": 0.693759074872045,
      "n": 515
    },
    "7d": {
      "base_rate": 0.5671641791044776,
      "baseline_brier": 0.24548897304522166,
      "baseline_hit_rate": 0.5671641791044776,
      "brier": 0.2502096106486585,
      "display_ready": true,
      "ece": null,
      "hit_rate": 0.5671641791044776,
      "logloss": 0.6935676903455679,
      "n": 134
    },
    "90d": {
      "base_rate": 0.5432276657060519,
      "baseline_brier": 0.24813136891760584,
      "baseline_hit_rate": 0.5432276657060519,
      "brier": 0.24998183375765926,
      "display_ready": true,
      "ece": null,
      "hit_rate": 0.5432276657060519,
      "logloss": 0.6931113490038334,
      "n": 1388
    }
  },
  "schema_version": "1",
  "total_forecasts": 1392,
  "total_resolved": 1388
}
