{
  "by_horizon": {
    "12h": {
      "base_rate": 0.5705128205128205,
      "baseline_brier": 0.2450279421433268,
      "baseline_hit_rate": 0.5705128205128205,
      "brier": 0.24937713669832595,
      "display_ready": true,
      "ece": null,
      "hit_rate": 0.5705128205128205,
      "logloss": 0.691901774659044,
      "n": 156
    },
    "1h": {
      "base_rate": 0.5283286118980169,
      "baseline_brier": 0.24919748974793152,
      "baseline_hit_rate": 0.5283286118980169,
      "brier": 0.25018646162380564,
      "display_ready": true,
      "ece": null,
      "hit_rate": 0.5283286118980169,
      "logloss": 0.6935207548781751,
      "n": 706
    },
    "24h": {
      "base_rate": 0.6410256410256411,
      "baseline_brier": 0.23011176857330704,
      "baseline_hit_rate": 0.6410256410256411,
      "brier": 0.24844416327997038,
      "display_ready": true,
      "ece": null,
      "hit_rate": 0.6410256410256411,
      "logloss": 0.6900345780134044,
      "n": 78
    },
    "4h": {
      "base_rate": 0.5382830626450116,
      "baseline_brier": 0.24853440711451813,
      "baseline_hit_rate": 0.5382830626450116,
      "brier": 0.25008887434904375,
      "display_ready": true,
      "ece": null,
      "hit_rate": 0.5382830626450116,
      "logloss": 0.6933253752358968,
      "n": 431
    }
  },
  "by_model_version": {
    "v0.1.0-baseline-shadow": {
      "base_rate": 0.5426695842450766,
      "baseline_brier": 0.2481793065803523,
      "baseline_hit_rate": 0.5426695842450766,
      "brier": 0.24996456951978208,
      "display_ready": true,
      "ece": null,
      "hit_rate": 0.5426695842450766,
      "logloss": 0.6930767787035154,
      "n": 1371
    }
  },
  "generated_at": "2026-07-15T06:30:04Z",
  "global": {
    "base_rate": 0.5426695842450766,
    "baseline_brier": 0.2481793065803523,
    "baseline_hit_rate": 0.5426695842450766,
    "brier": 0.24996456951978208,
    "display_ready": true,
    "ece": null,
    "hit_rate": 0.5426695842450766,
    "logloss": 0.6930767787035154,
    "n": 1371
  },
  "metrics_version": "metrics-v0.1.0",
  "min_n_display": 20,
  "rolling": {
    "30d": {
      "base_rate": 0.5599214145383105,
      "baseline_brier": 0.246409424079728,
      "baseline_hit_rate": 0.5599214145383105,
      "brier": 0.2501179268277543,
      "display_ready": true,
      "ece": null,
      "hit_rate": 0.5599214145383105,
      "logloss": 0.6933842907362945,
      "n": 509
    },
    "7d": {
      "base_rate": 0.5263157894736842,
      "baseline_brier": 0.2493074792243767,
      "baseline_hit_rate": 0.5263157894736842,
      "brier": 0.25065689706195093,
      "display_ready": true,
      "ece": null,
      "hit_rate": 0.5263157894736842,
      "logloss": 0.6944621352393398,
      "n": 133
    },
    "90d": {
      "base_rate": 0.5426695842450766,
      "baseline_brier": 0.2481793065803523,
      "baseline_hit_rate": 0.5426695842450766,
      "brier": 0.24996456951978208,
      "display_ready": true,
      "ece": null,
      "hit_rate": 0.5426695842450766,
      "logloss": 0.6930767787035154,
      "n": 1371
    }
  },
  "schema_version": "1",
  "total_forecasts": 1375,
  "total_resolved": 1371
}
