{
  "by_horizon": {
    "12h": {
      "base_rate": 0.5529411764705883,
      "baseline_brier": 0.24719723183391004,
      "baseline_hit_rate": 0.5529411764705883,
      "brier": 0.24997754889236928,
      "display_ready": true,
      "ece": null,
      "hit_rate": 0.5529411764705883,
      "logloss": 0.6931031011121214,
      "n": 85
    },
    "1h": {
      "base_rate": 0.511002444987775,
      "baseline_brier": 0.249878946204291,
      "baseline_hit_rate": 0.511002444987775,
      "brier": 0.2502979206041885,
      "display_ready": true,
      "ece": null,
      "hit_rate": 0.511002444987775,
      "logloss": 0.6937434482903228,
      "n": 409
    },
    "24h": {
      "base_rate": 0.6190476190476191,
      "baseline_brier": 0.23582766439909297,
      "baseline_hit_rate": 0.6190476190476191,
      "brier": 0.24873185897787634,
      "display_ready": true,
      "ece": null,
      "hit_rate": 0.6190476190476191,
      "logloss": 0.690609264403064,
      "n": 42
    },
    "4h": {
      "base_rate": 0.5189873417721519,
      "baseline_brier": 0.2496394808524275,
      "baseline_hit_rate": 0.5189873417721519,
      "brier": 0.24980955759285145,
      "display_ready": true,
      "ece": null,
      "hit_rate": 0.5189873417721519,
      "logloss": 0.6927655856455824,
      "n": 237
    }
  },
  "by_model_version": {
    "v0.1.0-baseline-shadow": {
      "base_rate": 0.5239327296248383,
      "baseline_brier": 0.24942722445270438,
      "baseline_hit_rate": 0.5239327296248383,
      "brier": 0.2500278711637013,
      "display_ready": true,
      "ece": null,
      "hit_rate": 0.5239327296248383,
      "logloss": 0.6932029325332524,
      "n": 773
    }
  },
  "generated_at": "2026-06-09T18:24:16Z",
  "global": {
    "base_rate": 0.5239327296248383,
    "baseline_brier": 0.24942722445270438,
    "baseline_hit_rate": 0.5239327296248383,
    "brier": 0.2500278711637013,
    "display_ready": true,
    "ece": null,
    "hit_rate": 0.5239327296248383,
    "logloss": 0.6932029325332524,
    "n": 773
  },
  "metrics_version": "metrics-v0.1.0",
  "min_n_display": 20,
  "rolling": {
    "30d": {
      "base_rate": 0.5239327296248383,
      "baseline_brier": 0.24942722445270438,
      "baseline_hit_rate": 0.5239327296248383,
      "brier": 0.2500278711637013,
      "display_ready": true,
      "ece": null,
      "hit_rate": 0.5239327296248383,
      "logloss": 0.6932029325332524,
      "n": 773
    },
    "7d": {
      "base_rate": 0.5239327296248383,
      "baseline_brier": 0.24942722445270438,
      "baseline_hit_rate": 0.5239327296248383,
      "brier": 0.2500278711637013,
      "display_ready": true,
      "ece": null,
      "hit_rate": 0.5239327296248383,
      "logloss": 0.6932029325332524,
      "n": 773
    },
    "90d": {
      "base_rate": 0.5239327296248383,
      "baseline_brier": 0.24942722445270438,
      "baseline_hit_rate": 0.5239327296248383,
      "brier": 0.2500278711637013,
      "display_ready": true,
      "ece": null,
      "hit_rate": 0.5239327296248383,
      "logloss": 0.6932029325332524,
      "n": 773
    }
  },
  "schema_version": "1",
  "total_forecasts": 777,
  "total_resolved": 773
}
