{
  "by_horizon": {
    "12h": {
      "base_rate": 0.5772357723577236,
      "baseline_brier": 0.2440346354683059,
      "baseline_hit_rate": 0.5772357723577236,
      "brier": 0.24919670181473874,
      "display_ready": true,
      "ece": null,
      "hit_rate": 0.5772357723577236,
      "logloss": 0.6915410053565668,
      "n": 123
    },
    "1h": {
      "base_rate": 0.5218181818181818,
      "baseline_brier": 0.2495239669421488,
      "baseline_hit_rate": 0.5218181818181818,
      "brier": 0.25018730447050147,
      "display_ready": true,
      "ece": null,
      "hit_rate": 0.5218181818181818,
      "logloss": 0.6935223301850708,
      "n": 550
    },
    "24h": {
      "base_rate": 0.6557377049180327,
      "baseline_brier": 0.22574576726686377,
      "baseline_hit_rate": 0.6557377049180327,
      "brier": 0.2480847763047276,
      "display_ready": true,
      "ece": null,
      "hit_rate": 0.6557377049180327,
      "logloss": 0.6893154518763513,
      "n": 61
    },
    "4h": {
      "base_rate": 0.551622418879056,
      "baseline_brier": 0.24733512586907527,
      "baseline_hit_rate": 0.551622418879056,
      "brier": 0.24970083292574008,
      "display_ready": true,
      "ece": null,
      "hit_rate": 0.551622418879056,
      "logloss": 0.6925489052142614,
      "n": 339
    }
  },
  "by_model_version": {
    "v0.1.0-baseline-shadow": {
      "base_rate": 0.5452003727865797,
      "baseline_brier": 0.24795692629995425,
      "baseline_hit_rate": 0.5452003727865797,
      "brier": 0.24980052702553865,
      "display_ready": true,
      "ece": null,
      "hit_rate": 0.5452003727865797,
      "logloss": 0.6927485057714248,
      "n": 1073
    }
  },
  "generated_at": "2026-06-28T16:38:07Z",
  "global": {
    "base_rate": 0.5452003727865797,
    "baseline_brier": 0.24795692629995425,
    "baseline_hit_rate": 0.5452003727865797,
    "brier": 0.24980052702553865,
    "display_ready": true,
    "ece": null,
    "hit_rate": 0.5452003727865797,
    "logloss": 0.6927485057714248,
    "n": 1073
  },
  "metrics_version": "metrics-v0.1.0",
  "min_n_display": 20,
  "rolling": {
    "30d": {
      "base_rate": 0.5452003727865797,
      "baseline_brier": 0.24795692629995425,
      "baseline_hit_rate": 0.5452003727865797,
      "brier": 0.24980052702553865,
      "display_ready": true,
      "ece": null,
      "hit_rate": 0.5452003727865797,
      "logloss": 0.6927485057714248,
      "n": 1073
    },
    "7d": {
      "base_rate": 0.49137931034482757,
      "baseline_brier": 0.24992568370986915,
      "baseline_hit_rate": 0.5086206896551724,
      "brier": 0.25086795338438267,
      "display_ready": true,
      "ece": null,
      "hit_rate": 0.49137931034482757,
      "logloss": 0.6948856537114461,
      "n": 116
    },
    "90d": {
      "base_rate": 0.5452003727865797,
      "baseline_brier": 0.24795692629995425,
      "baseline_hit_rate": 0.5452003727865797,
      "brier": 0.24980052702553865,
      "display_ready": true,
      "ece": null,
      "hit_rate": 0.5452003727865797,
      "logloss": 0.6927485057714248,
      "n": 1073
    }
  },
  "schema_version": "1",
  "total_forecasts": 1077,
  "total_resolved": 1073
}
