{
  "by_horizon": {
    "12h": {
      "base_rate": 0.5948275862068966,
      "baseline_brier": 0.2410077288941736,
      "baseline_hit_rate": 0.5948275862068966,
      "brier": 0.24911743516074833,
      "display_ready": true,
      "ece": null,
      "hit_rate": 0.5948275862068966,
      "logloss": 0.6913825608303197,
      "n": 116
    },
    "1h": {
      "base_rate": 0.5298651252408478,
      "baseline_brier": 0.24910807429434847,
      "baseline_hit_rate": 0.5298651252408478,
      "brier": 0.2501021696856658,
      "display_ready": true,
      "ece": null,
      "hit_rate": 0.5298651252408478,
      "logloss": 0.6933519812064651,
      "n": 519
    },
    "24h": {
      "base_rate": 0.6551724137931034,
      "baseline_brier": 0.2259215219976219,
      "baseline_hit_rate": 0.6551724137931034,
      "brier": 0.24799290452775993,
      "display_ready": true,
      "ece": null,
      "hit_rate": 0.6551724137931034,
      "logloss": 0.6891315004463346,
      "n": 58
    },
    "4h": {
      "base_rate": 0.5566037735849056,
      "baseline_brier": 0.2467960128159487,
      "baseline_hit_rate": 0.5566037735849056,
      "brier": 0.24956144252752036,
      "display_ready": true,
      "ece": null,
      "hit_rate": 0.5566037735849056,
      "logloss": 0.6922700017411113,
      "n": 318
    }
  },
  "by_model_version": {
    "v0.1.0-baseline-shadow": {
      "base_rate": 0.552917903066271,
      "baseline_brier": 0.24719969553506874,
      "baseline_hit_rate": 0.552917903066271,
      "brier": 0.24969809666851522,
      "display_ready": true,
      "ece": null,
      "hit_rate": 0.552917903066271,
      "logloss": 0.6925435636815365,
      "n": 1011
    }
  },
  "generated_at": "2026-06-25T04:36:04Z",
  "global": {
    "base_rate": 0.552917903066271,
    "baseline_brier": 0.24719969553506874,
    "baseline_hit_rate": 0.552917903066271,
    "brier": 0.24969809666851522,
    "display_ready": true,
    "ece": null,
    "hit_rate": 0.552917903066271,
    "logloss": 0.6925435636815365,
    "n": 1011
  },
  "metrics_version": "metrics-v0.1.0",
  "min_n_display": 20,
  "rolling": {
    "30d": {
      "base_rate": 0.552917903066271,
      "baseline_brier": 0.24719969553506874,
      "baseline_hit_rate": 0.552917903066271,
      "brier": 0.24969809666851522,
      "display_ready": true,
      "ece": null,
      "hit_rate": 0.552917903066271,
      "logloss": 0.6925435636815365,
      "n": 1011
    },
    "7d": {
      "base_rate": 0.6521739130434783,
      "baseline_brier": 0.22684310018903592,
      "baseline_hit_rate": 0.6521739130434783,
      "brier": 0.24908765717314946,
      "display_ready": true,
      "ece": null,
      "hit_rate": 0.6521739130434783,
      "logloss": 0.6913245005204115,
      "n": 115
    },
    "90d": {
      "base_rate": 0.552917903066271,
      "baseline_brier": 0.24719969553506874,
      "baseline_hit_rate": 0.552917903066271,
      "brier": 0.24969809666851522,
      "display_ready": true,
      "ece": null,
      "hit_rate": 0.552917903066271,
      "logloss": 0.6925435636815365,
      "n": 1011
    }
  },
  "schema_version": "1",
  "total_forecasts": 1015,
  "total_resolved": 1011
}
