{
  "by_horizon": {
    "12h": {
      "base_rate": 0.5964912280701754,
      "baseline_brier": 0.24068944290550937,
      "baseline_hit_rate": 0.5964912280701754,
      "brier": 0.2491267343366156,
      "display_ready": true,
      "ece": null,
      "hit_rate": 0.5964912280701754,
      "logloss": 0.6914011697610295,
      "n": 114
    },
    "1h": {
      "base_rate": 0.5322896281800391,
      "baseline_brier": 0.24895737991199482,
      "baseline_hit_rate": 0.5322896281800391,
      "brier": 0.2500354734074232,
      "display_ready": true,
      "ece": null,
      "hit_rate": 0.5322896281800391,
      "logloss": 0.6932183181656645,
      "n": 511
    },
    "24h": {
      "base_rate": 0.6491228070175439,
      "baseline_brier": 0.22776238842720836,
      "baseline_hit_rate": 0.6491228070175439,
      "brier": 0.24798094119803063,
      "display_ready": true,
      "ece": null,
      "hit_rate": 0.6491228070175439,
      "logloss": 0.6891075477701932,
      "n": 57
    },
    "4h": {
      "base_rate": 0.5527156549520766,
      "baseline_brier": 0.24722105972297362,
      "baseline_hit_rate": 0.5527156549520766,
      "brier": 0.24953555545927586,
      "display_ready": true,
      "ece": null,
      "hit_rate": 0.5527156549520766,
      "logloss": 0.6922178336620399,
      "n": 313
    }
  },
  "by_model_version": {
    "v0.1.0-baseline-shadow": {
      "base_rate": 0.5527638190954773,
      "baseline_brier": 0.24721597939445975,
      "baseline_hit_rate": 0.5527638190954773,
      "brier": 0.24965639912824975,
      "display_ready": true,
      "ece": null,
      "hit_rate": 0.5527638190954773,
      "logloss": 0.6924599056226446,
      "n": 995
    }
  },
  "generated_at": "2026-06-24T04:39:44Z",
  "global": {
    "base_rate": 0.5527638190954773,
    "baseline_brier": 0.24721597939445975,
    "baseline_hit_rate": 0.5527638190954773,
    "brier": 0.24965639912824975,
    "display_ready": true,
    "ece": null,
    "hit_rate": 0.5527638190954773,
    "logloss": 0.6924599056226446,
    "n": 995
  },
  "metrics_version": "metrics-v0.1.0",
  "min_n_display": 20,
  "rolling": {
    "30d": {
      "base_rate": 0.5527638190954773,
      "baseline_brier": 0.24721597939445975,
      "baseline_hit_rate": 0.5527638190954773,
      "brier": 0.24965639912824975,
      "display_ready": true,
      "ece": null,
      "hit_rate": 0.5527638190954773,
      "logloss": 0.6924599056226446,
      "n": 995
    },
    "7d": {
      "base_rate": 0.6607142857142857,
      "baseline_brier": 0.22417091836734696,
      "baseline_hit_rate": 0.6607142857142857,
      "brier": 0.24866394590613106,
      "display_ready": true,
      "ece": null,
      "hit_rate": 0.6607142857142857,
      "logloss": 0.6904749040742442,
      "n": 112
    },
    "90d": {
      "base_rate": 0.5527638190954773,
      "baseline_brier": 0.24721597939445975,
      "baseline_hit_rate": 0.5527638190954773,
      "brier": 0.24965639912824975,
      "display_ready": true,
      "ece": null,
      "hit_rate": 0.5527638190954773,
      "logloss": 0.6924599056226446,
      "n": 995
    }
  },
  "schema_version": "1",
  "total_forecasts": 999,
  "total_resolved": 995
}
