{
  "by_horizon": {
    "12h": {
      "base_rate": 0.5637583892617449,
      "baseline_brier": 0.24593486779874782,
      "baseline_hit_rate": 0.5637583892617449,
      "brier": 0.249518185158352,
      "display_ready": true,
      "ece": null,
      "hit_rate": 0.5637583892617449,
      "logloss": 0.6921840271269282,
      "n": 149
    },
    "1h": {
      "base_rate": 0.5284431137724551,
      "baseline_brier": 0.24919098927892716,
      "baseline_hit_rate": 0.5284431137724551,
      "brier": 0.2502190781830768,
      "display_ready": true,
      "ece": null,
      "hit_rate": 0.5284431137724551,
      "logloss": 0.6935859814057307,
      "n": 668
    },
    "24h": {
      "base_rate": 0.6486486486486487,
      "baseline_brier": 0.22790357925493057,
      "baseline_hit_rate": 0.6486486486486487,
      "brier": 0.24821168004606317,
      "display_ready": true,
      "ece": null,
      "hit_rate": 0.6486486486486487,
      "logloss": 0.6895695274370353,
      "n": 74
    },
    "4h": {
      "base_rate": 0.5450121654501217,
      "baseline_brier": 0.24797390496149088,
      "baseline_hit_rate": 0.5450121654501217,
      "brier": 0.24994609145232477,
      "display_ready": true,
      "ece": null,
      "hit_rate": 0.5450121654501217,
      "logloss": 0.6930396376586591,
      "n": 411
    }
  },
  "by_model_version": {
    "v0.1.0-baseline-shadow": {
      "base_rate": 0.5445468509984639,
      "baseline_brier": 0.24801557806612065,
      "baseline_hit_rate": 0.5445468509984639,
      "brier": 0.24993860347557906,
      "display_ready": true,
      "ece": null,
      "hit_rate": 0.5445468509984639,
      "logloss": 0.6930248016351689,
      "n": 1302
    }
  },
  "generated_at": "2026-07-11T21:08:55Z",
  "global": {
    "base_rate": 0.5445468509984639,
    "baseline_brier": 0.24801557806612065,
    "baseline_hit_rate": 0.5445468509984639,
    "brier": 0.24993860347557906,
    "display_ready": true,
    "ece": null,
    "hit_rate": 0.5445468509984639,
    "logloss": 0.6930248016351689,
    "n": 1302
  },
  "metrics_version": "metrics-v0.1.0",
  "min_n_display": 20,
  "rolling": {
    "30d": {
      "base_rate": 0.5763052208835341,
      "baseline_brier": 0.24417751326591508,
      "baseline_hit_rate": 0.5763052208835341,
      "brier": 0.24983363639631498,
      "display_ready": true,
      "ece": null,
      "hit_rate": 0.5763052208835341,
      "logloss": 0.6928154605125774,
      "n": 498
    },
    "7d": {
      "base_rate": 0.456,
      "baseline_brier": 0.24806400000000003,
      "baseline_hit_rate": 0.544,
      "brier": 0.2515085629249171,
      "display_ready": true,
      "ece": null,
      "hit_rate": 0.456,
      "logloss": 0.6961654159471528,
      "n": 125
    },
    "90d": {
      "base_rate": 0.5445468509984639,
      "baseline_brier": 0.24801557806612065,
      "baseline_hit_rate": 0.5445468509984639,
      "brier": 0.24993860347557906,
      "display_ready": true,
      "ece": null,
      "hit_rate": 0.5445468509984639,
      "logloss": 0.6930248016351689,
      "n": 1302
    }
  },
  "schema_version": "1",
  "total_forecasts": 1306,
  "total_resolved": 1302
}
