{
  "by_horizon": {
    "12h": {
      "base_rate": 0.5882352941176471,
      "baseline_brier": 0.2422145328719723,
      "baseline_hit_rate": 0.5882352941176471,
      "brier": 0.24912619982382828,
      "display_ready": true,
      "ece": null,
      "hit_rate": 0.5882352941176471,
      "logloss": 0.6914000142360712,
      "n": 119
    },
    "1h": {
      "base_rate": 0.5243445692883895,
      "baseline_brier": 0.2494073419461628,
      "baseline_hit_rate": 0.5243445692883895,
      "brier": 0.25023119378444714,
      "display_ready": true,
      "ece": null,
      "hit_rate": 0.5243445692883895,
      "logloss": 0.6936101370995476,
      "n": 534
    },
    "24h": {
      "base_rate": 0.6610169491525424,
      "baseline_brier": 0.2240735420856076,
      "baseline_hit_rate": 0.6610169491525424,
      "brier": 0.24780184053232435,
      "display_ready": true,
      "ece": null,
      "hit_rate": 0.6610169491525424,
      "logloss": 0.6887492896305644,
      "n": 59
    },
    "4h": {
      "base_rate": 0.5487804878048781,
      "baseline_brier": 0.24762046400951815,
      "baseline_hit_rate": 0.5487804878048781,
      "brier": 0.24972312349383005,
      "display_ready": true,
      "ece": null,
      "hit_rate": 0.5487804878048781,
      "logloss": 0.6925934882502415,
      "n": 328
    }
  },
  "by_model_version": {
    "v0.1.0-baseline-shadow": {
      "base_rate": 0.5471153846153847,
      "baseline_brier": 0.24778014053254438,
      "baseline_hit_rate": 0.5471153846153847,
      "brier": 0.24980670034357086,
      "display_ready": true,
      "ece": null,
      "hit_rate": 0.5471153846153847,
      "logloss": 0.6927608530187821,
      "n": 1040
    }
  },
  "generated_at": "2026-06-26T23:19:22Z",
  "global": {
    "base_rate": 0.5471153846153847,
    "baseline_brier": 0.24778014053254438,
    "baseline_hit_rate": 0.5471153846153847,
    "brier": 0.24980670034357086,
    "display_ready": true,
    "ece": null,
    "hit_rate": 0.5471153846153847,
    "logloss": 0.6927608530187821,
    "n": 1040
  },
  "metrics_version": "metrics-v0.1.0",
  "min_n_display": 20,
  "rolling": {
    "30d": {
      "base_rate": 0.5471153846153847,
      "baseline_brier": 0.24778014053254438,
      "baseline_hit_rate": 0.5471153846153847,
      "brier": 0.24980670034357086,
      "display_ready": true,
      "ece": null,
      "hit_rate": 0.5471153846153847,
      "logloss": 0.6927608530187821,
      "n": 1040
    },
    "7d": {
      "base_rate": 0.5877192982456141,
      "baseline_brier": 0.242305324715297,
      "baseline_hit_rate": 0.5877192982456141,
      "brier": 0.25002127904122484,
      "display_ready": true,
      "ece": null,
      "hit_rate": 0.5877192982456141,
      "logloss": 0.6931922026436269,
      "n": 114
    },
    "90d": {
      "base_rate": 0.5471153846153847,
      "baseline_brier": 0.24778014053254438,
      "baseline_hit_rate": 0.5471153846153847,
      "brier": 0.24980670034357086,
      "display_ready": true,
      "ece": null,
      "hit_rate": 0.5471153846153847,
      "logloss": 0.6927608530187821,
      "n": 1040
    }
  },
  "schema_version": "1",
  "total_forecasts": 1043,
  "total_resolved": 1040
}
