{
  "by_horizon": {
    "12h": {
      "base_rate": 0.5714285714285714,
      "baseline_brier": 0.2448979591836735,
      "baseline_hit_rate": 0.5714285714285714,
      "brier": 0.2495177516747886,
      "display_ready": true,
      "ece": null,
      "hit_rate": 0.5714285714285714,
      "logloss": 0.6921831820877208,
      "n": 168
    },
    "1h": {
      "base_rate": 0.528957528957529,
      "baseline_brier": 0.2491614615166739,
      "baseline_hit_rate": 0.528957528957529,
      "brier": 0.25011965111952594,
      "display_ready": true,
      "ece": null,
      "hit_rate": 0.528957528957529,
      "logloss": 0.6933870672549843,
      "n": 777
    },
    "24h": {
      "base_rate": 0.6309523809523809,
      "baseline_brier": 0.2328514739229025,
      "baseline_hit_rate": 0.6309523809523809,
      "brier": 0.24897295422156468,
      "display_ready": true,
      "ece": null,
      "hit_rate": 0.6309523809523809,
      "logloss": 0.6910927019713022,
      "n": 84
    },
    "4h": {
      "base_rate": 0.5470085470085471,
      "baseline_brier": 0.24779019650814524,
      "baseline_hit_rate": 0.5470085470085471,
      "brier": 0.24998511830632283,
      "display_ready": true,
      "ece": null,
      "hit_rate": 0.5470085470085471,
      "logloss": 0.6931178445975366,
      "n": 468
    }
  },
  "by_model_version": {
    "v0.1.0-baseline-shadow": {
      "base_rate": 0.5450901803607214,
      "baseline_brier": 0.2479668756350376,
      "baseline_hit_rate": 0.5450901803607214,
      "brier": 0.24994570121790693,
      "display_ready": true,
      "ece": null,
      "hit_rate": 0.5450901803607214,
      "logloss": 0.6930390541650611,
      "n": 1497
    }
  },
  "generated_at": "2026-07-21T11:57:14Z",
  "global": {
    "base_rate": 0.5450901803607214,
    "baseline_brier": 0.2479668756350376,
    "baseline_hit_rate": 0.5450901803607214,
    "brier": 0.24994570121790693,
    "display_ready": true,
    "ece": null,
    "hit_rate": 0.5450901803607214,
    "logloss": 0.6930390541650611,
    "n": 1497
  },
  "metrics_version": "metrics-v0.1.0",
  "min_n_display": 20,
  "rolling": {
    "30d": {
      "base_rate": 0.5357798165137615,
      "baseline_brier": 0.24871980473024158,
      "baseline_hit_rate": 0.5357798165137615,
      "brier": 0.2504222222354762,
      "display_ready": true,
      "ece": null,
      "hit_rate": 0.5357798165137615,
      "logloss": 0.6939929342047477,
      "n": 545
    },
    "7d": {
      "base_rate": 0.5734265734265734,
      "baseline_brier": 0.24460853831483204,
      "baseline_hit_rate": 0.5734265734265734,
      "brier": 0.24967447419798425,
      "display_ready": true,
      "ece": null,
      "hit_rate": 0.5734265734265734,
      "logloss": 0.6924971894213987,
      "n": 143
    },
    "90d": {
      "base_rate": 0.5450901803607214,
      "baseline_brier": 0.2479668756350376,
      "baseline_hit_rate": 0.5450901803607214,
      "brier": 0.24994570121790693,
      "display_ready": true,
      "ece": null,
      "hit_rate": 0.5450901803607214,
      "logloss": 0.6930390541650611,
      "n": 1497
    }
  },
  "schema_version": "1",
  "total_forecasts": 1500,
  "total_resolved": 1497
}
