{
  "by_horizon": {
    "12h": {
      "base_rate": 0.5714285714285714,
      "baseline_brier": 0.24489795918367346,
      "baseline_hit_rate": 0.5714285714285714,
      "brier": 0.24941930564530376,
      "display_ready": true,
      "ece": null,
      "hit_rate": 0.5714285714285714,
      "logloss": 0.691986194865111,
      "n": 154
    },
    "1h": {
      "base_rate": 0.5272988505747126,
      "baseline_brier": 0.24925477275729951,
      "baseline_hit_rate": 0.5272988505747126,
      "brier": 0.25021955250405586,
      "display_ready": true,
      "ece": null,
      "hit_rate": 0.5272988505747126,
      "logloss": 0.6935868976124703,
      "n": 696
    },
    "24h": {
      "base_rate": 0.6493506493506493,
      "baseline_brier": 0.22769438353853938,
      "baseline_hit_rate": 0.6493506493506493,
      "brier": 0.24829874686643189,
      "display_ready": true,
      "ece": null,
      "hit_rate": 0.6493506493506493,
      "logloss": 0.6897437025170247,
      "n": 77
    },
    "4h": {
      "base_rate": 0.5375586854460094,
      "baseline_brier": 0.24858934514756773,
      "baseline_hit_rate": 0.5375586854460094,
      "brier": 0.2500675211960368,
      "display_ready": true,
      "ece": null,
      "hit_rate": 0.5375586854460094,
      "logloss": 0.6932825522681603,
      "n": 426
    }
  },
  "by_model_version": {
    "v0.1.0-baseline-shadow": {
      "base_rate": 0.5424981522542498,
      "baseline_brier": 0.2481939070549746,
      "baseline_hit_rate": 0.5424981522542498,
      "brier": 0.2499712854031239,
      "display_ready": true,
      "ece": null,
      "hit_rate": 0.5424981522542498,
      "logloss": 0.6930901604638239,
      "n": 1353
    }
  },
  "generated_at": "2026-07-14T09:14:17Z",
  "global": {
    "base_rate": 0.5424981522542498,
    "baseline_brier": 0.2481939070549746,
    "baseline_hit_rate": 0.5424981522542498,
    "brier": 0.2499712854031239,
    "display_ready": true,
    "ece": null,
    "hit_rate": 0.5424981522542498,
    "logloss": 0.6930901604638239,
    "n": 1353
  },
  "metrics_version": "metrics-v0.1.0",
  "min_n_display": 20,
  "rolling": {
    "30d": {
      "base_rate": 0.5562130177514792,
      "baseline_brier": 0.24684009663527187,
      "baseline_hit_rate": 0.5562130177514792,
      "brier": 0.25013295870324237,
      "display_ready": true,
      "ece": null,
      "hit_rate": 0.5562130177514792,
      "logloss": 0.6934141714857662,
      "n": 507
    },
    "7d": {
      "base_rate": 0.48091603053435117,
      "baseline_brier": 0.24963580210943417,
      "baseline_hit_rate": 0.5190839694656488,
      "brier": 0.25120119727650475,
      "display_ready": true,
      "ece": null,
      "hit_rate": 0.48091603053435117,
      "logloss": 0.69555034376144,
      "n": 131
    },
    "90d": {
      "base_rate": 0.5424981522542498,
      "baseline_brier": 0.2481939070549746,
      "baseline_hit_rate": 0.5424981522542498,
      "brier": 0.2499712854031239,
      "display_ready": true,
      "ece": null,
      "hit_rate": 0.5424981522542498,
      "logloss": 0.6930901604638239,
      "n": 1353
    }
  },
  "schema_version": "1",
  "total_forecasts": 1355,
  "total_resolved": 1353
}
