{
  "by_horizon": {
    "12h": {
      "base_rate": 0.5925925925925926,
      "baseline_brier": 0.2414266117969822,
      "baseline_hit_rate": 0.5925925925925926,
      "brier": 0.24892959871855813,
      "display_ready": true,
      "ece": null,
      "hit_rate": 0.5925925925925926,
      "logloss": 0.6910064990716093,
      "n": 135
    },
    "1h": {
      "base_rate": 0.53,
      "baseline_brier": 0.24910000000000002,
      "baseline_hit_rate": 0.53,
      "brier": 0.25016555925749934,
      "display_ready": true,
      "ece": null,
      "hit_rate": 0.53,
      "logloss": 0.6934789392402696,
      "n": 600
    },
    "24h": {
      "base_rate": 0.6567164179104478,
      "baseline_brier": 0.2254399643573179,
      "baseline_hit_rate": 0.6567164179104478,
      "brier": 0.24813525013144686,
      "display_ready": true,
      "ece": null,
      "hit_rate": 0.6567164179104478,
      "logloss": 0.6894164860024029,
      "n": 67
    },
    "4h": {
      "base_rate": 0.555256064690027,
      "baseline_brier": 0.24694676731497153,
      "baseline_hit_rate": 0.555256064690027,
      "brier": 0.24982058278332359,
      "display_ready": true,
      "ece": null,
      "hit_rate": 0.555256064690027,
      "logloss": 0.6927885808077859,
      "n": 371
    }
  },
  "by_model_version": {
    "v0.1.0-baseline-shadow": {
      "base_rate": 0.5524296675191815,
      "baseline_brier": 0.24725112996382806,
      "baseline_hit_rate": 0.5524296675191815,
      "brier": 0.2497982347424765,
      "display_ready": true,
      "ece": null,
      "hit_rate": 0.5524296675191815,
      "logloss": 0.6927439974089331,
      "n": 1173
    }
  },
  "generated_at": "2026-07-04T16:17:01Z",
  "global": {
    "base_rate": 0.5524296675191815,
    "baseline_brier": 0.24725112996382806,
    "baseline_hit_rate": 0.5524296675191815,
    "brier": 0.2497982347424765,
    "display_ready": true,
    "ece": null,
    "hit_rate": 0.5524296675191815,
    "logloss": 0.6927439974089331,
    "n": 1173
  },
  "metrics_version": "metrics-v0.1.0",
  "min_n_display": 20,
  "rolling": {
    "30d": {
      "base_rate": 0.5524296675191815,
      "baseline_brier": 0.24725112996382806,
      "baseline_hit_rate": 0.5524296675191815,
      "brier": 0.2497982347424765,
      "display_ready": true,
      "ece": null,
      "hit_rate": 0.5524296675191815,
      "logloss": 0.6927439974089331,
      "n": 1173
    },
    "7d": {
      "base_rate": 0.5714285714285714,
      "baseline_brier": 0.24489795918367346,
      "baseline_hit_rate": 0.5714285714285714,
      "brier": 0.2500447756903664,
      "display_ready": true,
      "ece": null,
      "hit_rate": 0.5714285714285714,
      "logloss": 0.6932377202910468,
      "n": 119
    },
    "90d": {
      "base_rate": 0.5524296675191815,
      "baseline_brier": 0.24725112996382806,
      "baseline_hit_rate": 0.5524296675191815,
      "brier": 0.2497982347424765,
      "display_ready": true,
      "ece": null,
      "hit_rate": 0.5524296675191815,
      "logloss": 0.6927439974089331,
      "n": 1173
    }
  },
  "schema_version": "1",
  "total_forecasts": 1177,
  "total_resolved": 1173
}
