{
  "by_horizon": {
    "12h": {
      "base_rate": 0.576,
      "baseline_brier": 0.24422400000000002,
      "baseline_hit_rate": 0.576,
      "brier": 0.24925648543610393,
      "display_ready": true,
      "ece": null,
      "hit_rate": 0.576,
      "logloss": 0.6916605761136073,
      "n": 125
    },
    "1h": {
      "base_rate": 0.5205724508050089,
      "baseline_brier": 0.2495767742678755,
      "baseline_hit_rate": 0.5205724508050089,
      "brier": 0.2502344139756114,
      "display_ready": true,
      "ece": null,
      "hit_rate": 0.5205724508050089,
      "logloss": 0.6936165567391145,
      "n": 559
    },
    "24h": {
      "base_rate": 0.6612903225806451,
      "baseline_brier": 0.22398543184183142,
      "baseline_hit_rate": 0.6612903225806451,
      "brier": 0.2480316454183736,
      "display_ready": true,
      "ece": null,
      "hit_rate": 0.6612903225806451,
      "logloss": 0.6892092046409473,
      "n": 62
    },
    "4h": {
      "base_rate": 0.5507246376811594,
      "baseline_brier": 0.24742701113211507,
      "baseline_hit_rate": 0.5507246376811594,
      "brier": 0.24974067001738556,
      "display_ready": true,
      "ece": null,
      "hit_rate": 0.5507246376811594,
      "logloss": 0.6926285850963044,
      "n": 345
    }
  },
  "by_model_version": {
    "v0.1.0-baseline-shadow": {
      "base_rate": 0.5444546287809349,
      "baseline_brier": 0.24802378597994923,
      "baseline_hit_rate": 0.5444546287809349,
      "brier": 0.2498410552372291,
      "display_ready": true,
      "ece": null,
      "hit_rate": 0.5444546287809349,
      "logloss": 0.6928295689984689,
      "n": 1091
    }
  },
  "generated_at": "2026-06-29T20:16:58Z",
  "global": {
    "base_rate": 0.5444546287809349,
    "baseline_brier": 0.24802378597994923,
    "baseline_hit_rate": 0.5444546287809349,
    "brier": 0.2498410552372291,
    "display_ready": true,
    "ece": null,
    "hit_rate": 0.5444546287809349,
    "logloss": 0.6928295689984689,
    "n": 1091
  },
  "metrics_version": "metrics-v0.1.0",
  "min_n_display": 20,
  "rolling": {
    "30d": {
      "base_rate": 0.5444546287809349,
      "baseline_brier": 0.24802378597994923,
      "baseline_hit_rate": 0.5444546287809349,
      "brier": 0.2498410552372291,
      "display_ready": true,
      "ece": null,
      "hit_rate": 0.5444546287809349,
      "logloss": 0.6928295689984689,
      "n": 1091
    },
    "7d": {
      "base_rate": 0.4583333333333333,
      "baseline_brier": 0.2482638888888889,
      "baseline_hit_rate": 0.5416666666666667,
      "brier": 0.25134155859063206,
      "display_ready": true,
      "ece": null,
      "hit_rate": 0.4583333333333333,
      "logloss": 0.6958328835140406,
      "n": 120
    },
    "90d": {
      "base_rate": 0.5444546287809349,
      "baseline_brier": 0.24802378597994923,
      "baseline_hit_rate": 0.5444546287809349,
      "brier": 0.2498410552372291,
      "display_ready": true,
      "ece": null,
      "hit_rate": 0.5444546287809349,
      "logloss": 0.6928295689984689,
      "n": 1091
    }
  },
  "schema_version": "1",
  "total_forecasts": 1095,
  "total_resolved": 1091
}
