{
  "by_horizon": {
    "12h": {
      "base_rate": 0.6,
      "baseline_brier": 0.24,
      "baseline_hit_rate": 0.6,
      "brier": 0.24908334078702665,
      "display_ready": true,
      "ece": null,
      "hit_rate": 0.6,
      "logloss": 0.691314199593813,
      "n": 100
    },
    "1h": {
      "base_rate": 0.5195652173913043,
      "baseline_brier": 0.24961720226843098,
      "baseline_hit_rate": 0.5195652173913043,
      "brier": 0.2501417517402153,
      "display_ready": true,
      "ece": null,
      "hit_rate": 0.5195652173913043,
      "logloss": 0.6934309169870077,
      "n": 460
    },
    "24h": {
      "base_rate": 0.64,
      "baseline_brier": 0.2304,
      "baseline_hit_rate": 0.64,
      "brier": 0.24783240697472894,
      "display_ready": true,
      "ece": null,
      "hit_rate": 0.64,
      "logloss": 0.688810166334,
      "n": 50
    },
    "4h": {
      "base_rate": 0.5342960288808665,
      "baseline_brier": 0.24882378240300276,
      "baseline_hit_rate": 0.5342960288808665,
      "brier": 0.24975348742614906,
      "display_ready": true,
      "ece": null,
      "hit_rate": 0.5342960288808665,
      "logloss": 0.6926537792279283,
      "n": 277
    }
  },
  "by_model_version": {
    "v0.1.0-baseline-shadow": {
      "base_rate": 0.5400225479143179,
      "baseline_brier": 0.24839819565844615,
      "baseline_hit_rate": 0.5400225479143179,
      "brier": 0.2497709991487953,
      "display_ready": true,
      "ece": null,
      "hit_rate": 0.5400225479143179,
      "logloss": 0.6926891171772729,
      "n": 887
    }
  },
  "generated_at": "2026-06-17T05:07:39Z",
  "global": {
    "base_rate": 0.5400225479143179,
    "baseline_brier": 0.24839819565844615,
    "baseline_hit_rate": 0.5400225479143179,
    "brier": 0.2497709991487953,
    "display_ready": true,
    "ece": null,
    "hit_rate": 0.5400225479143179,
    "logloss": 0.6926891171772729,
    "n": 887
  },
  "metrics_version": "metrics-v0.1.0",
  "min_n_display": 20,
  "rolling": {
    "30d": {
      "base_rate": 0.5400225479143179,
      "baseline_brier": 0.24839819565844615,
      "baseline_hit_rate": 0.5400225479143179,
      "brier": 0.2497709991487953,
      "display_ready": true,
      "ece": null,
      "hit_rate": 0.5400225479143179,
      "logloss": 0.6926891171772729,
      "n": 887
    },
    "7d": {
      "base_rate": 0.6571428571428571,
      "baseline_brier": 0.2253061224489796,
      "baseline_hit_rate": 0.6571428571428571,
      "brier": 0.24764606597760075,
      "display_ready": true,
      "ece": null,
      "hit_rate": 0.6571428571428571,
      "logloss": 0.6884381292088201,
      "n": 105
    },
    "90d": {
      "base_rate": 0.5400225479143179,
      "baseline_brier": 0.24839819565844615,
      "baseline_hit_rate": 0.5400225479143179,
      "brier": 0.2497709991487953,
      "display_ready": true,
      "ece": null,
      "hit_rate": 0.5400225479143179,
      "logloss": 0.6926891171772729,
      "n": 887
    }
  },
  "schema_version": "1",
  "total_forecasts": 887,
  "total_resolved": 887
}
