{
  "by_horizon": {
    "12h": {
      "base_rate": 0.5679012345679012,
      "baseline_brier": 0.24538942234415487,
      "baseline_hit_rate": 0.5679012345679012,
      "brier": 0.24951654277542695,
      "display_ready": true,
      "ece": null,
      "hit_rate": 0.5679012345679012,
      "logloss": 0.6921807730086494,
      "n": 162
    },
    "1h": {
      "base_rate": 0.5276653171390013,
      "baseline_brier": 0.24923463022759848,
      "baseline_hit_rate": 0.5276653171390013,
      "brier": 0.2501901960561304,
      "display_ready": true,
      "ece": null,
      "hit_rate": 0.5276653171390013,
      "logloss": 0.6935282017525207,
      "n": 741
    },
    "24h": {
      "base_rate": 0.6296296296296297,
      "baseline_brier": 0.23319615912208505,
      "baseline_hit_rate": 0.6296296296296297,
      "brier": 0.2489107180523578,
      "display_ready": true,
      "ece": null,
      "hit_rate": 0.6296296296296297,
      "logloss": 0.6909681935182765,
      "n": 81
    },
    "4h": {
      "base_rate": 0.5422222222222223,
      "baseline_brier": 0.24821728395061726,
      "baseline_hit_rate": 0.5422222222222223,
      "brier": 0.2500889661440389,
      "display_ready": true,
      "ece": null,
      "hit_rate": 0.5422222222222223,
      "logloss": 0.6933255844244708,
      "n": 450
    }
  },
  "by_model_version": {
    "v0.1.0-baseline-shadow": {
      "base_rate": 0.5425383542538355,
      "baseline_brier": 0.24819048841737523,
      "baseline_hit_rate": 0.5425383542538355,
      "brier": 0.2500100544869388,
      "display_ready": true,
      "ece": null,
      "hit_rate": 0.5425383542538355,
      "logloss": 0.6931677959497987,
      "n": 1434
    }
  },
  "generated_at": "2026-07-18T10:42:17Z",
  "global": {
    "base_rate": 0.5425383542538355,
    "baseline_brier": 0.24819048841737523,
    "baseline_hit_rate": 0.5425383542538355,
    "brier": 0.2500100544869388,
    "display_ready": true,
    "ece": null,
    "hit_rate": 0.5425383542538355,
    "logloss": 0.6931677959497987,
    "n": 1434
  },
  "metrics_version": "metrics-v0.1.0",
  "min_n_display": 20,
  "rolling": {
    "30d": {
      "base_rate": 0.5469924812030075,
      "baseline_brier": 0.247791706710385,
      "baseline_hit_rate": 0.5469924812030075,
      "brier": 0.25037441225408574,
      "display_ready": true,
      "ece": null,
      "hit_rate": 0.5469924812030075,
      "logloss": 0.6938973997843265,
      "n": 532
    },
    "7d": {
      "base_rate": 0.5352112676056338,
      "baseline_brier": 0.24876016663360445,
      "baseline_hit_rate": 0.5352112676056338,
      "brier": 0.2506440343301132,
      "display_ready": true,
      "ece": null,
      "hit_rate": 0.5352112676056338,
      "logloss": 0.6944365667699739,
      "n": 142
    },
    "90d": {
      "base_rate": 0.5425383542538355,
      "baseline_brier": 0.24819048841737523,
      "baseline_hit_rate": 0.5425383542538355,
      "brier": 0.2500100544869388,
      "display_ready": true,
      "ece": null,
      "hit_rate": 0.5425383542538355,
      "logloss": 0.6931677959497987,
      "n": 1434
    }
  },
  "schema_version": "1",
  "total_forecasts": 1438,
  "total_resolved": 1434
}
