{
  "by_horizon": {
    "12h": {
      "base_rate": 0.5859375,
      "baseline_brier": 0.24261474609375,
      "baseline_hit_rate": 0.5859375,
      "brier": 0.24908653116759558,
      "display_ready": true,
      "ece": null,
      "hit_rate": 0.5859375,
      "logloss": 0.6913205583803458,
      "n": 128
    },
    "1h": {
      "base_rate": 0.5183887915936952,
      "baseline_brier": 0.24966185234372362,
      "baseline_hit_rate": 0.5183887915936952,
      "brier": 0.2502951719932252,
      "display_ready": true,
      "ece": null,
      "hit_rate": 0.5183887915936952,
      "logloss": 0.6937381203567495,
      "n": 571
    },
    "24h": {
      "base_rate": 0.65625,
      "baseline_brier": 0.2255859375,
      "baseline_hit_rate": 0.65625,
      "brier": 0.24817576791601365,
      "display_ready": true,
      "ece": null,
      "hit_rate": 0.65625,
      "logloss": 0.6894975088496924,
      "n": 64
    },
    "4h": {
      "base_rate": 0.546742209631728,
      "baseline_brier": 0.24781516583874358,
      "baseline_hit_rate": 0.546742209631728,
      "brier": 0.2498507430875245,
      "display_ready": true,
      "ece": null,
      "hit_rate": 0.546742209631728,
      "logloss": 0.6928488207338038,
      "n": 353
    }
  },
  "by_model_version": {
    "v0.1.0-baseline-shadow": {
      "base_rate": 0.543010752688172,
      "baseline_brier": 0.2481500751531969,
      "baseline_hit_rate": 0.543010752688172,
      "brier": 0.24989442710941295,
      "display_ready": true,
      "ece": null,
      "hit_rate": 0.543010752688172,
      "logloss": 0.6929363552704312,
      "n": 1116
    }
  },
  "generated_at": "2026-07-01T10:08:42Z",
  "global": {
    "base_rate": 0.543010752688172,
    "baseline_brier": 0.2481500751531969,
    "baseline_hit_rate": 0.543010752688172,
    "brier": 0.24989442710941295,
    "display_ready": true,
    "ece": null,
    "hit_rate": 0.543010752688172,
    "logloss": 0.6929363552704312,
    "n": 1116
  },
  "metrics_version": "metrics-v0.1.0",
  "min_n_display": 20,
  "rolling": {
    "30d": {
      "base_rate": 0.543010752688172,
      "baseline_brier": 0.2481500751531969,
      "baseline_hit_rate": 0.543010752688172,
      "brier": 0.24989442710941295,
      "display_ready": true,
      "ece": null,
      "hit_rate": 0.543010752688172,
      "logloss": 0.6929363552704312,
      "n": 1116
    },
    "7d": {
      "base_rate": 0.46218487394957986,
      "baseline_brier": 0.24857001624179084,
      "baseline_hit_rate": 0.5378151260504201,
      "brier": 0.2518828571422057,
      "display_ready": true,
      "ece": null,
      "hit_rate": 0.46218487394957986,
      "logloss": 0.6969165124619959,
      "n": 119
    },
    "90d": {
      "base_rate": 0.543010752688172,
      "baseline_brier": 0.2481500751531969,
      "baseline_hit_rate": 0.543010752688172,
      "brier": 0.24989442710941295,
      "display_ready": true,
      "ece": null,
      "hit_rate": 0.543010752688172,
      "logloss": 0.6929363552704312,
      "n": 1116
    }
  },
  "schema_version": "1",
  "total_forecasts": 1118,
  "total_resolved": 1116
}
