{
  "by_horizon": {
    "12h": {
      "base_rate": 0.5714285714285714,
      "baseline_brier": 0.2448979591836735,
      "baseline_hit_rate": 0.5714285714285714,
      "brier": 0.2494561270107476,
      "display_ready": true,
      "ece": null,
      "hit_rate": 0.5714285714285714,
      "logloss": 0.6920599317219565,
      "n": 161
    },
    "1h": {
      "base_rate": 0.5245901639344263,
      "baseline_brier": 0.24939532383767804,
      "baseline_hit_rate": 0.5245901639344263,
      "brier": 0.25024460107684937,
      "display_ready": true,
      "ece": null,
      "hit_rate": 0.5245901639344263,
      "logloss": 0.6936370299034726,
      "n": 732
    },
    "24h": {
      "base_rate": 0.6375,
      "baseline_brier": 0.23109375000000001,
      "baseline_hit_rate": 0.6375,
      "brier": 0.24876606971771062,
      "display_ready": true,
      "ece": null,
      "hit_rate": 0.6375,
      "logloss": 0.6906788537454258,
      "n": 80
    },
    "4h": {
      "base_rate": 0.5403587443946188,
      "baseline_brier": 0.24837117175088982,
      "baseline_hit_rate": 0.5403587443946188,
      "brier": 0.25011573823332317,
      "display_ready": true,
      "ece": null,
      "hit_rate": 0.5403587443946188,
      "logloss": 0.6933791325864366,
      "n": 446
    }
  },
  "by_model_version": {
    "v0.1.0-baseline-shadow": {
      "base_rate": 0.5412262156448203,
      "baseline_brier": 0.24830039914360677,
      "baseline_hit_rate": 0.5412262156448203,
      "brier": 0.25003128207643627,
      "display_ready": true,
      "ece": null,
      "hit_rate": 0.5412262156448203,
      "logloss": 0.6932102581605086,
      "n": 1419
    }
  },
  "generated_at": "2026-07-17T17:32:41Z",
  "global": {
    "base_rate": 0.5412262156448203,
    "baseline_brier": 0.24830039914360677,
    "baseline_hit_rate": 0.5412262156448203,
    "brier": 0.25003128207643627,
    "display_ready": true,
    "ece": null,
    "hit_rate": 0.5412262156448203,
    "logloss": 0.6932102581605086,
    "n": 1419
  },
  "metrics_version": "metrics-v0.1.0",
  "min_n_display": 20,
  "rolling": {
    "30d": {
      "base_rate": 0.540796963946869,
      "baseline_brier": 0.24833560773271787,
      "baseline_hit_rate": 0.540796963946869,
      "brier": 0.2505023334986321,
      "display_ready": true,
      "ece": null,
      "hit_rate": 0.540796963946869,
      "logloss": 0.6941533368508449,
      "n": 527
    },
    "7d": {
      "base_rate": 0.5177304964539007,
      "baseline_brier": 0.2496856294954982,
      "baseline_hit_rate": 0.5177304964539007,
      "brier": 0.25102486425690324,
      "display_ready": true,
      "ece": null,
      "hit_rate": 0.5177304964539007,
      "logloss": 0.6951983321453914,
      "n": 141
    },
    "90d": {
      "base_rate": 0.5412262156448203,
      "baseline_brier": 0.24830039914360677,
      "baseline_hit_rate": 0.5412262156448203,
      "brier": 0.25003128207643627,
      "display_ready": true,
      "ece": null,
      "hit_rate": 0.5412262156448203,
      "logloss": 0.6932102581605086,
      "n": 1419
    }
  },
  "schema_version": "1",
  "total_forecasts": 1423,
  "total_resolved": 1419
}
