{
  "by_horizon": {
    "12h": {
      "base_rate": 0.5660377358490566,
      "baseline_brier": 0.2456390174439302,
      "baseline_hit_rate": 0.5660377358490566,
      "brier": 0.24958421316853432,
      "display_ready": true,
      "ece": null,
      "hit_rate": 0.5660377358490566,
      "logloss": 0.692316152619404,
      "n": 159
    },
    "1h": {
      "base_rate": 0.5269709543568465,
      "baseline_brier": 0.24927256762108088,
      "baseline_hit_rate": 0.5269709543568465,
      "brier": 0.2502019117224613,
      "display_ready": true,
      "ece": null,
      "hit_rate": 0.5269709543568465,
      "logloss": 0.6935516401772563,
      "n": 723
    },
    "24h": {
      "base_rate": 0.6329113924050633,
      "baseline_brier": 0.23233456176894726,
      "baseline_hit_rate": 0.6329113924050633,
      "brier": 0.24876630274045292,
      "display_ready": true,
      "ece": null,
      "hit_rate": 0.6329113924050633,
      "logloss": 0.6906793139554366,
      "n": 79
    },
    "4h": {
      "base_rate": 0.5396825396825397,
      "baseline_brier": 0.24842529604434366,
      "baseline_hit_rate": 0.5396825396825397,
      "brier": 0.25012272152862747,
      "display_ready": true,
      "ece": null,
      "hit_rate": 0.5396825396825397,
      "logloss": 0.6933930947462187,
      "n": 441
    }
  },
  "by_model_version": {
    "v0.1.0-baseline-shadow": {
      "base_rate": 0.5413694721825963,
      "baseline_brier": 0.2482885667713334,
      "baseline_hit_rate": 0.5413694721825963,
      "brier": 0.2500260557630221,
      "display_ready": true,
      "ece": null,
      "hit_rate": 0.5413694721825963,
      "logloss": 0.6931998036378056,
      "n": 1402
    }
  },
  "generated_at": "2026-07-16T21:27:14Z",
  "global": {
    "base_rate": 0.5413694721825963,
    "baseline_brier": 0.2482885667713334,
    "baseline_hit_rate": 0.5413694721825963,
    "brier": 0.2500260557630221,
    "display_ready": true,
    "ece": null,
    "hit_rate": 0.5413694721825963,
    "logloss": 0.6931998036378056,
    "n": 1402
  },
  "metrics_version": "metrics-v0.1.0",
  "min_n_display": 20,
  "rolling": {
    "30d": {
      "base_rate": 0.5461538461538461,
      "baseline_brier": 0.24786982248520711,
      "baseline_hit_rate": 0.5461538461538461,
      "brier": 0.2504309804764276,
      "display_ready": true,
      "ece": null,
      "hit_rate": 0.5461538461538461,
      "logloss": 0.6940106240155546,
      "n": 520
    },
    "7d": {
      "base_rate": 0.5289855072463768,
      "baseline_brier": 0.24915984036967023,
      "baseline_hit_rate": 0.5289855072463768,
      "brier": 0.25079026117726194,
      "display_ready": true,
      "ece": null,
      "hit_rate": 0.5289855072463768,
      "logloss": 0.6947291205911796,
      "n": 138
    },
    "90d": {
      "base_rate": 0.5413694721825963,
      "baseline_brier": 0.2482885667713334,
      "baseline_hit_rate": 0.5413694721825963,
      "brier": 0.2500260557630221,
      "display_ready": true,
      "ece": null,
      "hit_rate": 0.5413694721825963,
      "logloss": 0.6931998036378056,
      "n": 1402
    }
  },
  "schema_version": "1",
  "total_forecasts": 1406,
  "total_resolved": 1402
}
