{
  "by_horizon": {
    "12h": {
      "base_rate": 0.5877862595419847,
      "baseline_brier": 0.2422935726356273,
      "baseline_hit_rate": 0.5877862595419847,
      "brier": 0.24908987622540923,
      "display_ready": true,
      "ece": null,
      "hit_rate": 0.5877862595419847,
      "logloss": 0.6913272262054222,
      "n": 131
    },
    "1h": {
      "base_rate": 0.5213675213675214,
      "baseline_brier": 0.2495434290306085,
      "baseline_hit_rate": 0.5213675213675214,
      "brier": 0.2502989334217483,
      "display_ready": true,
      "ece": null,
      "hit_rate": 0.5213675213675214,
      "logloss": 0.6937457365223555,
      "n": 585
    },
    "24h": {
      "base_rate": 0.6461538461538462,
      "baseline_brier": 0.22863905325443787,
      "baseline_hit_rate": 0.6461538461538462,
      "brier": 0.24837870325740943,
      "display_ready": true,
      "ece": null,
      "hit_rate": 0.6461538461538462,
      "logloss": 0.6899034573716565,
      "n": 65
    },
    "4h": {
      "base_rate": 0.5497237569060773,
      "baseline_brier": 0.24752754799914534,
      "baseline_hit_rate": 0.5497237569060773,
      "brier": 0.24987172077795883,
      "display_ready": true,
      "ece": null,
      "hit_rate": 0.5497237569060773,
      "logloss": 0.6928908570326193,
      "n": 362
    }
  },
  "by_model_version": {
    "v0.1.0-baseline-shadow": {
      "base_rate": 0.5450568678915135,
      "baseline_brier": 0.24796987865580672,
      "baseline_hit_rate": 0.5450568678915135,
      "brier": 0.24991586042922492,
      "display_ready": true,
      "ece": null,
      "hit_rate": 0.5450568678915135,
      "logloss": 0.6929792978770377,
      "n": 1143
    }
  },
  "generated_at": "2026-07-02T23:19:14Z",
  "global": {
    "base_rate": 0.5450568678915135,
    "baseline_brier": 0.24796987865580672,
    "baseline_hit_rate": 0.5450568678915135,
    "brier": 0.24991586042922492,
    "display_ready": true,
    "ece": null,
    "hit_rate": 0.5450568678915135,
    "logloss": 0.6929792978770377,
    "n": 1143
  },
  "metrics_version": "metrics-v0.1.0",
  "min_n_display": 20,
  "rolling": {
    "30d": {
      "base_rate": 0.5450568678915135,
      "baseline_brier": 0.24796987865580672,
      "baseline_hit_rate": 0.5450568678915135,
      "brier": 0.24991586042922492,
      "display_ready": true,
      "ece": null,
      "hit_rate": 0.5450568678915135,
      "logloss": 0.6929792978770377,
      "n": 1143
    },
    "7d": {
      "base_rate": 0.512396694214876,
      "baseline_brier": 0.24984632197254286,
      "baseline_hit_rate": 0.512396694214876,
      "brier": 0.2510689595511067,
      "display_ready": true,
      "ece": null,
      "hit_rate": 0.512396694214876,
      "logloss": 0.6952867672021997,
      "n": 121
    },
    "90d": {
      "base_rate": 0.5450568678915135,
      "baseline_brier": 0.24796987865580672,
      "baseline_hit_rate": 0.5450568678915135,
      "brier": 0.24991586042922492,
      "display_ready": true,
      "ece": null,
      "hit_rate": 0.5450568678915135,
      "logloss": 0.6929792978770377,
      "n": 1143
    }
  },
  "schema_version": "1",
  "total_forecasts": 1146,
  "total_resolved": 1143
}
