{
  "by_horizon": {
    "12h": {
      "base_rate": 0.56875,
      "baseline_brier": 0.2452734375,
      "baseline_hit_rate": 0.56875,
      "brier": 0.2495168984660822,
      "display_ready": true,
      "ece": null,
      "hit_rate": 0.56875,
      "logloss": 0.6921814960673878,
      "n": 160
    },
    "1h": {
      "base_rate": 0.5274725274725275,
      "baseline_brier": 0.24924526023427124,
      "baseline_hit_rate": 0.5274725274725275,
      "brier": 0.25019022807845753,
      "display_ready": true,
      "ece": null,
      "hit_rate": 0.5274725274725275,
      "logloss": 0.6935282642279748,
      "n": 728
    },
    "24h": {
      "base_rate": 0.6375,
      "baseline_brier": 0.23109375000000001,
      "baseline_hit_rate": 0.6375,
      "brier": 0.24876606971771062,
      "display_ready": true,
      "ece": null,
      "hit_rate": 0.6375,
      "logloss": 0.6906788537454258,
      "n": 80
    },
    "4h": {
      "base_rate": 0.5417607223476298,
      "baseline_brier": 0.24825604206900417,
      "baseline_hit_rate": 0.5417607223476298,
      "brier": 0.25008787747351746,
      "display_ready": true,
      "ece": null,
      "hit_rate": 0.5417607223476298,
      "logloss": 0.6933233971658559,
      "n": 443
    }
  },
  "by_model_version": {
    "v0.1.0-baseline-shadow": {
      "base_rate": 0.5428773919206237,
      "baseline_brier": 0.2481615292620852,
      "baseline_hit_rate": 0.5428773919206237,
      "brier": 0.25000099581422774,
      "display_ready": true,
      "ece": null,
      "hit_rate": 0.5428773919206237,
      "logloss": 0.6931496732621232,
      "n": 1411
    }
  },
  "generated_at": "2026-07-17T07:26:35Z",
  "global": {
    "base_rate": 0.5428773919206237,
    "baseline_brier": 0.2481615292620852,
    "baseline_hit_rate": 0.5428773919206237,
    "brier": 0.25000099581422774,
    "display_ready": true,
    "ece": null,
    "hit_rate": 0.5428773919206237,
    "logloss": 0.6931496732621232,
    "n": 1411
  },
  "metrics_version": "metrics-v0.1.0",
  "min_n_display": 20,
  "rolling": {
    "30d": {
      "base_rate": 0.5477099236641222,
      "baseline_brier": 0.24772376318396364,
      "baseline_hit_rate": 0.5477099236641222,
      "brier": 0.2503903222307135,
      "display_ready": true,
      "ece": null,
      "hit_rate": 0.5477099236641222,
      "logloss": 0.69392927869583,
      "n": 524
    },
    "7d": {
      "base_rate": 0.5357142857142857,
      "baseline_brier": 0.24872448979591835,
      "baseline_hit_rate": 0.5357142857142857,
      "brier": 0.25077874467848504,
      "display_ready": true,
      "ece": null,
      "hit_rate": 0.5357142857142857,
      "logloss": 0.6947060688157753,
      "n": 140
    },
    "90d": {
      "base_rate": 0.5428773919206237,
      "baseline_brier": 0.2481615292620852,
      "baseline_hit_rate": 0.5428773919206237,
      "brier": 0.25000099581422774,
      "display_ready": true,
      "ece": null,
      "hit_rate": 0.5428773919206237,
      "logloss": 0.6931496732621232,
      "n": 1411
    }
  },
  "schema_version": "1",
  "total_forecasts": 1414,
  "total_resolved": 1411
}
