{
  "by_horizon": {
    "12h": {
      "base_rate": 0.576,
      "baseline_brier": 0.24422400000000002,
      "baseline_hit_rate": 0.576,
      "brier": 0.24925648543610393,
      "display_ready": true,
      "ece": null,
      "hit_rate": 0.576,
      "logloss": 0.6916605761136073,
      "n": 125
    },
    "1h": {
      "base_rate": 0.5197132616487455,
      "baseline_brier": 0.24961138731516813,
      "baseline_hit_rate": 0.5197132616487455,
      "brier": 0.2502378903493188,
      "display_ready": true,
      "ece": null,
      "hit_rate": 0.5197132616487455,
      "logloss": 0.6936235104927813,
      "n": 558
    },
    "24h": {
      "base_rate": 0.6612903225806451,
      "baseline_brier": 0.22398543184183142,
      "baseline_hit_rate": 0.6612903225806451,
      "brier": 0.2480316454183736,
      "display_ready": true,
      "ece": null,
      "hit_rate": 0.6612903225806451,
      "logloss": 0.6892092046409473,
      "n": 62
    },
    "4h": {
      "base_rate": 0.5494186046511628,
      "baseline_brier": 0.24755780151433204,
      "baseline_hit_rate": 0.5494186046511628,
      "brier": 0.24974487371671839,
      "display_ready": true,
      "ece": null,
      "hit_rate": 0.5494186046511628,
      "logloss": 0.6926369927210231,
      "n": 344
    }
  },
  "by_model_version": {
    "v0.1.0-baseline-shadow": {
      "base_rate": 0.5436179981634527,
      "baseline_brier": 0.248097470236213,
      "baseline_hit_rate": 0.5436179981634527,
      "brier": 0.24984389538009477,
      "display_ready": true,
      "ece": null,
      "hit_rate": 0.5436179981634527,
      "logloss": 0.6928352498190483,
      "n": 1089
    }
  },
  "generated_at": "2026-06-29T17:49:03Z",
  "global": {
    "base_rate": 0.5436179981634527,
    "baseline_brier": 0.248097470236213,
    "baseline_hit_rate": 0.5436179981634527,
    "brier": 0.24984389538009477,
    "display_ready": true,
    "ece": null,
    "hit_rate": 0.5436179981634527,
    "logloss": 0.6928352498190483,
    "n": 1089
  },
  "metrics_version": "metrics-v0.1.0",
  "min_n_display": 20,
  "rolling": {
    "30d": {
      "base_rate": 0.5436179981634527,
      "baseline_brier": 0.248097470236213,
      "baseline_hit_rate": 0.5436179981634527,
      "brier": 0.24984389538009477,
      "display_ready": true,
      "ece": null,
      "hit_rate": 0.5436179981634527,
      "logloss": 0.6928352498190483,
      "n": 1089
    },
    "7d": {
      "base_rate": 0.4491525423728814,
      "baseline_brier": 0.24741453605285837,
      "baseline_hit_rate": 0.5508474576271186,
      "brier": 0.2513932019998479,
      "display_ready": true,
      "ece": null,
      "hit_rate": 0.4491525423728814,
      "logloss": 0.6959362143838878,
      "n": 118
    },
    "90d": {
      "base_rate": 0.5436179981634527,
      "baseline_brier": 0.248097470236213,
      "baseline_hit_rate": 0.5436179981634527,
      "brier": 0.24984389538009477,
      "display_ready": true,
      "ece": null,
      "hit_rate": 0.5436179981634527,
      "logloss": 0.6928352498190483,
      "n": 1089
    }
  },
  "schema_version": "1",
  "total_forecasts": 1093,
  "total_resolved": 1089
}
