{
  "by_horizon": {
    "12h": {
      "base_rate": 0.5813953488372093,
      "baseline_brier": 0.243374797187669,
      "baseline_hit_rate": 0.5813953488372093,
      "brier": 0.2491817252291393,
      "display_ready": true,
      "ece": null,
      "hit_rate": 0.5813953488372093,
      "logloss": 0.6915109739183071,
      "n": 129
    },
    "1h": {
      "base_rate": 0.5192307692307693,
      "baseline_brier": 0.2496301775147929,
      "baseline_hit_rate": 0.5192307692307693,
      "brier": 0.25029215354118883,
      "display_ready": true,
      "ece": null,
      "hit_rate": 0.5192307692307693,
      "logloss": 0.6937320823973486,
      "n": 572
    },
    "24h": {
      "base_rate": 0.65625,
      "baseline_brier": 0.2255859375,
      "baseline_hit_rate": 0.65625,
      "brier": 0.24817576791601365,
      "display_ready": true,
      "ece": null,
      "hit_rate": 0.65625,
      "logloss": 0.6894975088496924,
      "n": 64
    },
    "4h": {
      "base_rate": 0.5480225988700564,
      "baseline_brier": 0.24769382999776565,
      "baseline_hit_rate": 0.5480225988700564,
      "brier": 0.24984712126362887,
      "display_ready": true,
      "ece": null,
      "hit_rate": 0.5480225988700564,
      "logloss": 0.6928415766288482,
      "n": 354
    }
  },
  "by_model_version": {
    "v0.1.0-baseline-shadow": {
      "base_rate": 0.5433422698838248,
      "baseline_brier": 0.24812144764131766,
      "baseline_hit_rate": 0.5433422698838248,
      "brier": 0.24990230961042761,
      "display_ready": true,
      "ece": null,
      "hit_rate": 0.5433422698838248,
      "logloss": 0.6929521228415886,
      "n": 1119
    }
  },
  "generated_at": "2026-07-01T13:39:15Z",
  "global": {
    "base_rate": 0.5433422698838248,
    "baseline_brier": 0.24812144764131766,
    "baseline_hit_rate": 0.5433422698838248,
    "brier": 0.24990230961042761,
    "display_ready": true,
    "ece": null,
    "hit_rate": 0.5433422698838248,
    "logloss": 0.6929521228415886,
    "n": 1119
  },
  "metrics_version": "metrics-v0.1.0",
  "min_n_display": 20,
  "rolling": {
    "30d": {
      "base_rate": 0.5433422698838248,
      "baseline_brier": 0.24812144764131766,
      "baseline_hit_rate": 0.5433422698838248,
      "brier": 0.24990230961042761,
      "display_ready": true,
      "ece": null,
      "hit_rate": 0.5433422698838248,
      "logloss": 0.6929521228415886,
      "n": 1119
    },
    "7d": {
      "base_rate": 0.46218487394957986,
      "baseline_brier": 0.24857001624179084,
      "baseline_hit_rate": 0.5378151260504201,
      "brier": 0.2519703361093537,
      "display_ready": true,
      "ece": null,
      "hit_rate": 0.46218487394957986,
      "logloss": 0.6970915027719994,
      "n": 119
    },
    "90d": {
      "base_rate": 0.5433422698838248,
      "baseline_brier": 0.24812144764131766,
      "baseline_hit_rate": 0.5433422698838248,
      "brier": 0.24990230961042761,
      "display_ready": true,
      "ece": null,
      "hit_rate": 0.5433422698838248,
      "logloss": 0.6929521228415886,
      "n": 1119
    }
  },
  "schema_version": "1",
  "total_forecasts": 1120,
  "total_resolved": 1119
}
