{
  "by_horizon": {
    "12h": {
      "base_rate": 0.5955882352941176,
      "baseline_brier": 0.24086288927335642,
      "baseline_hit_rate": 0.5955882352941176,
      "brier": 0.24892310841486023,
      "display_ready": true,
      "ece": null,
      "hit_rate": 0.5955882352941176,
      "logloss": 0.6909935174274482,
      "n": 136
    },
    "1h": {
      "base_rate": 0.5313531353135313,
      "baseline_brier": 0.24901698090601138,
      "baseline_hit_rate": 0.5313531353135313,
      "brier": 0.2501402888992616,
      "display_ready": true,
      "ece": null,
      "hit_rate": 0.5313531353135313,
      "logloss": 0.6934283876068019,
      "n": 606
    },
    "24h": {
      "base_rate": 0.6617647058823529,
      "baseline_brier": 0.22383217993079585,
      "baseline_hit_rate": 0.6617647058823529,
      "brier": 0.24804329555165688,
      "display_ready": true,
      "ece": null,
      "hit_rate": 0.6617647058823529,
      "logloss": 0.6892325731731971,
      "n": 68
    },
    "4h": {
      "base_rate": 0.5549597855227882,
      "baseline_brier": 0.24697942197528913,
      "baseline_hit_rate": 0.5549597855227882,
      "brier": 0.2498272084623634,
      "display_ready": true,
      "ece": null,
      "hit_rate": 0.5549597855227882,
      "logloss": 0.6928018334218731,
      "n": 373
    }
  },
  "by_model_version": {
    "v0.1.0-baseline-shadow": {
      "base_rate": 0.5536770921386306,
      "baseline_brier": 0.24711876977954098,
      "baseline_hit_rate": 0.5536770921386306,
      "brier": 0.24978110792168026,
      "display_ready": true,
      "ece": null,
      "hit_rate": 0.5536770921386306,
      "logloss": 0.6927097380405672,
      "n": 1183
    }
  },
  "generated_at": "2026-07-05T01:11:36Z",
  "global": {
    "base_rate": 0.5536770921386306,
    "baseline_brier": 0.24711876977954098,
    "baseline_hit_rate": 0.5536770921386306,
    "brier": 0.24978110792168026,
    "display_ready": true,
    "ece": null,
    "hit_rate": 0.5536770921386306,
    "logloss": 0.6927097380405672,
    "n": 1183
  },
  "metrics_version": "metrics-v0.1.0",
  "min_n_display": 20,
  "rolling": {
    "30d": {
      "base_rate": 0.5536770921386306,
      "baseline_brier": 0.24711876977954098,
      "baseline_hit_rate": 0.5536770921386306,
      "brier": 0.24978110792168026,
      "display_ready": true,
      "ece": null,
      "hit_rate": 0.5536770921386306,
      "logloss": 0.6927097380405672,
      "n": 1183
    },
    "7d": {
      "base_rate": 0.5867768595041323,
      "baseline_brier": 0.24246977665460012,
      "baseline_hit_rate": 0.5867768595041323,
      "brier": 0.24990589863410603,
      "display_ready": true,
      "ece": null,
      "hit_rate": 0.5867768595041323,
      "logloss": 0.6929599266855243,
      "n": 121
    },
    "90d": {
      "base_rate": 0.5536770921386306,
      "baseline_brier": 0.24711876977954098,
      "baseline_hit_rate": 0.5536770921386306,
      "brier": 0.24978110792168026,
      "display_ready": true,
      "ece": null,
      "hit_rate": 0.5536770921386306,
      "logloss": 0.6927097380405672,
      "n": 1183
    }
  },
  "schema_version": "1",
  "total_forecasts": 1187,
  "total_resolved": 1183
}
