{
  "by_horizon": {
    "12h": {
      "base_rate": 0.6055045871559633,
      "baseline_brier": 0.23886878208904974,
      "baseline_hit_rate": 0.6055045871559633,
      "brier": 0.24890701023732936,
      "display_ready": true,
      "ece": null,
      "hit_rate": 0.6055045871559633,
      "logloss": 0.6909614323847094,
      "n": 109
    },
    "1h": {
      "base_rate": 0.530241935483871,
      "baseline_brier": 0.2490854253381894,
      "baseline_hit_rate": 0.530241935483871,
      "brier": 0.2501002332691134,
      "display_ready": true,
      "ece": null,
      "hit_rate": 0.530241935483871,
      "logloss": 0.6933479522255203,
      "n": 496
    },
    "24h": {
      "base_rate": 0.6481481481481481,
      "baseline_brier": 0.22805212620027435,
      "baseline_hit_rate": 0.6481481481481481,
      "brier": 0.24785431425021975,
      "display_ready": true,
      "ece": null,
      "hit_rate": 0.6481481481481481,
      "logloss": 0.6888541809153216,
      "n": 54
    },
    "4h": {
      "base_rate": 0.5529801324503312,
      "baseline_brier": 0.24719310556554536,
      "baseline_hit_rate": 0.5529801324503312,
      "brier": 0.24956440520007692,
      "display_ready": true,
      "ece": null,
      "hit_rate": 0.5529801324503312,
      "logloss": 0.6922756750905308,
      "n": 302
    }
  },
  "by_model_version": {
    "v0.1.0-baseline-shadow": {
      "base_rate": 0.5525494276795005,
      "baseline_brier": 0.24723855765055694,
      "baseline_hit_rate": 0.5525494276795005,
      "brier": 0.24967030505440607,
      "display_ready": true,
      "ece": null,
      "hit_rate": 0.5525494276795005,
      "logloss": 0.6924877836426213,
      "n": 961
    }
  },
  "generated_at": "2026-06-21T21:44:14Z",
  "global": {
    "base_rate": 0.5525494276795005,
    "baseline_brier": 0.24723855765055694,
    "baseline_hit_rate": 0.5525494276795005,
    "brier": 0.24967030505440607,
    "display_ready": true,
    "ece": null,
    "hit_rate": 0.5525494276795005,
    "logloss": 0.6924877836426213,
    "n": 961
  },
  "metrics_version": "metrics-v0.1.0",
  "min_n_display": 20,
  "rolling": {
    "30d": {
      "base_rate": 0.5525494276795005,
      "baseline_brier": 0.24723855765055694,
      "baseline_hit_rate": 0.5525494276795005,
      "brier": 0.24967030505440607,
      "display_ready": true,
      "ece": null,
      "hit_rate": 0.5525494276795005,
      "logloss": 0.6924877836426213,
      "n": 961
    },
    "7d": {
      "base_rate": 0.7211538461538461,
      "baseline_brier": 0.20109097633136092,
      "baseline_hit_rate": 0.7211538461538461,
      "brier": 0.24782735888264257,
      "display_ready": true,
      "ece": null,
      "hit_rate": 0.7211538461538461,
      "logloss": 0.6888017265141231,
      "n": 104
    },
    "90d": {
      "base_rate": 0.5525494276795005,
      "baseline_brier": 0.24723855765055694,
      "baseline_hit_rate": 0.5525494276795005,
      "brier": 0.24967030505440607,
      "display_ready": true,
      "ece": null,
      "hit_rate": 0.5525494276795005,
      "logloss": 0.6924877836426213,
      "n": 961
    }
  },
  "schema_version": "1",
  "total_forecasts": 965,
  "total_resolved": 961
}
