{
  "by_direction": {
    "down": {
      "always_down_rate": 0.4579945799457995,
      "always_up_rate": 0.5420054200542005,
      "base_rate": 0.45799457994579945,
      "baseline_brier": 0.24823554468607018,
      "baseline_hit_rate": 0.5420054200542006,
      "brier": 0.25083696508614484,
      "display_ready": true,
      "ece": null,
      "expectancy_bps": 5.285235727899614,
      "expectancy_maker_2bps": 3.2852357278996136,
      "expectancy_taker_10bps": -4.714764272100387,
      "hit_down": 0.45799457994579945,
      "hit_rate": 0.45799457994579945,
      "hit_up": null,
      "logloss": 0.6948208031367548,
      "n": 738,
      "n_down": 738,
      "n_up": 0,
      "vs_majority_pp": -0.08401084010840104
    },
    "up": {
      "always_down_rate": 0.37926829268292683,
      "always_up_rate": 0.6207317073170732,
      "base_rate": 0.6207317073170732,
      "baseline_brier": 0.2354238548483046,
      "baseline_hit_rate": 0.6207317073170732,
      "brier": 0.24900830687311168,
      "display_ready": true,
      "ece": null,
      "expectancy_bps": 14.402453323334115,
      "expectancy_maker_2bps": 12.402453323334113,
      "expectancy_taker_10bps": 4.402453323334114,
      "hit_down": null,
      "hit_rate": 0.6207317073170732,
      "hit_up": 0.6207317073170732,
      "logloss": 0.69116385876222,
      "n": 820,
      "n_down": 0,
      "n_up": 820,
      "vs_majority_pp": 0.0
    }
  },
  "by_horizon": {
    "12h": {
      "always_down_rate": 0.4860335195530726,
      "always_up_rate": 0.5139664804469274,
      "base_rate": 0.5754189944134078,
      "baseline_brier": 0.24431197528167034,
      "baseline_hit_rate": 0.5754189944134078,
      "brier": 0.24908103035837462,
      "display_ready": true,
      "ece": null,
      "expectancy_bps": 25.599568093233774,
      "expectancy_maker_2bps": 23.599568093233774,
      "expectancy_taker_10bps": 15.599568093233774,
      "hit_down": 0.5604395604395604,
      "hit_rate": 0.5754189944134078,
      "hit_up": 0.5909090909090909,
      "logloss": 0.6913065396234526,
      "n": 179,
      "n_down": 91,
      "n_up": 88,
      "vs_majority_pp": 0.06145251396648044
    },
    "1h": {
      "always_down_rate": 0.3826086956521739,
      "always_up_rate": 0.6173913043478261,
      "base_rate": 0.5254658385093167,
      "baseline_brier": 0.2493514910690174,
      "baseline_hit_rate": 0.5254658385093167,
      "brier": 0.25014668189501443,
      "display_ready": true,
      "ece": null,
      "expectancy_bps": 3.344222258278647,
      "expectancy_maker_2bps": 1.3442222582786472,
      "expectancy_taker_10bps": -6.655777741721353,
      "hit_down": 0.3989071038251366,
      "hit_rate": 0.5254658385093167,
      "hit_up": 0.6309794988610479,
      "logloss": 0.693441110456722,
      "n": 805,
      "n_down": 366,
      "n_up": 439,
      "vs_majority_pp": -0.09192546583850936
    },
    "24h": {
      "always_down_rate": 0.5111111111111111,
      "always_up_rate": 0.4888888888888889,
      "base_rate": 0.6333333333333333,
      "baseline_brier": 0.23222222222222225,
      "baseline_hit_rate": 0.6333333333333333,
      "brier": 0.24844432986949105,
      "display_ready": true,
      "ece": null,
      "expectancy_bps": 56.43259900384062,
      "expectancy_maker_2bps": 54.43259900384062,
      "expectancy_taker_10bps": 46.43259900384062,
      "hit_down": 0.6382978723404256,
      "hit_rate": 0.6333333333333333,
      "hit_up": 0.627906976744186,
      "logloss": 0.6900320429037062,
      "n": 90,
      "n_down": 47,
      "n_up": 43,
      "vs_majority_pp": 0.12222222222222223
    },
    "4h": {
      "always_down_rate": 0.4297520661157025,
      "always_up_rate": 0.5702479338842975,
      "base_rate": 0.5454545454545454,
      "baseline_brier": 0.24793388429752067,
      "baseline_hit_rate": 0.5454545454545454,
      "brier": 0.24998123723478635,
      "display_ready": true,
      "ece": null,
      "expectancy_bps": 6.936281354080733,
      "expectancy_maker_2bps": 4.936281354080733,
      "expectancy_taker_10bps": -3.0637186459192676,
      "hit_down": 0.47435897435897434,
      "hit_rate": 0.5454545454545454,
      "hit_up": 0.612,
      "logloss": 0.6931100589428774,
      "n": 484,
      "n_down": 234,
      "n_up": 250,
      "vs_majority_pp": -0.024793388429752095
    }
  },
  "by_model_version": {
    "v0.1.0-baseline-shadow": {
      "always_down_rate": 0.415483870967742,
      "always_up_rate": 0.584516129032258,
      "base_rate": 0.5432258064516129,
      "baseline_brier": 0.2481315296566077,
      "baseline_hit_rate": 0.5432258064516129,
      "brier": 0.24994543451058157,
      "display_ready": true,
      "ece": null,
      "expectancy_bps": 9.973301198694534,
      "expectancy_maker_2bps": 7.973301198694534,
      "expectancy_taker_10bps": -0.026698801305466337,
      "hit_down": 0.4564032697547684,
      "hit_rate": 0.5432258064516129,
      "hit_up": 0.6213235294117647,
      "logloss": 0.6930384932008264,
      "n": 1550,
      "n_down": 734,
      "n_up": 816,
      "vs_majority_pp": -0.041290322580645133
    },
    "v0.2.0-shadow-policy24": {
      "always_down_rate": 0.625,
      "always_up_rate": 0.375,
      "base_rate": 0.625,
      "baseline_brier": 0.234375,
      "baseline_hit_rate": 0.625,
      "brier": 0.23613354726562497,
      "display_ready": false,
      "ece": null,
      "expectancy_bps": 31.48735429342008,
      "expectancy_maker_2bps": 29.48735429342008,
      "expectancy_taker_10bps": 21.48735429342008,
      "hit_down": 0.75,
      "hit_rate": 0.625,
      "hit_up": 0.5,
      "logloss": 0.6653065548330662,
      "n": 8,
      "n_down": 4,
      "n_up": 4,
      "vs_majority_pp": 0.0
    }
  },
  "by_regime": {
    "bear": {
      "always_down_rate": 0.33333333333333337,
      "always_up_rate": 0.6666666666666666,
      "base_rate": 0.3333333333333333,
      "baseline_brier": 0.22222222222222224,
      "baseline_hit_rate": 0.6666666666666667,
      "brier": 0.25385002443712806,
      "display_ready": true,
      "ece": null,
      "expectancy_bps": -10.057311158316173,
      "expectancy_maker_2bps": -12.057311158316173,
      "expectancy_taker_10bps": -20.05731115831617,
      "hit_down": 0.3333333333333333,
      "hit_rate": 0.3333333333333333,
      "hit_up": null,
      "logloss": 0.7008508312886121,
      "n": 21,
      "n_down": 21,
      "n_up": 0,
      "vs_majority_pp": -0.3333333333333333
    },
    "bull": {
      "always_down_rate": 0.6153846153846154,
      "always_up_rate": 0.38461538461538464,
      "base_rate": 0.38461538461538464,
      "baseline_brier": 0.2366863905325444,
      "baseline_hit_rate": 0.6153846153846154,
      "brier": 0.2510478583894247,
      "display_ready": false,
      "ece": null,
      "expectancy_bps": -19.504867949320772,
      "expectancy_maker_2bps": -21.504867949320772,
      "expectancy_taker_10bps": -29.504867949320772,
      "hit_down": null,
      "hit_rate": 0.38461538461538464,
      "hit_up": 0.38461538461538464,
      "logloss": 0.6952437136485445,
      "n": 13,
      "n_down": 0,
      "n_up": 13,
      "vs_majority_pp": -0.23076923076923078
    },
    "chop": {
      "always_down_rate": 0.8666666666666667,
      "always_up_rate": 0.13333333333333333,
      "base_rate": 0.7333333333333333,
      "baseline_brier": 0.19555555555555554,
      "baseline_hit_rate": 0.7333333333333333,
      "brier": 0.2398927908833675,
      "display_ready": false,
      "ece": null,
      "expectancy_bps": 50.700163639581675,
      "expectancy_maker_2bps": 48.70016363958168,
      "expectancy_taker_10bps": 40.700163639581675,
      "hit_down": 0.8461538461538461,
      "hit_rate": 0.7333333333333333,
      "hit_up": 0.0,
      "logloss": 0.6728707198955435,
      "n": 15,
      "n_down": 13,
      "n_up": 2,
      "vs_majority_pp": -0.13333333333333341
    },
    "unknown": {
      "always_down_rate": 0.411530815109344,
      "always_up_rate": 0.588469184890656,
      "base_rate": 0.5460569913850232,