{
  "by_horizon": {
    "12h": {
      "base_rate": 0.6074766355140186,
      "baseline_brier": 0.23844877281858678,
      "baseline_hit_rate": 0.6074766355140186,
      "brier": 0.24885133128426387,
      "display_ready": true,
      "ece": null,
      "hit_rate": 0.6074766355140186,
      "logloss": 0.6908500620047231,
      "n": 107
    },
    "1h": {
      "base_rate": 0.5237113402061856,
      "baseline_brier": 0.24943777234562653,
      "baseline_hit_rate": 0.5237113402061856,
      "brier": 0.2501737709581934,
      "display_ready": true,
      "ece": null,
      "hit_rate": 0.5237113402061856,
      "logloss": 0.693495044580715,
      "n": 485
    },
    "24h": {
      "base_rate": 0.6415094339622641,
      "baseline_brier": 0.2299750800996796,
      "baseline_hit_rate": 0.6415094339622641,
      "brier": 0.24794720750135646,
      "display_ready": true,
      "ece": null,
      "hit_rate": 0.6415094339622641,
      "logloss": 0.6890399546646908,
      "n": 53
    },
    "4h": {
      "base_rate": 0.5457627118644067,
      "baseline_brier": 0.2479057742028153,
      "baseline_hit_rate": 0.5457627118644067,
      "brier": 0.24963901253143794,
      "display_ready": true,
      "ece": null,
      "hit_rate": 0.5457627118644067,
      "logloss": 0.6924248951982571,
      "n": 295
    }
  },
  "by_model_version": {
    "v0.1.0-baseline-shadow": {
      "base_rate": 0.5468085106382978,
      "baseline_brier": 0.24780896333182437,
      "baseline_hit_rate": 0.5468085106382978,
      "brier": 0.24972987452817672,
      "display_ready": true,
      "ece": null,
      "hit_rate": 0.5468085106382978,
      "logloss": 0.6926069307839006,
      "n": 940
    }
  },
  "generated_at": "2026-06-20T16:43:09Z",
  "global": {
    "base_rate": 0.5468085106382978,
    "baseline_brier": 0.24780896333182437,
    "baseline_hit_rate": 0.5468085106382978,
    "brier": 0.24972987452817672,
    "display_ready": true,
    "ece": null,
    "hit_rate": 0.5468085106382978,
    "logloss": 0.6926069307839006,
    "n": 940
  },
  "metrics_version": "metrics-v0.1.0",
  "min_n_display": 20,
  "rolling": {
    "30d": {
      "base_rate": 0.5468085106382978,
      "baseline_brier": 0.24780896333182437,
      "baseline_hit_rate": 0.5468085106382978,
      "brier": 0.24972987452817672,
      "display_ready": true,
      "ece": null,
      "hit_rate": 0.5468085106382978,
      "logloss": 0.6926069307839006,
      "n": 940
    },
    "7d": {
      "base_rate": 0.6730769230769231,
      "baseline_brier": 0.22004437869822485,
      "baseline_hit_rate": 0.6730769230769231,
      "brier": 0.2482279362110506,
      "display_ready": true,
      "ece": null,
      "hit_rate": 0.6730769230769231,
      "logloss": 0.6896029361835502,
      "n": 104
    },
    "90d": {
      "base_rate": 0.5468085106382978,
      "baseline_brier": 0.24780896333182437,
      "baseline_hit_rate": 0.5468085106382978,
      "brier": 0.24972987452817672,
      "display_ready": true,
      "ece": null,
      "hit_rate": 0.5468085106382978,
      "logloss": 0.6926069307839006,
      "n": 940
    }
  },
  "schema_version": "1",
  "total_forecasts": 942,
  "total_resolved": 940
}
