{
  "by_horizon": {
    "12h": {
      "base_rate": 0.6019417475728155,
      "baseline_brier": 0.23960788010180037,
      "baseline_hit_rate": 0.6019417475728155,
      "brier": 0.24901554715299215,
      "display_ready": true,
      "ece": null,
      "hit_rate": 0.6019417475728155,
      "logloss": 0.6911785814671842,
      "n": 103
    },
    "1h": {
      "base_rate": 0.5191489361702127,
      "baseline_brier": 0.24963331824354912,
      "baseline_hit_rate": 0.5191489361702127,
      "brier": 0.25017519901589486,
      "display_ready": true,
      "ece": null,
      "hit_rate": 0.5191489361702127,
      "logloss": 0.6934978680015124,
      "n": 470
    },
    "24h": {
      "base_rate": 0.6470588235294118,
      "baseline_brier": 0.22837370242214533,
      "baseline_hit_rate": 0.6470588235294118,
      "brier": 0.24777523003683616,
      "display_ready": true,
      "ece": null,
      "hit_rate": 0.6470588235294118,
      "logloss": 0.6886958413820654,
      "n": 51
    },
    "4h": {
      "base_rate": 0.5368421052631579,
      "baseline_brier": 0.2486426592797784,
      "baseline_hit_rate": 0.5368421052631579,
      "brier": 0.24975763709877982,
      "display_ready": true,
      "ece": null,
      "hit_rate": 0.5368421052631579,
      "logloss": 0.6926621555060163,
      "n": 285
    }
  },
  "by_model_version": {
    "v0.1.0-baseline-shadow": {
      "base_rate": 0.5412541254125413,
      "baseline_brier": 0.24829809713644632,
      "baseline_hit_rate": 0.5412541254125413,
      "brier": 0.24977822684186984,
      "display_ready": true,
      "ece": null,
      "hit_rate": 0.5412541254125413,
      "logloss": 0.6927036238520691,
      "n": 909
    }
  },
  "generated_at": "2026-06-18T20:40:08Z",
  "global": {
    "base_rate": 0.5412541254125413,
    "baseline_brier": 0.24829809713644632,
    "baseline_hit_rate": 0.5412541254125413,
    "brier": 0.24977822684186984,
    "display_ready": true,
    "ece": null,
    "hit_rate": 0.5412541254125413,
    "logloss": 0.6927036238520691,
    "n": 909
  },
  "metrics_version": "metrics-v0.1.0",
  "min_n_display": 20,
  "rolling": {
    "30d": {
      "base_rate": 0.5412541254125413,
      "baseline_brier": 0.24829809713644632,
      "baseline_hit_rate": 0.5412541254125413,
      "brier": 0.24977822684186984,
      "display_ready": true,
      "ece": null,
      "hit_rate": 0.5412541254125413,
      "logloss": 0.6927036238520691,
      "n": 909
    },
    "7d": {
      "base_rate": 0.6666666666666666,
      "baseline_brier": 0.22222222222222224,
      "baseline_hit_rate": 0.6666666666666666,
      "brier": 0.24805235618495822,
      "display_ready": true,
      "ece": null,
      "hit_rate": 0.6666666666666666,
      "logloss": 0.6892514446457562,
      "n": 105
    },
    "90d": {
      "base_rate": 0.5412541254125413,
      "baseline_brier": 0.24829809713644632,
      "baseline_hit_rate": 0.5412541254125413,
      "brier": 0.24977822684186984,
      "display_ready": true,
      "ece": null,
      "hit_rate": 0.5412541254125413,
      "logloss": 0.6927036238520691,
      "n": 909
    }
  },
  "schema_version": "1",
  "total_forecasts": 913,
  "total_resolved": 909
}
