{
  "by_horizon": {
    "12h": {
      "base_rate": 0.6111111111111112,
      "baseline_brier": 0.2376543209876543,
      "baseline_hit_rate": 0.6111111111111112,
      "brier": 0.24880792658431605,
      "display_ready": true,
      "ece": null,
      "hit_rate": 0.6111111111111112,
      "logloss": 0.690763245625509,
      "n": 108
    },
    "1h": {
      "base_rate": 0.5285714285714286,
      "baseline_brier": 0.24918367346938777,
      "baseline_hit_rate": 0.5285714285714286,
      "brier": 0.2501050584885965,
      "display_ready": true,
      "ece": null,
      "hit_rate": 0.5285714285714286,
      "logloss": 0.6933576067259605,
      "n": 490
    },
    "24h": {
      "base_rate": 0.6481481481481481,
      "baseline_brier": 0.22805212620027435,
      "baseline_hit_rate": 0.6481481481481481,
      "brier": 0.24785431425021975,
      "display_ready": true,
      "ece": null,
      "hit_rate": 0.6481481481481481,
      "logloss": 0.6888541809153216,
      "n": 54
    },
    "4h": {
      "base_rate": 0.5503355704697986,
      "baseline_brier": 0.2474663303454799,
      "baseline_hit_rate": 0.5503355704697986,
      "brier": 0.24957130550451292,
      "display_ready": true,
      "ece": null,
      "hit_rate": 0.5503355704697986,
      "logloss": 0.6922894721324105,
      "n": 298
    }
  },
  "by_model_version": {
    "v0.1.0-baseline-shadow": {
      "base_rate": 0.5515789473684211,
      "baseline_brier": 0.24733961218836567,
      "baseline_hit_rate": 0.5515789473684211,
      "brier": 0.24966222814776332,
      "display_ready": true,
      "ece": null,
      "hit_rate": 0.5515789473684211,
      "logloss": 0.6924716276717487,
      "n": 950
    }
  },
  "generated_at": "2026-06-21T06:15:51Z",
  "global": {
    "base_rate": 0.5515789473684211,
    "baseline_brier": 0.24733961218836567,
    "baseline_hit_rate": 0.5515789473684211,
    "brier": 0.24966222814776332,
    "display_ready": true,
    "ece": null,
    "hit_rate": 0.5515789473684211,
    "logloss": 0.6924716276717487,
    "n": 950
  },
  "metrics_version": "metrics-v0.1.0",
  "min_n_display": 20,
  "rolling": {
    "30d": {
      "base_rate": 0.5515789473684211,
      "baseline_brier": 0.24733961218836567,
      "baseline_hit_rate": 0.5515789473684211,
      "brier": 0.24966222814776332,
      "display_ready": true,
      "ece": null,
      "hit_rate": 0.5515789473684211,
      "logloss": 0.6924716276717487,
      "n": 950
    },
    "7d": {
      "base_rate": 0.6923076923076923,
      "baseline_brier": 0.21301775147928995,
      "baseline_hit_rate": 0.6923076923076923,
      "brier": 0.24793632358165768,
      "display_ready": true,
      "ece": null,
      "hit_rate": 0.6923076923076923,
      "logloss": 0.6890196550374146,
      "n": 104
    },
    "90d": {
      "base_rate": 0.5515789473684211,
      "baseline_brier": 0.24733961218836567,
      "baseline_hit_rate": 0.5515789473684211,
      "brier": 0.24966222814776332,
      "display_ready": true,
      "ece": null,
      "hit_rate": 0.5515789473684211,
      "logloss": 0.6924716276717487,
      "n": 950
    }
  },
  "schema_version": "1",
  "total_forecasts": 952,
  "total_resolved": 950
}
