{
  "by_horizon": {
    "12h": {
      "base_rate": 0.5869565217391305,
      "baseline_brier": 0.24243856332703215,
      "baseline_hit_rate": 0.5869565217391305,
      "brier": 0.2490271163208141,
      "display_ready": true,
      "ece": null,
      "hit_rate": 0.5869565217391305,
      "logloss": 0.6912015405985072,
      "n": 138
    },
    "1h": {
      "base_rate": 0.529126213592233,
      "baseline_brier": 0.24915166368177966,
      "baseline_hit_rate": 0.529126213592233,
      "brier": 0.25013671554578054,
      "display_ready": true,
      "ece": null,
      "hit_rate": 0.529126213592233,
      "logloss": 0.6934212212561972,
      "n": 618
    },
    "24h": {
      "base_rate": 0.6666666666666666,
      "baseline_brier": 0.22222222222222224,
      "baseline_hit_rate": 0.6666666666666666,
      "brier": 0.2479735123737109,
      "display_ready": true,
      "ece": null,
      "hit_rate": 0.6666666666666666,
      "logloss": 0.6890930120606911,
      "n": 69
    },
    "4h": {
      "base_rate": 0.5473684210526316,
      "baseline_brier": 0.2477562326869806,
      "baseline_hit_rate": 0.5473684210526316,
      "brier": 0.2498914859436096,
      "display_ready": true,
      "ece": null,
      "hit_rate": 0.5473684210526316,
      "logloss": 0.6929303886874372,
      "n": 380
    }
  },
  "by_model_version": {
    "v0.1.0-baseline-shadow": {
      "base_rate": 0.5493775933609959,
      "baseline_brier": 0.24756185327387611,
      "baseline_hit_rate": 0.5493775933609959,
      "brier": 0.24980843922981114,
      "display_ready": true,
      "ece": null,
      "hit_rate": 0.5493775933609959,
      "logloss": 0.6927643924251765,
      "n": 1205
    }
  },
  "generated_at": "2026-07-06T09:11:29Z",
  "global": {
    "base_rate": 0.5493775933609959,
    "baseline_brier": 0.24756185327387611,
    "baseline_hit_rate": 0.5493775933609959,
    "brier": 0.24980843922981114,
    "display_ready": true,
    "ece": null,
    "hit_rate": 0.5493775933609959,
    "logloss": 0.6927643924251765,
    "n": 1205
  },
  "metrics_version": "metrics-v0.1.0",
  "min_n_display": 20,
  "rolling": {
    "30d": {
      "base_rate": 0.5493775933609959,
      "baseline_brier": 0.24756185327387611,
      "baseline_hit_rate": 0.5493775933609959,
      "brier": 0.24980843922981114,
      "display_ready": true,
      "ece": null,
      "hit_rate": 0.5493775933609959,
      "logloss": 0.6927643924251765,
      "n": 1205
    },
    "7d": {
      "base_rate": 0.5901639344262295,
      "baseline_brier": 0.24187046492878259,
      "baseline_hit_rate": 0.5901639344262295,
      "brier": 0.24968247115090075,
      "display_ready": true,
      "ece": null,
      "hit_rate": 0.5901639344262295,
      "logloss": 0.6925129561874739,
      "n": 122
    },
    "90d": {
      "base_rate": 0.5493775933609959,
      "baseline_brier": 0.24756185327387611,
      "baseline_hit_rate": 0.5493775933609959,
      "brier": 0.24980843922981114,
      "display_ready": true,
      "ece": null,
      "hit_rate": 0.5493775933609959,
      "logloss": 0.6927643924251765,
      "n": 1205
    }
  },
  "schema_version": "1",
  "total_forecasts": 1209,
  "total_resolved": 1205
}
