{
  "by_horizon": {
    "12h": {
      "base_rate": 0.5662650602409639,
      "baseline_brier": 0.24560894179126144,
      "baseline_hit_rate": 0.5662650602409639,
      "brier": 0.24954009112861045,
      "display_ready": true,
      "ece": null,
      "hit_rate": 0.5662650602409639,
      "logloss": 0.6922278677643222,
      "n": 166
    },
    "1h": {
      "base_rate": 0.5287958115183246,
      "baseline_brier": 0.2491708012390011,
      "baseline_hit_rate": 0.5287958115183246,
      "brier": 0.2501561648354048,
      "display_ready": true,
      "ece": null,
      "hit_rate": 0.5287958115183246,
      "logloss": 0.6934601161244633,
      "n": 764
    },
    "24h": {
      "base_rate": 0.6265060240963856,
      "baseline_brier": 0.23399622586732471,
      "baseline_hit_rate": 0.6265060240963856,
      "brier": 0.2489736464192586,
      "display_ready": true,
      "ece": null,
      "hit_rate": 0.6265060240963856,
      "logloss": 0.691094081744704,
      "n": 83
    },
    "4h": {
      "base_rate": 0.5434782608695652,
      "baseline_brier": 0.24810964083175804,
      "baseline_hit_rate": 0.5434782608695652,
      "brier": 0.2500698581547824,
      "display_ready": true,
      "ece": null,
      "hit_rate": 0.5434782608695652,
      "logloss": 0.6932873581121749,
      "n": 460
    }
  },
  "by_model_version": {
    "v0.1.0-baseline-shadow": {
      "base_rate": 0.5431093007467753,
      "baseline_brier": 0.24814158818912407,
      "baseline_hit_rate": 0.5431093007467753,
      "brier": 0.24999315170780512,
      "display_ready": true,
      "ece": null,
      "hit_rate": 0.5431093007467753,
      "logloss": 0.6931339771109154,
      "n": 1473
    }
  },
  "generated_at": "2026-07-20T02:12:41Z",
  "global": {
    "base_rate": 0.5431093007467753,
    "baseline_brier": 0.24814158818912407,
    "baseline_hit_rate": 0.5431093007467753,
    "brier": 0.24999315170780512,
    "display_ready": true,
    "ece": null,
    "hit_rate": 0.5431093007467753,
    "logloss": 0.6931339771109154,
    "n": 1473
  },
  "metrics_version": "metrics-v0.1.0",
  "min_n_display": 20,
  "rolling": {
    "30d": {
      "base_rate": 0.5451197053406999,
      "baseline_brier": 0.24796421218996845,
      "baseline_hit_rate": 0.5451197053406999,
      "brier": 0.25032751701840666,
      "display_ready": true,
      "ece": null,
      "hit_rate": 0.5451197053406999,
      "logloss": 0.6938035343400507,
      "n": 543
    },
    "7d": {
      "base_rate": 0.5486111111111112,
      "baseline_brier": 0.24763695987654322,
      "baseline_hit_rate": 0.5486111111111112,
      "brier": 0.25031457805835144,
      "display_ready": true,
      "ece": null,
      "hit_rate": 0.5486111111111112,
      "logloss": 0.6937776270581892,
      "n": 144
    },
    "90d": {
      "base_rate": 0.5431093007467753,
      "baseline_brier": 0.24814158818912407,
      "baseline_hit_rate": 0.5431093007467753,
      "brier": 0.24999315170780512,
      "display_ready": true,
      "ece": null,
      "hit_rate": 0.5431093007467753,
      "logloss": 0.6931339771109154,
      "n": 1473
    }
  },
  "schema_version": "1",
  "total_forecasts": 1477,
  "total_resolved": 1473
}
