{
  "by_horizon": {
    "12h": {
      "base_rate": 0.5819672131147541,
      "baseline_brier": 0.2432813759742005,
      "baseline_hit_rate": 0.5819672131147541,
      "brier": 0.24914696833773986,
      "display_ready": true,
      "ece": null,
      "hit_rate": 0.5819672131147541,
      "logloss": 0.691441538690848,
      "n": 122
    },
    "1h": {
      "base_rate": 0.5256410256410257,
      "baseline_brier": 0.24934253780407625,
      "baseline_hit_rate": 0.5256410256410257,
      "brier": 0.2501703221462327,
      "display_ready": true,
      "ece": null,
      "hit_rate": 0.5256410256410257,
      "logloss": 0.693488369175507,
      "n": 546
    },
    "24h": {
      "base_rate": 0.6557377049180327,
      "baseline_brier": 0.22574576726686377,
      "baseline_hit_rate": 0.6557377049180327,
      "brier": 0.2480847763047276,
      "display_ready": true,
      "ece": null,
      "hit_rate": 0.6557377049180327,
      "logloss": 0.6893154518763513,
      "n": 61
    },
    "4h": {
      "base_rate": 0.5519287833827893,
      "baseline_brier": 0.24730340145638333,
      "baseline_hit_rate": 0.5519287833827893,
      "brier": 0.24969790634955855,
      "display_ready": true,
      "ece": null,
      "hit_rate": 0.5519287833827893,
      "logloss": 0.6925430523652816,
      "n": 337
    }
  },
  "by_model_version": {
    "v0.1.0-baseline-shadow": {
      "base_rate": 0.5478424015009381,
      "baseline_brier": 0.24771110461862303,
      "baseline_hit_rate": 0.5478424015009381,
      "brier": 0.24978451390566317,
      "display_ready": true,
      "ece": null,
      "hit_rate": 0.5478424015009381,
      "logloss": 0.6927164807707952,
      "n": 1066
    }
  },
  "generated_at": "2026-06-28T08:29:17Z",
  "global": {
    "base_rate": 0.5478424015009381,
    "baseline_brier": 0.24771110461862303,
    "baseline_hit_rate": 0.5478424015009381,
    "brier": 0.24978451390566317,
    "display_ready": true,
    "ece": null,
    "hit_rate": 0.5478424015009381,
    "logloss": 0.6927164807707952,
    "n": 1066
  },
  "metrics_version": "metrics-v0.1.0",
  "min_n_display": 20,
  "rolling": {
    "30d": {
      "base_rate": 0.5478424015009381,
      "baseline_brier": 0.24771110461862303,
      "baseline_hit_rate": 0.5478424015009381,
      "brier": 0.24978451390566317,
      "display_ready": true,
      "ece": null,
      "hit_rate": 0.5478424015009381,
      "logloss": 0.6927164807707952,
      "n": 1066
    },
    "7d": {
      "base_rate": 0.5172413793103449,
      "baseline_brier": 0.2497027348394768,
      "baseline_hit_rate": 0.5172413793103449,
      "brier": 0.25078599209536034,
      "display_ready": true,
      "ece": null,
      "hit_rate": 0.5172413793103449,
      "logloss": 0.6947217432198824,
      "n": 116
    },
    "90d": {
      "base_rate": 0.5478424015009381,
      "baseline_brier": 0.24771110461862303,
      "baseline_hit_rate": 0.5478424015009381,
      "brier": 0.24978451390566317,
      "display_ready": true,
      "ece": null,
      "hit_rate": 0.5478424015009381,
      "logloss": 0.6927164807707952,
      "n": 1066
    }
  },
  "schema_version": "1",
  "total_forecasts": 1070,
  "total_resolved": 1066
}
