{
  "by_horizon": {
    "12h": {
      "base_rate": 0.6095238095238096,
      "baseline_brier": 0.23800453514739228,
      "baseline_hit_rate": 0.6095238095238096,
      "brier": 0.24882070005620896,
      "display_ready": true,
      "ece": null,
      "hit_rate": 0.6095238095238096,
      "logloss": 0.6907887999927856,
      "n": 105
    },
    "1h": {
      "base_rate": 0.5157232704402516,
      "baseline_brier": 0.24975277876666271,
      "baseline_hit_rate": 0.5157232704402516,
      "brier": 0.2502635722552228,
      "display_ready": true,
      "ece": null,
      "hit_rate": 0.5157232704402516,
      "logloss": 0.6936746614878461,
      "n": 477
    },
    "24h": {
      "base_rate": 0.6538461538461539,
      "baseline_brier": 0.22633136094674555,
      "baseline_hit_rate": 0.6538461538461539,
      "brier": 0.24764269128090624,
      "display_ready": true,
      "ece": null,
      "hit_rate": 0.6538461538461539,
      "logloss": 0.6884307590629929,
      "n": 52
    },
    "4h": {
      "base_rate": 0.5363321799307958,
      "baseline_brier": 0.24867997270147627,
      "baseline_hit_rate": 0.5363321799307958,
      "brier": 0.24975232592055913,
      "display_ready": true,
      "ece": null,
      "hit_rate": 0.5363321799307958,
      "logloss": 0.6926515296871482,
      "n": 289
    }
  },
  "by_model_version": {
    "v0.1.0-baseline-shadow": {
      "base_rate": 0.5406283856988082,
      "baseline_brier": 0.2483493342755089,
      "baseline_hit_rate": 0.5406283856988082,
      "brier": 0.2497917005517789,
      "display_ready": true,
      "ece": null,
      "hit_rate": 0.5406283856988082,
      "logloss": 0.6927305840517947,
      "n": 923
    }
  },
  "generated_at": "2026-06-19T19:06:32Z",
  "global": {
    "base_rate": 0.5406283856988082,
    "baseline_brier": 0.2483493342755089,
    "baseline_hit_rate": 0.5406283856988082,
    "brier": 0.2497917005517789,
    "display_ready": true,
    "ece": null,
    "hit_rate": 0.5406283856988082,
    "logloss": 0.6927305840517947,
    "n": 923
  },
  "metrics_version": "metrics-v0.1.0",
  "min_n_display": 20,
  "rolling": {
    "30d": {
      "base_rate": 0.5406283856988082,
      "baseline_brier": 0.2483493342755089,
      "baseline_hit_rate": 0.5406283856988082,
      "brier": 0.2497917005517789,
      "display_ready": true,
      "ece": null,
      "hit_rate": 0.5406283856988082,
      "logloss": 0.6927305840517947,
      "n": 923
    },
    "7d": {
      "base_rate": 0.6442307692307693,
      "baseline_brier": 0.22919748520710057,
      "baseline_hit_rate": 0.6442307692307693,
      "brier": 0.24850622876188236,
      "display_ready": true,
      "ece": null,
      "hit_rate": 0.6442307692307693,
      "logloss": 0.6901594809138659,
      "n": 104
    },
    "90d": {
      "base_rate": 0.5406283856988082,
      "baseline_brier": 0.2483493342755089,
      "baseline_hit_rate": 0.5406283856988082,
      "brier": 0.2497917005517789,
      "display_ready": true,
      "ece": null,
      "hit_rate": 0.5406283856988082,
      "logloss": 0.6927305840517947,
      "n": 923
    }
  },
  "schema_version": "1",
  "total_forecasts": 926,
  "total_resolved": 923
}
