{
  "by_horizon": {
    "12h": {
      "base_rate": 0.5529411764705883,
      "baseline_brier": 0.24719723183391004,
      "baseline_hit_rate": 0.5529411764705883,
      "brier": 0.24997754889236928,
      "display_ready": true,
      "ece": null,
      "hit_rate": 0.5529411764705883,
      "logloss": 0.6931031011121214,
      "n": 85
    },
    "1h": {
      "base_rate": 0.5097560975609756,
      "baseline_brier": 0.24990481856038074,
      "baseline_hit_rate": 0.5097560975609756,
      "brier": 0.2503411759931916,
      "display_ready": true,
      "ece": null,
      "hit_rate": 0.5097560975609756,
      "logloss": 0.6938299951985969,
      "n": 410
    },
    "24h": {
      "base_rate": 0.6190476190476191,
      "baseline_brier": 0.23582766439909297,
      "baseline_hit_rate": 0.6190476190476191,
      "brier": 0.24873185897787634,
      "display_ready": true,
      "ece": null,
      "hit_rate": 0.6190476190476191,
      "logloss": 0.690609264403064,
      "n": 42
    },
    "4h": {
      "base_rate": 0.5189873417721519,
      "baseline_brier": 0.2496394808524275,
      "baseline_hit_rate": 0.5189873417721519,
      "brier": 0.24980955759285145,
      "display_ready": true,
      "ece": null,
      "hit_rate": 0.5189873417721519,
      "logloss": 0.6927655856455824,
      "n": 237
    }
  },
  "by_model_version": {
    "v0.1.0-baseline-shadow": {
      "base_rate": 0.5232558139534884,
      "baseline_brier": 0.24945916711736074,
      "baseline_hit_rate": 0.5232558139534884,
      "brier": 0.2500511331261454,
      "display_ready": true,
      "ece": null,
      "hit_rate": 0.5232558139534884,
      "logloss": 0.6932494761355127,
      "n": 774
    }
  },
  "generated_at": "2026-06-09T19:27:18Z",
  "global": {
    "base_rate": 0.5232558139534884,
    "baseline_brier": 0.24945916711736074,
    "baseline_hit_rate": 0.5232558139534884,
    "brier": 0.2500511331261454,
    "display_ready": true,
    "ece": null,
    "hit_rate": 0.5232558139534884,
    "logloss": 0.6932494761355127,
    "n": 774
  },
  "metrics_version": "metrics-v0.1.0",
  "min_n_display": 20,
  "rolling": {
    "30d": {
      "base_rate": 0.5232558139534884,
      "baseline_brier": 0.24945916711736074,
      "baseline_hit_rate": 0.5232558139534884,
      "brier": 0.2500511331261454,
      "display_ready": true,
      "ece": null,
      "hit_rate": 0.5232558139534884,
      "logloss": 0.6932494761355127,
      "n": 774
    },
    "7d": {
      "base_rate": 0.5232558139534884,
      "baseline_brier": 0.24945916711736074,
      "baseline_hit_rate": 0.5232558139534884,
      "brier": 0.2500511331261454,
      "display_ready": true,
      "ece": null,
      "hit_rate": 0.5232558139534884,
      "logloss": 0.6932494761355127,
      "n": 774
    },
    "90d": {
      "base_rate": 0.5232558139534884,
      "baseline_brier": 0.24945916711736074,
      "baseline_hit_rate": 0.5232558139534884,
      "brier": 0.2500511331261454,
      "display_ready": true,
      "ece": null,
      "hit_rate": 0.5232558139534884,
      "logloss": 0.6932494761355127,
      "n": 774
    }
  },
  "schema_version": "1",
  "total_forecasts": 777,
  "total_resolved": 774
}
