{
  "by_horizon": {
    "12h": {
      "base_rate": 0.5686274509803921,
      "baseline_brier": 0.24529027297193387,
      "baseline_hit_rate": 0.5686274509803921,
      "brier": 0.24951236489212184,
      "display_ready": true,
      "ece": null,
      "hit_rate": 0.5686274509803921,
      "logloss": 0.6921723740406495,
      "n": 153
    },
    "1h": {
      "base_rate": 0.5282199710564399,
      "baseline_brier": 0.2492036332335737,
      "baseline_hit_rate": 0.5282199710564399,
      "brier": 0.25020432844778906,
      "display_ready": true,
      "ece": null,
      "hit_rate": 0.5282199710564399,
      "logloss": 0.693556450265865,
      "n": 691
    },
    "24h": {
      "base_rate": 0.6447368421052632,
      "baseline_brier": 0.22905124653739614,
      "baseline_hit_rate": 0.6447368421052632,
      "brier": 0.2482923612999702,
      "display_ready": true,
      "ece": null,
      "hit_rate": 0.6447368421052632,
      "logloss": 0.6897309186607747,
      "n": 76
    },
    "4h": {
      "base_rate": 0.5390070921985816,
      "baseline_brier": 0.24847844675821135,
      "baseline_hit_rate": 0.5390070921985816,
      "brier": 0.250016476811513,
      "display_ready": true,
      "ece": null,
      "hit_rate": 0.5390070921985816,
      "logloss": 0.6931804460089366,
      "n": 423
    }
  },
  "by_model_version": {
    "v0.1.0-baseline-shadow": {
      "base_rate": 0.5428145941921072,
      "baseline_brier": 0.24816691052416517,
      "baseline_hit_rate": 0.5428145941921072,
      "brier": 0.24995813249142562,
      "display_ready": true,
      "ece": null,
      "hit_rate": 0.5428145941921072,
      "logloss": 0.6930638561741854,
      "n": 1343
    }
  },
  "generated_at": "2026-07-13T22:13:42Z",
  "global": {
    "base_rate": 0.5428145941921072,
    "baseline_brier": 0.24816691052416517,
    "baseline_hit_rate": 0.5428145941921072,
    "brier": 0.24995813249142562,
    "display_ready": true,
    "ece": null,
    "hit_rate": 0.5428145941921072,
    "logloss": 0.6930638561741854,
    "n": 1343
  },
  "metrics_version": "metrics-v0.1.0",
  "min_n_display": 20,
  "rolling": {
    "30d": {
      "base_rate": 0.5615079365079365,
      "baseline_brier": 0.24621677374653564,
      "baseline_hit_rate": 0.5615079365079365,
      "brier": 0.2500420897476822,
      "display_ready": true,
      "ece": null,
      "hit_rate": 0.5615079365079365,
      "logloss": 0.6932324306003563,
      "n": 504
    },
    "7d": {
      "base_rate": 0.46923076923076923,
      "baseline_brier": 0.24905325443786983,
      "baseline_hit_rate": 0.5307692307692308,
      "brier": 0.2515947222325622,
      "display_ready": true,
      "ece": null,
      "hit_rate": 0.46923076923076923,
      "logloss": 0.6963378617570284,
      "n": 130
    },
    "90d": {
      "base_rate": 0.5428145941921072,
      "baseline_brier": 0.24816691052416517,
      "baseline_hit_rate": 0.5428145941921072,
      "brier": 0.24995813249142562,
      "display_ready": true,
      "ece": null,
      "hit_rate": 0.5428145941921072,
      "logloss": 0.6930638561741854,
      "n": 1343
    }
  },
  "schema_version": "1",
  "total_forecasts": 1347,
  "total_resolved": 1343
}
