{
  "by_horizon": {
    "12h": {
      "base_rate": 0.5806451612903226,
      "baseline_brier": 0.24349635796045785,
      "baseline_hit_rate": 0.5806451612903226,
      "brier": 0.24918670066282286,
      "display_ready": true,
      "ece": null,
      "hit_rate": 0.5806451612903226,
      "logloss": 0.6915209994721604,
      "n": 124
    },
    "1h": {
      "base_rate": 0.5197841726618705,
      "baseline_brier": 0.2496085865120853,
      "baseline_hit_rate": 0.5197841726618705,
      "brier": 0.2502331033696718,
      "display_ready": true,
      "ece": null,
      "hit_rate": 0.5197841726618705,
      "logloss": 0.693613937980011,
      "n": 556
    },
    "24h": {
      "base_rate": 0.6612903225806451,
      "baseline_brier": 0.22398543184183142,
      "baseline_hit_rate": 0.6612903225806451,
      "brier": 0.2480316454183736,
      "display_ready": true,
      "ece": null,
      "hit_rate": 0.6612903225806451,
      "logloss": 0.6892092046409473,
      "n": 62
    },
    "4h": {
      "base_rate": 0.5513196480938416,
      "baseline_brier": 0.2473662937195243,
      "baseline_hit_rate": 0.5513196480938416,
      "brier": 0.24971023290277364,
      "display_ready": true,
      "ece": null,
      "hit_rate": 0.5513196480938416,
      "logloss": 0.6925677069744666,
      "n": 341
    }
  },
  "by_model_version": {
    "v0.1.0-baseline-shadow": {
      "base_rate": 0.5447830101569714,
      "baseline_brier": 0.2479944820012806,
      "baseline_hit_rate": 0.5447830101569714,
      "brier": 0.24982262953971612,
      "display_ready": true,
      "ece": null,
      "hit_rate": 0.5447830101569714,
      "logloss": 0.6927927167289619,
      "n": 1083
    }
  },
  "generated_at": "2026-06-29T06:02:54Z",
  "global": {
    "base_rate": 0.5447830101569714,
    "baseline_brier": 0.2479944820012806,
    "baseline_hit_rate": 0.5447830101569714,
    "brier": 0.24982262953971612,
    "display_ready": true,
    "ece": null,
    "hit_rate": 0.5447830101569714,
    "logloss": 0.6927927167289619,
    "n": 1083
  },
  "metrics_version": "metrics-v0.1.0",
  "min_n_display": 20,
  "rolling": {
    "30d": {
      "base_rate": 0.5447830101569714,
      "baseline_brier": 0.2479944820012806,
      "baseline_hit_rate": 0.5447830101569714,
      "brier": 0.24982262953971612,
      "display_ready": true,
      "ece": null,
      "hit_rate": 0.5447830101569714,
      "logloss": 0.6927927167289619,
      "n": 1083
    },
    "7d": {
      "base_rate": 0.47863247863247865,
      "baseline_brier": 0.24954342903060847,
      "baseline_hit_rate": 0.5213675213675213,
      "brier": 0.25109446655613654,
      "display_ready": true,
      "ece": null,
      "hit_rate": 0.47863247863247865,
      "logloss": 0.6953387355552784,
      "n": 117
    },
    "90d": {
      "base_rate": 0.5447830101569714,
      "baseline_brier": 0.2479944820012806,
      "baseline_hit_rate": 0.5447830101569714,
      "brier": 0.24982262953971612,
      "display_ready": true,
      "ece": null,
      "hit_rate": 0.5447830101569714,
      "logloss": 0.6927927167289619,
      "n": 1083
    }
  },
  "schema_version": "1",
  "total_forecasts": 1086,
  "total_resolved": 1083
}
