{
  "by_horizon": {
    "12h": {
      "base_rate": 0.5664335664335665,
      "baseline_brier": 0.24558658125091692,
      "baseline_hit_rate": 0.5664335664335665,
      "brier": 0.24936417698564534,
      "display_ready": true,
      "ece": null,
      "hit_rate": 0.5664335664335665,
      "logloss": 0.6918758497013305,
      "n": 143
    },
    "1h": {
      "base_rate": 0.5282131661442007,
      "baseline_brier": 0.2492040172561197,
      "baseline_hit_rate": 0.5282131661442007,
      "brier": 0.2501611882257102,
      "display_ready": true,
      "ece": null,
      "hit_rate": 0.5282131661442007,
      "logloss": 0.6934701952630834,
      "n": 638
    },
    "24h": {
      "base_rate": 0.6619718309859155,
      "baseline_brier": 0.22376512596707002,
      "baseline_hit_rate": 0.6619718309859155,
      "brier": 0.2481639613395502,
      "display_ready": true,
      "ece": null,
      "hit_rate": 0.6619718309859155,
      "logloss": 0.689474058368131,
      "n": 71
    },
    "4h": {
      "base_rate": 0.539440203562341,
      "baseline_brier": 0.2484444703429611,
      "baseline_hit_rate": 0.539440203562341,
      "brier": 0.24998988891808963,
      "display_ready": true,
      "ece": null,
      "hit_rate": 0.539440203562341,
      "logloss": 0.6931272503212534,
      "n": 393
    }
  },
  "by_model_version": {
    "v0.1.0-baseline-shadow": {
      "base_rate": 0.5437751004016064,
      "baseline_brier": 0.24808374058482927,
      "baseline_hit_rate": 0.5437751004016064,
      "brier": 0.2499016730898536,
      "display_ready": true,
      "ece": null,
      "hit_rate": 0.5437751004016064,
      "logloss": 0.6929509225747208,
      "n": 1245
    }
  },
  "generated_at": "2026-07-08T15:30:18Z",
  "global": {
    "base_rate": 0.5437751004016064,
    "baseline_brier": 0.24808374058482927,
    "baseline_hit_rate": 0.5437751004016064,
    "brier": 0.2499016730898536,
    "display_ready": true,
    "ece": null,
    "hit_rate": 0.5437751004016064,
    "logloss": 0.6929509225747208,
    "n": 1245
  },
  "metrics_version": "metrics-v0.1.0",
  "min_n_display": 20,
  "rolling": {
    "30d": {
      "base_rate": 0.5714285714285714,
      "baseline_brier": 0.24489795918367346,
      "baseline_hit_rate": 0.5714285714285714,
      "brier": 0.24973555080203236,
      "display_ready": true,
      "ece": null,
      "hit_rate": 0.5714285714285714,
      "logloss": 0.6926192460310938,
      "n": 490
    },
    "7d": {
      "base_rate": 0.5476190476190477,
      "baseline_brier": 0.2477324263038549,
      "baseline_hit_rate": 0.5476190476190477,
      "brier": 0.24989602018094606,
      "display_ready": true,
      "ece": null,
      "hit_rate": 0.5476190476190477,
      "logloss": 0.6929402630618244,
      "n": 126
    },
    "90d": {
      "base_rate": 0.5437751004016064,
      "baseline_brier": 0.24808374058482927,
      "baseline_hit_rate": 0.5437751004016064,
      "brier": 0.2499016730898536,
      "display_ready": true,
      "ece": null,
      "hit_rate": 0.5437751004016064,
      "logloss": 0.6929509225747208,
      "n": 1245
    }
  },
  "schema_version": "1",
  "total_forecasts": 1248,
  "total_resolved": 1245
}
