{
  "by_horizon": {
    "12h": {
      "base_rate": 0.5882352941176471,
      "baseline_brier": 0.2422145328719723,
      "baseline_hit_rate": 0.5882352941176471,
      "brier": 0.24912619982382828,
      "display_ready": true,
      "ece": null,
      "hit_rate": 0.5882352941176471,
      "logloss": 0.6914000142360712,
      "n": 119
    },
    "1h": {
      "base_rate": 0.5255198487712666,
      "baseline_brier": 0.2493487373186917,
      "baseline_hit_rate": 0.5255198487712666,
      "brier": 0.25022039425542797,
      "display_ready": true,
      "ece": null,
      "hit_rate": 0.5255198487712666,
      "logloss": 0.6935885418162657,
      "n": 529
    },
    "24h": {
      "base_rate": 0.6610169491525424,
      "baseline_brier": 0.2240735420856076,
      "baseline_hit_rate": 0.6610169491525424,
      "brier": 0.24780184053232435,
      "display_ready": true,
      "ece": null,
      "hit_rate": 0.6610169491525424,
      "logloss": 0.6887492896305644,
      "n": 59
    },
    "4h": {
      "base_rate": 0.549079754601227,
      "baseline_brier": 0.24759117768828334,
      "baseline_hit_rate": 0.549079754601227,
      "brier": 0.2497230543970739,
      "display_ready": true,
      "ece": null,
      "hit_rate": 0.549079754601227,
      "logloss": 0.6925933504736198,
      "n": 326
    }
  },
  "by_model_version": {
    "v0.1.0-baseline-shadow": {
      "base_rate": 0.547918683446273,
      "baseline_brier": 0.2477037997767759,
      "baseline_hit_rate": 0.547918683446273,
      "brier": 0.24979925524202345,
      "display_ready": true,
      "ece": null,
      "hit_rate": 0.547918683446273,
      "logloss": 0.692745963850436,
      "n": 1033
    }
  },
  "generated_at": "2026-06-26T12:23:50Z",
  "global": {
    "base_rate": 0.547918683446273,
    "baseline_brier": 0.2477037997767759,
    "baseline_hit_rate": 0.547918683446273,
    "brier": 0.24979925524202345,
    "display_ready": true,
    "ece": null,
    "hit_rate": 0.547918683446273,
    "logloss": 0.692745963850436,
    "n": 1033
  },
  "metrics_version": "metrics-v0.1.0",
  "min_n_display": 20,
  "rolling": {
    "30d": {
      "base_rate": 0.547918683446273,
      "baseline_brier": 0.2477037997767759,
      "baseline_hit_rate": 0.547918683446273,
      "brier": 0.24979925524202345,
      "display_ready": true,
      "ece": null,
      "hit_rate": 0.547918683446273,
      "logloss": 0.692745963850436,
      "n": 1033
    },
    "7d": {
      "base_rate": 0.5964912280701754,
      "baseline_brier": 0.24068944290550937,
      "baseline_hit_rate": 0.5964912280701754,
      "brier": 0.2500213976081878,
      "display_ready": true,
      "ece": null,
      "hit_rate": 0.5964912280701754,
      "logloss": 0.693192453592892,
      "n": 114
    },
    "90d": {
      "base_rate": 0.547918683446273,
      "baseline_brier": 0.2477037997767759,
      "baseline_hit_rate": 0.547918683446273,
      "brier": 0.24979925524202345,
      "display_ready": true,
      "ece": null,
      "hit_rate": 0.547918683446273,
      "logloss": 0.692745963850436,
      "n": 1033
    }
  },
  "schema_version": "1",
  "total_forecasts": 1034,
  "total_resolved": 1033
}
