{
  "by_horizon": {
    "12h": {
      "base_rate": 0.6036036036036037,
      "baseline_brier": 0.23926629332034738,
      "baseline_hit_rate": 0.6036036036036037,
      "brier": 0.24891422854016568,
      "display_ready": true,
      "ece": null,
      "hit_rate": 0.6036036036036037,
      "logloss": 0.6909758645431656,
      "n": 111
    },
    "1h": {
      "base_rate": 0.533066132264529,
      "baseline_brier": 0.24890663089706466,
      "baseline_hit_rate": 0.533066132264529,
      "brier": 0.2500690316026863,
      "display_ready": true,
      "ece": null,
      "hit_rate": 0.533066132264529,
      "logloss": 0.6932855424774684,
      "n": 499
    },
    "24h": {
      "base_rate": 0.6363636363636364,
      "baseline_brier": 0.23140495867768593,
      "baseline_hit_rate": 0.6363636363636364,
      "brier": 0.24806801844135692,
      "display_ready": true,
      "ece": null,
      "hit_rate": 0.6363636363636364,
      "logloss": 0.6892816613055586,
      "n": 55
    },
    "4h": {
      "base_rate": 0.555921052631579,
      "baseline_brier": 0.24687283587257616,
      "baseline_hit_rate": 0.555921052631579,
      "brier": 0.249556752145682,
      "display_ready": true,
      "ece": null,
      "hit_rate": 0.555921052631579,
      "logloss": 0.6922603709449647,
      "n": 304
    }
  },
  "by_model_version": {
    "v0.1.0-baseline-shadow": {
      "base_rate": 0.5541795665634675,
      "baseline_brier": 0.2470645745669948,
      "baseline_hit_rate": 0.5541795665634675,
      "brier": 0.24966245593834963,
      "display_ready": true,
      "ece": null,
      "hit_rate": 0.5541795665634675,
      "logloss": 0.6924720854485276,
      "n": 969
    }
  },
  "generated_at": "2026-06-22T12:23:18Z",
  "global": {
    "base_rate": 0.5541795665634675,
    "baseline_brier": 0.2470645745669948,
    "baseline_hit_rate": 0.5541795665634675,
    "brier": 0.24966245593834963,
    "display_ready": true,
    "ece": null,
    "hit_rate": 0.5541795665634675,
    "logloss": 0.6924720854485276,
    "n": 969
  },
  "metrics_version": "metrics-v0.1.0",
  "min_n_display": 20,
  "rolling": {
    "30d": {
      "base_rate": 0.5541795665634675,
      "baseline_brier": 0.2470645745669948,
      "baseline_hit_rate": 0.5541795665634675,
      "brier": 0.24966245593834963,
      "display_ready": true,
      "ece": null,
      "hit_rate": 0.5541795665634675,
      "logloss": 0.6924720854485276,
      "n": 969
    },
    "7d": {
      "base_rate": 0.7289719626168224,
      "baseline_brier": 0.19757184033540046,
      "baseline_hit_rate": 0.7289719626168224,
      "brier": 0.24795812848566853,
      "display_ready": true,
      "ece": null,
      "hit_rate": 0.7289719626168224,
      "logloss": 0.6890634689895098,
      "n": 107
    },
    "90d": {
      "base_rate": 0.5541795665634675,
      "baseline_brier": 0.2470645745669948,
      "baseline_hit_rate": 0.5541795665634675,
      "brier": 0.24966245593834963,
      "display_ready": true,
      "ece": null,
      "hit_rate": 0.5541795665634675,
      "logloss": 0.6924720854485276,
      "n": 969
    }
  },
  "schema_version": "1",
  "total_forecasts": 970,
  "total_resolved": 969
}
