{
  "by_horizon": {
    "12h": {
      "base_rate": 0.5846153846153846,
      "baseline_brier": 0.24284023668639054,
      "baseline_hit_rate": 0.5846153846153846,
      "brier": 0.24918201445384228,
      "display_ready": true,
      "ece": null,
      "hit_rate": 0.5846153846153846,
      "logloss": 0.691511549720249,
      "n": 130
    },
    "1h": {
      "base_rate": 0.5198618307426598,
      "baseline_brier": 0.24960550767954995,
      "baseline_hit_rate": 0.5198618307426598,
      "brier": 0.2503289633041643,
      "display_ready": true,
      "ece": null,
      "hit_rate": 0.5198618307426598,
      "logloss": 0.6938058182047145,
      "n": 579
    },
    "24h": {
      "base_rate": 0.6461538461538462,
      "baseline_brier": 0.22863905325443787,
      "baseline_hit_rate": 0.6461538461538462,
      "brier": 0.24837870325740943,
      "display_ready": true,
      "ece": null,
      "hit_rate": 0.6461538461538462,
      "logloss": 0.6899034573716565,
      "n": 65
    },
    "4h": {
      "base_rate": 0.5487465181058496,
      "baseline_brier": 0.24762377697255608,
      "baseline_hit_rate": 0.5487465181058496,
      "brier": 0.24988873998641048,
      "display_ready": true,
      "ece": null,
      "hit_rate": 0.5487465181058496,
      "logloss": 0.6929249122575991,
      "n": 359
    }
  },
  "by_model_version": {
    "v0.1.0-baseline-shadow": {
      "base_rate": 0.5436893203883495,
      "baseline_brier": 0.24809124328400414,
      "baseline_hit_rate": 0.5436893203883495,
      "brier": 0.24994598852512237,
      "display_ready": true,
      "ece": null,
      "hit_rate": 0.5436893203883495,
      "logloss": 0.6930395749636344,
      "n": 1133
    }
  },
  "generated_at": "2026-07-02T09:29:10Z",
  "global": {
    "base_rate": 0.5436893203883495,
    "baseline_brier": 0.24809124328400414,
    "baseline_hit_rate": 0.5436893203883495,
    "brier": 0.24994598852512237,
    "display_ready": true,
    "ece": null,
    "hit_rate": 0.5436893203883495,
    "logloss": 0.6930395749636344,
    "n": 1133
  },
  "metrics_version": "metrics-v0.1.0",
  "min_n_display": 20,
  "rolling": {
    "30d": {
      "base_rate": 0.5436893203883495,
      "baseline_brier": 0.24809124328400414,
      "baseline_hit_rate": 0.5436893203883495,
      "brier": 0.24994598852512237,
      "display_ready": true,
      "ece": null,
      "hit_rate": 0.5436893203883495,
      "logloss": 0.6930395749636344,
      "n": 1133
    },
    "7d": {
      "base_rate": 0.475,
      "baseline_brier": 0.249375,
      "baseline_hit_rate": 0.525,
      "brier": 0.25180620602407194,
      "display_ready": true,
      "ece": null,
      "hit_rate": 0.475,
      "logloss": 0.696761823541371,
      "n": 120
    },
    "90d": {
      "base_rate": 0.5436893203883495,
      "baseline_brier": 0.24809124328400414,
      "baseline_hit_rate": 0.5436893203883495,
      "brier": 0.24994598852512237,
      "display_ready": true,
      "ece": null,
      "hit_rate": 0.5436893203883495,
      "logloss": 0.6930395749636344,
      "n": 1133
    }
  },
  "schema_version": "1",
  "total_forecasts": 1135,
  "total_resolved": 1133
}
