{
  "by_direction": {
    "down": {
      "always_down_rate": 0.4526462395543176,
      "always_up_rate": 0.5473537604456824,
      "base_rate": 0.45264623955431754,
      "baseline_brier": 0.2477576213716529,
      "baseline_hit_rate": 0.5473537604456824,
      "brier": 0.25102979186828744,
      "display_ready": true,
      "ece": null,
      "expectancy_bps": 4.569195823073213,
      "expectancy_maker_2bps": 2.569195823073213,
      "expectancy_taker_10bps": -5.430804176926786,
      "hit_down": 0.45264623955431754,
      "hit_rate": 0.45264623955431754,
      "hit_up": null,
      "logloss": 0.6952077248960786,
      "n": 718,
      "n_down": 718,
      "n_up": 0,
      "vs_majority_pp": -0.09470752089136486
    },
    "up": {
      "always_down_rate": 0.37926829268292683,
      "always_up_rate": 0.6207317073170732,
      "base_rate": 0.6207317073170732,
      "baseline_brier": 0.2354238548483046,
      "baseline_hit_rate": 0.6207317073170732,
      "brier": 0.24900830687311168,
      "display_ready": true,
      "ece": null,
      "expectancy_bps": 14.402453323334115,
      "expectancy_maker_2bps": 12.402453323334113,
      "expectancy_taker_10bps": 4.402453323334114,
      "hit_down": null,
      "hit_rate": 0.6207317073170732,
      "hit_up": 0.6207317073170732,
      "logloss": 0.69116385876222,
      "n": 820,
      "n_down": 0,
      "n_up": 820,
      "vs_majority_pp": 0.0
    }
  },
  "by_horizon": {
    "12h": {
      "always_down_rate": 0.4742857142857143,
      "always_up_rate": 0.5257142857142857,
      "base_rate": 0.5657142857142857,
      "baseline_brier": 0.24568163265306123,
      "baseline_hit_rate": 0.5657142857142857,
      "brier": 0.249623865045748,
      "display_ready": true,
      "ece": null,
      "expectancy_bps": 24.37760183391444,
      "expectancy_maker_2bps": 22.37760183391444,
      "expectancy_taker_10bps": 14.377601833914442,
      "hit_down": 0.5402298850574713,
      "hit_rate": 0.5657142857142857,
      "hit_up": 0.5909090909090909,
      "logloss": 0.6923956923578972,
      "n": 175,
      "n_down": 87,
      "n_up": 88,
      "vs_majority_pp": 0.040000000000000036
    },
    "1h": {
      "always_down_rate": 0.38190954773869346,
      "always_up_rate": 0.6180904522613065,
      "base_rate": 0.5263819095477387,
      "baseline_brier": 0.24930399484861496,
      "baseline_hit_rate": 0.5263819095477387,
      "brier": 0.25011671735767227,
      "display_ready": true,
      "ece": null,
      "expectancy_bps": 3.3977005332108043,
      "expectancy_maker_2bps": 1.3977005332108043,
      "expectancy_taker_10bps": -6.602299466789195,
      "hit_down": 0.39775910364145656,
      "hit_rate": 0.5263819095477387,
      "hit_up": 0.6309794988610479,
      "logloss": 0.6933811719420926,
      "n": 796,
      "n_down": 357,
      "n_up": 439,
      "vs_majority_pp": -0.09170854271356788
    },
    "24h": {
      "always_down_rate": 0.5,
      "always_up_rate": 0.5,
      "base_rate": 0.625,
      "baseline_brier": 0.234375,
      "baseline_hit_rate": 0.625,
      "brier": 0.24896676328101125,
      "display_ready": true,
      "ece": null,
      "expectancy_bps": 54.73498298085394,
      "expectancy_maker_2bps": 52.73498298085395,
      "expectancy_taker_10bps": 44.73498298085394,
      "hit_down": 0.6222222222222222,
      "hit_rate": 0.625,
      "hit_up": 0.627906976744186,
      "logloss": 0.691080348313875,
      "n": 88,
      "n_down": 45,
      "n_up": 43,
      "vs_majority_pp": 0.125
    },
    "4h": {
      "always_down_rate": 0.4279749478079332,
      "always_up_rate": 0.5720250521920668,
      "base_rate": 0.5448851774530271,
      "baseline_brier": 0.24798532084501027,
      "baseline_hit_rate": 0.5448851774530271,
      "brier": 0.2499792142566596,
      "display_ready": true,
      "ece": null,
      "expectancy_bps": 6.896379704414543,
      "expectancy_maker_2bps": 4.896379704414543,
      "expectancy_taker_10bps": -3.1036202955854573,
      "hit_down": 0.47161572052401746,
      "hit_rate": 0.5448851774530271,
      "hit_up": 0.612,
      "logloss": 0.6931060145725388,
      "n": 479,
      "n_down": 229,
      "n_up": 250,
      "vs_majority_pp": -0.02713987473903967
    }
  },
  "by_model_version": {
    "v0.1.0-baseline-shadow": {
      "always_down_rate": 0.4135681669928245,
      "always_up_rate": 0.5864318330071755,
      "base_rate": 0.542726679712981,
      "baseline_brier": 0.2481744308407043,
      "baseline_hit_rate": 0.542726679712981,
      "brier": 0.24993126798385973,
      "display_ready": true,
      "ece": null,
      "expectancy_bps": 9.868261173936949,
      "expectancy_maker_2bps": 7.86826117393695,
      "expectancy_taker_10bps": -0.13173882606305104,
      "hit_down": 0.45327754532775455,
      "hit_rate": 0.542726679712981,
      "hit_up": 0.6213235294117647,
      "logloss": 0.6930101560495807,
      "n": 1533,
      "n_down": 717,
      "n_up": 816,
      "vs_majority_pp": -0.04370515329419444
    },
    "v0.2.0-shadow-policy24": {
      "always_down_rate": 0.4,
      "always_up_rate": 0.6,
      "base_rate": 0.4,
      "baseline_brier": 0.24000000000000005,
      "baseline_hit_rate": 0.6,
      "brier": 0.256313675625,
      "display_ready": false,
      "ece": null,
      "expectancy_bps": -7.470010708960649,
      "expectancy_maker_2bps": -9.470010708960649,
      "expectancy_taker_10bps": -17.470010708960647,
      "hit_down": 0.0,
      "hit_rate": 0.4,
      "hit_up": 0.5,
      "logloss": 0.7057882872795338,
      "n": 5,
      "n_down": 1,
      "n_up": 4,
      "vs_majority_pp": -0.19999999999999996
    }
  },
  "by_regime": {
    "bear": {
      "always_down_rate": 0.2222222222222222,
      "always_up_rate": 0.7777777777777778,
      "base_rate": 0.2222222222222222,
      "baseline_brier": 0.1728395061728395,
      "baseline_hit_rate": 0.7777777777777778,
      "brier": 0.25562560832660935,
      "display_ready": false,
      "ece": null,
      "expectancy_bps": -5.4637952639108995,
      "expectancy_maker_2bps": -7.4637952639108995,
      "expectancy_taker_10bps": -15.463795263910901,
      "hit_down": 0.2222222222222222,
      "hit_rate": 0.2222222222222222,
      "hit_up": null,
      "logloss": 0.7044052551327253,
      "n": 9,
      "n_down": 9,
      "n_up": 0,
      "vs_majority_pp": -0.5555555555555556
    },
    "bull": {
      "always_down_rate": 0.6153846153846154,
      "always_up_rate": 0.38461538461538464,
      "base_rate": 0.38461538461538464,
      "baseline_brier": 0.2366863905325444,
      "baseline_hit_rate": 0.6153846153846154,
      "brier": 0.2510478583894247,
      "display_ready": false,
      "ece": null,
      "expectancy_bps": -19.504867949320772,
      "expectancy_maker_2bps": -21.504867949320772,
      "expectancy_taker_10bps": -29.504867949320772,
      "hit_down": null,
      "hit_rate": 0.38461538461538464,
      "hit_up": 0.38461538461538464,
      "logloss": 0.6952437136485445,
      "n": 13,
      "n_down": 0,
      "n_up": 13,
      "vs_majority_pp": -0.23076923076923078
    },
    "chop": {
      "always_down_rate": 0.7142857142857143,
      "always_up_rate": 0.2857142857142857,
      "base_rate": 0.42857142857142855,
      "baseline_brier": 0.24489795918367346,
      "baseline_hit_rate": 0.5714285714285714,
      "brier": 0.25004603276374626,
      "display_ready": false,
      "ece": null,
      "expectancy_bps": -3.0497555112948134,
      "expectancy_maker_2bps": -5.049755511294813,
      "expectancy_taker_10bps": -13.049755511294814,
      "hit_down": 0.6,
      "hit_rate": 0.42857142857142855,
      "hit_up": 0.0,
      "logloss": 0.6932392456798544,
      "n": 7,
      "n_down": 5,
      "n_up": 2,
      "vs_majority_pp": -0.28571428571428575
    },
    "unknown": {
      "always_down_rate": 0.411530815109344,
      "always_up_rate": 0.588469184890656,
      "base_rate": 0.5460569913850232,
      "baseline_brier": 0.2478787535445599,
      "baseline_hit_rate": 0.5460569913850232,
      "brier": 0.2499083017455492,