{
  "by_horizon": {
    "12h": {
      "base_rate": 0.591304347826087,
      "baseline_brier": 0.24166351606805295,
      "baseline_hit_rate": 0.591304347826087,
      "brier": 0.24914588192717993,
      "display_ready": true,
      "ece": null,
      "hit_rate": 0.591304347826087,
      "logloss": 0.6914394604701161,
      "n": 115
    },
    "1h": {
      "base_rate": 0.5320388349514563,
      "baseline_brier": 0.24897351305495333,
      "baseline_hit_rate": 0.5320388349514563,
      "brier": 0.25000704987116507,
      "display_ready": true,
      "ece": null,
      "hit_rate": 0.5320388349514563,
      "logloss": 0.6931614367914868,
      "n": 515
    },
    "24h": {
      "base_rate": 0.6491228070175439,
      "baseline_brier": 0.22776238842720836,
      "baseline_hit_rate": 0.6491228070175439,
      "brier": 0.24798094119803063,
      "display_ready": true,
      "ece": null,
      "hit_rate": 0.6491228070175439,
      "logloss": 0.6891075477701932,
      "n": 57
    },
    "4h": {
      "base_rate": 0.5569620253164557,
      "baseline_brier": 0.24675532767184744,
      "baseline_hit_rate": 0.5569620253164557,
      "brier": 0.24951750720856822,
      "display_ready": true,
      "ece": null,
      "hit_rate": 0.5569620253164557,
      "logloss": 0.6921817408428119,
      "n": 316
    }
  },
  "by_model_version": {
    "v0.1.0-baseline-shadow": {
      "base_rate": 0.5533399800598205,
      "baseline_brier": 0.24715484652721798,
      "baseline_hit_rate": 0.5533399800598205,
      "brier": 0.24963893622280262,
      "display_ready": true,
      "ece": null,
      "hit_rate": 0.5533399800598205,
      "logloss": 0.6924249633408859,
      "n": 1003
    }
  },
  "generated_at": "2026-06-24T17:15:15Z",
  "global": {
    "base_rate": 0.5533399800598205,
    "baseline_brier": 0.24715484652721798,
    "baseline_hit_rate": 0.5533399800598205,
    "brier": 0.24963893622280262,
    "display_ready": true,
    "ece": null,
    "hit_rate": 0.5533399800598205,
    "logloss": 0.6924249633408859,
    "n": 1003
  },
  "metrics_version": "metrics-v0.1.0",
  "min_n_display": 20,
  "rolling": {
    "30d": {
      "base_rate": 0.5533399800598205,
      "baseline_brier": 0.24715484652721798,
      "baseline_hit_rate": 0.5533399800598205,
      "brier": 0.24963893622280262,
      "display_ready": true,
      "ece": null,
      "hit_rate": 0.5533399800598205,
      "logloss": 0.6924249633408859,
      "n": 1003
    },
    "7d": {
      "base_rate": 0.6486486486486487,
      "baseline_brier": 0.22790357925493063,
      "baseline_hit_rate": 0.6486486486486487,
      "brier": 0.2487224641332164,
      "display_ready": true,
      "ece": null,
      "hit_rate": 0.6486486486486487,
      "logloss": 0.6905918055994787,
      "n": 111
    },
    "90d": {
      "base_rate": 0.5533399800598205,
      "baseline_brier": 0.24715484652721798,
      "baseline_hit_rate": 0.5533399800598205,
      "brier": 0.24963893622280262,
      "display_ready": true,
      "ece": null,
      "hit_rate": 0.5533399800598205,
      "logloss": 0.6924249633408859,
      "n": 1003
    }
  },
  "schema_version": "1",
  "total_forecasts": 1005,
  "total_resolved": 1003
}
