{
  "by_horizon": {
    "12h": {
      "base_rate": 0.5616438356164384,
      "baseline_brier": 0.24620003753049355,
      "baseline_hit_rate": 0.5616438356164384,
      "brier": 0.24947040497743442,
      "display_ready": true,
      "ece": null,
      "hit_rate": 0.5616438356164384,
      "logloss": 0.6920884062434729,
      "n": 146
    },
    "1h": {
      "base_rate": 0.5284178187403994,
      "baseline_brier": 0.2491924275780378,
      "baseline_hit_rate": 0.5284178187403994,
      "brier": 0.25018146129201335,
      "display_ready": true,
      "ece": null,
      "hit_rate": 0.5284178187403994,
      "logloss": 0.6935107446144978,
      "n": 651
    },
    "24h": {
      "base_rate": 0.6438356164383562,
      "baseline_brier": 0.2293113154437981,
      "baseline_hit_rate": 0.6438356164383562,
      "brier": 0.2482811331332892,
      "display_ready": true,
      "ece": null,
      "hit_rate": 0.6438356164383562,
      "logloss": 0.689708431640677,
      "n": 73
    },
    "4h": {
      "base_rate": 0.5447761194029851,
      "baseline_brier": 0.24799509913120965,
      "baseline_hit_rate": 0.5447761194029851,
      "brier": 0.2499258440224621,
      "display_ready": true,
      "ece": null,
      "hit_rate": 0.5447761194029851,
      "logloss": 0.6929991325718012,
      "n": 402
    }
  },
  "by_model_version": {
    "v0.1.0-baseline-shadow": {
      "base_rate": 0.5440251572327044,
      "baseline_brier": 0.24806178553063563,
      "baseline_hit_rate": 0.5440251572327044,
      "brier": 0.2499100019210424,
      "display_ready": true,
      "ece": null,
      "hit_rate": 0.5440251572327044,
      "logloss": 0.6929675855811467,
      "n": 1272
    }
  },
  "generated_at": "2026-07-10T08:34:38Z",
  "global": {
    "base_rate": 0.5440251572327044,
    "baseline_brier": 0.24806178553063563,
    "baseline_hit_rate": 0.5440251572327044,
    "brier": 0.2499100019210424,
    "display_ready": true,
    "ece": null,
    "hit_rate": 0.5440251572327044,
    "logloss": 0.6929675855811467,
    "n": 1272
  },
  "metrics_version": "metrics-v0.1.0",
  "min_n_display": 20,
  "rolling": {
    "30d": {
      "base_rate": 0.5755102040816327,
      "baseline_brier": 0.24429820907955016,
      "baseline_hit_rate": 0.5755102040816327,
      "brier": 0.24967649617598495,
      "display_ready": true,
      "ece": null,
      "hit_rate": 0.5755102040816327,
      "logloss": 0.6925010724283749,
      "n": 490
    },
    "7d": {
      "base_rate": 0.5241935483870968,
      "baseline_brier": 0.24941467221644123,
      "baseline_hit_rate": 0.5241935483870968,
      "brier": 0.2501885128127436,
      "display_ready": true,
      "ece": null,
      "hit_rate": 0.5241935483870968,
      "logloss": 0.693524904365296,
      "n": 124
    },
    "90d": {
      "base_rate": 0.5440251572327044,
      "baseline_brier": 0.24806178553063563,
      "baseline_hit_rate": 0.5440251572327044,
      "brier": 0.2499100019210424,
      "display_ready": true,
      "ece": null,
      "hit_rate": 0.5440251572327044,
      "logloss": 0.6929675855811467,
      "n": 1272
    }
  },
  "schema_version": "1",
  "total_forecasts": 1274,
  "total_resolved": 1272
}
