{
  "by_horizon": {
    "12h": {
      "base_rate": 0.5696969696969697,
      "baseline_brier": 0.24514233241505967,
      "baseline_hit_rate": 0.5696969696969697,
      "brier": 0.24952416591871018,
      "display_ready": true,
      "ece": null,
      "hit_rate": 0.5696969696969697,
      "logloss": 0.6921960202407073,
      "n": 165
    },
    "1h": {
      "base_rate": 0.5310435931307794,
      "baseline_brier": 0.24903629532553062,
      "baseline_hit_rate": 0.5310435931307794,
      "brier": 0.250144660586853,
      "display_ready": true,
      "ece": null,
      "hit_rate": 0.5310435931307794,
      "logloss": 0.6934371127754502,
      "n": 757
    },
    "24h": {
      "base_rate": 0.6341463414634146,
      "baseline_brier": 0.23200475907198095,
      "baseline_hit_rate": 0.6341463414634146,
      "brier": 0.2488377425425799,
      "display_ready": true,
      "ece": null,
      "hit_rate": 0.6341463414634146,
      "logloss": 0.690822236025332,
      "n": 82
    },
    "4h": {
      "base_rate": 0.5448577680525164,
      "baseline_brier": 0.24798778064534663,
      "baseline_hit_rate": 0.5448577680525164,
      "brier": 0.25006399093431164,
      "display_ready": true,
      "ece": null,
      "hit_rate": 0.5448577680525164,
      "logloss": 0.6932756265918536,
      "n": 457
    }
  },
  "by_model_version": {
    "v0.1.0-baseline-shadow": {
      "base_rate": 0.5455167693360712,
      "baseline_brier": 0.2479282237092069,
      "baseline_hit_rate": 0.5455167693360712,
      "brier": 0.24997599875859472,
      "display_ready": true,
      "ece": null,
      "hit_rate": 0.5455167693360712,
      "logloss": 0.6930996731124482,
      "n": 1461
    }
  },
  "generated_at": "2026-07-19T15:17:04Z",
  "global": {
    "base_rate": 0.5455167693360712,
    "baseline_brier": 0.2479282237092069,
    "baseline_hit_rate": 0.5455167693360712,
    "brier": 0.24997599875859472,
    "display_ready": true,
    "ece": null,
    "hit_rate": 0.5455167693360712,
    "logloss": 0.6930996731124482,
    "n": 1461
  },
  "metrics_version": "metrics-v0.1.0",
  "min_n_display": 20,
  "rolling": {
    "30d": {
      "base_rate": 0.551660516605166,
      "baseline_brier": 0.24733119102408738,
      "baseline_hit_rate": 0.551660516605166,
      "brier": 0.2503224037797603,
      "display_ready": true,
      "ece": null,
      "hit_rate": 0.551660516605166,
      "logloss": 0.6937933237442364,
      "n": 542
    },
    "7d": {
      "base_rate": 0.5804195804195804,
      "baseline_brier": 0.24353269108513864,
      "baseline_hit_rate": 0.5804195804195804,
      "brier": 0.25014866630387667,
      "display_ready": true,
      "ece": null,
      "hit_rate": 0.5804195804195804,
      "logloss": 0.6934457930430487,
      "n": 143
    },
    "90d": {
      "base_rate": 0.5455167693360712,
      "baseline_brier": 0.2479282237092069,
      "baseline_hit_rate": 0.5455167693360712,
      "brier": 0.24997599875859472,
      "display_ready": true,
      "ece": null,
      "hit_rate": 0.5455167693360712,
      "logloss": 0.6930996731124482,
      "n": 1461
    }
  },
  "schema_version": "1",
  "total_forecasts": 1465,
  "total_resolved": 1461
}
