{
  "by_horizon": {
    "12h": {
      "base_rate": 0.5686274509803921,
      "baseline_brier": 0.24529027297193387,
      "baseline_hit_rate": 0.5686274509803921,
      "brier": 0.24951236489212184,
      "display_ready": true,
      "ece": null,
      "hit_rate": 0.5686274509803921,
      "logloss": 0.6921723740406495,
      "n": 153
    },
    "1h": {
      "base_rate": 0.5283018867924528,
      "baseline_brier": 0.24919900320398716,
      "baseline_hit_rate": 0.5283018867924528,
      "brier": 0.25020102402413147,
      "display_ready": true,
      "ece": null,
      "hit_rate": 0.5283018867924528,
      "logloss": 0.6935498373677778,
      "n": 689
    },
    "24h": {
      "base_rate": 0.6447368421052632,
      "baseline_brier": 0.22905124653739614,
      "baseline_hit_rate": 0.6447368421052632,
      "brier": 0.2482923612999702,
      "display_ready": true,
      "ece": null,
      "hit_rate": 0.6447368421052632,
      "logloss": 0.6897309186607747,
      "n": 76
    },
    "4h": {
      "base_rate": 0.5379146919431279,
      "baseline_brier": 0.24856247613485768,
      "baseline_hit_rate": 0.5379146919431279,
      "brier": 0.2500476866351291,
      "display_ready": true,
      "ece": null,
      "hit_rate": 0.5379146919431279,
      "logloss": 0.6932428810754019,
      "n": 422
    }
  },
  "by_model_version": {
    "v0.1.0-baseline-shadow": {
      "base_rate": 0.5425373134328358,
      "baseline_brier": 0.24819057696591668,
      "baseline_hit_rate": 0.5425373134328358,
      "brier": 0.24996585119398765,
      "display_ready": true,
      "ece": null,
      "hit_rate": 0.5425373134328358,
      "logloss": 0.6930792961243707,
      "n": 1340
    }
  },
  "generated_at": "2026-07-13T18:03:27Z",
  "global": {
    "base_rate": 0.5425373134328358,
    "baseline_brier": 0.24819057696591668,
    "baseline_hit_rate": 0.5425373134328358,
    "brier": 0.24996585119398765,
    "display_ready": true,
    "ece": null,
    "hit_rate": 0.5425373134328358,
    "logloss": 0.6930792961243707,
    "n": 1340
  },
  "metrics_version": "metrics-v0.1.0",
  "min_n_display": 20,
  "rolling": {
    "30d": {
      "base_rate": 0.5615079365079365,
      "baseline_brier": 0.24621677374653564,
      "baseline_hit_rate": 0.5615079365079365,
      "brier": 0.25004734902660036,
      "display_ready": true,
      "ece": null,
      "hit_rate": 0.5615079365079365,
      "logloss": 0.6932429508588877,
      "n": 504
    },
    "7d": {
      "base_rate": 0.4728682170542636,
      "baseline_brier": 0.24926386635418546,
      "baseline_hit_rate": 0.5271317829457365,
      "brier": 0.25150719777459,
      "display_ready": true,
      "ece": null,
      "hit_rate": 0.4728682170542636,
      "logloss": 0.6961627718209135,
      "n": 129
    },
    "90d": {
      "base_rate": 0.5425373134328358,
      "baseline_brier": 0.24819057696591668,
      "baseline_hit_rate": 0.5425373134328358,
      "brier": 0.24996585119398765,
      "display_ready": true,
      "ece": null,
      "hit_rate": 0.5425373134328358,
      "logloss": 0.6930792961243707,
      "n": 1340
    }
  },
  "schema_version": "1",
  "total_forecasts": 1343,
  "total_resolved": 1340
}
