{
  "by_horizon": {
    "12h": {
      "base_rate": 0.5819672131147541,
      "baseline_brier": 0.2432813759742005,
      "baseline_hit_rate": 0.5819672131147541,
      "brier": 0.24914696833773986,
      "display_ready": true,
      "ece": null,
      "hit_rate": 0.5819672131147541,
      "logloss": 0.691441538690848,
      "n": 122
    },
    "1h": {
      "base_rate": 0.5275735294117647,
      "baseline_brier": 0.24923970047577856,
      "baseline_hit_rate": 0.5275735294117647,
      "brier": 0.25015453758903505,
      "display_ready": true,
      "ece": null,
      "hit_rate": 0.5275735294117647,
      "logloss": 0.6934568011130777,
      "n": 544
    },
    "24h": {
      "base_rate": 0.6557377049180327,
      "baseline_brier": 0.22574576726686377,
      "baseline_hit_rate": 0.6557377049180327,
      "brier": 0.2480847763047276,
      "display_ready": true,
      "ece": null,
      "hit_rate": 0.6557377049180327,
      "logloss": 0.6893154518763513,
      "n": 61
    },
    "4h": {
      "base_rate": 0.5552238805970149,
      "baseline_brier": 0.24695032301180664,
      "baseline_hit_rate": 0.5552238805970149,
      "brier": 0.24966945372057672,
      "display_ready": true,
      "ece": null,
      "hit_rate": 0.5552238805970149,
      "logloss": 0.6924861459187681,
      "n": 335
    }
  },
  "by_model_version": {
    "v0.1.0-baseline-shadow": {
      "base_rate": 0.5499058380414312,
      "baseline_brier": 0.24750940732938248,
      "baseline_hit_rate": 0.5499058380414312,
      "brier": 0.24976688977082945,
      "display_ready": true,
      "ece": null,
      "hit_rate": 0.5499058380414312,
      "logloss": 0.692681232554654,
      "n": 1062
    }
  },
  "generated_at": "2026-06-28T00:16:37Z",
  "global": {
    "base_rate": 0.5499058380414312,
    "baseline_brier": 0.24750940732938248,
    "baseline_hit_rate": 0.5499058380414312,
    "brier": 0.24976688977082945,
    "display_ready": true,
    "ece": null,
    "hit_rate": 0.5499058380414312,
    "logloss": 0.692681232554654,
    "n": 1062
  },
  "metrics_version": "metrics-v0.1.0",
  "min_n_display": 20,
  "rolling": {
    "30d": {
      "base_rate": 0.5499058380414312,
      "baseline_brier": 0.24750940732938248,
      "baseline_hit_rate": 0.5499058380414312,
      "brier": 0.24976688977082945,
      "display_ready": true,
      "ece": null,
      "hit_rate": 0.5499058380414312,
      "logloss": 0.692681232554654,
      "n": 1062
    },
    "7d": {
      "base_rate": 0.559322033898305,
      "baseline_brier": 0.2464808962941683,
      "baseline_hit_rate": 0.559322033898305,
      "brier": 0.2502592395999653,
      "display_ready": true,
      "ece": null,
      "hit_rate": 0.559322033898305,
      "logloss": 0.6936681262609967,
      "n": 118
    },
    "90d": {
      "base_rate": 0.5499058380414312,
      "baseline_brier": 0.24750940732938248,
      "baseline_hit_rate": 0.5499058380414312,
      "brier": 0.24976688977082945,
      "display_ready": true,
      "ece": null,
      "hit_rate": 0.5499058380414312,
      "logloss": 0.692681232554654,
      "n": 1062
    }
  },
  "schema_version": "1",
  "total_forecasts": 1066,
  "total_resolved": 1062
}
