{
  "by_horizon": {
    "12h": {
      "base_rate": 0.6039603960396039,
      "baseline_brier": 0.2391922360552887,
      "baseline_hit_rate": 0.6039603960396039,
      "brier": 0.24904208378064221,
      "display_ready": true,
      "ece": null,
      "hit_rate": 0.6039603960396039,
      "logloss": 0.6912316787442241,
      "n": 101
    },
    "1h": {
      "base_rate": 0.5193965517241379,
      "baseline_brier": 0.24962377378121284,
      "baseline_hit_rate": 0.5193965517241379,
      "brier": 0.2501313105014416,
      "display_ready": true,
      "ece": null,
      "hit_rate": 0.5193965517241379,
      "logloss": 0.6934100314674363,
      "n": 464
    },
    "24h": {
      "base_rate": 0.64,
      "baseline_brier": 0.2304,
      "baseline_hit_rate": 0.64,
      "brier": 0.24783240697472894,
      "display_ready": true,
      "ece": null,
      "hit_rate": 0.64,
      "logloss": 0.688810166334,
      "n": 50
    },
    "4h": {
      "base_rate": 0.5357142857142857,
      "baseline_brier": 0.24872448979591835,
      "baseline_hit_rate": 0.5357142857142857,
      "brier": 0.24973216933338963,
      "display_ready": true,
      "ece": null,
      "hit_rate": 0.5357142857142857,
      "logloss": 0.6926111444816602,
      "n": 280
    }
  },
  "by_model_version": {
    "v0.1.0-baseline-shadow": {
      "base_rate": 0.5407821229050279,
      "baseline_brier": 0.24833681845135921,
      "baseline_hit_rate": 0.5407821229050279,
      "brier": 0.24975509083418918,
      "display_ready": true,
      "ece": null,
      "hit_rate": 0.5407821229050279,
      "logloss": 0.6926572993582368,
      "n": 895
    }
  },
  "generated_at": "2026-06-17T21:19:12Z",
  "global": {
    "base_rate": 0.5407821229050279,
    "baseline_brier": 0.24833681845135921,
    "baseline_hit_rate": 0.5407821229050279,
    "brier": 0.24975509083418918,
    "display_ready": true,
    "ece": null,
    "hit_rate": 0.5407821229050279,
    "logloss": 0.6926572993582368,
    "n": 895
  },
  "metrics_version": "metrics-v0.1.0",
  "min_n_display": 20,
  "rolling": {
    "30d": {
      "base_rate": 0.5407821229050279,
      "baseline_brier": 0.24833681845135921,
      "baseline_hit_rate": 0.5407821229050279,
      "brier": 0.24975509083418918,
      "display_ready": true,
      "ece": null,
      "hit_rate": 0.5407821229050279,
      "logloss": 0.6926572993582368,
      "n": 895
    },
    "7d": {
      "base_rate": 0.6634615384615384,
      "baseline_brier": 0.22328032544378698,
      "baseline_hit_rate": 0.6634615384615384,
      "brier": 0.24735586099060408,
      "display_ready": true,
      "ece": null,
      "hit_rate": 0.6634615384615384,
      "logloss": 0.6878575764339245,
      "n": 104
    },
    "90d": {
      "base_rate": 0.5407821229050279,
      "baseline_brier": 0.24833681845135921,
      "baseline_hit_rate": 0.5407821229050279,
      "brier": 0.24975509083418918,
      "display_ready": true,
      "ece": null,
      "hit_rate": 0.5407821229050279,
      "logloss": 0.6926572993582368,
      "n": 895
    }
  },
  "schema_version": "1",
  "total_forecasts": 897,
  "total_resolved": 895
}
