{
  "by_horizon": {
    "12h": {
      "base_rate": 0.5867768595041323,
      "baseline_brier": 0.24246977665460012,
      "baseline_hit_rate": 0.5867768595041323,
      "brier": 0.2491118916933992,
      "display_ready": true,
      "ece": null,
      "hit_rate": 0.5867768595041323,
      "logloss": 0.6913713880300612,
      "n": 121
    },
    "1h": {
      "base_rate": 0.5269016697588126,
      "baseline_brier": 0.24927630016418778,
      "baseline_hit_rate": 0.5269016697588126,
      "brier": 0.25018920799025773,
      "display_ready": true,
      "ece": null,
      "hit_rate": 0.5269016697588126,
      "logloss": 0.6935261537302038,
      "n": 539
    },
    "24h": {
      "base_rate": 0.65,
      "baseline_brier": 0.2275,
      "baseline_hit_rate": 0.65,
      "brier": 0.24813698151125094,
      "display_ready": true,
      "ece": null,
      "hit_rate": 0.65,
      "logloss": 0.6894198466941057,
      "n": 60
    },
    "4h": {
      "base_rate": 0.5542168674698795,
      "baseline_brier": 0.2470605312817535,
      "baseline_hit_rate": 0.5542168674698795,
      "brier": 0.2496537812909942,
      "display_ready": true,
      "ece": null,
      "hit_rate": 0.5542168674698795,
      "logloss": 0.6924547938514821,
      "n": 332
    }
  },
  "by_model_version": {
    "v0.1.0-baseline-shadow": {
      "base_rate": 0.5494296577946768,
      "baseline_brier": 0.24755670893030116,
      "baseline_hit_rate": 0.5494296577946768,
      "brier": 0.24977927403130734,
      "display_ready": true,
      "ece": null,
      "hit_rate": 0.5494296577946768,
      "logloss": 0.692706004916878,
      "n": 1052
    }
  },
  "generated_at": "2026-06-27T14:56:23Z",
  "global": {
    "base_rate": 0.5494296577946768,
    "baseline_brier": 0.24755670893030116,
    "baseline_hit_rate": 0.5494296577946768,
    "brier": 0.24977927403130734,
    "display_ready": true,
    "ece": null,
    "hit_rate": 0.5494296577946768,
    "logloss": 0.692706004916878,
    "n": 1052
  },
  "metrics_version": "metrics-v0.1.0",
  "min_n_display": 20,
  "rolling": {
    "30d": {
      "base_rate": 0.5494296577946768,
      "baseline_brier": 0.24755670893030116,
      "baseline_hit_rate": 0.5494296577946768,
      "brier": 0.24977927403130734,
      "display_ready": true,
      "ece": null,
      "hit_rate": 0.5494296577946768,
      "logloss": 0.692706004916878,
      "n": 1052
    },
    "7d": {
      "base_rate": 0.5789473684210527,
      "baseline_brier": 0.24376731301939056,
      "baseline_hit_rate": 0.5789473684210527,
      "brier": 0.2501048903911865,
      "display_ready": true,
      "ece": null,
      "hit_rate": 0.5789473684210527,
      "logloss": 0.6933594952682479,
      "n": 114
    },
    "90d": {
      "base_rate": 0.5494296577946768,
      "baseline_brier": 0.24755670893030116,
      "baseline_hit_rate": 0.5494296577946768,
      "brier": 0.24977927403130734,
      "display_ready": true,
      "ece": null,
      "hit_rate": 0.5494296577946768,
      "logloss": 0.692706004916878,
      "n": 1052
    }
  },
  "schema_version": "1",
  "total_forecasts": 1056,
  "total_resolved": 1052
}
