{
  "by_horizon": {
    "12h": {
      "base_rate": 0.5739644970414202,
      "baseline_brier": 0.24452925317740976,
      "baseline_hit_rate": 0.5739644970414202,
      "brier": 0.24945208916200223,
      "display_ready": true,
      "ece": null,
      "hit_rate": 0.5739644970414202,
      "logloss": 0.692051829173176,
      "n": 169
    },
    "1h": {
      "base_rate": 0.5295629820051414,
      "baseline_brier": 0.24912603009496367,
      "baseline_hit_rate": 0.5295629820051414,
      "brier": 0.2501014453333337,
      "display_ready": true,
      "ece": null,
      "hit_rate": 0.5295629820051414,
      "logloss": 0.693350645225628,
      "n": 778
    },
    "24h": {
      "base_rate": 0.6309523809523809,
      "baseline_brier": 0.2328514739229025,
      "baseline_hit_rate": 0.6309523809523809,
      "brier": 0.24897295422156468,
      "display_ready": true,
      "ece": null,
      "hit_rate": 0.6309523809523809,
      "logloss": 0.6910927019713022,
      "n": 84
    },
    "4h": {
      "base_rate": 0.5479744136460555,
      "baseline_brier": 0.24769845563531717,
      "baseline_hit_rate": 0.5479744136460555,
      "brier": 0.24995531057867032,
      "display_ready": true,
      "ece": null,
      "hit_rate": 0.5479744136460555,
      "logloss": 0.6930582123022807,
      "n": 469
    }
  },
  "by_model_version": {
    "v0.1.0-baseline-shadow": {
      "base_rate": 0.546,
      "baseline_brier": 0.24788400000000002,
      "baseline_hit_rate": 0.546,
      "brier": 0.24991939756914655,
      "display_ready": true,
      "ece": null,
      "hit_rate": 0.546,
      "logloss": 0.6929864331007761,
      "n": 1500
    }
  },
  "generated_at": "2026-07-21T14:16:51Z",
  "global": {
    "base_rate": 0.546,
    "baseline_brier": 0.24788400000000002,
    "baseline_hit_rate": 0.546,
    "brier": 0.24991939756914655,
    "display_ready": true,
    "ece": null,
    "hit_rate": 0.546,
    "logloss": 0.6929864331007761,
    "n": 1500
  },
  "metrics_version": "metrics-v0.1.0",
  "min_n_display": 20,
  "rolling": {
    "30d": {
      "base_rate": 0.5376146788990825,
      "baseline_brier": 0.2485851359313189,
      "baseline_hit_rate": 0.5376146788990825,
      "brier": 0.2503522252751329,
      "display_ready": true,
      "ece": null,
      "hit_rate": 0.5376146788990825,
      "logloss": 0.6938529023851852,
      "n": 545
    },
    "7d": {
      "base_rate": 0.5804195804195804,
      "baseline_brier": 0.24353269108513864,
      "baseline_hit_rate": 0.5804195804195804,
      "brier": 0.2493901116685271,
      "display_ready": true,
      "ece": null,
      "hit_rate": 0.5804195804195804,
      "logloss": 0.6919283163649755,
      "n": 143
    },
    "90d": {
      "base_rate": 0.546,
      "baseline_brier": 0.24788400000000002,
      "baseline_hit_rate": 0.546,
      "brier": 0.24991939756914655,
      "display_ready": true,
      "ece": null,
      "hit_rate": 0.546,
      "logloss": 0.6929864331007761,
      "n": 1500
    }
  },
  "schema_version": "1",
  "total_forecasts": 1503,
  "total_resolved": 1500
}
