{
  "by_horizon": {
    "12h": {
      "base_rate": 0.5679012345679012,
      "baseline_brier": 0.24538942234415487,
      "baseline_hit_rate": 0.5679012345679012,
      "brier": 0.24951654277542695,
      "display_ready": true,
      "ece": null,
      "hit_rate": 0.5679012345679012,
      "logloss": 0.6921807730086494,
      "n": 162
    },
    "1h": {
      "base_rate": 0.527027027027027,
      "baseline_brier": 0.24926953981008035,
      "baseline_hit_rate": 0.527027027027027,
      "brier": 0.2501969244605841,
      "display_ready": true,
      "ece": null,
      "hit_rate": 0.527027027027027,
      "logloss": 0.6935416598101813,
      "n": 740
    },
    "24h": {
      "base_rate": 0.6296296296296297,
      "baseline_brier": 0.23319615912208505,
      "baseline_hit_rate": 0.6296296296296297,
      "brier": 0.2489107180523578,
      "display_ready": true,
      "ece": null,
      "hit_rate": 0.6296296296296297,
      "logloss": 0.6909681935182765,
      "n": 81
    },
    "4h": {
      "base_rate": 0.5422222222222223,
      "baseline_brier": 0.24821728395061726,
      "baseline_hit_rate": 0.5422222222222223,
      "brier": 0.2500889661440389,
      "display_ready": true,
      "ece": null,
      "hit_rate": 0.5422222222222223,
      "logloss": 0.6933255844244708,
      "n": 450
    }
  },
  "by_model_version": {
    "v0.1.0-baseline-shadow": {
      "base_rate": 0.5422191207257502,
      "baseline_brier": 0.24821754584514452,
      "baseline_hit_rate": 0.5422191207257502,
      "brier": 0.250013403319965,
      "display_ready": true,
      "ece": null,
      "hit_rate": 0.5422191207257502,
      "logloss": 0.6931744941751065,
      "n": 1433
    }
  },
  "generated_at": "2026-07-18T09:01:58Z",
  "global": {
    "base_rate": 0.5422191207257502,
    "baseline_brier": 0.24821754584514452,
    "baseline_hit_rate": 0.5422191207257502,
    "brier": 0.250013403319965,
    "display_ready": true,
    "ece": null,
    "hit_rate": 0.5422191207257502,
    "logloss": 0.6931744941751065,
    "n": 1433
  },
  "metrics_version": "metrics-v0.1.0",
  "min_n_display": 20,
  "rolling": {
    "30d": {
      "base_rate": 0.5478424015009381,
      "baseline_brier": 0.24771110461862303,
      "baseline_hit_rate": 0.5478424015009381,
      "brier": 0.25034848512545993,
      "display_ready": true,
      "ece": null,
      "hit_rate": 0.5478424015009381,
      "logloss": 0.6938455357744064,
      "n": 533
    },
    "7d": {
      "base_rate": 0.528169014084507,
      "baseline_brier": 0.2492065066455068,
      "baseline_hit_rate": 0.528169014084507,
      "brier": 0.25069523787764103,
      "display_ready": true,
      "ece": null,
      "hit_rate": 0.528169014084507,
      "logloss": 0.6945389762285772,
      "n": 142
    },
    "90d": {
      "base_rate": 0.5422191207257502,
      "baseline_brier": 0.24821754584514452,
      "baseline_hit_rate": 0.5422191207257502,
      "brier": 0.250013403319965,
      "display_ready": true,
      "ece": null,
      "hit_rate": 0.5422191207257502,
      "logloss": 0.6931744941751065,
      "n": 1433
    }
  },
  "schema_version": "1",
  "total_forecasts": 1437,
  "total_resolved": 1433
}
