{
  "by_horizon": {
    "12h": {
      "base_rate": 0.5568181818181818,
      "baseline_brier": 0.24677169421487602,
      "baseline_hit_rate": 0.5568181818181818,
      "brier": 0.24975559754325038,
      "display_ready": true,
      "ece": null,
      "hit_rate": 0.5568181818181818,
      "logloss": 0.692659080657987,
      "n": 88
    },
    "1h": {
      "base_rate": 0.5095238095238095,
      "baseline_brier": 0.2499092970521542,
      "baseline_hit_rate": 0.5095238095238095,
      "brier": 0.25040639336113846,
      "display_ready": true,
      "ece": null,
      "hit_rate": 0.5095238095238095,
      "logloss": 0.693960460537393,
      "n": 420
    },
    "24h": {
      "base_rate": 0.6363636363636364,
      "baseline_brier": 0.23140495867768596,
      "baseline_hit_rate": 0.6363636363636364,
      "brier": 0.24831623983316556,
      "display_ready": true,
      "ece": null,
      "hit_rate": 0.6363636363636364,
      "logloss": 0.6897779498498262,
      "n": 44
    },
    "4h": {
      "base_rate": 0.516260162601626,
      "baseline_brier": 0.24973560711216866,
      "baseline_hit_rate": 0.516260162601626,
      "brier": 0.24990804947473472,
      "display_ready": true,
      "ece": null,
      "hit_rate": 0.516260162601626,
      "logloss": 0.6929628043991701,
      "n": 246
    }
  },
  "by_model_version": {
    "v0.1.0-baseline-shadow": {
      "base_rate": 0.5238095238095238,
      "baseline_brier": 0.2494331065759637,
      "baseline_hit_rate": 0.5238095238095238,
      "brier": 0.2500657550362509,
      "display_ready": true,
      "ece": null,
      "hit_rate": 0.5238095238095238,
      "logloss": 0.6932787872170377,
      "n": 798
    }
  },
  "generated_at": "2026-06-11T07:09:31Z",
  "global": {
    "base_rate": 0.5238095238095238,
    "baseline_brier": 0.2494331065759637,
    "baseline_hit_rate": 0.5238095238095238,
    "brier": 0.2500657550362509,
    "display_ready": true,
    "ece": null,
    "hit_rate": 0.5238095238095238,
    "logloss": 0.6932787872170377,
    "n": 798
  },
  "metrics_version": "metrics-v0.1.0",
  "min_n_display": 20,
  "rolling": {
    "30d": {
      "base_rate": 0.5238095238095238,
      "baseline_brier": 0.2494331065759637,
      "baseline_hit_rate": 0.5238095238095238,
      "brier": 0.2500657550362509,
      "display_ready": true,
      "ece": null,
      "hit_rate": 0.5238095238095238,
      "logloss": 0.6932787872170377,
      "n": 798
    },
    "7d": {
      "base_rate": 0.5238095238095238,
      "baseline_brier": 0.2494331065759637,
      "baseline_hit_rate": 0.5238095238095238,
      "brier": 0.2500657550362509,
      "display_ready": true,
      "ece": null,
      "hit_rate": 0.5238095238095238,
      "logloss": 0.6932787872170377,
      "n": 798
    },
    "90d": {
      "base_rate": 0.5238095238095238,
      "baseline_brier": 0.2494331065759637,
      "baseline_hit_rate": 0.5238095238095238,
      "brier": 0.2500657550362509,
      "display_ready": true,
      "ece": null,
      "hit_rate": 0.5238095238095238,
      "logloss": 0.6932787872170377,
      "n": 798
    }
  },
  "schema_version": "1",
  "total_forecasts": 802,
  "total_resolved": 798
}
