{
  "by_horizon": {
    "12h": {
      "base_rate": 0.5793650793650794,
      "baseline_brier": 0.24370118417737466,
      "baseline_hit_rate": 0.5793650793650794,
      "brier": 0.24922399857777328,
      "display_ready": true,
      "ece": null,
      "hit_rate": 0.5793650793650794,
      "logloss": 0.6915955966138704,
      "n": 126
    },
    "1h": {
      "base_rate": 0.5204262877442274,
      "baseline_brier": 0.24958276676899002,
      "baseline_hit_rate": 0.5204262877442274,
      "brier": 0.2502437579654396,
      "display_ready": true,
      "ece": null,
      "hit_rate": 0.5204262877442274,
      "logloss": 0.6936352455365995,
      "n": 563
    },
    "24h": {
      "base_rate": 0.6507936507936508,
      "baseline_brier": 0.22726127488032252,
      "baseline_hit_rate": 0.6507936507936508,
      "brier": 0.24818844148035107,
      "display_ready": true,
      "ece": null,
      "hit_rate": 0.6507936507936508,
      "logloss": 0.6895228375776471,
      "n": 63
    },
    "4h": {
      "base_rate": 0.5491329479768786,
      "baseline_brier": 0.24758595342310133,
      "baseline_hit_rate": 0.5491329479768786,
      "brier": 0.24977598560903908,
      "display_ready": true,
      "ece": null,
      "hit_rate": 0.5491329479768786,
      "logloss": 0.6926992290512535,
      "n": 346
    }
  },
  "by_model_version": {
    "v0.1.0-baseline-shadow": {
      "base_rate": 0.5437158469945356,
      "baseline_brier": 0.24808892472155034,
      "baseline_hit_rate": 0.5437158469945356,
      "brier": 0.24986140472616716,
      "display_ready": true,
      "ece": null,
      "hit_rate": 0.5437158469945356,
      "logloss": 0.6928702736152812,
      "n": 1098
    }
  },
  "generated_at": "2026-06-30T05:15:37Z",
  "global": {
    "base_rate": 0.5437158469945356,
    "baseline_brier": 0.24808892472155034,
    "baseline_hit_rate": 0.5437158469945356,
    "brier": 0.24986140472616716,
    "display_ready": true,
    "ece": null,
    "hit_rate": 0.5437158469945356,
    "logloss": 0.6928702736152812,
    "n": 1098
  },
  "metrics_version": "metrics-v0.1.0",
  "min_n_display": 20,
  "rolling": {
    "30d": {
      "base_rate": 0.5437158469945356,
      "baseline_brier": 0.24808892472155034,
      "baseline_hit_rate": 0.5437158469945356,
      "brier": 0.24986140472616716,
      "display_ready": true,
      "ece": null,
      "hit_rate": 0.5437158469945356,
      "logloss": 0.6928702736152812,
      "n": 1098
    },
    "7d": {
      "base_rate": 0.4745762711864407,
      "baseline_brier": 0.24935363401321456,
      "baseline_hit_rate": 0.5254237288135593,
      "brier": 0.2512507032546134,
      "display_ready": true,
      "ece": null,
      "hit_rate": 0.4745762711864407,
      "logloss": 0.6956512533016108,
      "n": 118
    },
    "90d": {
      "base_rate": 0.5437158469945356,
      "baseline_brier": 0.24808892472155034,
      "baseline_hit_rate": 0.5437158469945356,
      "brier": 0.24986140472616716,
      "display_ready": true,
      "ece": null,
      "hit_rate": 0.5437158469945356,
      "logloss": 0.6928702736152812,
      "n": 1098
    }
  },
  "schema_version": "1",
  "total_forecasts": 1101,
  "total_resolved": 1098
}
