{
  "by_horizon": {
    "12h": {
      "base_rate": 0.5876288659793815,
      "baseline_brier": 0.24232118184716758,
      "baseline_hit_rate": 0.5876288659793815,
      "brier": 0.24922996406613773,
      "display_ready": true,
      "ece": null,
      "hit_rate": 0.5876288659793815,
      "logloss": 0.6916075565314158,
      "n": 97
    },
    "1h": {
      "base_rate": 0.5154185022026432,
      "baseline_brier": 0.2497622697898271,
      "baseline_hit_rate": 0.5154185022026432,
      "brier": 0.2501667067343793,
      "display_ready": true,
      "ece": null,
      "hit_rate": 0.5154185022026432,
      "logloss": 0.6934808316186506,
      "n": 454
    },
    "24h": {
      "base_rate": 0.6458333333333334,
      "baseline_brier": 0.22873263888888887,
      "baseline_hit_rate": 0.6458333333333334,
      "brier": 0.24806124523574724,
      "display_ready": true,
      "ece": null,
      "hit_rate": 0.6458333333333334,
      "logloss": 0.6892679929706885,
      "n": 48
    },
    "4h": {
      "base_rate": 0.5276752767527675,
      "baseline_brier": 0.2492340790566577,
      "baseline_hit_rate": 0.5276752767527675,
      "brier": 0.24971863737599395,
      "display_ready": true,
      "ece": null,
      "hit_rate": 0.5276752767527675,
      "logloss": 0.6925840246820067,
      "n": 271
    }
  },
  "by_model_version": {
    "v0.1.0-baseline-shadow": {
      "base_rate": 0.5344827586206896,
      "baseline_brier": 0.24881093935790724,
      "baseline_hit_rate": 0.5344827586206896,
      "brier": 0.24980653088739516,
      "display_ready": true,
      "ece": null,
      "hit_rate": 0.5344827586206896,
      "logloss": 0.692760189528542,
      "n": 870
    }
  },
  "generated_at": "2026-06-15T23:58:18Z",
  "global": {
    "base_rate": 0.5344827586206896,
    "baseline_brier": 0.24881093935790724,
    "baseline_hit_rate": 0.5344827586206896,
    "brier": 0.24980653088739516,
    "display_ready": true,
    "ece": null,
    "hit_rate": 0.5344827586206896,
    "logloss": 0.692760189528542,
    "n": 870
  },
  "metrics_version": "metrics-v0.1.0",
  "min_n_display": 20,
  "rolling": {
    "30d": {
      "base_rate": 0.5344827586206896,
      "baseline_brier": 0.24881093935790724,
      "baseline_hit_rate": 0.5344827586206896,
      "brier": 0.24980653088739516,
      "display_ready": true,
      "ece": null,
      "hit_rate": 0.5344827586206896,
      "logloss": 0.692760189528542,
      "n": 870
    },
    "7d": {
      "base_rate": 0.5963302752293578,
      "baseline_brier": 0.2407204780742362,
      "baseline_hit_rate": 0.5963302752293578,
      "brier": 0.24827158220185483,
      "display_ready": true,
      "ece": null,
      "hit_rate": 0.5963302752293578,
      "logloss": 0.6896896115690815,
      "n": 109
    },
    "90d": {
      "base_rate": 0.5344827586206896,
      "baseline_brier": 0.24881093935790724,
      "baseline_hit_rate": 0.5344827586206896,
      "brier": 0.24980653088739516,
      "display_ready": true,
      "ece": null,
      "hit_rate": 0.5344827586206896,
      "logloss": 0.692760189528542,
      "n": 870
    }
  },
  "schema_version": "1",
  "total_forecasts": 873,
  "total_resolved": 870
}
