{
  "by_horizon": {
    "12h": {
      "base_rate": 0.5664335664335665,
      "baseline_brier": 0.24558658125091692,
      "baseline_hit_rate": 0.5664335664335665,
      "brier": 0.24936417698564534,
      "display_ready": true,
      "ece": null,
      "hit_rate": 0.5664335664335665,
      "logloss": 0.6918758497013305,
      "n": 143
    },
    "1h": {
      "base_rate": 0.5273865414710485,
      "baseline_brier": 0.24924997734625454,
      "baseline_hit_rate": 0.5273865414710485,
      "brier": 0.2501864300596266,
      "display_ready": true,
      "ece": null,
      "hit_rate": 0.5273865414710485,
      "logloss": 0.6935206955581203,
      "n": 639
    },
    "24h": {
      "base_rate": 0.6619718309859155,
      "baseline_brier": 0.22376512596707002,
      "baseline_hit_rate": 0.6619718309859155,
      "brier": 0.2481639613395502,
      "display_ready": true,
      "ece": null,
      "hit_rate": 0.6619718309859155,
      "logloss": 0.689474058368131,
      "n": 71
    },
    "4h": {
      "base_rate": 0.5406091370558376,
      "baseline_brier": 0.2483508979875802,
      "baseline_hit_rate": 0.5406091370558376,
      "brier": 0.24994440940953103,
      "display_ready": true,
      "ece": null,
      "hit_rate": 0.5406091370558376,
      "logloss": 0.6930362504358002,
      "n": 394
    }
  },
  "by_model_version": {
    "v0.1.0-baseline-shadow": {
      "base_rate": 0.5437048917401764,
      "baseline_brier": 0.24808988243797941,
      "baseline_hit_rate": 0.5437048917401764,
      "brier": 0.24990051698437207,
      "display_ready": true,
      "ece": null,
      "hit_rate": 0.5437048917401764,
      "logloss": 0.6929486060824153,
      "n": 1247
    }
  },
  "generated_at": "2026-07-08T18:49:13Z",
  "global": {
    "base_rate": 0.5437048917401764,
    "baseline_brier": 0.24808988243797941,
    "baseline_hit_rate": 0.5437048917401764,
    "brier": 0.24990051698437207,
    "display_ready": true,
    "ece": null,
    "hit_rate": 0.5437048917401764,
    "logloss": 0.6929486060824153,
    "n": 1247
  },
  "metrics_version": "metrics-v0.1.0",
  "min_n_display": 20,
  "rolling": {
    "30d": {
      "base_rate": 0.5693877551020409,
      "baseline_brier": 0.2451853394418992,
      "baseline_hit_rate": 0.5693877551020409,
      "brier": 0.24980045824025618,
      "display_ready": true,
      "ece": null,
      "hit_rate": 0.5693877551020409,
      "logloss": 0.6927491038739899,
      "n": 490
    },
    "7d": {
      "base_rate": 0.5396825396825397,
      "baseline_brier": 0.24842529604434369,
      "baseline_hit_rate": 0.5396825396825397,
      "brier": 0.24989540933779725,
      "display_ready": true,
      "ece": null,
      "hit_rate": 0.5396825396825397,
      "logloss": 0.6929390053070852,
      "n": 126
    },
    "90d": {
      "base_rate": 0.5437048917401764,
      "baseline_brier": 0.24808988243797941,
      "baseline_hit_rate": 0.5437048917401764,
      "brier": 0.24990051698437207,
      "display_ready": true,
      "ece": null,
      "hit_rate": 0.5437048917401764,
      "logloss": 0.6929486060824153,
      "n": 1247
    }
  },
  "schema_version": "1",
  "total_forecasts": 1251,
  "total_resolved": 1247
}
