{
  "by_horizon": {
    "12h": {
      "base_rate": 0.564625850340136,
      "baseline_brier": 0.24582349946781432,
      "baseline_hit_rate": 0.564625850340136,
      "brier": 0.24942735191417678,
      "display_ready": true,
      "ece": null,
      "hit_rate": 0.564625850340136,
      "logloss": 0.6920022913749541,
      "n": 147
    },
    "1h": {
      "base_rate": 0.5291411042944786,
      "baseline_brier": 0.2491507960404983,
      "baseline_hit_rate": 0.5291411042944786,
      "brier": 0.2501623330306912,
      "display_ready": true,
      "ece": null,
      "hit_rate": 0.5291411042944786,
      "logloss": 0.6934724793689512,
      "n": 652
    },
    "24h": {
      "base_rate": 0.6438356164383562,
      "baseline_brier": 0.2293113154437981,
      "baseline_hit_rate": 0.6438356164383562,
      "brier": 0.2482811331332892,
      "display_ready": true,
      "ece": null,
      "hit_rate": 0.6438356164383562,
      "logloss": 0.689708431640677,
      "n": 73
    },
    "4h": {
      "base_rate": 0.5459057071960298,
      "baseline_brier": 0.24789266604683238,
      "baseline_hit_rate": 0.5459057071960298,
      "brier": 0.24989553134476358,
      "display_ready": true,
      "ece": null,
      "hit_rate": 0.5459057071960298,
      "logloss": 0.6929384940406506,
      "n": 403
    }
  },
  "by_model_version": {
    "v0.1.0-baseline-shadow": {
      "base_rate": 0.5450980392156862,
      "baseline_brier": 0.2479661668589004,
      "baseline_hit_rate": 0.5450980392156862,
      "brier": 0.24988555585730549,
      "display_ready": true,
      "ece": null,
      "hit_rate": 0.5450980392156862,
      "logloss": 0.6929186839128046,
      "n": 1275
    }
  },
  "generated_at": "2026-07-10T12:08:57Z",
  "global": {
    "base_rate": 0.5450980392156862,
    "baseline_brier": 0.2479661668589004,
    "baseline_hit_rate": 0.5450980392156862,
    "brier": 0.24988555585730549,
    "display_ready": true,
    "ece": null,
    "hit_rate": 0.5450980392156862,
    "logloss": 0.6929186839128046,
    "n": 1275
  },
  "metrics_version": "metrics-v0.1.0",
  "min_n_display": 20,
  "rolling": {
    "30d": {
      "base_rate": 0.5804480651731161,
      "baseline_brier": 0.24352810880990208,
      "baseline_hit_rate": 0.5804480651731161,
      "brier": 0.24955253095538876,
      "display_ready": true,
      "ece": null,
      "hit_rate": 0.5804480651731161,
      "logloss": 0.6922530828309029,
      "n": 491
    },
    "7d": {
      "base_rate": 0.528,
      "baseline_brier": 0.24921600000000002,
      "baseline_hit_rate": 0.528,
      "brier": 0.25003592465773194,
      "display_ready": true,
      "ece": null,
      "hit_rate": 0.528,
      "logloss": 0.6932196455584078,
      "n": 125
    },
    "90d": {
      "base_rate": 0.5450980392156862,
      "baseline_brier": 0.2479661668589004,
      "baseline_hit_rate": 0.5450980392156862,
      "brier": 0.24988555585730549,
      "display_ready": true,
      "ece": null,
      "hit_rate": 0.5450980392156862,
      "logloss": 0.6929186839128046,
      "n": 1275
    }
  },
  "schema_version": "1",
  "total_forecasts": 1279,
  "total_resolved": 1275
}
