{
  "by_horizon": {
    "12h": {
      "base_rate": 0.5806451612903226,
      "baseline_brier": 0.24349635796045785,
      "baseline_hit_rate": 0.5806451612903226,
      "brier": 0.24918670066282286,
      "display_ready": true,
      "ece": null,
      "hit_rate": 0.5806451612903226,
      "logloss": 0.6915209994721604,
      "n": 124
    },
    "1h": {
      "base_rate": 0.5206463195691203,
      "baseline_brier": 0.24957372948824977,
      "baseline_hit_rate": 0.5206463195691203,
      "brier": 0.2502295488467077,
      "display_ready": true,
      "ece": null,
      "hit_rate": 0.5206463195691203,
      "logloss": 0.6936068279198444,
      "n": 557
    },
    "24h": {
      "base_rate": 0.6612903225806451,
      "baseline_brier": 0.22398543184183142,
      "baseline_hit_rate": 0.6612903225806451,
      "brier": 0.2480316454183736,
      "display_ready": true,
      "ece": null,
      "hit_rate": 0.6612903225806451,
      "logloss": 0.6892092046409473,
      "n": 62
    },
    "4h": {
      "base_rate": 0.5497076023391813,
      "baseline_brier": 0.24752915426968983,
      "baseline_hit_rate": 0.5497076023391813,
      "brier": 0.24973420823733555,
      "display_ready": true,
      "ece": null,
      "hit_rate": 0.5497076023391813,
      "logloss": 0.6926156612805443,
      "n": 342
    }
  },
  "by_model_version": {
    "v0.1.0-baseline-shadow": {
      "base_rate": 0.5447004608294931,
      "baseline_brier": 0.24800186880163097,
      "baseline_hit_rate": 0.5447004608294931,
      "brier": 0.24982863670314664,
      "display_ready": true,
      "ece": null,
      "hit_rate": 0.5447004608294931,
      "logloss": 0.6928047317341808,
      "n": 1085
    }
  },
  "generated_at": "2026-06-29T11:21:36Z",
  "global": {
    "base_rate": 0.5447004608294931,
    "baseline_brier": 0.24800186880163097,
    "baseline_hit_rate": 0.5447004608294931,
    "brier": 0.24982863670314664,
    "display_ready": true,
    "ece": null,
    "hit_rate": 0.5447004608294931,
    "logloss": 0.6928047317341808,
    "n": 1085
  },
  "metrics_version": "metrics-v0.1.0",
  "min_n_display": 20,
  "rolling": {
    "30d": {
      "base_rate": 0.5447004608294931,
      "baseline_brier": 0.24800186880163097,
      "baseline_hit_rate": 0.5447004608294931,
      "brier": 0.24982863670314664,
      "display_ready": true,
      "ece": null,
      "hit_rate": 0.5447004608294931,
      "logloss": 0.6928047317341808,
      "n": 1085
    },
    "7d": {
      "base_rate": 0.4789915966386555,
      "baseline_brier": 0.24955864698820704,
      "baseline_hit_rate": 0.5210084033613445,
      "brier": 0.2511278623400805,
      "display_ready": true,
      "ece": null,
      "hit_rate": 0.4789915966386555,
      "logloss": 0.6954054938998976,
      "n": 119
    },
    "90d": {
      "base_rate": 0.5447004608294931,
      "baseline_brier": 0.24800186880163097,
      "baseline_hit_rate": 0.5447004608294931,
      "brier": 0.24982863670314664,
      "display_ready": true,
      "ece": null,
      "hit_rate": 0.5447004608294931,
      "logloss": 0.6928047317341808,
      "n": 1085
    }
  },
  "schema_version": "1",
  "total_forecasts": 1088,
  "total_resolved": 1085
}
