{
  "by_horizon": {
    "12h": {
      "base_rate": 0.5939849624060151,
      "baseline_brier": 0.24116682684153995,
      "baseline_hit_rate": 0.5939849624060151,
      "brier": 0.24890344415041535,
      "display_ready": true,
      "ece": null,
      "hit_rate": 0.5939849624060151,
      "logloss": 0.6909541873231623,
      "n": 133
    },
    "1h": {
      "base_rate": 0.5229202037351444,
      "baseline_brier": 0.24947466426073947,
      "baseline_hit_rate": 0.5229202037351444,
      "brier": 0.25027756035221854,
      "display_ready": true,
      "ece": null,
      "hit_rate": 0.5229202037351444,
      "logloss": 0.6937029835977842,
      "n": 589
    },
    "24h": {
      "base_rate": 0.6515151515151515,
      "baseline_brier": 0.22704315886134066,
      "baseline_hit_rate": 0.6515151515151515,
      "brier": 0.24820799421607165,
      "display_ready": true,
      "ece": null,
      "hit_rate": 0.6515151515151515,
      "logloss": 0.6895619681581153,
      "n": 66
    },
    "4h": {
      "base_rate": 0.5534246575342465,
      "baseline_brier": 0.24714580596734848,
      "baseline_hit_rate": 0.5534246575342465,
      "brier": 0.24982069009120325,
      "display_ready": true,
      "ece": null,
      "hit_rate": 0.5534246575342465,
      "logloss": 0.6927887873045792,
      "n": 365
    }
  },
  "by_model_version": {
    "v0.1.0-baseline-shadow": {
      "base_rate": 0.5481352992194276,
      "baseline_brier": 0.2476829929690562,
      "baseline_hit_rate": 0.5481352992194276,
      "brier": 0.2498559589080762,
      "display_ready": true,
      "ece": null,
      "hit_rate": 0.5481352992194276,
      "logloss": 0.692859463588623,
      "n": 1153
    }
  },
  "generated_at": "2026-07-03T13:04:12Z",
  "global": {
    "base_rate": 0.5481352992194276,
    "baseline_brier": 0.2476829929690562,
    "baseline_hit_rate": 0.5481352992194276,
    "brier": 0.2498559589080762,
    "display_ready": true,
    "ece": null,
    "hit_rate": 0.5481352992194276,
    "logloss": 0.692859463588623,
    "n": 1153
  },
  "metrics_version": "metrics-v0.1.0",
  "min_n_display": 20,
  "rolling": {
    "30d": {
      "base_rate": 0.5481352992194276,
      "baseline_brier": 0.2476829929690562,
      "baseline_hit_rate": 0.5481352992194276,
      "brier": 0.2498559589080762,
      "display_ready": true,
      "ece": null,
      "hit_rate": 0.5481352992194276,
      "logloss": 0.692859463588623,
      "n": 1153
    },
    "7d": {
      "base_rate": 0.55,
      "baseline_brier": 0.2475,
      "baseline_hit_rate": 0.55,
      "brier": 0.2503440829666805,
      "display_ready": true,
      "ece": null,
      "hit_rate": 0.55,
      "logloss": 0.6938365071681837,
      "n": 120
    },
    "90d": {
      "base_rate": 0.5481352992194276,
      "baseline_brier": 0.2476829929690562,
      "baseline_hit_rate": 0.5481352992194276,
      "brier": 0.2498559589080762,
      "display_ready": true,
      "ece": null,
      "hit_rate": 0.5481352992194276,
      "logloss": 0.692859463588623,
      "n": 1153
    }
  },
  "schema_version": "1",
  "total_forecasts": 1154,
  "total_resolved": 1153
}
