{
  "by_direction": {
    "down": {
      "always_down_rate": 0.45251396648044695,
      "always_up_rate": 0.547486033519553,
      "base_rate": 0.45251396648044695,
      "baseline_brier": 0.24774507662057987,
      "baseline_hit_rate": 0.547486033519553,
      "brier": 0.2510326613378886,
      "display_ready": true,
      "ece": null,
      "expectancy_bps": 4.538097155877481,
      "expectancy_maker_2bps": 2.5380971558774816,
      "expectancy_taker_10bps": -5.461902844122519,
      "hit_down": 0.45251396648044695,
      "hit_rate": 0.45251396648044695,
      "hit_up": null,
      "logloss": 0.6952134665184491,
      "n": 716,
      "n_down": 716,
      "n_up": 0,
      "vs_majority_pp": -0.0949720670391061
    },
    "up": {
      "always_down_rate": 0.3785103785103785,
      "always_up_rate": 0.6214896214896215,
      "base_rate": 0.6214896214896215,
      "baseline_brier": 0.2352402718703085,
      "baseline_hit_rate": 0.6214896214896215,
      "brier": 0.2490057686824022,
      "display_ready": true,
      "ece": null,
      "expectancy_bps": 14.48860401917077,
      "expectancy_maker_2bps": 12.48860401917077,
      "expectancy_taker_10bps": 4.48860401917077,
      "hit_down": null,
      "hit_rate": 0.6214896214896215,
      "hit_up": 0.6214896214896215,
      "logloss": 0.6911587824553258,
      "n": 819,
      "n_down": 0,
      "n_up": 819,
      "vs_majority_pp": 0.0
    }
  },
  "by_horizon": {
    "12h": {
      "always_down_rate": 0.4742857142857143,
      "always_up_rate": 0.5257142857142857,
      "base_rate": 0.5657142857142857,
      "baseline_brier": 0.24568163265306123,
      "baseline_hit_rate": 0.5657142857142857,
      "brier": 0.249623865045748,
      "display_ready": true,
      "ece": null,
      "expectancy_bps": 24.37760183391444,
      "expectancy_maker_2bps": 22.37760183391444,
      "expectancy_taker_10bps": 14.377601833914442,
      "hit_down": 0.5402298850574713,
      "hit_rate": 0.5657142857142857,
      "hit_up": 0.5909090909090909,
      "logloss": 0.6923956923578972,
      "n": 175,
      "n_down": 87,
      "n_up": 88,
      "vs_majority_pp": 0.040000000000000036
    },
    "1h": {
      "always_down_rate": 0.3816120906801007,
      "always_up_rate": 0.6183879093198993,
      "base_rate": 0.5277078085642317,
      "baseline_brier": 0.2492322773445679,
      "baseline_hit_rate": 0.5277078085642317,
      "brier": 0.25011363905247613,
      "display_ready": true,
      "ece": null,
      "expectancy_bps": 3.494978212262561,
      "expectancy_maker_2bps": 1.4949782122625608,
      "expectancy_taker_10bps": -6.505021787737439,
      "hit_down": 0.398876404494382,
      "hit_rate": 0.5277078085642317,
      "hit_up": 0.632420091324201,
      "logloss": 0.6933750167160947,
      "n": 794,
      "n_down": 356,
      "n_up": 438,
      "vs_majority_pp": -0.09068010075566757
    },
    "24h": {
      "always_down_rate": 0.5,
      "always_up_rate": 0.5,
      "base_rate": 0.625,
      "baseline_brier": 0.234375,
      "baseline_hit_rate": 0.625,
      "brier": 0.24896676328101125,
      "display_ready": true,
      "ece": null,
      "expectancy_bps": 54.73498298085394,
      "expectancy_maker_2bps": 52.73498298085395,
      "expectancy_taker_10bps": 44.73498298085394,
      "hit_down": 0.6222222222222222,
      "hit_rate": 0.625,
      "hit_up": 0.627906976744186,
      "logloss": 0.691080348313875,
      "n": 88,
      "n_down": 45,
      "n_up": 43,
      "vs_majority_pp": 0.125
    },
    "4h": {
      "always_down_rate": 0.42677824267782427,
      "always_up_rate": 0.5732217573221757,
      "base_rate": 0.5439330543933054,
      "baseline_brier": 0.24806988673167488,
      "baseline_hit_rate": 0.5439330543933054,
      "brier": 0.24998248767659986,
      "display_ready": true,
      "ece": null,
      "expectancy_bps": 6.815214919503119,
      "expectancy_maker_2bps": 4.815214919503119,
      "expectancy_taker_10bps": -3.1847850804968814,
      "hit_down": 0.4692982456140351,
      "hit_rate": 0.5439330543933054,
      "hit_up": 0.612,
      "logloss": 0.6931125622830318,
      "n": 478,
      "n_down": 228,
      "n_up": 250,
      "vs_majority_pp": -0.029288702928870314
    }
  },
  "by_model_version": {
    "v0.1.0-baseline-shadow": {
      "always_down_rate": 0.4130718954248366,
      "always_up_rate": 0.5869281045751634,
      "base_rate": 0.5431372549019607,
      "baseline_brier": 0.24813917723952325,
      "baseline_hit_rate": 0.5431372549019607,
      "brier": 0.24993041940568017,
      "display_ready": true,
      "ece": null,
      "expectancy_bps": 9.903787129969897,
      "expectancy_maker_2bps": 7.9037871299698965,
      "expectancy_taker_10bps": -0.09621287003010355,
      "hit_down": 0.45314685314685316,
      "hit_rate": 0.5431372549019607,
      "hit_up": 0.6220858895705521,
      "logloss": 0.6930084597527606,
      "n": 1530,
      "n_down": 715,
      "n_up": 815,
      "vs_majority_pp": -0.04379084967320268
    },
    "v0.2.0-shadow-policy24": {
      "always_down_rate": 0.4,
      "always_up_rate": 0.6,
      "base_rate": 0.4,
      "baseline_brier": 0.24000000000000005,
      "baseline_hit_rate": 0.6,
      "brier": 0.256313675625,
      "display_ready": false,
      "ece": null,
      "expectancy_bps": -7.470010708960649,
      "expectancy_maker_2bps": -9.470010708960649,
      "expectancy_taker_10bps": -17.470010708960647,
      "hit_down": 0.0,
      "hit_rate": 0.4,
      "hit_up": 0.5,
      "logloss": 0.7057882872795338,
      "n": 5,
      "n_down": 1,
      "n_up": 4,
      "vs_majority_pp": -0.19999999999999996
    }
  },
  "by_regime": {
    "bear": {
      "always_down_rate": 0.2222222222222222,
      "always_up_rate": 0.7777777777777778,
      "base_rate": 0.2222222222222222,
      "baseline_brier": 0.1728395061728395,
      "baseline_hit_rate": 0.7777777777777778,
      "brier": 0.25562560832660935,
      "display_ready": false,
      "ece": null,
      "expectancy_bps": -5.4637952639108995,
      "expectancy_maker_2bps": -7.4637952639108995,
      "expectancy_taker_10bps": -15.463795263910901,
      "hit_down": 0.2222222222222222,
      "hit_rate": 0.2222222222222222,
      "hit_up": null,
      "logloss": 0.7044052551327253,
      "n": 9,
      "n_down": 9,
      "n_up": 0,
      "vs_majority_pp": -0.5555555555555556
    },
    "bull": {
      "always_down_rate": 0.6153846153846154,
      "always_up_rate": 0.38461538461538464,
      "base_rate": 0.38461538461538464,
      "baseline_brier": 0.2366863905325444,
      "baseline_hit_rate": 0.6153846153846154,
      "brier": 0.2510478583894247,
      "display_ready": false,
      "ece": null,
      "expectancy_bps": -19.504867949320772,
      "expectancy_maker_2bps": -21.504867949320772,
      "expectancy_taker_10bps": -29.504867949320772,
      "hit_down": null,
      "hit_rate": 0.38461538461538464,
      "hit_up": 0.38461538461538464,
      "logloss": 0.6952437136485445,
      "n": 13,
      "n_down": 0,
      "n_up": 13,
      "vs_majority_pp": -0.23076923076923078
    },
    "chop": {
      "always_down_rate": 0.75,
      "always_up_rate": 0.25,
      "base_rate": 0.5,
      "baseline_brier": 0.25,
      "baseline_hit_rate": 0.5,
      "brier": 0.24980752519497895,
      "display_ready": false,
      "ece": null,
      "expectancy_bps": 0.8504101573835557,
      "expectancy_maker_2bps": -1.1495898426164444,
      "expectancy_taker_10bps": -9.149589842616445,
      "hit_down": 0.6666666666666666,
      "hit_rate": 0.5,
      "hit_up": 0.0,
      "logloss": 0.6927622293688601,
      "n": 4,
      "n_down": 3,
      "n_up": 1,
      "vs_majority_pp": -0.25
    },
    "unknown": {
      "always_down_rate": 0.411530815109344,
      "always_up_rate": 0.588469184890656,
      "base_rate": 0.5460569913850232,
      "baseline_brier": 0.2478787535445599,
      "baseline_hit_rate": 0.5460569913850232,
      "brier": 0.2499083017455492,
      "display_ready": true,
      "ece": null,
      "expectancy_bps": 10.215228664941002,