{
  "by_horizon": {
    "12h": {
      "base_rate": 0.5555555555555556,
      "baseline_brier": 0.24691358024691357,
      "baseline_hit_rate": 0.5555555555555556,
      "brier": 0.24994804011655303,
      "display_ready": true,
      "ece": null,
      "hit_rate": 0.5555555555555556,
      "logloss": 0.6930441559899542,
      "n": 81
    },
    "1h": {
      "base_rate": 0.5126262626262627,
      "baseline_brier": 0.24984057749209262,
      "baseline_hit_rate": 0.5126262626262627,
      "brier": 0.2502878236636541,
      "display_ready": true,
      "ece": null,
      "hit_rate": 0.5126262626262627,
      "logloss": 0.6937233433439983,
      "n": 396
    },
    "24h": {
      "base_rate": 0.625,
      "baseline_brier": 0.234375,
      "baseline_hit_rate": 0.625,
      "brier": 0.24836270481172615,
      "display_ready": true,
      "ece": null,
      "hit_rate": 0.625,
      "logloss": 0.6898707261958583,
      "n": 40
    },
    "4h": {
      "base_rate": 0.5219298245614035,
      "baseline_brier": 0.24951908279470605,
      "baseline_hit_rate": 0.5219298245614035,
      "brier": 0.2497831265429417,
      "display_ready": true,
      "ece": null,
      "hit_rate": 0.5219298245614035,
      "logloss": 0.692712662673064,
      "n": 228
    }
  },
  "by_model_version": {
    "v0.1.0-baseline-shadow": {
      "base_rate": 0.5261744966442953,
      "baseline_brier": 0.24931489572541776,
      "baseline_hit_rate": 0.5261744966442953,
      "brier": 0.24999306102618465,
      "display_ready": true,
      "ece": null,
      "hit_rate": 0.5261744966442953,
      "logloss": 0.6931333379016141,
      "n": 745
    }
  },
  "generated_at": "2026-06-07T20:22:07Z",
  "global": {
    "base_rate": 0.5261744966442953,
    "baseline_brier": 0.24931489572541776,
    "baseline_hit_rate": 0.5261744966442953,
    "brier": 0.24999306102618465,
    "display_ready": true,
    "ece": null,
    "hit_rate": 0.5261744966442953,
    "logloss": 0.6931333379016141,
    "n": 745
  },
  "metrics_version": "metrics-v0.1.0",
  "min_n_display": 20,
  "rolling": {
    "30d": {
      "base_rate": 0.5261744966442953,
      "baseline_brier": 0.24931489572541776,
      "baseline_hit_rate": 0.5261744966442953,
      "brier": 0.24999306102618465,
      "display_ready": true,
      "ece": null,
      "hit_rate": 0.5261744966442953,
      "logloss": 0.6931333379016141,
      "n": 745
    },
    "7d": {
      "base_rate": 0.5261744966442953,
      "baseline_brier": 0.24931489572541776,
      "baseline_hit_rate": 0.5261744966442953,
      "brier": 0.24999306102618465,
      "display_ready": true,
      "ece": null,
      "hit_rate": 0.5261744966442953,
      "logloss": 0.6931333379016141,
      "n": 745
    },
    "90d": {
      "base_rate": 0.5261744966442953,
      "baseline_brier": 0.24931489572541776,
      "baseline_hit_rate": 0.5261744966442953,
      "brier": 0.24999306102618465,
      "display_ready": true,
      "ece": null,
      "hit_rate": 0.5261744966442953,
      "logloss": 0.6931333379016141,
      "n": 745
    }
  },
  "schema_version": "1",
  "total_forecasts": 747,
  "total_resolved": 745
}
