{
  "by_horizon": {
    "12h": {
      "base_rate": 0.5629139072847682,
      "baseline_brier": 0.2460418402701636,
      "baseline_hit_rate": 0.5629139072847682,
      "brier": 0.2495244541283976,
      "display_ready": true,
      "ece": null,
      "hit_rate": 0.5629139072847682,
      "logloss": 0.6921965587571446,
      "n": 151
    },
    "1h": {
      "base_rate": 0.5286343612334802,
      "baseline_brier": 0.24918007335675055,
      "baseline_hit_rate": 0.5286343612334802,
      "brier": 0.2502196480667177,
      "display_ready": true,
      "ece": null,
      "hit_rate": 0.5286343612334802,
      "logloss": 0.6935871089025814,
      "n": 681
    },
    "24h": {
      "base_rate": 0.64,
      "baseline_brier": 0.23040000000000002,
      "baseline_hit_rate": 0.64,
      "brier": 0.2482881720418367,
      "display_ready": true,
      "ece": null,
      "hit_rate": 0.64,
      "logloss": 0.6897225271142554,
      "n": 75
    },
    "4h": {
      "base_rate": 0.539568345323741,
      "baseline_brier": 0.24843434604834116,
      "baseline_hit_rate": 0.539568345323741,
      "brier": 0.24998459439246137,
      "display_ready": true,
      "ece": null,
      "hit_rate": 0.539568345323741,
      "logloss": 0.6931166417794451,
      "n": 417
    }
  },
  "by_model_version": {
    "v0.1.0-baseline-shadow": {
      "base_rate": 0.5422960725075529,
      "baseline_brier": 0.24821104225043583,
      "baseline_hit_rate": 0.5422960725075529,
      "brier": 0.2499569196915536,
      "display_ready": true,
      "ece": null,
      "hit_rate": 0.5422960725075529,
      "logloss": 0.6930614280140366,
      "n": 1324
    }
  },
  "generated_at": "2026-07-12T22:09:50Z",
  "global": {
    "base_rate": 0.5422960725075529,
    "baseline_brier": 0.24821104225043583,
    "baseline_hit_rate": 0.5422960725075529,
    "brier": 0.2499569196915536,
    "display_ready": true,
    "ece": null,
    "hit_rate": 0.5422960725075529,
    "logloss": 0.6930614280140366,
    "n": 1324
  },
  "metrics_version": "metrics-v0.1.0",
  "min_n_display": 20,
  "rolling": {
    "30d": {
      "base_rate": 0.5666003976143141,
      "baseline_brier": 0.24556438703761527,
      "baseline_hit_rate": 0.5666003976143141,
      "brier": 0.24995981854111557,
      "display_ready": true,
      "ece": null,
      "hit_rate": 0.5666003976143141,
      "logloss": 0.6930678548643658,
      "n": 503
    },
    "7d": {
      "base_rate": 0.46825396825396826,
      "baseline_brier": 0.24899218946837995,
      "baseline_hit_rate": 0.5317460317460317,
      "brier": 0.2513005145863573,
      "display_ready": true,
      "ece": null,
      "hit_rate": 0.46825396825396826,
      "logloss": 0.6957492613796572,
      "n": 126
    },
    "90d": {
      "base_rate": 0.5422960725075529,
      "baseline_brier": 0.24821104225043583,
      "baseline_hit_rate": 0.5422960725075529,
      "brier": 0.2499569196915536,
      "display_ready": true,
      "ece": null,
      "hit_rate": 0.5422960725075529,
      "logloss": 0.6930614280140366,
      "n": 1324
    }
  },
  "schema_version": "1",
  "total_forecasts": 1328,
  "total_resolved": 1324
}
