{
  "by_horizon": {
    "12h": {
      "base_rate": 0.5609756097560976,
      "baseline_brier": 0.2462819750148721,
      "baseline_hit_rate": 0.5609756097560976,
      "brier": 0.24971162715130493,
      "display_ready": true,
      "ece": null,
      "hit_rate": 0.5609756097560976,
      "logloss": 0.6925710728285207,
      "n": 82
    },
    "1h": {
      "base_rate": 0.5125628140703518,
      "baseline_brier": 0.24984217570263376,
      "baseline_hit_rate": 0.5125628140703518,
      "brier": 0.2503014347172916,
      "display_ready": true,
      "ece": null,
      "hit_rate": 0.5125628140703518,
      "logloss": 0.6937505647088585,
      "n": 398
    },
    "24h": {
      "base_rate": 0.6341463414634146,
      "baseline_brier": 0.23200475907198095,
      "baseline_hit_rate": 0.6341463414634146,
      "brier": 0.24838057572547773,
      "display_ready": true,
      "ece": null,
      "hit_rate": 0.6341463414634146,
      "logloss": 0.6899065134382631,
      "n": 41
    },
    "4h": {
      "base_rate": 0.519650655021834,
      "baseline_brier": 0.2496138517572129,
      "baseline_hit_rate": 0.519650655021834,
      "brier": 0.24981259449703527,
      "display_ready": true,
      "ece": null,
      "hit_rate": 0.519650655021834,
      "logloss": 0.6927716051612591,
      "n": 229
    }
  },
  "by_model_version": {
    "v0.1.0-baseline-shadow": {
      "base_rate": 0.5266666666666666,
      "baseline_brier": 0.2492888888888889,
      "baseline_hit_rate": 0.5266666666666666,
      "brier": 0.24998268291793962,
      "display_ready": true,
      "ece": null,
      "hit_rate": 0.5266666666666666,
      "logloss": 0.6931125564786154,
      "n": 750
    }
  },
  "generated_at": "2026-06-08T00:19:32Z",
  "global": {
    "base_rate": 0.5266666666666666,
    "baseline_brier": 0.2492888888888889,
    "baseline_hit_rate": 0.5266666666666666,
    "brier": 0.24998268291793962,
    "display_ready": true,
    "ece": null,
    "hit_rate": 0.5266666666666666,
    "logloss": 0.6931125564786154,
    "n": 750
  },
  "metrics_version": "metrics-v0.1.0",
  "min_n_display": 20,
  "rolling": {
    "30d": {
      "base_rate": 0.5266666666666666,
      "baseline_brier": 0.2492888888888889,
      "baseline_hit_rate": 0.5266666666666666,
      "brier": 0.24998268291793962,
      "display_ready": true,
      "ece": null,
      "hit_rate": 0.5266666666666666,
      "logloss": 0.6931125564786154,
      "n": 750
    },
    "7d": {
      "base_rate": 0.5266666666666666,
      "baseline_brier": 0.2492888888888889,
      "baseline_hit_rate": 0.5266666666666666,
      "brier": 0.24998268291793962,
      "display_ready": true,
      "ece": null,
      "hit_rate": 0.5266666666666666,
      "logloss": 0.6931125564786154,
      "n": 750
    },
    "90d": {
      "base_rate": 0.5266666666666666,
      "baseline_brier": 0.2492888888888889,
      "baseline_hit_rate": 0.5266666666666666,
      "brier": 0.24998268291793962,
      "display_ready": true,
      "ece": null,
      "hit_rate": 0.5266666666666666,
      "logloss": 0.6931125564786154,
      "n": 750
    }
  },
  "schema_version": "1",
  "total_forecasts": 750,
  "total_resolved": 750
}
