{
  "by_direction": {
    "down": {
      "always_down_rate": 0.4520166898470097,
      "always_up_rate": 0.5479833101529903,
      "base_rate": 0.4520166898470097,
      "baseline_brier": 0.24769760194676194,
      "baseline_hit_rate": 0.5479833101529903,
      "brier": 0.25103659589763383,
      "display_ready": true,
      "ece": null,
      "expectancy_bps": 4.516627349971455,
      "expectancy_maker_2bps": 2.5166273499714555,
      "expectancy_taker_10bps": -5.483372650028545,
      "hit_down": 0.4520166898470097,
      "hit_rate": 0.4520166898470097,
      "hit_up": null,
      "logloss": 0.6952213323822819,
      "n": 719,
      "n_down": 719,
      "n_up": 0,
      "vs_majority_pp": -0.09596662030598058
    },
    "up": {
      "always_down_rate": 0.37926829268292683,
      "always_up_rate": 0.6207317073170732,
      "base_rate": 0.6207317073170732,
      "baseline_brier": 0.2354238548483046,
      "baseline_hit_rate": 0.6207317073170732,
      "brier": 0.24900830687311168,
      "display_ready": true,
      "ece": null,
      "expectancy_bps": 14.402453323334115,
      "expectancy_maker_2bps": 12.402453323334113,
      "expectancy_taker_10bps": 4.402453323334114,
      "hit_down": null,
      "hit_rate": 0.6207317073170732,
      "hit_up": 0.6207317073170732,
      "logloss": 0.69116385876222,
      "n": 820,
      "n_down": 0,
      "n_up": 820,
      "vs_majority_pp": 0.0
    }
  },
  "by_horizon": {
    "12h": {
      "always_down_rate": 0.4742857142857143,
      "always_up_rate": 0.5257142857142857,
      "base_rate": 0.5657142857142857,
      "baseline_brier": 0.24568163265306123,
      "baseline_hit_rate": 0.5657142857142857,
      "brier": 0.249623865045748,
      "display_ready": true,
      "ece": null,
      "expectancy_bps": 24.37760183391444,
      "expectancy_maker_2bps": 22.37760183391444,
      "expectancy_taker_10bps": 14.377601833914442,
      "hit_down": 0.5402298850574713,
      "hit_rate": 0.5657142857142857,
      "hit_up": 0.5909090909090909,
      "logloss": 0.6923956923578972,
      "n": 175,
      "n_down": 87,
      "n_up": 88,
      "vs_majority_pp": 0.040000000000000036
    },
    "1h": {
      "always_down_rate": 0.3814303638644918,
      "always_up_rate": 0.6185696361355082,
      "base_rate": 0.5257214554579673,
      "baseline_brier": 0.24933840672912377,
      "baseline_hit_rate": 0.5257214554579673,
      "brier": 0.2501240011363557,
      "display_ready": true,
      "ece": null,
      "expectancy_bps": 3.3517466600987578,
      "expectancy_maker_2bps": 1.3517466600987575,
      "expectancy_taker_10bps": -6.648253339901243,
      "hit_down": 0.39664804469273746,
      "hit_rate": 0.5257214554579673,
      "hit_up": 0.6309794988610479,
      "logloss": 0.6933957394898141,
      "n": 797,
      "n_down": 358,
      "n_up": 439,
      "vs_majority_pp": -0.09284818067754086
    },
    "24h": {
      "always_down_rate": 0.5,
      "always_up_rate": 0.5,
      "base_rate": 0.625,
      "baseline_brier": 0.234375,
      "baseline_hit_rate": 0.625,
      "brier": 0.24896676328101125,
      "display_ready": true,
      "ece": null,
      "expectancy_bps": 54.73498298085394,
      "expectancy_maker_2bps": 52.73498298085395,
      "expectancy_taker_10bps": 44.73498298085394,
      "hit_down": 0.6222222222222222,
      "hit_rate": 0.625,
      "hit_up": 0.627906976744186,
      "logloss": 0.691080348313875,
      "n": 88,
      "n_down": 45,
      "n_up": 43,
      "vs_majority_pp": 0.125
    },
    "4h": {
      "always_down_rate": 0.4279749478079332,
      "always_up_rate": 0.5720250521920668,
      "base_rate": 0.5448851774530271,
      "baseline_brier": 0.24798532084501027,
      "baseline_hit_rate": 0.5448851774530271,
      "brier": 0.2499792142566596,
      "display_ready": true,
      "ece": null,
      "expectancy_bps": 6.896379704414543,
      "expectancy_maker_2bps": 4.896379704414543,
      "expectancy_taker_10bps": -3.1036202955854573,
      "hit_down": 0.47161572052401746,
      "hit_rate": 0.5448851774530271,
      "hit_up": 0.612,
      "logloss": 0.6931060145725388,
      "n": 479,
      "n_down": 229,
      "n_up": 250,
      "vs_majority_pp": -0.02713987473903967
    }
  },
  "by_model_version": {
    "v0.1.0-baseline-shadow": {
      "always_down_rate": 0.4132985658409387,
      "always_up_rate": 0.5867014341590613,
      "base_rate": 0.5423728813559322,
      "baseline_brier": 0.2482045389255961,
      "baseline_hit_rate": 0.5423728813559322,
      "brier": 0.2499351732126632,
      "display_ready": true,
      "ece": null,
      "expectancy_bps": 9.840167433708118,
      "expectancy_maker_2bps": 7.840167433708118,
      "expectancy_taker_10bps": -0.1598325662918818,
      "hit_down": 0.45264623955431754,
      "hit_rate": 0.5423728813559322,
      "hit_up": 0.6213235294117647,
      "logloss": 0.6930179665785419,
      "n": 1534,
      "n_down": 718,
      "n_up": 816,
      "vs_majority_pp": -0.044328552803129084
    },
    "v0.2.0-shadow-policy24": {
      "always_down_rate": 0.4,
      "always_up_rate": 0.6,
      "base_rate": 0.4,
      "baseline_brier": 0.24000000000000005,
      "baseline_hit_rate": 0.6,
      "brier": 0.256313675625,
      "display_ready": false,
      "ece": null,
      "expectancy_bps": -7.470010708960649,
      "expectancy_maker_2bps": -9.470010708960649,
      "expectancy_taker_10bps": -17.470010708960647,
      "hit_down": 0.0,
      "hit_rate": 0.4,
      "hit_up": 0.5,
      "logloss": 0.7057882872795338,
      "n": 5,
      "n_down": 1,
      "n_up": 4,
      "vs_majority_pp": -0.19999999999999996
    }
  },
  "by_regime": {
    "bear": {
      "always_down_rate": 0.19999999999999996,
      "always_up_rate": 0.8,
      "base_rate": 0.2,
      "baseline_brier": 0.16000000000000003,
      "baseline_hit_rate": 0.8,
      "brier": 0.2556552363907832,
      "display_ready": false,
      "ece": null,
      "expectancy_bps": -8.240169371228841,
      "expectancy_maker_2bps": -10.240169371228843,
      "expectancy_taker_10bps": -18.24016937122884,
      "hit_down": 0.2,
      "hit_rate": 0.2,
      "hit_up": null,
      "logloss": 0.7044638803670691,
      "n": 10,
      "n_down": 10,
      "n_up": 0,
      "vs_majority_pp": -0.6000000000000001
    },
    "bull": {
      "always_down_rate": 0.6153846153846154,
      "always_up_rate": 0.38461538461538464,
      "base_rate": 0.38461538461538464,
      "baseline_brier": 0.2366863905325444,
      "baseline_hit_rate": 0.6153846153846154,
      "brier": 0.2510478583894247,
      "display_ready": false,
      "ece": null,
      "expectancy_bps": -19.504867949320772,
      "expectancy_maker_2bps": -21.504867949320772,
      "expectancy_taker_10bps": -29.504867949320772,
      "hit_down": null,
      "hit_rate": 0.38461538461538464,
      "hit_up": 0.38461538461538464,
      "logloss": 0.6952437136485445,
      "n": 13,
      "n_down": 0,
      "n_up": 13,
      "vs_majority_pp": -0.23076923076923078
    },
    "chop": {
      "always_down_rate": 0.7142857142857143,
      "always_up_rate": 0.2857142857142857,
      "base_rate": 0.42857142857142855,
      "baseline_brier": 0.24489795918367346,
      "baseline_hit_rate": 0.5714285714285714,
      "brier": 0.25004603276374626,
      "display_ready": false,
      "ece": null,
      "expectancy_bps": -3.0497555112948134,
      "expectancy_maker_2bps": -5.049755511294813,
      "expectancy_taker_10bps": -13.049755511294814,
      "hit_down": 0.6,
      "hit_rate": 0.42857142857142855,
      "hit_up": 0.0,
      "logloss": 0.6932392456798544,
      "n": 7,
      "n_down": 5,
      "n_up": 2,
      "vs_majority_pp": -0.28571428571428575
    },
    "unknown": {
      "always_down_rate": 0.411530815109344,
      "always_up_rate": 0.588469184890656,
      "base_rate": 0.5460569913850232,
      "baseline_brier": 0.2478787535445599,
      "baseline_hit_rate": 0.5460569913850232,
      "brier": 0.2499083017455492,
      "display_ready": true,
      "ece": null,