{
  "by_horizon": {
    "12h": {
      "base_rate": 0.5705521472392638,
      "baseline_brier": 0.24502239451992922,
      "baseline_hit_rate": 0.5705521472392638,
      "brier": 0.24947611445318854,
      "display_ready": true,
      "ece": null,
      "hit_rate": 0.5705521472392638,
      "logloss": 0.6920999074018285,
      "n": 163
    },
    "1h": {
      "base_rate": 0.5314591700133868,
      "baseline_brier": 0.2490103206220688,
      "baseline_hit_rate": 0.5314591700133868,
      "brier": 0.2501639269936756,
      "display_ready": true,
      "ece": null,
      "hit_rate": 0.5314591700133868,
      "logloss": 0.693475657773657,
      "n": 747
    },
    "24h": {
      "base_rate": 0.6296296296296297,
      "baseline_brier": 0.23319615912208505,
      "baseline_hit_rate": 0.6296296296296297,
      "brier": 0.2489107180523578,
      "display_ready": true,
      "ece": null,
      "hit_rate": 0.6296296296296297,
      "logloss": 0.6909681935182765,
      "n": 81
    },
    "4h": {
      "base_rate": 0.5442477876106194,
      "baseline_brier": 0.2480421332915655,
      "baseline_hit_rate": 0.5442477876106194,
      "brier": 0.25007081614599214,
      "display_ready": true,
      "ece": null,
      "hit_rate": 0.5442477876106194,
      "logloss": 0.6932892814880109,
      "n": 452
    }
  },
  "by_model_version": {
    "v0.1.0-baseline-shadow": {
      "base_rate": 0.5453915453915454,
      "baseline_brier": 0.2479396076069673,
      "baseline_hit_rate": 0.5453915453915454,
      "brier": 0.24998672015271994,
      "display_ready": true,
      "ece": null,
      "hit_rate": 0.5453915453915454,
      "logloss": 0.6931211227796128,
      "n": 1443
    }
  },
  "generated_at": "2026-07-18T19:34:41Z",
  "global": {
    "base_rate": 0.5453915453915454,
    "baseline_brier": 0.2479396076069673,
    "baseline_hit_rate": 0.5453915453915454,
    "brier": 0.24998672015271994,
    "display_ready": true,
    "ece": null,
    "hit_rate": 0.5453915453915454,
    "logloss": 0.6931211227796128,
    "n": 1443
  },
  "metrics_version": "metrics-v0.1.0",
  "min_n_display": 20,
  "rolling": {
    "30d": {
      "base_rate": 0.5541044776119403,
      "baseline_brier": 0.24707270550233906,
      "baseline_hit_rate": 0.5541044776119403,
      "brier": 0.25030385350594253,
      "display_ready": true,
      "ece": null,
      "hit_rate": 0.5541044776119403,
      "logloss": 0.6937562469759643,
      "n": 536
    },
    "7d": {
      "base_rate": 0.5524475524475524,
      "baseline_brier": 0.24724925424226127,
      "baseline_hit_rate": 0.5524475524475524,
      "brier": 0.25043776556573144,
      "display_ready": true,
      "ece": null,
      "hit_rate": 0.5524475524475524,
      "logloss": 0.6940240068862643,
      "n": 143
    },
    "90d": {
      "base_rate": 0.5453915453915454,
      "baseline_brier": 0.2479396076069673,
      "baseline_hit_rate": 0.5453915453915454,
      "brier": 0.24998672015271994,
      "display_ready": true,
      "ece": null,
      "hit_rate": 0.5453915453915454,
      "logloss": 0.6931211227796128,
      "n": 1443
    }
  },
  "schema_version": "1",
  "total_forecasts": 1447,
  "total_resolved": 1443
}
