{
  "by_horizon": {
    "12h": {
      "base_rate": 0.6095238095238096,
      "baseline_brier": 0.23800453514739228,
      "baseline_hit_rate": 0.6095238095238096,
      "brier": 0.24882070005620896,
      "display_ready": true,
      "ece": null,
      "hit_rate": 0.6095238095238096,
      "logloss": 0.6907887999927856,
      "n": 105
    },
    "1h": {
      "base_rate": 0.5167364016736402,
      "baseline_brier": 0.24971989285901858,
      "baseline_hit_rate": 0.5167364016736402,
      "brier": 0.2502569643263511,
      "display_ready": true,
      "ece": null,
      "hit_rate": 0.5167364016736402,
      "logloss": 0.6936614447903451,
      "n": 478
    },
    "24h": {
      "base_rate": 0.6538461538461539,
      "baseline_brier": 0.22633136094674555,
      "baseline_hit_rate": 0.6538461538461539,
      "brier": 0.24764269128090624,
      "display_ready": true,
      "ece": null,
      "hit_rate": 0.6538461538461539,
      "logloss": 0.6884307590629929,
      "n": 52
    },
    "4h": {
      "base_rate": 0.5379310344827586,
      "baseline_brier": 0.24856123662306778,
      "baseline_hit_rate": 0.5379310344827586,
      "brier": 0.24973759780267485,
      "display_ready": true,
      "ece": null,
      "hit_rate": 0.5379310344827586,
      "logloss": 0.6926220736408817,
      "n": 290
    }
  },
  "by_model_version": {
    "v0.1.0-baseline-shadow": {
      "base_rate": 0.5416216216216216,
      "baseline_brier": 0.24826764061358655,
      "baseline_hit_rate": 0.5416216216216216,
      "brier": 0.24978413596030333,
      "display_ready": true,
      "ece": null,
      "hit_rate": 0.5416216216216216,
      "logloss": 0.692715454525577,
      "n": 925
    }
  },
  "generated_at": "2026-06-19T21:37:08Z",
  "global": {
    "base_rate": 0.5416216216216216,
    "baseline_brier": 0.24826764061358655,
    "baseline_hit_rate": 0.5416216216216216,
    "brier": 0.24978413596030333,
    "display_ready": true,
    "ece": null,
    "hit_rate": 0.5416216216216216,
    "logloss": 0.692715454525577,
    "n": 925
  },
  "metrics_version": "metrics-v0.1.0",
  "min_n_display": 20,
  "rolling": {
    "30d": {
      "base_rate": 0.5416216216216216,
      "baseline_brier": 0.24826764061358655,
      "baseline_hit_rate": 0.5416216216216216,
      "brier": 0.24978413596030333,
      "display_ready": true,
      "ece": null,
      "hit_rate": 0.5416216216216216,
      "logloss": 0.692715454525577,
      "n": 925
    },
    "7d": {
      "base_rate": 0.6538461538461539,
      "baseline_brier": 0.22633136094674555,
      "baseline_hit_rate": 0.6538461538461539,
      "brier": 0.24843416171004573,
      "display_ready": true,
      "ece": null,
      "hit_rate": 0.6538461538461539,
      "logloss": 0.690015343676446,
      "n": 104
    },
    "90d": {
      "base_rate": 0.5416216216216216,
      "baseline_brier": 0.24826764061358655,
      "baseline_hit_rate": 0.5416216216216216,
      "brier": 0.24978413596030333,
      "display_ready": true,
      "ece": null,
      "hit_rate": 0.5416216216216216,
      "logloss": 0.692715454525577,
      "n": 925
    }
  },
  "schema_version": "1",
  "total_forecasts": 929,
  "total_resolved": 925
}
