{
  "by_horizon": {
    "12h": {
      "base_rate": 0.5877862595419847,
      "baseline_brier": 0.2422935726356273,
      "baseline_hit_rate": 0.5877862595419847,
      "brier": 0.24908987622540923,
      "display_ready": true,
      "ece": null,
      "hit_rate": 0.5877862595419847,
      "logloss": 0.6913272262054222,
      "n": 131
    },
    "1h": {
      "base_rate": 0.5205479452054794,
      "baseline_brier": 0.24957778194783262,
      "baseline_hit_rate": 0.5205479452054794,
      "brier": 0.2503128731214207,
      "display_ready": true,
      "ece": null,
      "hit_rate": 0.5205479452054794,
      "logloss": 0.6937736193303188,
      "n": 584
    },
    "24h": {
      "base_rate": 0.6461538461538462,
      "baseline_brier": 0.22863905325443787,
      "baseline_hit_rate": 0.6461538461538462,
      "brier": 0.24837870325740943,
      "display_ready": true,
      "ece": null,
      "hit_rate": 0.6461538461538462,
      "logloss": 0.6899034573716565,
      "n": 65
    },
    "4h": {
      "base_rate": 0.5497237569060773,
      "baseline_brier": 0.24752754799914534,
      "baseline_hit_rate": 0.5497237569060773,
      "brier": 0.24987172077795883,
      "display_ready": true,
      "ece": null,
      "hit_rate": 0.5497237569060773,
      "logloss": 0.6928908570326193,
      "n": 362
    }
  },
  "by_model_version": {
    "v0.1.0-baseline-shadow": {
      "base_rate": 0.5446584938704028,
      "baseline_brier": 0.24800561892522716,
      "baseline_hit_rate": 0.5446584938704028,
      "brier": 0.24992265352170842,
      "display_ready": true,
      "ece": null,
      "hit_rate": 0.5446584938704028,
      "logloss": 0.6929928855488462,
      "n": 1142
    }
  },
  "generated_at": "2026-07-02T21:35:20Z",
  "global": {
    "base_rate": 0.5446584938704028,
    "baseline_brier": 0.24800561892522716,
    "baseline_hit_rate": 0.5446584938704028,
    "brier": 0.24992265352170842,
    "display_ready": true,
    "ece": null,
    "hit_rate": 0.5446584938704028,
    "logloss": 0.6929928855488462,
    "n": 1142
  },
  "metrics_version": "metrics-v0.1.0",
  "min_n_display": 20,
  "rolling": {
    "30d": {
      "base_rate": 0.5446584938704028,
      "baseline_brier": 0.24800561892522716,
      "baseline_hit_rate": 0.5446584938704028,
      "brier": 0.24992265352170842,
      "display_ready": true,
      "ece": null,
      "hit_rate": 0.5446584938704028,
      "logloss": 0.6929928855488462,
      "n": 1142
    },
    "7d": {
      "base_rate": 0.5041322314049587,
      "baseline_brier": 0.24998292466361588,
      "baseline_hit_rate": 0.5041322314049587,
      "brier": 0.25133266325509374,
      "display_ready": true,
      "ece": null,
      "hit_rate": 0.5041322314049587,
      "logloss": 0.6958144823711225,
      "n": 121
    },
    "90d": {
      "base_rate": 0.5446584938704028,
      "baseline_brier": 0.24800561892522716,
      "baseline_hit_rate": 0.5446584938704028,
      "brier": 0.24992265352170842,
      "display_ready": true,
      "ece": null,
      "hit_rate": 0.5446584938704028,
      "logloss": 0.6929928855488462,
      "n": 1142
    }
  },
  "schema_version": "1",
  "total_forecasts": 1146,
  "total_resolved": 1142
}
