{
  "by_horizon": {
    "12h": {
      "base_rate": 0.5819672131147541,
      "baseline_brier": 0.2432813759742005,
      "baseline_hit_rate": 0.5819672131147541,
      "brier": 0.24914696833773986,
      "display_ready": true,
      "ece": null,
      "hit_rate": 0.5819672131147541,
      "logloss": 0.691441538690848,
      "n": 122
    },
    "1h": {
      "base_rate": 0.5256410256410257,
      "baseline_brier": 0.24934253780407625,
      "baseline_hit_rate": 0.5256410256410257,
      "brier": 0.2501703221462327,
      "display_ready": true,
      "ece": null,
      "hit_rate": 0.5256410256410257,
      "logloss": 0.693488369175507,
      "n": 546
    },
    "24h": {
      "base_rate": 0.6557377049180327,
      "baseline_brier": 0.22574576726686377,
      "baseline_hit_rate": 0.6557377049180327,
      "brier": 0.2480847763047276,
      "display_ready": true,
      "ece": null,
      "hit_rate": 0.6557377049180327,
      "logloss": 0.6893154518763513,
      "n": 61
    },
    "4h": {
      "base_rate": 0.5535714285714286,
      "baseline_brier": 0.24713010204081634,
      "baseline_hit_rate": 0.5535714285714286,
      "brier": 0.24968610470952918,
      "display_ready": true,
      "ece": null,
      "hit_rate": 0.5535714285714286,
      "logloss": 0.6925194488731,
      "n": 336
    }
  },
  "by_model_version": {
    "v0.1.0-baseline-shadow": {
      "base_rate": 0.5483568075117371,
      "baseline_brier": 0.24766161916727283,
      "baseline_hit_rate": 0.5483568075117371,
      "brier": 0.24978087189299297,
      "display_ready": true,
      "ece": null,
      "hit_rate": 0.5483568075117371,
      "logloss": 0.6927091968788069,
      "n": 1065
    }
  },
  "generated_at": "2026-06-28T05:42:35Z",
  "global": {
    "base_rate": 0.5483568075117371,
    "baseline_brier": 0.24766161916727283,
    "baseline_hit_rate": 0.5483568075117371,
    "brier": 0.24978087189299297,
    "display_ready": true,
    "ece": null,
    "hit_rate": 0.5483568075117371,
    "logloss": 0.6927091968788069,
    "n": 1065
  },
  "metrics_version": "metrics-v0.1.0",
  "min_n_display": 20,
  "rolling": {
    "30d": {
      "base_rate": 0.5483568075117371,
      "baseline_brier": 0.24766161916727283,
      "baseline_hit_rate": 0.5483568075117371,
      "brier": 0.24978087189299297,
      "display_ready": true,
      "ece": null,
      "hit_rate": 0.5483568075117371,
      "logloss": 0.6927091968788069,
      "n": 1065
    },
    "7d": {
      "base_rate": 0.5299145299145299,
      "baseline_brier": 0.24910512089999268,
      "baseline_hit_rate": 0.5299145299145299,
      "brier": 0.25058682106426783,
      "display_ready": true,
      "ece": null,
      "hit_rate": 0.5299145299145299,
      "logloss": 0.694323339259228,
      "n": 117
    },
    "90d": {
      "base_rate": 0.5483568075117371,
      "baseline_brier": 0.24766161916727283,
      "baseline_hit_rate": 0.5483568075117371,
      "brier": 0.24978087189299297,
      "display_ready": true,
      "ece": null,
      "hit_rate": 0.5483568075117371,
      "logloss": 0.6927091968788069,
      "n": 1065
    }
  },
  "schema_version": "1",
  "total_forecasts": 1068,
  "total_resolved": 1065
}
