{
  "by_horizon": {
    "12h": {
      "base_rate": 0.56875,
      "baseline_brier": 0.2452734375,
      "baseline_hit_rate": 0.56875,
      "brier": 0.2495168984660822,
      "display_ready": true,
      "ece": null,
      "hit_rate": 0.56875,
      "logloss": 0.6921814960673878,
      "n": 160
    },
    "1h": {
      "base_rate": 0.526896551724138,
      "baseline_brier": 0.2492765755053508,
      "baseline_hit_rate": 0.526896551724138,
      "brier": 0.25020145465863713,
      "display_ready": true,
      "ece": null,
      "hit_rate": 0.526896551724138,
      "logloss": 0.6935507243082322,
      "n": 725
    },
    "24h": {
      "base_rate": 0.6375,
      "baseline_brier": 0.23109375000000001,
      "baseline_hit_rate": 0.6375,
      "brier": 0.24876606971771062,
      "display_ready": true,
      "ece": null,
      "hit_rate": 0.6375,
      "logloss": 0.6906788537454258,
      "n": 80
    },
    "4h": {
      "base_rate": 0.5407239819004525,
      "baseline_brier": 0.24834155729817162,
      "baseline_hit_rate": 0.5407239819004525,
      "brier": 0.2501113054900702,
      "display_ready": true,
      "ece": null,
      "hit_rate": 0.5407239819004525,
      "logloss": 0.6933702608778761,
      "n": 442
    }
  },
  "by_model_version": {
    "v0.1.0-baseline-shadow": {
      "base_rate": 0.5422885572139303,
      "baseline_brier": 0.24821167792876414,
      "baseline_hit_rate": 0.5422885572139303,
      "brier": 0.2500136751855813,
      "display_ready": true,
      "ece": null,
      "hit_rate": 0.5422885572139303,
      "logloss": 0.6931750377412265,
      "n": 1407
    }
  },
  "generated_at": "2026-07-17T00:14:43Z",
  "global": {
    "base_rate": 0.5422885572139303,
    "baseline_brier": 0.24821167792876414,
    "baseline_hit_rate": 0.5422885572139303,
    "brier": 0.2500136751855813,
    "display_ready": true,
    "ece": null,
    "hit_rate": 0.5422885572139303,
    "logloss": 0.6931750377412265,
    "n": 1407
  },
  "metrics_version": "metrics-v0.1.0",
  "min_n_display": 20,
  "rolling": {
    "30d": {
      "base_rate": 0.5477099236641222,
      "baseline_brier": 0.24772376318396364,
      "baseline_hit_rate": 0.5477099236641222,
      "brier": 0.25040359884540286,
      "display_ready": true,
      "ece": null,
      "hit_rate": 0.5477099236641222,
      "logloss": 0.6939558421062779,
      "n": 524
    },
    "7d": {
      "base_rate": 0.5319148936170213,
      "baseline_brier": 0.24898143956541421,
      "baseline_hit_rate": 0.5319148936170213,
      "brier": 0.250807635458023,
      "display_ready": true,
      "ece": null,
      "hit_rate": 0.5319148936170213,
      "logloss": 0.6947638618051981,
      "n": 141
    },
    "90d": {
      "base_rate": 0.5422885572139303,
      "baseline_brier": 0.24821167792876414,
      "baseline_hit_rate": 0.5422885572139303,
      "brier": 0.2500136751855813,
      "display_ready": true,
      "ece": null,
      "hit_rate": 0.5422885572139303,
      "logloss": 0.6931750377412265,
      "n": 1407
    }
  },
  "schema_version": "1",
  "total_forecasts": 1411,
  "total_resolved": 1407
}
