{
  "by_horizon": {
    "12h": {
      "base_rate": 0.5632183908045977,
      "baseline_brier": 0.24600343506407715,
      "baseline_hit_rate": 0.5632183908045977,
      "brier": 0.24971820542657064,
      "display_ready": true,
      "ece": null,
      "hit_rate": 0.5632183908045977,
      "logloss": 0.6925843036971188,
      "n": 87
    },
    "1h": {
      "base_rate": 0.5096153846153846,
      "baseline_brier": 0.24990754437869825,
      "baseline_hit_rate": 0.5096153846153846,
      "brier": 0.25038097824434435,
      "display_ready": true,
      "ece": null,
      "hit_rate": 0.5096153846153846,
      "logloss": 0.693909627749173,
      "n": 416
    },
    "24h": {
      "base_rate": 0.627906976744186,
      "baseline_brier": 0.23363980530016226,
      "baseline_hit_rate": 0.627906976744186,
      "brier": 0.24855910732806002,
      "display_ready": true,
      "ece": null,
      "hit_rate": 0.627906976744186,
      "logloss": 0.6902637577693241,
      "n": 43
    },
    "4h": {
      "base_rate": 0.522633744855967,
      "baseline_brier": 0.24948771359379499,
      "baseline_hit_rate": 0.522633744855967,
      "brier": 0.24984784817443678,
      "display_ready": true,
      "ece": null,
      "hit_rate": 0.522633744855967,
      "logloss": 0.6928423834257852,
      "n": 243
    }
  },
  "by_model_version": {
    "v0.1.0-baseline-shadow": {
      "base_rate": 0.5259822560202788,
      "baseline_brier": 0.2493249223720967,
      "baseline_hit_rate": 0.5259822560202788,
      "brier": 0.25004441006749506,
      "display_ready": true,
      "ece": null,
      "hit_rate": 0.5259822560202788,
      "logloss": 0.6932360967323854,
      "n": 789
    }
  },
  "generated_at": "2026-06-10T16:43:00Z",
  "global": {
    "base_rate": 0.5259822560202788,
    "baseline_brier": 0.2493249223720967,
    "baseline_hit_rate": 0.5259822560202788,
    "brier": 0.25004441006749506,
    "display_ready": true,
    "ece": null,
    "hit_rate": 0.5259822560202788,
    "logloss": 0.6932360967323854,
    "n": 789
  },
  "metrics_version": "metrics-v0.1.0",
  "min_n_display": 20,
  "rolling": {
    "30d": {
      "base_rate": 0.5259822560202788,
      "baseline_brier": 0.2493249223720967,
      "baseline_hit_rate": 0.5259822560202788,
      "brier": 0.25004441006749506,
      "display_ready": true,
      "ece": null,
      "hit_rate": 0.5259822560202788,
      "logloss": 0.6932360967323854,
      "n": 789
    },
    "7d": {
      "base_rate": 0.5259822560202788,
      "baseline_brier": 0.2493249223720967,
      "baseline_hit_rate": 0.5259822560202788,
      "brier": 0.25004441006749506,
      "display_ready": true,
      "ece": null,
      "hit_rate": 0.5259822560202788,
      "logloss": 0.6932360967323854,
      "n": 789
    },
    "90d": {
      "base_rate": 0.5259822560202788,
      "baseline_brier": 0.2493249223720967,
      "baseline_hit_rate": 0.5259822560202788,
      "brier": 0.25004441006749506,
      "display_ready": true,
      "ece": null,
      "hit_rate": 0.5259822560202788,
      "logloss": 0.6932360967323854,
      "n": 789
    }
  },
  "schema_version": "1",
  "total_forecasts": 791,
  "total_resolved": 789
}
