{
  "by_horizon": {
    "12h": {
      "base_rate": 0.5714285714285714,
      "baseline_brier": 0.2448979591836735,
      "baseline_hit_rate": 0.5714285714285714,
      "brier": 0.2494561270107476,
      "display_ready": true,
      "ece": null,
      "hit_rate": 0.5714285714285714,
      "logloss": 0.6920599317219565,
      "n": 161
    },
    "1h": {
      "base_rate": 0.5258855585831063,
      "baseline_brier": 0.24932993785684057,
      "baseline_hit_rate": 0.5258855585831063,
      "brier": 0.2502184526098999,
      "display_ready": true,
      "ece": null,
      "hit_rate": 0.5258855585831063,
      "logloss": 0.6935847251646023,
      "n": 734
    },
    "24h": {
      "base_rate": 0.6375,
      "baseline_brier": 0.23109375000000001,
      "baseline_hit_rate": 0.6375,
      "brier": 0.24876606971771062,
      "display_ready": true,
      "ece": null,
      "hit_rate": 0.6375,
      "logloss": 0.6906788537454258,
      "n": 80
    },
    "4h": {
      "base_rate": 0.5413870246085011,
      "baseline_brier": 0.24828711419405533,
      "baseline_hit_rate": 0.5413870246085011,
      "brier": 0.2500951002168853,
      "display_ready": true,
      "ece": null,
      "hit_rate": 0.5413870246085011,
      "logloss": 0.693337850916371,
      "n": 447
    }
  },
  "by_model_version": {
    "v0.1.0-baseline-shadow": {
      "base_rate": 0.5421940928270043,
      "baseline_brier": 0.24821965853050615,
      "baseline_hit_rate": 0.5421940928270043,
      "brier": 0.25001165684863674,
      "display_ready": true,
      "ece": null,
      "hit_rate": 0.5421940928270043,
      "logloss": 0.6931710020656153,
      "n": 1422
    }
  },
  "generated_at": "2026-07-17T21:09:28Z",
  "global": {
    "base_rate": 0.5421940928270043,
    "baseline_brier": 0.24821965853050615,
    "baseline_hit_rate": 0.5421940928270043,
    "brier": 0.25001165684863674,
    "display_ready": true,
    "ece": null,
    "hit_rate": 0.5421940928270043,
    "logloss": 0.6931710020656153,
    "n": 1422
  },
  "metrics_version": "metrics-v0.1.0",
  "min_n_display": 20,
  "rolling": {
    "30d": {
      "base_rate": 0.5425330812854442,
      "baseline_brier": 0.2481909369963658,
      "baseline_hit_rate": 0.5425330812854442,
      "brier": 0.25045622805046786,
      "display_ready": true,
      "ece": null,
      "hit_rate": 0.5425330812854442,
      "logloss": 0.6940611085174304,
      "n": 529
    },
    "7d": {
      "base_rate": 0.5319148936170213,
      "baseline_brier": 0.24898143956541421,
      "baseline_hit_rate": 0.5319148936170213,
      "brier": 0.25077696087560913,
      "display_ready": true,
      "ece": null,
      "hit_rate": 0.5319148936170213,
      "logloss": 0.6947024766202279,
      "n": 141
    },
    "90d": {
      "base_rate": 0.5421940928270043,
      "baseline_brier": 0.24821965853050615,
      "baseline_hit_rate": 0.5421940928270043,
      "brier": 0.25001165684863674,
      "display_ready": true,
      "ece": null,
      "hit_rate": 0.5421940928270043,
      "logloss": 0.6931710020656153,
      "n": 1422
    }
  },
  "schema_version": "1",
  "total_forecasts": 1426,
  "total_resolved": 1422
}
