{
  "by_horizon": {
    "12h": {
      "base_rate": 0.5982142857142857,
      "baseline_brier": 0.24035395408163265,
      "baseline_hit_rate": 0.5982142857142857,
      "brier": 0.2489568224104872,
      "display_ready": true,
      "ece": null,
      "hit_rate": 0.5982142857142857,
      "logloss": 0.6910610514425579,
      "n": 112
    },
    "1h": {
      "base_rate": 0.5326732673267327,
      "baseline_brier": 0.24893245760219587,
      "baseline_hit_rate": 0.5326732673267327,
      "brier": 0.25007827157282214,
      "display_ready": true,
      "ece": null,
      "hit_rate": 0.5326732673267327,
      "logloss": 0.6933040200692092,
      "n": 505
    },
    "24h": {
      "base_rate": 0.6428571428571429,
      "baseline_brier": 0.22959183673469388,
      "baseline_hit_rate": 0.6428571428571429,
      "brier": 0.24806123596809607,
      "display_ready": true,
      "ece": null,
      "hit_rate": 0.6428571428571429,
      "logloss": 0.6892681235567978,
      "n": 56
    },
    "4h": {
      "base_rate": 0.5533980582524272,
      "baseline_brier": 0.2471486473748704,
      "baseline_hit_rate": 0.5533980582524272,
      "brier": 0.24958317808241592,
      "display_ready": true,
      "ece": null,
      "hit_rate": 0.5533980582524272,
      "logloss": 0.692313229865516,
      "n": 309
    }
  },
  "by_model_version": {
    "v0.1.0-baseline-shadow": {
      "base_rate": 0.5529531568228105,
      "baseline_brier": 0.24719596318249884,
      "baseline_hit_rate": 0.5529531568228105,
      "brier": 0.24967955447650675,
      "display_ready": true,
      "ece": null,
      "hit_rate": 0.5529531568228105,
      "logloss": 0.6925062839553384,
      "n": 982
    }
  },
  "generated_at": "2026-06-23T08:36:10Z",
  "global": {
    "base_rate": 0.5529531568228105,
    "baseline_brier": 0.24719596318249884,
    "baseline_hit_rate": 0.5529531568228105,
    "brier": 0.24967955447650675,
    "display_ready": true,
    "ece": null,
    "hit_rate": 0.5529531568228105,
    "logloss": 0.6925062839553384,
    "n": 982
  },
  "metrics_version": "metrics-v0.1.0",
  "min_n_display": 20,
  "rolling": {
    "30d": {
      "base_rate": 0.5529531568228105,
      "baseline_brier": 0.24719596318249884,
      "baseline_hit_rate": 0.5529531568228105,
      "brier": 0.24967955447650675,
      "display_ready": true,
      "ece": null,
      "hit_rate": 0.5529531568228105,
      "logloss": 0.6925062839553384,
      "n": 982
    },
    "7d": {
      "base_rate": 0.6915887850467289,
      "baseline_brier": 0.21329373744431826,
      "baseline_hit_rate": 0.6915887850467289,
      "brier": 0.24877348458228202,
      "display_ready": true,
      "ece": null,
      "hit_rate": 0.6915887850467289,
      "logloss": 0.6906946005419126,
      "n": 107
    },
    "90d": {
      "base_rate": 0.5529531568228105,
      "baseline_brier": 0.24719596318249884,
      "baseline_hit_rate": 0.5529531568228105,
      "brier": 0.24967955447650675,
      "display_ready": true,
      "ece": null,
      "hit_rate": 0.5529531568228105,
      "logloss": 0.6925062839553384,
      "n": 982
    }
  },
  "schema_version": "1",
  "total_forecasts": 984,
  "total_resolved": 982
}
