{
  "by_horizon": {
    "12h": {
      "base_rate": 0.5632183908045977,
      "baseline_brier": 0.24600343506407715,
      "baseline_hit_rate": 0.5632183908045977,
      "brier": 0.24971820542657064,
      "display_ready": true,
      "ece": null,
      "hit_rate": 0.5632183908045977,
      "logloss": 0.6925843036971188,
      "n": 87
    },
    "1h": {
      "base_rate": 0.5083932853717026,
      "baseline_brier": 0.24992955276066917,
      "baseline_hit_rate": 0.5083932853717026,
      "brier": 0.2504049533688458,
      "display_ready": true,
      "ece": null,
      "hit_rate": 0.5083932853717026,
      "logloss": 0.6939575838632538,
      "n": 417
    },
    "24h": {
      "base_rate": 0.627906976744186,
      "baseline_brier": 0.23363980530016226,
      "baseline_hit_rate": 0.627906976744186,
      "brier": 0.24855910732806002,
      "display_ready": true,
      "ece": null,
      "hit_rate": 0.627906976744186,
      "logloss": 0.6902637577693241,
      "n": 43
    },
    "4h": {
      "base_rate": 0.522633744855967,
      "baseline_brier": 0.24948771359379499,
      "baseline_hit_rate": 0.522633744855967,
      "brier": 0.24984784817443678,
      "display_ready": true,
      "ece": null,
      "hit_rate": 0.522633744855967,
      "logloss": 0.6928423834257852,
      "n": 243
    }
  },
  "by_model_version": {
    "v0.1.0-baseline-shadow": {
      "base_rate": 0.5253164556962026,
      "baseline_brier": 0.24935907707098223,
      "baseline_hit_rate": 0.5253164556962026,
      "brier": 0.25005749132710764,
      "display_ready": true,
      "ece": null,
      "hit_rate": 0.5253164556962026,
      "logloss": 0.6932622628470543,
      "n": 790
    }
  },
  "generated_at": "2026-06-10T19:43:49Z",
  "global": {
    "base_rate": 0.5253164556962026,
    "baseline_brier": 0.24935907707098223,
    "baseline_hit_rate": 0.5253164556962026,
    "brier": 0.25005749132710764,
    "display_ready": true,
    "ece": null,
    "hit_rate": 0.5253164556962026,
    "logloss": 0.6932622628470543,
    "n": 790
  },
  "metrics_version": "metrics-v0.1.0",
  "min_n_display": 20,
  "rolling": {
    "30d": {
      "base_rate": 0.5253164556962026,
      "baseline_brier": 0.24935907707098223,
      "baseline_hit_rate": 0.5253164556962026,
      "brier": 0.25005749132710764,
      "display_ready": true,
      "ece": null,
      "hit_rate": 0.5253164556962026,
      "logloss": 0.6932622628470543,
      "n": 790
    },
    "7d": {
      "base_rate": 0.5253164556962026,
      "baseline_brier": 0.24935907707098223,
      "baseline_hit_rate": 0.5253164556962026,
      "brier": 0.25005749132710764,
      "display_ready": true,
      "ece": null,
      "hit_rate": 0.5253164556962026,
      "logloss": 0.6932622628470543,
      "n": 790
    },
    "90d": {
      "base_rate": 0.5253164556962026,
      "baseline_brier": 0.24935907707098223,
      "baseline_hit_rate": 0.5253164556962026,
      "brier": 0.25005749132710764,
      "display_ready": true,
      "ece": null,
      "hit_rate": 0.5253164556962026,
      "logloss": 0.6932622628470543,
      "n": 790
    }
  },
  "schema_version": "1",
  "total_forecasts": 793,
  "total_resolved": 790
}
