{
  "by_horizon": {
    "12h": {
      "base_rate": 0.5688622754491018,
      "baseline_brier": 0.245257987019972,
      "baseline_hit_rate": 0.5688622754491018,
      "brier": 0.24953635107282815,
      "display_ready": true,
      "ece": null,
      "hit_rate": 0.5688622754491018,
      "logloss": 0.6922203846087213,
      "n": 167
    },
    "1h": {
      "base_rate": 0.5266579973992198,
      "baseline_brier": 0.2492893511746632,
      "baseline_hit_rate": 0.5266579973992198,
      "brier": 0.2501682371469034,
      "display_ready": true,
      "ece": null,
      "hit_rate": 0.5266579973992198,
      "logloss": 0.6934842573745965,
      "n": 769
    },
    "24h": {
      "base_rate": 0.6265060240963856,
      "baseline_brier": 0.23399622586732471,
      "baseline_hit_rate": 0.6265060240963856,
      "brier": 0.2489736464192586,
      "display_ready": true,
      "ece": null,
      "hit_rate": 0.6265060240963856,
      "logloss": 0.691094081744704,
      "n": 83
    },
    "4h": {
      "base_rate": 0.5421166306695464,
      "baseline_brier": 0.24822618942104502,
      "baseline_hit_rate": 0.5421166306695464,
      "brier": 0.25008049807177,
      "display_ready": true,
      "ece": null,
      "hit_rate": 0.5421166306695464,
      "logloss": 0.6933086356151278,
      "n": 463
    }
  },
  "by_model_version": {
    "v0.1.0-baseline-shadow": {
      "base_rate": 0.5418353576248313,
      "baseline_brier": 0.24824980285240247,
      "baseline_hit_rate": 0.5418353576248313,
      "brier": 0.25000271812089003,
      "display_ready": true,
      "ece": null,
      "hit_rate": 0.5418353576248313,
      "logloss": 0.6931531074394979,
      "n": 1482
    }
  },
  "generated_at": "2026-07-20T14:29:33Z",
  "global": {
    "base_rate": 0.5418353576248313,
    "baseline_brier": 0.24824980285240247,
    "baseline_hit_rate": 0.5418353576248313,
    "brier": 0.25000271812089003,
    "display_ready": true,
    "ece": null,
    "hit_rate": 0.5418353576248313,
    "logloss": 0.6931531074394979,
    "n": 1482
  },
  "metrics_version": "metrics-v0.1.0",
  "min_n_display": 20,
  "rolling": {
    "30d": {
      "base_rate": 0.5349264705882353,
      "baseline_brier": 0.24878014165224915,
      "baseline_hit_rate": 0.5349264705882353,
      "brier": 0.2504562306595936,
      "display_ready": true,
      "ece": null,
      "hit_rate": 0.5349264705882353,
      "logloss": 0.694060975208383,
      "n": 544
    },
    "7d": {
      "base_rate": 0.5310344827586206,
      "baseline_brier": 0.24903686087990484,
      "baseline_hit_rate": 0.5310344827586206,
      "brier": 0.25046328639026927,
      "display_ready": true,
      "ece": null,
      "hit_rate": 0.5310344827586206,
      "logloss": 0.6940750351098779,
      "n": 145
    },
    "90d": {
      "base_rate": 0.5418353576248313,
      "baseline_brier": 0.24824980285240247,
      "baseline_hit_rate": 0.5418353576248313,
      "brier": 0.25000271812089003,
      "display_ready": true,
      "ece": null,
      "hit_rate": 0.5418353576248313,
      "logloss": 0.6931531074394979,
      "n": 1482
    }
  },
  "schema_version": "1",
  "total_forecasts": 1485,
  "total_resolved": 1482
}
