{
  "by_horizon": {
    "12h": {
      "base_rate": 0.5555555555555556,
      "baseline_brier": 0.24691358024691357,
      "baseline_hit_rate": 0.5555555555555556,
      "brier": 0.24994804011655303,
      "display_ready": true,
      "ece": null,
      "hit_rate": 0.5555555555555556,
      "logloss": 0.6930441559899542,
      "n": 81
    },
    "1h": {
      "base_rate": 0.5113350125944585,
      "baseline_brier": 0.24987151748948347,
      "baseline_hit_rate": 0.5113350125944585,
      "brier": 0.2503035502741496,
      "display_ready": true,
      "ece": null,
      "hit_rate": 0.5113350125944585,
      "logloss": 0.6937547971201337,
      "n": 397
    },
    "24h": {
      "base_rate": 0.625,
      "baseline_brier": 0.234375,
      "baseline_hit_rate": 0.625,
      "brier": 0.24836270481172615,
      "display_ready": true,
      "ece": null,
      "hit_rate": 0.625,
      "logloss": 0.6898707261958583,
      "n": 40
    },
    "4h": {
      "base_rate": 0.5219298245614035,
      "baseline_brier": 0.24951908279470605,
      "baseline_hit_rate": 0.5219298245614035,
      "brier": 0.2497831265429417,
      "display_ready": true,
      "ece": null,
      "hit_rate": 0.5219298245614035,
      "logloss": 0.692712662673064,
      "n": 228
    }
  },
  "by_model_version": {
    "v0.1.0-baseline-shadow": {
      "base_rate": 0.5254691689008043,
      "baseline_brier": 0.2493513214355023,
      "baseline_hit_rate": 0.5254691689008043,
      "brier": 0.25000182540554683,
      "display_ready": true,
      "ece": null,
      "hit_rate": 0.5254691689008043,
      "logloss": 0.6931508675994266,
      "n": 746
    }
  },
  "generated_at": "2026-06-07T22:15:15Z",
  "global": {
    "base_rate": 0.5254691689008043,
    "baseline_brier": 0.2493513214355023,
    "baseline_hit_rate": 0.5254691689008043,
    "brier": 0.25000182540554683,
    "display_ready": true,
    "ece": null,
    "hit_rate": 0.5254691689008043,
    "logloss": 0.6931508675994266,
    "n": 746
  },
  "metrics_version": "metrics-v0.1.0",
  "min_n_display": 20,
  "rolling": {
    "30d": {
      "base_rate": 0.5254691689008043,
      "baseline_brier": 0.2493513214355023,
      "baseline_hit_rate": 0.5254691689008043,
      "brier": 0.25000182540554683,
      "display_ready": true,
      "ece": null,
      "hit_rate": 0.5254691689008043,
      "logloss": 0.6931508675994266,
      "n": 746
    },
    "7d": {
      "base_rate": 0.5254691689008043,
      "baseline_brier": 0.2493513214355023,
      "baseline_hit_rate": 0.5254691689008043,
      "brier": 0.25000182540554683,
      "display_ready": true,
      "ece": null,
      "hit_rate": 0.5254691689008043,
      "logloss": 0.6931508675994266,
      "n": 746
    },
    "90d": {
      "base_rate": 0.5254691689008043,
      "baseline_brier": 0.2493513214355023,
      "baseline_hit_rate": 0.5254691689008043,
      "brier": 0.25000182540554683,
      "display_ready": true,
      "ece": null,
      "hit_rate": 0.5254691689008043,
      "logloss": 0.6931508675994266,
      "n": 746
    }
  },
  "schema_version": "1",
  "total_forecasts": 749,
  "total_resolved": 746
}
