{
  "by_horizon": {
    "12h": {
      "base_rate": 0.5980392156862745,
      "baseline_brier": 0.24038831218762013,
      "baseline_hit_rate": 0.5980392156862745,
      "brier": 0.24909527590225208,
      "display_ready": true,
      "ece": null,
      "hit_rate": 0.5980392156862745,
      "logloss": 0.6913380620620557,
      "n": 102
    },
    "1h": {
      "base_rate": 0.5171673819742489,
      "baseline_brier": 0.24970528099615025,
      "baseline_hit_rate": 0.5171673819742489,
      "brier": 0.2502045348455469,
      "display_ready": true,
      "ece": null,
      "hit_rate": 0.5171673819742489,
      "logloss": 0.6935565375384658,
      "n": 466
    },
    "24h": {
      "base_rate": 0.6470588235294118,
      "baseline_brier": 0.22837370242214533,
      "baseline_hit_rate": 0.6470588235294118,
      "brier": 0.24777523003683616,
      "display_ready": true,
      "ece": null,
      "hit_rate": 0.6470588235294118,
      "logloss": 0.6886958413820654,
      "n": 51
    },
    "4h": {
      "base_rate": 0.5338078291814946,
      "baseline_brier": 0.2488570306860349,
      "baseline_hit_rate": 0.5338078291814946,
      "brier": 0.24980034261105521,
      "display_ready": true,
      "ece": null,
      "hit_rate": 0.5338078291814946,
      "logloss": 0.6927475546314196,
      "n": 281
    }
  },
  "by_model_version": {
    "v0.1.0-baseline-shadow": {
      "base_rate": 0.5388888888888889,
      "baseline_brier": 0.24848765432098766,
      "baseline_hit_rate": 0.5388888888888889,
      "brier": 0.24981496042848858,
      "display_ready": true,
      "ece": null,
      "hit_rate": 0.5388888888888889,
      "logloss": 0.6927770884279655,
      "n": 900
    }
  },
  "generated_at": "2026-06-18T04:57:53Z",
  "global": {
    "base_rate": 0.5388888888888889,
    "baseline_brier": 0.24848765432098766,
    "baseline_hit_rate": 0.5388888888888889,
    "brier": 0.24981496042848858,
    "display_ready": true,
    "ece": null,
    "hit_rate": 0.5388888888888889,
    "logloss": 0.6927770884279655,
    "n": 900
  },
  "metrics_version": "metrics-v0.1.0",
  "min_n_display": 20,
  "rolling": {
    "30d": {
      "base_rate": 0.5388888888888889,
      "baseline_brier": 0.24848765432098766,
      "baseline_hit_rate": 0.5388888888888889,
      "brier": 0.24981496042848858,
      "display_ready": true,
      "ece": null,
      "hit_rate": 0.5388888888888889,
      "logloss": 0.6927770884279655,
      "n": 900
    },
    "7d": {
      "base_rate": 0.6442307692307693,
      "baseline_brier": 0.22919748520710057,
      "baseline_hit_rate": 0.6442307692307693,
      "brier": 0.24795910947801963,
      "display_ready": true,
      "ece": null,
      "hit_rate": 0.6442307692307693,
      "logloss": 0.6890645479769574,
      "n": 104
    },
    "90d": {
      "base_rate": 0.5388888888888889,
      "baseline_brier": 0.24848765432098766,
      "baseline_hit_rate": 0.5388888888888889,
      "brier": 0.24981496042848858,
      "display_ready": true,
      "ece": null,
      "hit_rate": 0.5388888888888889,
      "logloss": 0.6927770884279655,
      "n": 900
    }
  },
  "schema_version": "1",
  "total_forecasts": 900,
  "total_resolved": 900
}
