{
  "by_horizon": {
    "12h": {
      "base_rate": 0.5662650602409639,
      "baseline_brier": 0.24560894179126144,
      "baseline_hit_rate": 0.5662650602409639,
      "brier": 0.24954009112861045,
      "display_ready": true,
      "ece": null,
      "hit_rate": 0.5662650602409639,
      "logloss": 0.6922278677643222,
      "n": 166
    },
    "1h": {
      "base_rate": 0.5294117647058824,
      "baseline_brier": 0.24913494809688583,
      "baseline_hit_rate": 0.5294117647058824,
      "brier": 0.2501545430536761,
      "display_ready": true,
      "ece": null,
      "hit_rate": 0.5294117647058824,
      "logloss": 0.6934568717645344,
      "n": 765
    },
    "24h": {
      "base_rate": 0.6265060240963856,
      "baseline_brier": 0.23399622586732471,
      "baseline_hit_rate": 0.6265060240963856,
      "brier": 0.2489736464192586,
      "display_ready": true,
      "ece": null,
      "hit_rate": 0.6265060240963856,
      "logloss": 0.691094081744704,
      "n": 83
    },
    "4h": {
      "base_rate": 0.544468546637744,
      "baseline_brier": 0.2480225483599268,
      "baseline_hit_rate": 0.544468546637744,
      "brier": 0.25006735412801057,
      "display_ready": true,
      "ece": null,
      "hit_rate": 0.544468546637744,
      "logloss": 0.6932823490507145,
      "n": 461
    }
  },
  "by_model_version": {
    "v0.1.0-baseline-shadow": {
      "base_rate": 0.543728813559322,
      "baseline_brier": 0.24808779086469404,
      "baseline_hit_rate": 0.543728813559322,
      "brier": 0.24999169048760875,
      "display_ready": true,
      "ece": null,
      "hit_rate": 0.543728813559322,
      "logloss": 0.6931310539972448,
      "n": 1475
    }
  },
  "generated_at": "2026-07-20T04:46:58Z",
  "global": {
    "base_rate": 0.543728813559322,
    "baseline_brier": 0.24808779086469404,
    "baseline_hit_rate": 0.543728813559322,
    "brier": 0.24999169048760875,
    "display_ready": true,
    "ece": null,
    "hit_rate": 0.543728813559322,
    "logloss": 0.6931310539972448,
    "n": 1475
  },
  "metrics_version": "metrics-v0.1.0",
  "min_n_display": 20,
  "rolling": {
    "30d": {
      "base_rate": 0.5467889908256881,
      "baseline_brier": 0.24781079033751366,
      "baseline_hit_rate": 0.5467889908256881,
      "brier": 0.25032233531123077,
      "display_ready": true,
      "ece": null,
      "hit_rate": 0.5467889908256881,
      "logloss": 0.6937931660701018,
      "n": 545
    },
    "7d": {
      "base_rate": 0.5555555555555556,
      "baseline_brier": 0.2469135802469136,
      "baseline_hit_rate": 0.5555555555555556,
      "brier": 0.2502994949982369,
      "display_ready": true,
      "ece": null,
      "hit_rate": 0.5555555555555556,
      "logloss": 0.6937474608905195,
      "n": 144
    },
    "90d": {
      "base_rate": 0.543728813559322,
      "baseline_brier": 0.24808779086469404,
      "baseline_hit_rate": 0.543728813559322,
      "brier": 0.24999169048760875,
      "display_ready": true,
      "ece": null,
      "hit_rate": 0.543728813559322,
      "logloss": 0.6931310539972448,
      "n": 1475
    }
  },
  "schema_version": "1",
  "total_forecasts": 1479,
  "total_resolved": 1475
}
