{
  "by_horizon": {
    "12h": {
      "base_rate": 0.6055045871559633,
      "baseline_brier": 0.23886878208904974,
      "baseline_hit_rate": 0.6055045871559633,
      "brier": 0.24890701023732936,
      "display_ready": true,
      "ece": null,
      "hit_rate": 0.6055045871559633,
      "logloss": 0.6909614323847094,
      "n": 109
    },
    "1h": {
      "base_rate": 0.5311871227364185,
      "baseline_brier": 0.24902736337542355,
      "baseline_hit_rate": 0.5311871227364185,
      "brier": 0.2500924872108542,
      "display_ready": true,
      "ece": null,
      "hit_rate": 0.5311871227364185,
      "logloss": 0.6933324592106035,
      "n": 497
    },
    "24h": {
      "base_rate": 0.6481481481481481,
      "baseline_brier": 0.22805212620027435,
      "baseline_hit_rate": 0.6481481481481481,
      "brier": 0.24785431425021975,
      "display_ready": true,
      "ece": null,
      "hit_rate": 0.6481481481481481,
      "logloss": 0.6888541809153216,
      "n": 54
    },
    "4h": {
      "base_rate": 0.5529801324503312,
      "baseline_brier": 0.24719310556554536,
      "baseline_hit_rate": 0.5529801324503312,
      "brier": 0.24956440520007692,
      "display_ready": true,
      "ece": null,
      "hit_rate": 0.5529801324503312,
      "logloss": 0.6922756750905308,
      "n": 302
    }
  },
  "by_model_version": {
    "v0.1.0-baseline-shadow": {
      "base_rate": 0.553014553014553,
      "baseline_brier": 0.24718945716866716,
      "baseline_hit_rate": 0.553014553014553,
      "brier": 0.2496667501035328,
      "display_ready": true,
      "ece": null,
      "hit_rate": 0.553014553014553,
      "logloss": 0.6924806736012172,
      "n": 962
    }
  },
  "generated_at": "2026-06-21T23:39:44Z",
  "global": {
    "base_rate": 0.553014553014553,
    "baseline_brier": 0.24718945716866716,
    "baseline_hit_rate": 0.553014553014553,
    "brier": 0.2496667501035328,
    "display_ready": true,
    "ece": null,
    "hit_rate": 0.553014553014553,
    "logloss": 0.6924806736012172,
    "n": 962
  },
  "metrics_version": "metrics-v0.1.0",
  "min_n_display": 20,
  "rolling": {
    "30d": {
      "base_rate": 0.553014553014553,
      "baseline_brier": 0.24718945716866716,
      "baseline_hit_rate": 0.553014553014553,
      "brier": 0.2496667501035328,
      "display_ready": true,
      "ece": null,
      "hit_rate": 0.553014553014553,
      "logloss": 0.6924806736012172,
      "n": 962
    },
    "7d": {
      "base_rate": 0.7307692307692307,
      "baseline_brier": 0.1967455621301775,
      "baseline_hit_rate": 0.7307692307692307,
      "brier": 0.24775165861683474,
      "display_ready": true,
      "ece": null,
      "hit_rate": 0.7307692307692307,
      "logloss": 0.6886503228366043,
      "n": 104
    },
    "90d": {
      "base_rate": 0.553014553014553,
      "baseline_brier": 0.24718945716866716,
      "baseline_hit_rate": 0.553014553014553,
      "brier": 0.2496667501035328,
      "display_ready": true,
      "ece": null,
      "hit_rate": 0.553014553014553,
      "logloss": 0.6924806736012172,
      "n": 962
    }
  },
  "schema_version": "1",
  "total_forecasts": 965,
  "total_resolved": 962
}
