{
  "by_horizon": {
    "12h": {
      "base_rate": 0.5859375,
      "baseline_brier": 0.24261474609375,
      "baseline_hit_rate": 0.5859375,
      "brier": 0.24908653116759558,
      "display_ready": true,
      "ece": null,
      "hit_rate": 0.5859375,
      "logloss": 0.6913205583803458,
      "n": 128
    },
    "1h": {
      "base_rate": 0.5202108963093146,
      "baseline_brier": 0.24959151967037413,
      "baseline_hit_rate": 0.5202108963093146,
      "brier": 0.2502731436906914,
      "display_ready": true,
      "ece": null,
      "hit_rate": 0.5202108963093146,
      "logloss": 0.6936940590507489,
      "n": 569
    },
    "24h": {
      "base_rate": 0.65625,
      "baseline_brier": 0.2255859375,
      "baseline_hit_rate": 0.65625,
      "brier": 0.24817576791601365,
      "display_ready": true,
      "ece": null,
      "hit_rate": 0.65625,
      "logloss": 0.6894975088496924,
      "n": 64
    },
    "4h": {
      "base_rate": 0.5498575498575499,
      "baseline_brier": 0.24751422472220194,
      "baseline_hit_rate": 0.5498575498575499,
      "brier": 0.2498125010306781,
      "display_ready": true,
      "ece": null,
      "hit_rate": 0.5498575498575499,
      "logloss": 0.6927723264820653,
      "n": 351
    }
  },
  "by_model_version": {
    "v0.1.0-baseline-shadow": {
      "base_rate": 0.5449640287769785,
      "baseline_brier": 0.24797823611614306,
      "baseline_hit_rate": 0.5449640287769785,
      "brier": 0.24987044222828103,
      "display_ready": true,
      "ece": null,
      "hit_rate": 0.5449640287769785,
      "logloss": 0.6928883797069655,
      "n": 1112
    }
  },
  "generated_at": "2026-07-01T01:33:53Z",
  "global": {
    "base_rate": 0.5449640287769785,
    "baseline_brier": 0.24797823611614306,
    "baseline_hit_rate": 0.5449640287769785,
    "brier": 0.24987044222828103,
    "display_ready": true,
    "ece": null,
    "hit_rate": 0.5449640287769785,
    "logloss": 0.6928883797069655,
    "n": 1112
  },
  "metrics_version": "metrics-v0.1.0",
  "min_n_display": 20,
  "rolling": {
    "30d": {
      "base_rate": 0.5449640287769785,
      "baseline_brier": 0.24797823611614306,
      "baseline_hit_rate": 0.5449640287769785,
      "brier": 0.24987044222828103,
      "display_ready": true,
      "ece": null,
      "hit_rate": 0.5449640287769785,
      "logloss": 0.6928883797069655,
      "n": 1112
    },
    "7d": {
      "base_rate": 0.47863247863247865,
      "baseline_brier": 0.24954342903060847,
      "baseline_hit_rate": 0.5213675213675213,
      "brier": 0.25169072329264974,
      "display_ready": true,
      "ece": null,
      "hit_rate": 0.47863247863247865,
      "logloss": 0.696532240509523,
      "n": 117
    },
    "90d": {
      "base_rate": 0.5449640287769785,
      "baseline_brier": 0.24797823611614306,
      "baseline_hit_rate": 0.5449640287769785,
      "brier": 0.24987044222828103,
      "display_ready": true,
      "ece": null,
      "hit_rate": 0.5449640287769785,
      "logloss": 0.6928883797069655,
      "n": 1112
    }
  },
  "schema_version": "1",
  "total_forecasts": 1116,
  "total_resolved": 1112
}
