{
  "by_direction": {
    "down": {
      "always_down_rate": 0.4545454545454546,
      "always_up_rate": 0.5454545454545454,
      "base_rate": 0.45454545454545453,
      "baseline_brier": 0.2479338842975206,
      "baseline_hit_rate": 0.5454545454545454,
      "brier": 0.25096367069120923,
      "display_ready": true,
      "ece": null,
      "expectancy_bps": 4.804724480007969,
      "expectancy_maker_2bps": 2.8047244800079687,
      "expectancy_taker_10bps": -5.195275519992031,
      "hit_down": 0.45454545454545453,
      "hit_rate": 0.45454545454545453,
      "hit_up": null,
      "logloss": 0.6950750484494423,
      "n": 726,
      "n_down": 726,
      "n_up": 0,
      "vs_majority_pp": -0.09090909090909088
    },
    "up": {
      "always_down_rate": 0.37926829268292683,
      "always_up_rate": 0.6207317073170732,
      "base_rate": 0.6207317073170732,
      "baseline_brier": 0.2354238548483046,
      "baseline_hit_rate": 0.6207317073170732,
      "brier": 0.24900830687311168,
      "display_ready": true,
      "ece": null,
      "expectancy_bps": 14.402453323334115,
      "expectancy_maker_2bps": 12.402453323334113,
      "expectancy_taker_10bps": 4.402453323334114,
      "hit_down": null,
      "hit_rate": 0.6207317073170732,
      "hit_up": 0.6207317073170732,
      "logloss": 0.69116385876222,
      "n": 820,
      "n_down": 0,
      "n_up": 820,
      "vs_majority_pp": 0.0
    }
  },
  "by_horizon": {
    "12h": {
      "always_down_rate": 0.480225988700565,
      "always_up_rate": 0.519774011299435,
      "base_rate": 0.5706214689265536,
      "baseline_brier": 0.2450126081266558,
      "baseline_hit_rate": 0.5706214689265536,
      "brier": 0.24935079605949775,
      "display_ready": true,
      "ece": null,
      "expectancy_bps": 24.80229155345435,
      "expectancy_maker_2bps": 22.80229155345435,
      "expectancy_taker_10bps": 14.80229155345435,
      "hit_down": 0.550561797752809,
      "hit_rate": 0.5706214689265536,
      "hit_up": 0.5909090909090909,
      "logloss": 0.6918477930640936,
      "n": 177,
      "n_down": 89,
      "n_up": 88,
      "vs_majority_pp": 0.05084745762711862
    },
    "1h": {
      "always_down_rate": 0.38249999999999995,
      "always_up_rate": 0.6175,
      "base_rate": 0.52625,
      "baseline_brier": 0.2493109375,
      "baseline_hit_rate": 0.52625,
      "brier": 0.2501244894913213,
      "display_ready": true,
      "ece": null,
      "expectancy_bps": 3.4983745268249016,
      "expectancy_maker_2bps": 1.4983745268249016,
      "expectancy_taker_10bps": -6.501625473175098,
      "hit_down": 0.3988919667590028,
      "hit_rate": 0.52625,
      "hit_up": 0.6309794988610479,
      "logloss": 0.6933967154922794,
      "n": 800,
      "n_down": 361,
      "n_up": 439,
      "vs_majority_pp": -0.09125000000000005
    },
    "24h": {
      "always_down_rate": 0.5,
      "always_up_rate": 0.5,
      "base_rate": 0.625,
      "baseline_brier": 0.234375,
      "baseline_hit_rate": 0.625,
      "brier": 0.24896676328101125,
      "display_ready": true,
      "ece": null,
      "expectancy_bps": 54.73498298085394,
      "expectancy_maker_2bps": 52.73498298085395,
      "expectancy_taker_10bps": 44.73498298085394,
      "hit_down": 0.6222222222222222,
      "hit_rate": 0.625,
      "hit_up": 0.627906976744186,
      "logloss": 0.691080348313875,
      "n": 88,
      "n_down": 45,
      "n_up": 43,
      "vs_majority_pp": 0.125
    },
    "4h": {
      "always_down_rate": 0.4282744282744283,
      "always_up_rate": 0.5717255717255717,
      "base_rate": 0.5446985446985447,
      "baseline_brier": 0.24800204010183222,
      "baseline_hit_rate": 0.5446985446985447,
      "brier": 0.24998477940426683,
      "display_ready": true,
      "ece": null,
      "expectancy_bps": 6.845858563166883,
      "expectancy_maker_2bps": 4.845858563166883,
      "expectancy_taker_10bps": -3.1541414368331173,
      "hit_down": 0.47186147186147187,
      "hit_rate": 0.5446985446985447,
      "hit_up": 0.612,
      "logloss": 0.6931171454085787,
      "n": 481,
      "n_down": 231,
      "n_up": 250,
      "vs_majority_pp": -0.027027027027026973
    }
  },
  "by_model_version": {
    "v0.1.0-baseline-shadow": {
      "always_down_rate": 0.41428571428571426,
      "always_up_rate": 0.5857142857142857,
      "base_rate": 0.5428571428571428,
      "baseline_brier": 0.24816326530612245,
      "baseline_hit_rate": 0.5428571428571428,
      "brier": 0.24993660271405488,
      "display_ready": true,
      "ece": null,
      "expectancy_bps": 9.917940979968417,
      "expectancy_maker_2bps": 7.917940979968418,
      "expectancy_taker_10bps": -0.08205902003158208,
      "hit_down": 0.4544198895027624,
      "hit_rate": 0.5428571428571428,
      "hit_up": 0.6213235294117647,
      "logloss": 0.6930208252741312,
      "n": 1540,
      "n_down": 724,
      "n_up": 816,
      "vs_majority_pp": -0.04285714285714293
    },
    "v0.2.0-shadow-policy24": {
      "always_down_rate": 0.5,
      "always_up_rate": 0.5,
      "base_rate": 0.5,
      "baseline_brier": 0.25,
      "baseline_hit_rate": 0.5,
      "brier": 0.2473447296875,
      "display_ready": false,
      "ece": null,
      "expectancy_bps": 4.102098078065507,
      "expectancy_maker_2bps": 2.1020980780655067,
      "expectancy_taker_10bps": -5.897901921934493,
      "hit_down": 0.5,
      "hit_rate": 0.5,
      "hit_up": 0.5,
      "logloss": 0.6877964061922149,
      "n": 6,
      "n_down": 2,
      "n_up": 4,
      "vs_majority_pp": 0.0
    }
  },
  "by_regime": {
    "bear": {
      "always_down_rate": 0.2857142857142857,
      "always_up_rate": 0.7142857142857143,
      "base_rate": 0.2857142857142857,
      "baseline_brier": 0.20408163265306123,
      "baseline_hit_rate": 0.7142857142857143,
      "brier": 0.25443119887027493,
      "display_ready": false,
      "ece": null,
      "expectancy_bps": -3.668198014154149,
      "expectancy_maker_2bps": -5.668198014154149,
      "expectancy_taker_10bps": -13.66819801415415,
      "hit_down": 0.2857142857142857,
      "hit_rate": 0.2857142857142857,
      "hit_up": null,
      "logloss": 0.7020141832781961,
      "n": 14,
      "n_down": 14,
      "n_up": 0,
      "vs_majority_pp": -0.4285714285714286
    },
    "bull": {
      "always_down_rate": 0.6153846153846154,
      "always_up_rate": 0.38461538461538464,
      "base_rate": 0.38461538461538464,
      "baseline_brier": 0.2366863905325444,
      "baseline_hit_rate": 0.6153846153846154,
      "brier": 0.2510478583894247,
      "display_ready": false,
      "ece": null,
      "expectancy_bps": -19.504867949320772,
      "expectancy_maker_2bps": -21.504867949320772,
      "expectancy_taker_10bps": -29.504867949320772,
      "hit_down": null,
      "hit_rate": 0.38461538461538464,
      "hit_up": 0.38461538461538464,
      "logloss": 0.6952437136485445,
      "n": 13,
      "n_down": 0,
      "n_up": 13,
      "vs_majority_pp": -0.23076923076923078
    },
    "chop": {
      "always_down_rate": 0.8,
      "always_up_rate": 0.2,
      "base_rate": 0.6,
      "baseline_brier": 0.24000000000000005,
      "baseline_hit_rate": 0.6,
      "brier": 0.24491502804893886,
      "display_ready": false,
      "ece": null,
      "expectancy_bps": 18.837969776311457,
      "expectancy_maker_2bps": 16.837969776311457,
      "expectancy_taker_10bps": 8.837969776311459,
      "hit_down": 0.75,
      "hit_rate": 0.6,
      "hit_up": 0.0,
      "logloss": 0.682946214896935,
      "n": 10,
      "n_down": 8,
      "n_up": 2,
      "vs_majority_pp": -0.20000000000000007
    },
    "unknown": {
      "always_down_rate": 0.411530815109344,
      "always_up_rate": 0.588469184890656,
      "base_rate": 0.5460569913850232,
      "baseline_brier": 0.2478787535445599,
      "baseline_hit_rate": 0.5460569913850232,
      "brier": 0.2499083017455492,
      "display_ready": true,
      "ece": null,
      "expectancy_bps": 10.215228664941002,
      "expectancy_maker_2bps": 8.215228664941002,