{
  "by_direction": {
    "down": {
      "always_down_rate": 0.4545454545454546,
      "always_up_rate": 0.5454545454545454,
      "base_rate": 0.45454545454545453,
      "baseline_brier": 0.24793388429752064,
      "baseline_hit_rate": 0.5454545454545454,
      "brier": 0.2509803217171696,
      "display_ready": true,
      "ece": null,
      "expectancy_bps": 4.675584007704568,
      "expectancy_maker_2bps": 2.6755840077045683,
      "expectancy_taker_10bps": -5.324415992295432,
      "hit_down": 0.45454545454545453,
      "hit_rate": 0.45454545454545453,
      "hit_up": null,
      "logloss": 0.6951087160342276,
      "n": 704,
      "n_down": 704,
      "n_up": 0,
      "vs_majority_pp": -0.09090909090909088
    },
    "up": {
      "always_down_rate": 0.37531172069825436,
      "always_up_rate": 0.6246882793017456,
      "base_rate": 0.6246882793017456,
      "baseline_brier": 0.23445283300476985,
      "baseline_hit_rate": 0.6246882793017456,
      "brier": 0.24900941728549855,
      "display_ready": true,
      "ece": null,
      "expectancy_bps": 14.838272975614768,
      "expectancy_maker_2bps": 12.838272975614768,
      "expectancy_taker_10bps": 4.838272975614768,
      "hit_down": null,
      "hit_rate": 0.6246882793017456,
      "hit_up": 0.6246882793017456,
      "logloss": 0.6911660844986407,
      "n": 802,
      "n_down": 0,
      "n_up": 802,
      "vs_majority_pp": 0.0
    }
  },
  "by_horizon": {
    "12h": {
      "always_down_rate": 0.47928994082840237,
      "always_up_rate": 0.5207100591715976,
      "base_rate": 0.5739644970414202,
      "baseline_brier": 0.24452925317740976,
      "baseline_hit_rate": 0.5739644970414202,
      "brier": 0.24945208916200223,
      "display_ready": true,
      "ece": null,
      "expectancy_bps": 25.694849927055323,
      "expectancy_maker_2bps": 23.694849927055323,
      "expectancy_taker_10bps": 15.694849927055323,
      "hit_down": 0.5529411764705883,
      "hit_rate": 0.5739644970414202,
      "hit_up": 0.5952380952380952,
      "logloss": 0.692051829173176,
      "n": 169,
      "n_down": 85,
      "n_up": 84,
      "vs_majority_pp": 0.053254437869822535
    },
    "1h": {
      "always_down_rate": 0.3797953964194374,
      "always_up_rate": 0.6202046035805626,
      "base_rate": 0.5281329923273658,
      "baseline_brier": 0.2492085347427084,
      "baseline_hit_rate": 0.5281329923273658,
      "brier": 0.2501208926812562,
      "display_ready": true,
      "ece": null,
      "expectancy_bps": 3.530659448624592,
      "expectancy_maker_2bps": 1.5306594486245921,
      "expectancy_taker_10bps": -6.469340551375408,
      "hit_down": 0.39714285714285713,
      "hit_rate": 0.5281329923273658,
      "hit_up": 0.6342592592592593,
      "logloss": 0.6933895321379616,
      "n": 782,
      "n_down": 350,
      "n_up": 432,
      "vs_majority_pp": -0.09207161125319685
    },
    "24h": {
      "always_down_rate": 0.5,
      "always_up_rate": 0.5,
      "base_rate": 0.6309523809523809,
      "baseline_brier": 0.2328514739229025,
      "baseline_hit_rate": 0.6309523809523809,
      "brier": 0.24897295422156468,
      "display_ready": true,
      "ece": null,
      "expectancy_bps": 55.94507923407054,
      "expectancy_maker_2bps": 53.94507923407055,
      "expectancy_taker_10bps": 45.94507923407054,
      "hit_down": 0.6222222222222222,
      "hit_rate": 0.6309523809523809,
      "hit_up": 0.6410256410256411,
      "logloss": 0.6910927019713022,
      "n": 84,
      "n_down": 45,
      "n_up": 39,
      "vs_majority_pp": 0.13095238095238093
    },
    "4h": {
      "always_down_rate": 0.4267515923566879,
      "always_up_rate": 0.5732484076433121,
      "base_rate": 0.5477707006369427,
      "baseline_brier": 0.2477179601606556,
      "baseline_hit_rate": 0.5477707006369427,
      "brier": 0.24995760053529736,
      "display_ready": true,
      "ece": null,
      "expectancy_bps": 7.195571307236423,
      "expectancy_maker_2bps": 5.195571307236423,
      "expectancy_taker_10bps": -2.804428692763577,
      "hit_down": 0.4732142857142857,
      "hit_rate": 0.5477707006369427,
      "hit_up": 0.6153846153846154,
      "logloss": 0.6930627932659533,
      "n": 471,
      "n_down": 224,
      "n_up": 247,
      "vs_majority_pp": -0.02547770700636942
    }
  },
  "by_model_version": {
    "v0.1.0-baseline-shadow": {
      "always_down_rate": 0.4123505976095617,
      "always_up_rate": 0.5876494023904383,
      "base_rate": 0.5451527224435591,
      "baseline_brier": 0.24796123165593492,
      "baseline_hit_rate": 0.5451527224435591,
      "brier": 0.24993074312872327,
      "display_ready": true,
      "ece": null,
      "expectancy_bps": 10.087587030456218,
      "expectancy_maker_2bps": 8.087587030456218,
      "expectancy_taker_10bps": 0.08758703045621706,
      "hit_down": 0.45454545454545453,
      "hit_rate": 0.5451527224435591,
      "hit_up": 0.6246882793017456,
      "logloss": 0.6930091207543201,
      "n": 1506,
      "n_down": 704,
      "n_up": 802,
      "vs_majority_pp": -0.04249667994687922
    }
  },
  "by_regime": {
    "unknown": {
      "always_down_rate": 0.4123505976095617,
      "always_up_rate": 0.5876494023904383,
      "base_rate": 0.5451527224435591,
      "baseline_brier": 0.24796123165593492,
      "baseline_hit_rate": 0.5451527224435591,
      "brier": 0.24993074312872327,
      "display_ready": true,
      "ece": null,
      "expectancy_bps": 10.087587030456218,
      "expectancy_maker_2bps": 8.087587030456218,
      "expectancy_taker_10bps": 0.08758703045621706,
      "hit_down": 0.45454545454545453,
      "hit_rate": 0.5451527224435591,
      "hit_up": 0.6246882793017456,
      "logloss": 0.6930091207543201,
      "n": 1506,
      "n_down": 704,
      "n_up": 802,
      "vs_majority_pp": -0.04249667994687922
    }
  },
  "edge_scoreboard": [
    {
      "expectancy_maker_2bps": 53.94507923407055,
      "hit_rate": 0.6309523809523809,
      "horizon": "24h",
      "n": 84,
      "rank_key": 53.94507923407055,
      "tradeable": true,
      "vs_majority_pp": 0.13095238095238093
    },
    {
      "expectancy_maker_2bps": 23.694849927055323,
      "hit_rate": 0.5739644970414202,
      "horizon": "12h",
      "n": 169,
      "rank_key": 23.694849927055323,
      "tradeable": true,
      "vs_majority_pp": 0.053254437869822535
    },
    {
      "expectancy_maker_2bps": 5.195571307236423,
      "hit_rate": 0.5477707006369427,
      "horizon": "4h",
      "n": 471,
      "rank_key": 5.195571307236423,
      "tradeable": false,
      "vs_majority_pp": -0.02547770700636942
    },
    {
      "expectancy_maker_2bps": 1.5306594486245921,
      "hit_rate": 0.5281329923273658,
      "horizon": "1h",
      "n": 782,
      "rank_key": 1.5306594486245921,
      "tradeable": false,
      "vs_majority_pp": -0.09207161125319685
    }
  ],
  "generated_at": "2026-07-21T22:09:26Z",
  "global": {
    "always_down_rate": 0.4123505976095617,
    "always_up_rate": 0.5876494023904383,
    "base_rate": 0.5451527224435591,
    "baseline_brier": 0.24796123165593492,
    "baseline_hit_rate": 0.5451527224435591,
    "brier": 0.24993074312872327,
    "display_ready": true,
    "ece": null,
    "expectancy_bps": 10.087587030456218,
    "expectancy_maker_2bps": 8.087587030456218,
    "expectancy_taker_10bps": 0.08758703045621706,
    "hit_down": 0.45454545454545453,
    "hit_rate": 0.5451527224435591,
    "hit_up": 0.6246882793017456,
    "logloss": 0.6930091207543201,
    "n": 1506,
    "n_down": 704,
    "n_up": 802,
    "vs_majority_pp": -0.04249667994687922
  },
  "metrics_version": "metrics-v0.2.0",
  "min_n_display": 20,
  "rolling": {
    "30d": {
      "always_down_rate": 0.3853211009174312,
      "always_up_rate": 0.6146788990825688,
      "base_rate": 0.5321100917431193,
      "baseline_brier": 0.24896894200824846,
      "baseline_hit_rate": 0.5321100917431193,
      "brier": 0.2503899743019688,
      "display_ready": true,
      "ece": null,
      "expectancy_bps": 5.6398230542536325,