{
  "by_horizon": {
    "12h": {
      "base_rate": 0.6039603960396039,
      "baseline_brier": 0.2391922360552887,
      "baseline_hit_rate": 0.6039603960396039,
      "brier": 0.24904208378064221,
      "display_ready": true,
      "ece": null,
      "hit_rate": 0.6039603960396039,
      "logloss": 0.6912316787442241,
      "n": 101
    },
    "1h": {
      "base_rate": 0.5194805194805194,
      "baseline_brier": 0.2496205093607691,
      "baseline_hit_rate": 0.5194805194805194,
      "brier": 0.2501390670323343,
      "display_ready": true,
      "ece": null,
      "hit_rate": 0.5194805194805194,
      "logloss": 0.6934255460212079,
      "n": 462
    },
    "24h": {
      "base_rate": 0.64,
      "baseline_brier": 0.2304,
      "baseline_hit_rate": 0.64,
      "brier": 0.24783240697472894,
      "display_ready": true,
      "ece": null,
      "hit_rate": 0.64,
      "logloss": 0.688810166334,
      "n": 50
    },
    "4h": {
      "base_rate": 0.5376344086021505,
      "baseline_brier": 0.2485836512891664,
      "baseline_hit_rate": 0.5376344086021505,
      "brier": 0.24971519617621588,
      "display_ready": true,
      "ece": null,
      "hit_rate": 0.5376344086021505,
      "logloss": 0.6925771959774258,
      "n": 279
    }
  },
  "by_model_version": {
    "v0.1.0-baseline-shadow": {
      "base_rate": 0.5414798206278026,
      "baseline_brier": 0.24827942448068532,
      "baseline_hit_rate": 0.5414798206278026,
      "brier": 0.24975298151646189,
      "display_ready": true,
      "ece": null,
      "hit_rate": 0.5414798206278026,
      "logloss": 0.692653080503774,
      "n": 892
    }
  },
  "generated_at": "2026-06-17T16:07:26Z",
  "global": {
    "base_rate": 0.5414798206278026,
    "baseline_brier": 0.24827942448068532,
    "baseline_hit_rate": 0.5414798206278026,
    "brier": 0.24975298151646189,
    "display_ready": true,
    "ece": null,
    "hit_rate": 0.5414798206278026,
    "logloss": 0.692653080503774,
    "n": 892
  },
  "metrics_version": "metrics-v0.1.0",
  "min_n_display": 20,
  "rolling": {
    "30d": {
      "base_rate": 0.5414798206278026,
      "baseline_brier": 0.24827942448068532,
      "baseline_hit_rate": 0.5414798206278026,
      "brier": 0.24975298151646189,
      "display_ready": true,
      "ece": null,
      "hit_rate": 0.5414798206278026,
      "logloss": 0.692653080503774,
      "n": 892
    },
    "7d": {
      "base_rate": 0.6666666666666666,
      "baseline_brier": 0.22222222222222224,
      "baseline_hit_rate": 0.6666666666666666,
      "brier": 0.2475108432301319,
      "display_ready": true,
      "ece": null,
      "hit_rate": 0.6666666666666666,
      "logloss": 0.6881676080455925,
      "n": 105
    },
    "90d": {
      "base_rate": 0.5414798206278026,
      "baseline_brier": 0.24827942448068532,
      "baseline_hit_rate": 0.5414798206278026,
      "brier": 0.24975298151646189,
      "display_ready": true,
      "ece": null,
      "hit_rate": 0.5414798206278026,
      "logloss": 0.692653080503774,
      "n": 892
    }
  },
  "schema_version": "1",
  "total_forecasts": 896,
  "total_resolved": 892
}
