{
  "by_horizon": {
    "12h": {
      "base_rate": 0.5632911392405063,
      "baseline_brier": 0.24599423169363885,
      "baseline_hit_rate": 0.5632911392405063,
      "brier": 0.24958950780301195,
      "display_ready": true,
      "ece": null,
      "hit_rate": 0.5632911392405063,
      "logloss": 0.6923267453755105,
      "n": 158
    },
    "1h": {
      "base_rate": 0.530812324929972,
      "baseline_brier": 0.24905060063240983,
      "baseline_hit_rate": 0.530812324929972,
      "brier": 0.25013689072890555,
      "display_ready": true,
      "ece": null,
      "hit_rate": 0.530812324929972,
      "logloss": 0.6934215874379911,
      "n": 714
    },
    "24h": {
      "base_rate": 0.6329113924050633,
      "baseline_brier": 0.23233456176894726,
      "baseline_hit_rate": 0.6329113924050633,
      "brier": 0.24876630274045292,
      "display_ready": true,
      "ece": null,
      "hit_rate": 0.6329113924050633,
      "logloss": 0.6906793139554366,
      "n": 79
    },
    "4h": {
      "base_rate": 0.5389908256880734,
      "baseline_brier": 0.2484797155121623,
      "baseline_hit_rate": 0.5389908256880734,
      "brier": 0.2500931593231646,
      "display_ready": true,
      "ece": null,
      "hit_rate": 0.5389908256880734,
      "logloss": 0.693333956233097,
      "n": 436
    }
  },
  "by_model_version": {
    "v0.1.0-baseline-shadow": {
      "base_rate": 0.5428983417447729,
      "baseline_brier": 0.2481597322755487,
      "baseline_hit_rate": 0.5428983417447729,
      "brier": 0.24998272357224943,
      "display_ready": true,
      "ece": null,
      "hit_rate": 0.5428983417447729,
      "logloss": 0.6931131289979569,
      "n": 1387
    }
  },
  "generated_at": "2026-07-16T00:12:11Z",
  "global": {
    "base_rate": 0.5428983417447729,
    "baseline_brier": 0.2481597322755487,
    "baseline_hit_rate": 0.5428983417447729,
    "brier": 0.24998272357224943,
    "display_ready": true,
    "ece": null,
    "hit_rate": 0.5428983417447729,
    "logloss": 0.6931131289979569,
    "n": 1387
  },
  "metrics_version": "metrics-v0.1.0",
  "min_n_display": 20,
  "rolling": {
    "30d": {
      "base_rate": 0.556420233463035,
      "baseline_brier": 0.24681675725597663,
      "baseline_hit_rate": 0.556420233463035,
      "brier": 0.2503082502584961,
      "display_ready": true,
      "ece": null,
      "hit_rate": 0.556420233463035,
      "logloss": 0.6937651382528184,
      "n": 514
    },
    "7d": {
      "base_rate": 0.5514705882352942,
      "baseline_brier": 0.2473507785467128,
      "baseline_hit_rate": 0.5514705882352942,
      "brier": 0.2504360347784556,
      "display_ready": true,
      "ece": null,
      "hit_rate": 0.5514705882352942,
      "logloss": 0.6940206565745783,
      "n": 136
    },
    "90d": {
      "base_rate": 0.5428983417447729,
      "baseline_brier": 0.2481597322755487,
      "baseline_hit_rate": 0.5428983417447729,
      "brier": 0.24998272357224943,
      "display_ready": true,
      "ece": null,
      "hit_rate": 0.5428983417447729,
      "logloss": 0.6931131289979569,
      "n": 1387
    }
  },
  "schema_version": "1",
  "total_forecasts": 1391,
  "total_resolved": 1387
}
