{
  "by_horizon": {
    "12h": {
      "base_rate": 0.5826771653543307,
      "baseline_brier": 0.24316448632897267,
      "baseline_hit_rate": 0.5826771653543307,
      "brier": 0.2492094579067889,
      "display_ready": true,
      "ece": null,
      "hit_rate": 0.5826771653543307,
      "logloss": 0.6915665115931984,
      "n": 127
    },
    "1h": {
      "base_rate": 0.5211267605633803,
      "baseline_brier": 0.2495536599880976,
      "baseline_hit_rate": 0.5211267605633803,
      "brier": 0.25025148164802663,
      "display_ready": true,
      "ece": null,
      "hit_rate": 0.5211267605633803,
      "logloss": 0.6936507268340989,
      "n": 568
    },
    "24h": {
      "base_rate": 0.6507936507936508,
      "baseline_brier": 0.22726127488032252,
      "baseline_hit_rate": 0.6507936507936508,
      "brier": 0.24818844148035107,
      "display_ready": true,
      "ece": null,
      "hit_rate": 0.6507936507936508,
      "logloss": 0.6895228375776471,
      "n": 63
    },
    "4h": {
      "base_rate": 0.5514285714285714,
      "baseline_brier": 0.24735510204081632,
      "baseline_hit_rate": 0.5514285714285714,
      "brier": 0.24977251384694552,
      "display_ready": true,
      "ece": null,
      "hit_rate": 0.5514285714285714,
      "logloss": 0.6926923328628698,
      "n": 350
    }
  },
  "by_model_version": {
    "v0.1.0-baseline-shadow": {
      "base_rate": 0.5451263537906137,
      "baseline_brier": 0.24796361219356436,
      "baseline_hit_rate": 0.5451263537906137,
      "brier": 0.24986344259019344,
      "display_ready": true,
      "ece": null,
      "hit_rate": 0.5451263537906137,
      "logloss": 0.6928743818443146,
      "n": 1108
    }
  },
  "generated_at": "2026-06-30T22:42:46Z",
  "global": {
    "base_rate": 0.5451263537906137,
    "baseline_brier": 0.24796361219356436,
    "baseline_hit_rate": 0.5451263537906137,
    "brier": 0.24986344259019344,
    "display_ready": true,
    "ece": null,
    "hit_rate": 0.5451263537906137,
    "logloss": 0.6928743818443146,
    "n": 1108
  },
  "metrics_version": "metrics-v0.1.0",
  "min_n_display": 20,
  "rolling": {
    "30d": {
      "base_rate": 0.5451263537906137,
      "baseline_brier": 0.24796361219356436,
      "baseline_hit_rate": 0.5451263537906137,
      "brier": 0.24986344259019344,
      "display_ready": true,
      "ece": null,
      "hit_rate": 0.5451263537906137,
      "logloss": 0.6928743818443146,
      "n": 1108
    },
    "7d": {
      "base_rate": 0.4700854700854701,
      "baseline_brier": 0.24910512089999268,
      "baseline_hit_rate": 0.5299145299145299,
      "brier": 0.2519203845626825,
      "display_ready": true,
      "ece": null,
      "hit_rate": 0.4700854700854701,
      "logloss": 0.6969918850867435,
      "n": 117
    },
    "90d": {
      "base_rate": 0.5451263537906137,
      "baseline_brier": 0.24796361219356436,
      "baseline_hit_rate": 0.5451263537906137,
      "brier": 0.24986344259019344,
      "display_ready": true,
      "ece": null,
      "hit_rate": 0.5451263537906137,
      "logloss": 0.6928743818443146,
      "n": 1108
    }
  },
  "schema_version": "1",
  "total_forecasts": 1112,
  "total_resolved": 1108
}
