{
  "by_horizon": {
    "12h": {
      "base_rate": 0.5696969696969697,
      "baseline_brier": 0.24514233241505967,
      "baseline_hit_rate": 0.5696969696969697,
      "brier": 0.24952416591871018,
      "display_ready": true,
      "ece": null,
      "hit_rate": 0.5696969696969697,
      "logloss": 0.6921960202407073,
      "n": 165
    },
    "1h": {
      "base_rate": 0.5317460317460317,
      "baseline_brier": 0.24899218946837995,
      "baseline_hit_rate": 0.5317460317460317,
      "brier": 0.2501419845416476,
      "display_ready": true,
      "ece": null,
      "hit_rate": 0.5317460317460317,
      "logloss": 0.6934317614574802,
      "n": 756
    },
    "24h": {
      "base_rate": 0.6341463414634146,
      "baseline_brier": 0.23200475907198095,
      "baseline_hit_rate": 0.6341463414634146,
      "brier": 0.2488377425425799,
      "display_ready": true,
      "ece": null,
      "hit_rate": 0.6341463414634146,
      "logloss": 0.690822236025332,
      "n": 82
    },
    "4h": {
      "base_rate": 0.5448577680525164,
      "baseline_brier": 0.24798778064534663,
      "baseline_hit_rate": 0.5448577680525164,
      "brier": 0.25006399093431164,
      "display_ready": true,
      "ece": null,
      "hit_rate": 0.5448577680525164,
      "logloss": 0.6932756265918536,
      "n": 457
    }
  },
  "by_model_version": {
    "v0.1.0-baseline-shadow": {
      "base_rate": 0.5458904109589041,
      "baseline_brier": 0.2478940701820229,
      "baseline_hit_rate": 0.5458904109589041,
      "brier": 0.24997449755859227,
      "display_ready": true,
      "ece": null,
      "hit_rate": 0.5458904109589041,
      "logloss": 0.693096671032963,
      "n": 1460
    }
  },
  "generated_at": "2026-07-19T13:46:12Z",
  "global": {
    "base_rate": 0.5458904109589041,
    "baseline_brier": 0.2478940701820229,
    "baseline_hit_rate": 0.5458904109589041,
    "brier": 0.24997449755859227,
    "display_ready": true,
    "ece": null,
    "hit_rate": 0.5458904109589041,
    "logloss": 0.693096671032963,
    "n": 1460
  },
  "metrics_version": "metrics-v0.1.0",
  "min_n_display": 20,
  "rolling": {
    "30d": {
      "base_rate": 0.5526802218114603,
      "baseline_brier": 0.24722479422989532,
      "baseline_hit_rate": 0.5526802218114603,
      "brier": 0.25031899278718656,
      "display_ready": true,
      "ece": null,
      "hit_rate": 0.5526802218114603,
      "logloss": 0.6937865041778472,
      "n": 541
    },
    "7d": {
      "base_rate": 0.5753424657534246,
      "baseline_brier": 0.24432351285419404,
      "baseline_hit_rate": 0.5753424657534246,
      "brier": 0.25018533692273126,
      "display_ready": true,
      "ece": null,
      "hit_rate": 0.5753424657534246,
      "logloss": 0.6935191099800397,
      "n": 146
    },
    "90d": {
      "base_rate": 0.5458904109589041,
      "baseline_brier": 0.2478940701820229,
      "baseline_hit_rate": 0.5458904109589041,
      "brier": 0.24997449755859227,
      "display_ready": true,
      "ece": null,
      "hit_rate": 0.5458904109589041,
      "logloss": 0.693096671032963,
      "n": 1460
    }
  },
  "schema_version": "1",
  "total_forecasts": 1461,
  "total_resolved": 1460
}
