{
  "by_horizon": {
    "12h": {
      "base_rate": 0.5739644970414202,
      "baseline_brier": 0.24452925317740976,
      "baseline_hit_rate": 0.5739644970414202,
      "brier": 0.24945208916200223,
      "display_ready": true,
      "ece": null,
      "hit_rate": 0.5739644970414202,
      "logloss": 0.692051829173176,
      "n": 169
    },
    "1h": {
      "base_rate": 0.5294871794871795,
      "baseline_brier": 0.24913050624589086,
      "baseline_hit_rate": 0.5294871794871795,
      "brier": 0.25009675951991656,
      "display_ready": true,
      "ece": null,
      "hit_rate": 0.5294871794871795,
      "logloss": 0.6933412612576958,
      "n": 780
    },
    "24h": {
      "base_rate": 0.6309523809523809,
      "baseline_brier": 0.2328514739229025,
      "baseline_hit_rate": 0.6309523809523809,
      "brier": 0.24897295422156468,
      "display_ready": true,
      "ece": null,
      "hit_rate": 0.6309523809523809,
      "logloss": 0.6910927019713022,
      "n": 84
    },
    "4h": {
      "base_rate": 0.548936170212766,
      "baseline_brier": 0.2476052512449072,
      "baseline_hit_rate": 0.548936170212766,
      "brier": 0.24992552385289016,
      "display_ready": true,
      "ece": null,
      "hit_rate": 0.548936170212766,
      "logloss": 0.6929986219110326,
      "n": 470
    }
  },
  "by_model_version": {
    "v0.1.0-baseline-shadow": {
      "base_rate": 0.5462408516300732,
      "baseline_brier": 0.24786178364052555,
      "baseline_hit_rate": 0.5462408516300732,
      "brier": 0.24990791740477916,
      "display_ready": true,
      "ece": null,
      "hit_rate": 0.5462408516300732,
      "logloss": 0.6929634611943074,
      "n": 1503
    }
  },
  "generated_at": "2026-07-21T18:22:53Z",
  "global": {
    "base_rate": 0.5462408516300732,
    "baseline_brier": 0.24786178364052555,
    "baseline_hit_rate": 0.5462408516300732,
    "brier": 0.24990791740477916,
    "display_ready": true,
    "ece": null,
    "hit_rate": 0.5462408516300732,
    "logloss": 0.6929634611943074,
    "n": 1503
  },
  "metrics_version": "metrics-v0.1.0",
  "min_n_display": 20,
  "rolling": {
    "30d": {
      "base_rate": 0.5376146788990825,
      "baseline_brier": 0.2485851359313189,
      "baseline_hit_rate": 0.5376146788990825,
      "brier": 0.25031968908865526,
      "display_ready": true,
      "ece": null,
      "hit_rate": 0.5376146788990825,
      "logloss": 0.6937878005644518,
      "n": 545
    },
    "7d": {
      "base_rate": 0.5774647887323944,
      "baseline_brier": 0.24399920650664553,
      "baseline_hit_rate": 0.5774647887323944,
      "brier": 0.2494509255382059,
      "display_ready": true,
      "ece": null,
      "hit_rate": 0.5774647887323944,
      "logloss": 0.6920497972404608,
      "n": 142
    },
    "90d": {
      "base_rate": 0.5462408516300732,
      "baseline_brier": 0.24786178364052555,
      "baseline_hit_rate": 0.5462408516300732,
      "brier": 0.24990791740477916,
      "display_ready": true,
      "ece": null,
      "hit_rate": 0.5462408516300732,
      "logloss": 0.6929634611943074,
      "n": 1503
    }
  },
  "schema_version": "1",
  "total_forecasts": 1506,
  "total_resolved": 1503
}
