{
  "by_horizon": {
    "12h": {
      "base_rate": 0.6017699115044248,
      "baseline_brier": 0.23964288511238155,
      "baseline_hit_rate": 0.6017699115044248,
      "brier": 0.2489083941951233,
      "display_ready": true,
      "ece": null,
      "hit_rate": 0.6017699115044248,
      "logloss": 0.6909641864184675,
      "n": 113
    },
    "1h": {
      "base_rate": 0.534516765285996,
      "baseline_brier": 0.24880859291419144,
      "baseline_hit_rate": 0.534516765285996,
      "brier": 0.2499831512491728,
      "display_ready": true,
      "ece": null,
      "hit_rate": 0.534516765285996,
      "logloss": 0.6931136250196663,
      "n": 507
    },
    "24h": {
      "base_rate": 0.6428571428571429,
      "baseline_brier": 0.22959183673469388,
      "baseline_hit_rate": 0.6428571428571429,
      "brier": 0.24806123596809607,
      "display_ready": true,
      "ece": null,
      "hit_rate": 0.6428571428571429,
      "logloss": 0.6892681235567978,
      "n": 56
    },
    "4h": {
      "base_rate": 0.5562700964630225,
      "baseline_brier": 0.24683367624404215,
      "baseline_hit_rate": 0.5562700964630225,
      "brier": 0.24943129442611559,
      "display_ready": true,
      "ece": null,
      "hit_rate": 0.5562700964630225,
      "logloss": 0.692009214721751,
      "n": 311
    }
  },
  "by_model_version": {
    "v0.1.0-baseline-shadow": {
      "base_rate": 0.5552178318135765,
      "baseline_brier": 0.24695099104980758,
      "baseline_hit_rate": 0.5552178318135765,
      "brier": 0.24957717123415893,
      "display_ready": true,
      "ece": null,
      "hit_rate": 0.5552178318135765,
      "logloss": 0.6923013593190506,
      "n": 987
    }
  },
  "generated_at": "2026-06-23T16:05:03Z",
  "global": {
    "base_rate": 0.5552178318135765,
    "baseline_brier": 0.24695099104980758,
    "baseline_hit_rate": 0.5552178318135765,
    "brier": 0.24957717123415893,
    "display_ready": true,
    "ece": null,
    "hit_rate": 0.5552178318135765,
    "logloss": 0.6923013593190506,
    "n": 987
  },
  "metrics_version": "metrics-v0.1.0",
  "min_n_display": 20,
  "rolling": {
    "30d": {
      "base_rate": 0.5552178318135765,
      "baseline_brier": 0.24695099104980758,
      "baseline_hit_rate": 0.5552178318135765,
      "brier": 0.24957717123415893,
      "display_ready": true,
      "ece": null,
      "hit_rate": 0.5552178318135765,
      "logloss": 0.6923013593190506,
      "n": 987
    },
    "7d": {
      "base_rate": 0.7090909090909091,
      "baseline_brier": 0.20628099173553718,
      "baseline_hit_rate": 0.7090909090909091,
      "brier": 0.24787363628128115,
      "display_ready": true,
      "ece": null,
      "hit_rate": 0.7090909090909091,
      "logloss": 0.6888934723398928,
      "n": 110
    },
    "90d": {
      "base_rate": 0.5552178318135765,
      "baseline_brier": 0.24695099104980758,
      "baseline_hit_rate": 0.5552178318135765,
      "brier": 0.24957717123415893,
      "display_ready": true,
      "ece": null,
      "hit_rate": 0.5552178318135765,
      "logloss": 0.6923013593190506,
      "n": 987
    }
  },
  "schema_version": "1",
  "total_forecasts": 989,
  "total_resolved": 987
}
