{
  "by_horizon": {
    "12h": {
      "base_rate": 0.5688622754491018,
      "baseline_brier": 0.245257987019972,
      "baseline_hit_rate": 0.5688622754491018,
      "brier": 0.24953635107282815,
      "display_ready": true,
      "ece": null,
      "hit_rate": 0.5688622754491018,
      "logloss": 0.6922203846087213,
      "n": 167
    },
    "1h": {
      "base_rate": 0.5272727272727272,
      "baseline_brier": 0.24925619834710744,
      "baseline_hit_rate": 0.5272727272727272,
      "brier": 0.25015826625369214,
      "display_ready": true,
      "ece": null,
      "hit_rate": 0.5272727272727272,
      "logloss": 0.693464313322194,
      "n": 770
    },
    "24h": {
      "base_rate": 0.6265060240963856,
      "baseline_brier": 0.23399622586732471,
      "baseline_hit_rate": 0.6265060240963856,
      "brier": 0.2489736464192586,
      "display_ready": true,
      "ece": null,
      "hit_rate": 0.6265060240963856,
      "logloss": 0.691094081744704,
      "n": 83
    },
    "4h": {
      "base_rate": 0.5431034482758621,
      "baseline_brier": 0.2481420927467301,
      "baseline_hit_rate": 0.5431034482758621,
      "brier": 0.25007259107636143,
      "display_ready": true,
      "ece": null,
      "hit_rate": 0.5431034482758621,
      "logloss": 0.6932928203682862,
      "n": 464
    }
  },
  "by_model_version": {
    "v0.1.0-baseline-shadow": {
      "base_rate": 0.5424528301886793,
      "baseline_brier": 0.2481977572089712,
      "baseline_hit_rate": 0.5424528301886793,
      "brier": 0.24999523622421524,
      "display_ready": true,
      "ece": null,
      "hit_rate": 0.5424528301886793,
      "logloss": 0.6931381421316989,
      "n": 1484
    }
  },
  "generated_at": "2026-07-20T18:22:27Z",
  "global": {
    "base_rate": 0.5424528301886793,
    "baseline_brier": 0.2481977572089712,
    "baseline_hit_rate": 0.5424528301886793,
    "brier": 0.24999523622421524,
    "display_ready": true,
    "ece": null,
    "hit_rate": 0.5424528301886793,
    "logloss": 0.6931381421316989,
    "n": 1484
  },
  "metrics_version": "metrics-v0.1.0",
  "min_n_display": 20,
  "rolling": {
    "30d": {
      "base_rate": 0.5349264705882353,
      "baseline_brier": 0.24878014165224915,
      "baseline_hit_rate": 0.5349264705882353,
      "brier": 0.2504537656254583,
      "display_ready": true,
      "ece": null,
      "hit_rate": 0.5349264705882353,
      "logloss": 0.694056044092968,
      "n": 544
    },
    "7d": {
      "base_rate": 0.5416666666666666,
      "baseline_brier": 0.2482638888888889,
      "baseline_hit_rate": 0.5416666666666666,
      "brier": 0.2502686802554999,
      "display_ready": true,
      "ece": null,
      "hit_rate": 0.5416666666666666,
      "logloss": 0.6936857369221138,
      "n": 144
    },
    "90d": {
      "base_rate": 0.5424528301886793,
      "baseline_brier": 0.2481977572089712,
      "baseline_hit_rate": 0.5424528301886793,
      "brier": 0.24999523622421524,
      "display_ready": true,
      "ece": null,
      "hit_rate": 0.5424528301886793,
      "logloss": 0.6931381421316989,
      "n": 1484
    }
  },
  "schema_version": "1",
  "total_forecasts": 1488,
  "total_resolved": 1484
}
