{
  "by_horizon": {
    "12h": {
      "base_rate": 0.5608108108108109,
      "baseline_brier": 0.24630204528853178,
      "baseline_hit_rate": 0.5608108108108109,
      "brier": 0.24954140020006174,
      "display_ready": true,
      "ece": null,
      "hit_rate": 0.5608108108108109,
      "logloss": 0.6922304615180923,
      "n": 148
    },
    "1h": {
      "base_rate": 0.527190332326284,
      "baseline_brier": 0.24926068582798624,
      "baseline_hit_rate": 0.527190332326284,
      "brier": 0.2502179557522876,
      "display_ready": true,
      "ece": null,
      "hit_rate": 0.527190332326284,
      "logloss": 0.6935837420298127,
      "n": 662
    },
    "24h": {
      "base_rate": 0.6486486486486487,
      "baseline_brier": 0.22790357925493057,
      "baseline_hit_rate": 0.6486486486486487,
      "brier": 0.24821168004606317,
      "display_ready": true,
      "ece": null,
      "hit_rate": 0.6486486486486487,
      "logloss": 0.6895695274370353,
      "n": 74
    },
    "4h": {
      "base_rate": 0.5441176470588235,
      "baseline_brier": 0.24805363321799306,
      "baseline_hit_rate": 0.5441176470588235,
      "brier": 0.24994825244696572,
      "display_ready": true,
      "ece": null,
      "hit_rate": 0.5441176470588235,
      "logloss": 0.6930439616468645,
      "n": 408
    }
  },
  "by_model_version": {
    "v0.1.0-baseline-shadow": {
      "base_rate": 0.5433436532507739,
      "baseline_brier": 0.24812132772287668,
      "baseline_hit_rate": 0.5433436532507739,
      "brier": 0.24994037558776644,
      "display_ready": true,
      "ece": null,
      "hit_rate": 0.5433436532507739,
      "logloss": 0.6930283490020704,
      "n": 1292
    }
  },
  "generated_at": "2026-07-11T10:22:42Z",
  "global": {
    "base_rate": 0.5433436532507739,
    "baseline_brier": 0.24812132772287668,
    "baseline_hit_rate": 0.5433436532507739,
    "brier": 0.24994037558776644,
    "display_ready": true,
    "ece": null,
    "hit_rate": 0.5433436532507739,
    "logloss": 0.6930283490020704,
    "n": 1292
  },
  "metrics_version": "metrics-v0.1.0",
  "min_n_display": 20,
  "rolling": {
    "30d": {
      "base_rate": 0.5748987854251012,
      "baseline_brier": 0.24439017194184465,
      "baseline_hit_rate": 0.5748987854251012,
      "brier": 0.2497378395555992,
      "display_ready": true,
      "ece": null,
      "hit_rate": 0.5748987854251012,
      "logloss": 0.6926237949625078,
      "n": 494
    },
    "7d": {
      "base_rate": 0.472,
      "baseline_brier": 0.24921600000000002,
      "baseline_hit_rate": 0.528,
      "brier": 0.25124522980024067,
      "display_ready": true,
      "ece": null,
      "hit_rate": 0.472,
      "logloss": 0.6956387035123157,
      "n": 125
    },
    "90d": {
      "base_rate": 0.5433436532507739,
      "baseline_brier": 0.24812132772287668,
      "baseline_hit_rate": 0.5433436532507739,
      "brier": 0.24994037558776644,
      "display_ready": true,
      "ece": null,
      "hit_rate": 0.5433436532507739,
      "logloss": 0.6930283490020704,
      "n": 1292
    }
  },
  "schema_version": "1",
  "total_forecasts": 1295,
  "total_resolved": 1292
}
