{
  "by_horizon": {
    "12h": {
      "base_rate": 0.5529411764705883,
      "baseline_brier": 0.24719723183391004,
      "baseline_hit_rate": 0.5529411764705883,
      "brier": 0.24997754889236928,
      "display_ready": true,
      "ece": null,
      "hit_rate": 0.5529411764705883,
      "logloss": 0.6931031011121214,
      "n": 85
    },
    "1h": {
      "base_rate": 0.5097087378640777,
      "baseline_brier": 0.24990574040908664,
      "baseline_hit_rate": 0.5097087378640777,
      "brier": 0.2503507154221532,
      "display_ready": true,
      "ece": null,
      "hit_rate": 0.5097087378640777,
      "logloss": 0.6938490812140583,
      "n": 412
    },
    "24h": {
      "base_rate": 0.6190476190476191,
      "baseline_brier": 0.23582766439909297,
      "baseline_hit_rate": 0.6190476190476191,
      "brier": 0.24873185897787634,
      "display_ready": true,
      "ece": null,
      "hit_rate": 0.6190476190476191,
      "logloss": 0.690609264403064,
      "n": 42
    },
    "4h": {
      "base_rate": 0.5168067226890757,
      "baseline_brier": 0.2497175340724525,
      "baseline_hit_rate": 0.5168067226890757,
      "brier": 0.2499226657973923,
      "display_ready": true,
      "ece": null,
      "hit_rate": 0.5168067226890757,
      "logloss": 0.6929920111995218,
      "n": 238
    }
  },
  "by_model_version": {
    "v0.1.0-baseline-shadow": {
      "base_rate": 0.5225225225225225,
      "baseline_brier": 0.24949273597922245,
      "baseline_hit_rate": 0.5225225225225225,
      "brier": 0.2500912727755839,
      "display_ready": true,
      "ece": null,
      "hit_rate": 0.5225225225225225,
      "logloss": 0.6933298234557751,
      "n": 777
    }
  },
  "generated_at": "2026-06-09T23:37:24Z",
  "global": {
    "base_rate": 0.5225225225225225,
    "baseline_brier": 0.24949273597922245,
    "baseline_hit_rate": 0.5225225225225225,
    "brier": 0.2500912727755839,
    "display_ready": true,
    "ece": null,
    "hit_rate": 0.5225225225225225,
    "logloss": 0.6933298234557751,
    "n": 777
  },
  "metrics_version": "metrics-v0.1.0",
  "min_n_display": 20,
  "rolling": {
    "30d": {
      "base_rate": 0.5225225225225225,
      "baseline_brier": 0.24949273597922245,
      "baseline_hit_rate": 0.5225225225225225,
      "brier": 0.2500912727755839,
      "display_ready": true,
      "ece": null,
      "hit_rate": 0.5225225225225225,
      "logloss": 0.6933298234557751,
      "n": 777
    },
    "7d": {
      "base_rate": 0.5225225225225225,
      "baseline_brier": 0.24949273597922245,
      "baseline_hit_rate": 0.5225225225225225,
      "brier": 0.2500912727755839,
      "display_ready": true,
      "ece": null,
      "hit_rate": 0.5225225225225225,
      "logloss": 0.6933298234557751,
      "n": 777
    },
    "90d": {
      "base_rate": 0.5225225225225225,
      "baseline_brier": 0.24949273597922245,
      "baseline_hit_rate": 0.5225225225225225,
      "brier": 0.2500912727755839,
      "display_ready": true,
      "ece": null,
      "hit_rate": 0.5225225225225225,
      "logloss": 0.6933298234557751,
      "n": 777
    }
  },
  "schema_version": "1",
  "total_forecasts": 780,
  "total_resolved": 777
}
