{
  "by_horizon": {
    "12h": {
      "base_rate": 0.564625850340136,
      "baseline_brier": 0.24582349946781432,
      "baseline_hit_rate": 0.564625850340136,
      "brier": 0.24942735191417678,
      "display_ready": true,
      "ece": null,
      "hit_rate": 0.564625850340136,
      "logloss": 0.6920022913749541,
      "n": 147
    },
    "1h": {
      "base_rate": 0.5283307810107197,
      "baseline_brier": 0.24919736684732263,
      "baseline_hit_rate": 0.5283307810107197,
      "brier": 0.25018705610143305,
      "display_ready": true,
      "ece": null,
      "hit_rate": 0.5283307810107197,
      "logloss": 0.6935219418393807,
      "n": 653
    },
    "24h": {
      "base_rate": 0.6438356164383562,
      "baseline_brier": 0.2293113154437981,
      "baseline_hit_rate": 0.6438356164383562,
      "brier": 0.2482811331332892,
      "display_ready": true,
      "ece": null,
      "hit_rate": 0.6438356164383562,
      "logloss": 0.689708431640677,
      "n": 73
    },
    "4h": {
      "base_rate": 0.5459057071960298,
      "baseline_brier": 0.24789266604683238,
      "baseline_hit_rate": 0.5459057071960298,
      "brier": 0.24989553134476358,
      "display_ready": true,
      "ece": null,
      "hit_rate": 0.5459057071960298,
      "logloss": 0.6929384940406506,
      "n": 403
    }
  },
  "by_model_version": {
    "v0.1.0-baseline-shadow": {
      "base_rate": 0.5446708463949843,
      "baseline_brier": 0.24800451548235572,
      "baseline_hit_rate": 0.5446708463949843,
      "brier": 0.24989842493439623,
      "display_ready": true,
      "ece": null,
      "hit_rate": 0.5446708463949843,
      "logloss": 0.692944430612371,
      "n": 1276
    }
  },
  "generated_at": "2026-07-10T14:49:42Z",
  "global": {
    "base_rate": 0.5446708463949843,
    "baseline_brier": 0.24800451548235572,
    "baseline_hit_rate": 0.5446708463949843,
    "brier": 0.24989842493439623,
    "display_ready": true,
    "ece": null,
    "hit_rate": 0.5446708463949843,
    "logloss": 0.692944430612371,
    "n": 1276
  },
  "metrics_version": "metrics-v0.1.0",
  "min_n_display": 20,
  "rolling": {
    "30d": {
      "base_rate": 0.5766871165644172,
      "baseline_brier": 0.24411908615303549,
      "baseline_hit_rate": 0.5766871165644172,
      "brier": 0.24965106184615432,
      "display_ready": true,
      "ece": null,
      "hit_rate": 0.5766871165644172,
      "logloss": 0.6924501932450023,
      "n": 489
    },
    "7d": {
      "base_rate": 0.5121951219512195,
      "baseline_brier": 0.24985127900059487,
      "baseline_hit_rate": 0.5121951219512195,
      "brier": 0.2502965007746159,
      "display_ready": true,
      "ece": null,
      "hit_rate": 0.5121951219512195,
      "logloss": 0.6937409101114063,
      "n": 123
    },
    "90d": {
      "base_rate": 0.5446708463949843,
      "baseline_brier": 0.24800451548235572,
      "baseline_hit_rate": 0.5446708463949843,
      "brier": 0.24989842493439623,
      "display_ready": true,
      "ece": null,
      "hit_rate": 0.5446708463949843,
      "logloss": 0.692944430612371,
      "n": 1276
    }
  },
  "schema_version": "1",
  "total_forecasts": 1279,
  "total_resolved": 1276
}
