{
  "by_horizon": {
    "12h": {
      "base_rate": 0.5664335664335665,
      "baseline_brier": 0.24558658125091692,
      "baseline_hit_rate": 0.5664335664335665,
      "brier": 0.24936417698564534,
      "display_ready": true,
      "ece": null,
      "hit_rate": 0.5664335664335665,
      "logloss": 0.6918758497013305,
      "n": 143
    },
    "1h": {
      "base_rate": 0.5290423861852434,
      "baseline_brier": 0.2491565398046672,
      "baseline_hit_rate": 0.5290423861852434,
      "brier": 0.250132248050963,
      "display_ready": true,
      "ece": null,
      "hit_rate": 0.5290423861852434,
      "logloss": 0.6934122896975292,
      "n": 637
    },
    "24h": {
      "base_rate": 0.6619718309859155,
      "baseline_brier": 0.22376512596707002,
      "baseline_hit_rate": 0.6619718309859155,
      "brier": 0.2481639613395502,
      "display_ready": true,
      "ece": null,
      "hit_rate": 0.6619718309859155,
      "logloss": 0.689474058368131,
      "n": 71
    },
    "4h": {
      "base_rate": 0.539440203562341,
      "baseline_brier": 0.2484444703429611,
      "baseline_hit_rate": 0.539440203562341,
      "brier": 0.24998988891808963,
      "display_ready": true,
      "ece": null,
      "hit_rate": 0.539440203562341,
      "logloss": 0.6931272503212534,
      "n": 393
    }
  },
  "by_model_version": {
    "v0.1.0-baseline-shadow": {
      "base_rate": 0.5442122186495176,
      "baseline_brier": 0.24804527972208726,
      "baseline_hit_rate": 0.5442122186495176,
      "brier": 0.2498866454319357,
      "display_ready": true,
      "ece": null,
      "hit_rate": 0.5442122186495176,
      "logloss": 0.6929208541519343,
      "n": 1244
    }
  },
  "generated_at": "2026-07-08T12:48:47Z",
  "global": {
    "base_rate": 0.5442122186495176,
    "baseline_brier": 0.24804527972208726,
    "baseline_hit_rate": 0.5442122186495176,
    "brier": 0.2498866454319357,
    "display_ready": true,
    "ece": null,
    "hit_rate": 0.5442122186495176,
    "logloss": 0.6929208541519343,
    "n": 1244
  },
  "metrics_version": "metrics-v0.1.0",
  "min_n_display": 20,
  "rolling": {
    "30d": {
      "base_rate": 0.5725971370143149,
      "baseline_brier": 0.24472965569732477,
      "baseline_hit_rate": 0.5725971370143149,
      "brier": 0.24969698121361178,
      "display_ready": true,
      "ece": null,
      "hit_rate": 0.5725971370143149,
      "logloss": 0.6925420746722185,
      "n": 489
    },
    "7d": {
      "base_rate": 0.5546875,
      "baseline_brier": 0.24700927734375,
      "baseline_hit_rate": 0.5546875,
      "brier": 0.249818798931431,
      "display_ready": true,
      "ece": null,
      "hit_rate": 0.5546875,
      "logloss": 0.6927857037750391,
      "n": 128
    },
    "90d": {
      "base_rate": 0.5442122186495176,
      "baseline_brier": 0.24804527972208726,
      "baseline_hit_rate": 0.5442122186495176,
      "brier": 0.2498866454319357,
      "display_ready": true,
      "ece": null,
      "hit_rate": 0.5442122186495176,
      "logloss": 0.6929208541519343,
      "n": 1244
    }
  },
  "schema_version": "1",
  "total_forecasts": 1245,
  "total_resolved": 1244
}
