{
  "by_horizon": {
    "12h": {
      "base_rate": 0.5912408759124088,
      "baseline_brier": 0.24167510256273642,
      "baseline_hit_rate": 0.5912408759124088,
      "brier": 0.248981076384841,
      "display_ready": true,
      "ece": null,
      "hit_rate": 0.5912408759124088,
      "logloss": 0.6911094587247094,
      "n": 137
    },
    "1h": {
      "base_rate": 0.5275974025974026,
      "baseline_brier": 0.2492383833698769,
      "baseline_hit_rate": 0.5275974025974026,
      "brier": 0.25016662433167586,
      "display_ready": true,
      "ece": null,
      "hit_rate": 0.5275974025974026,
      "logloss": 0.6934810506586342,
      "n": 616
    },
    "24h": {
      "base_rate": 0.6617647058823529,
      "baseline_brier": 0.22383217993079585,
      "baseline_hit_rate": 0.6617647058823529,
      "brier": 0.24804329555165688,
      "display_ready": true,
      "ece": null,
      "hit_rate": 0.6617647058823529,
      "logloss": 0.6892325731731971,
      "n": 68
    },
    "4h": {
      "base_rate": 0.5502645502645502,
      "baseline_brier": 0.2474734749867025,
      "baseline_hit_rate": 0.5502645502645502,
      "brier": 0.24987060962780538,
      "display_ready": true,
      "ece": null,
      "hit_rate": 0.5502645502645502,
      "logloss": 0.6928886360941554,
      "n": 378
    }
  },
  "by_model_version": {
    "v0.1.0-baseline-shadow": {
      "base_rate": 0.5496246872393661,
      "baseline_brier": 0.24753739041639508,
      "baseline_hit_rate": 0.5496246872393661,
      "brier": 0.24981741667210894,
      "display_ready": true,
      "ece": null,
      "hit_rate": 0.5496246872393661,
      "logloss": 0.692782354020327,
      "n": 1199
    }
  },
  "generated_at": "2026-07-05T23:31:24Z",
  "global": {
    "base_rate": 0.5496246872393661,
    "baseline_brier": 0.24753739041639508,
    "baseline_hit_rate": 0.5496246872393661,
    "brier": 0.24981741667210894,
    "display_ready": true,
    "ece": null,
    "hit_rate": 0.5496246872393661,
    "logloss": 0.692782354020327,
    "n": 1199
  },
  "metrics_version": "metrics-v0.1.0",
  "min_n_display": 20,
  "rolling": {
    "30d": {
      "base_rate": 0.5496246872393661,
      "baseline_brier": 0.24753739041639508,
      "baseline_hit_rate": 0.5496246872393661,
      "brier": 0.24981741667210894,
      "display_ready": true,
      "ece": null,
      "hit_rate": 0.5496246872393661,
      "logloss": 0.692782354020327,
      "n": 1199
    },
    "7d": {
      "base_rate": 0.5901639344262295,
      "baseline_brier": 0.24187046492878259,
      "baseline_hit_rate": 0.5901639344262295,
      "brier": 0.24989706376190435,
      "display_ready": true,
      "ece": null,
      "hit_rate": 0.5901639344262295,
      "logloss": 0.6929422423379585,
      "n": 122
    },
    "90d": {
      "base_rate": 0.5496246872393661,
      "baseline_brier": 0.24753739041639508,
      "baseline_hit_rate": 0.5496246872393661,
      "brier": 0.24981741667210894,
      "display_ready": true,
      "ece": null,
      "hit_rate": 0.5496246872393661,
      "logloss": 0.692782354020327,
      "n": 1199
    }
  },
  "schema_version": "1",
  "total_forecasts": 1203,
  "total_resolved": 1199
}
