{
  "by_horizon": {
    "12h": {
      "base_rate": 0.6019417475728155,
      "baseline_brier": 0.23960788010180037,
      "baseline_hit_rate": 0.6019417475728155,
      "brier": 0.24901554715299215,
      "display_ready": true,
      "ece": null,
      "hit_rate": 0.6019417475728155,
      "logloss": 0.6911785814671842,
      "n": 103
    },
    "1h": {
      "base_rate": 0.5170940170940171,
      "baseline_brier": 0.24970779457958944,
      "baseline_hit_rate": 0.5170940170940171,
      "brier": 0.25021611293649915,
      "display_ready": true,
      "ece": null,
      "hit_rate": 0.5170940170940171,
      "logloss": 0.6935797067273926,
      "n": 468
    },
    "24h": {
      "base_rate": 0.6470588235294118,
      "baseline_brier": 0.22837370242214533,
      "baseline_hit_rate": 0.6470588235294118,
      "brier": 0.24777523003683616,
      "display_ready": true,
      "ece": null,
      "hit_rate": 0.6470588235294118,
      "logloss": 0.6886958413820654,
      "n": 51
    },
    "4h": {
      "base_rate": 0.5335689045936396,
      "baseline_brier": 0.24887312864438313,
      "baseline_hit_rate": 0.5335689045936396,
      "brier": 0.24982234590093028,
      "display_ready": true,
      "ece": null,
      "hit_rate": 0.5335689045936396,
      "logloss": 0.6927915869502599,
      "n": 283
    }
  },
  "by_model_version": {
    "v0.1.0-baseline-shadow": {
      "base_rate": 0.5392265193370166,
      "baseline_brier": 0.24846128018070265,
      "baseline_hit_rate": 0.5392265193370166,
      "brier": 0.24981878766064278,
      "display_ready": true,
      "ece": null,
      "hit_rate": 0.5392265193370166,
      "logloss": 0.6927847554220427,
      "n": 905
    }
  },
  "generated_at": "2026-06-18T13:43:27Z",
  "global": {
    "base_rate": 0.5392265193370166,
    "baseline_brier": 0.24846128018070265,
    "baseline_hit_rate": 0.5392265193370166,
    "brier": 0.24981878766064278,
    "display_ready": true,
    "ece": null,
    "hit_rate": 0.5392265193370166,
    "logloss": 0.6927847554220427,
    "n": 905
  },
  "metrics_version": "metrics-v0.1.0",
  "min_n_display": 20,
  "rolling": {
    "30d": {
      "base_rate": 0.5392265193370166,
      "baseline_brier": 0.24846128018070265,
      "baseline_hit_rate": 0.5392265193370166,
      "brier": 0.24981878766064278,
      "display_ready": true,
      "ece": null,
      "hit_rate": 0.5392265193370166,
      "logloss": 0.6927847554220427,
      "n": 905
    },
    "7d": {
      "base_rate": 0.6476190476190476,
      "baseline_brier": 0.22820861678004536,
      "baseline_hit_rate": 0.6476190476190476,
      "brier": 0.24825507969725769,
      "display_ready": true,
      "ece": null,
      "hit_rate": 0.6476190476190476,
      "logloss": 0.6896568416026454,
      "n": 105
    },
    "90d": {
      "base_rate": 0.5392265193370166,
      "baseline_brier": 0.24846128018070265,
      "baseline_hit_rate": 0.5392265193370166,
      "brier": 0.24981878766064278,
      "display_ready": true,
      "ece": null,
      "hit_rate": 0.5392265193370166,
      "logloss": 0.6927847554220427,
      "n": 905
    }
  },
  "schema_version": "1",
  "total_forecasts": 909,
  "total_resolved": 905
}
