{
  "by_direction": {
    "down": {
      "always_down_rate": 0.4545454545454546,
      "always_up_rate": 0.5454545454545454,
      "base_rate": 0.45454545454545453,
      "baseline_brier": 0.24793388429752064,
      "baseline_hit_rate": 0.5454545454545454,
      "brier": 0.2509803217171696,
      "display_ready": true,
      "ece": null,
      "expectancy_bps": 4.675584007704568,
      "expectancy_maker_2bps": 2.6755840077045683,
      "expectancy_taker_10bps": -5.324415992295432,
      "hit_down": 0.45454545454545453,
      "hit_rate": 0.45454545454545453,
      "hit_up": null,
      "logloss": 0.6951087160342276,
      "n": 704,
      "n_down": 704,
      "n_up": 0,
      "vs_majority_pp": -0.09090909090909088
    },
    "up": {
      "always_down_rate": 0.37453183520599254,
      "always_up_rate": 0.6254681647940075,
      "base_rate": 0.6254681647940075,
      "baseline_brier": 0.23425773962322377,
      "baseline_hit_rate": 0.6254681647940075,
      "brier": 0.24899745231217227,
      "display_ready": true,
      "ece": null,
      "expectancy_bps": 14.858865311744927,
      "expectancy_maker_2bps": 12.858865311744927,
      "expectancy_taker_10bps": 4.8588653117449265,
      "hit_down": null,
      "hit_rate": 0.6254681647940075,
      "hit_up": 0.6254681647940075,
      "logloss": 0.6911421525523592,
      "n": 801,
      "n_down": 0,
      "n_up": 801,
      "vs_majority_pp": 0.0
    }
  },
  "by_horizon": {
    "12h": {
      "always_down_rate": 0.47928994082840237,
      "always_up_rate": 0.5207100591715976,
      "base_rate": 0.5739644970414202,
      "baseline_brier": 0.24452925317740976,
      "baseline_hit_rate": 0.5739644970414202,
      "brier": 0.24945208916200223,
      "display_ready": true,
      "ece": null,
      "expectancy_bps": 25.694849927055323,
      "expectancy_maker_2bps": 23.694849927055323,
      "expectancy_taker_10bps": 15.694849927055323,
      "hit_down": 0.5529411764705883,
      "hit_rate": 0.5739644970414202,
      "hit_up": 0.5952380952380952,
      "logloss": 0.692051829173176,
      "n": 169,
      "n_down": 85,
      "n_up": 84,
      "vs_majority_pp": 0.053254437869822535
    },
    "1h": {
      "always_down_rate": 0.37900128040973113,
      "always_up_rate": 0.6209987195902689,
      "base_rate": 0.528809218950064,
      "baseline_brier": 0.24917002890348727,
      "baseline_hit_rate": 0.528809218950064,
      "brier": 0.25011004445047696,
      "display_ready": true,
      "ece": null,
      "expectancy_bps": 3.5373007389104645,
      "expectancy_maker_2bps": 1.5373007389104645,
      "expectancy_taker_10bps": -6.4626992610895355,
      "hit_down": 0.39714285714285713,
      "hit_rate": 0.528809218950064,
      "hit_up": 0.6357308584686775,
      "logloss": 0.693367834261736,
      "n": 781,
      "n_down": 350,
      "n_up": 431,
      "vs_majority_pp": -0.09218950064020481
    },
    "24h": {
      "always_down_rate": 0.5,
      "always_up_rate": 0.5,
      "base_rate": 0.6309523809523809,
      "baseline_brier": 0.2328514739229025,
      "baseline_hit_rate": 0.6309523809523809,
      "brier": 0.24897295422156468,
      "display_ready": true,
      "ece": null,
      "expectancy_bps": 55.94507923407054,
      "expectancy_maker_2bps": 53.94507923407055,
      "expectancy_taker_10bps": 45.94507923407054,
      "hit_down": 0.6222222222222222,
      "hit_rate": 0.6309523809523809,
      "hit_up": 0.6410256410256411,
      "logloss": 0.6910927019713022,
      "n": 84,
      "n_down": 45,
      "n_up": 39,
      "vs_majority_pp": 0.13095238095238093
    },
    "4h": {
      "always_down_rate": 0.4267515923566879,
      "always_up_rate": 0.5732484076433121,
      "base_rate": 0.5477707006369427,
      "baseline_brier": 0.2477179601606556,
      "baseline_hit_rate": 0.5477707006369427,
      "brier": 0.24995760053529736,
      "display_ready": true,
      "ece": null,
      "expectancy_bps": 7.195571307236423,
      "expectancy_maker_2bps": 5.195571307236423,
      "expectancy_taker_10bps": -2.804428692763577,
      "hit_down": 0.4732142857142857,
      "hit_rate": 0.5477707006369427,
      "hit_up": 0.6153846153846154,
      "logloss": 0.6930627932659533,
      "n": 471,
      "n_down": 224,
      "n_up": 247,
      "vs_majority_pp": -0.02547770700636942
    }
  },
  "by_model_version": {
    "v0.1.0-baseline-shadow": {
      "always_down_rate": 0.4119601328903655,
      "always_up_rate": 0.5880398671096345,
      "base_rate": 0.545514950166113,
      "baseline_brier": 0.24792838931137626,
      "baseline_hit_rate": 0.545514950166113,
      "brier": 0.24992498723650325,
      "display_ready": true,
      "ece": null,
      "expectancy_bps": 10.095390203409771,
      "expectancy_maker_2bps": 8.095390203409771,
      "expectancy_taker_10bps": 0.09539020340976981,
      "hit_down": 0.45454545454545453,
      "hit_rate": 0.545514950166113,
      "hit_up": 0.6254681647940075,
      "logloss": 0.6929976081611535,
      "n": 1505,
      "n_down": 704,
      "n_up": 801,
      "vs_majority_pp": -0.04252491694352156
    }
  },
  "by_regime": {
    "unknown": {
      "always_down_rate": 0.4119601328903655,
      "always_up_rate": 0.5880398671096345,
      "base_rate": 0.545514950166113,
      "baseline_brier": 0.24792838931137626,
      "baseline_hit_rate": 0.545514950166113,
      "brier": 0.24992498723650325,
      "display_ready": true,
      "ece": null,
      "expectancy_bps": 10.095390203409771,
      "expectancy_maker_2bps": 8.095390203409771,
      "expectancy_taker_10bps": 0.09539020340976981,
      "hit_down": 0.45454545454545453,
      "hit_rate": 0.545514950166113,
      "hit_up": 0.6254681647940075,
      "logloss": 0.6929976081611535,
      "n": 1505,
      "n_down": 704,
      "n_up": 801,
      "vs_majority_pp": -0.04252491694352156
    }
  },
  "edge_scoreboard": [
    {
      "expectancy_maker_2bps": 53.94507923407055,
      "hit_rate": 0.6309523809523809,
      "horizon": "24h",
      "n": 84,
      "rank_key": 53.94507923407055,
      "tradeable": true,
      "vs_majority_pp": 0.13095238095238093
    },
    {
      "expectancy_maker_2bps": 23.694849927055323,
      "hit_rate": 0.5739644970414202,
      "horizon": "12h",
      "n": 169,
      "rank_key": 23.694849927055323,
      "tradeable": true,
      "vs_majority_pp": 0.053254437869822535
    },
    {
      "expectancy_maker_2bps": 5.195571307236423,
      "hit_rate": 0.5477707006369427,
      "horizon": "4h",
      "n": 471,
      "rank_key": 5.195571307236423,
      "tradeable": false,
      "vs_majority_pp": -0.02547770700636942
    },
    {
      "expectancy_maker_2bps": 1.5373007389104645,
      "hit_rate": 0.528809218950064,
      "horizon": "1h",
      "n": 781,
      "rank_key": 1.5373007389104645,
      "tradeable": false,
      "vs_majority_pp": -0.09218950064020481
    }
  ],
  "generated_at": "2026-07-21T21:33:45Z",
  "global": {
    "always_down_rate": 0.4119601328903655,
    "always_up_rate": 0.5880398671096345,
    "base_rate": 0.545514950166113,
    "baseline_brier": 0.24792838931137626,
    "baseline_hit_rate": 0.545514950166113,
    "brier": 0.24992498723650325,
    "display_ready": true,
    "ece": null,
    "expectancy_bps": 10.095390203409771,
    "expectancy_maker_2bps": 8.095390203409771,
    "expectancy_taker_10bps": 0.09539020340976981,
    "hit_down": 0.45454545454545453,
    "hit_rate": 0.545514950166113,
    "hit_up": 0.6254681647940075,
    "logloss": 0.6929976081611535,
    "n": 1505,
    "n_down": 704,
    "n_up": 801,
    "vs_majority_pp": -0.04252491694352156
  },
  "metrics_version": "metrics-v0.2.0",
  "min_n_display": 20,
  "rolling": {
    "30d": {
      "always_down_rate": 0.3853211009174312,
      "always_up_rate": 0.6146788990825688,
      "base_rate": 0.5339449541284403,
      "baseline_brier": 0.24884774008921812,
      "baseline_hit_rate": 0.5339449541284403,
      "brier": 0.2503725811295018,
      "display_ready": true,
      "ece": null,
      "expectancy_bps": 5.707129805018423,