{
  "by_horizon": {
    "12h": {
      "base_rate": 0.5608108108108109,
      "baseline_brier": 0.24630204528853178,
      "baseline_hit_rate": 0.5608108108108109,
      "brier": 0.24954140020006174,
      "display_ready": true,
      "ece": null,
      "hit_rate": 0.5608108108108109,
      "logloss": 0.6922304615180923,
      "n": 148
    },
    "1h": {
      "base_rate": 0.5272727272727272,
      "baseline_brier": 0.24925619834710744,
      "baseline_hit_rate": 0.5272727272727272,
      "brier": 0.2502164553023359,
      "display_ready": true,
      "ece": null,
      "hit_rate": 0.5272727272727272,
      "logloss": 0.6935807430427093,
      "n": 660
    },
    "24h": {
      "base_rate": 0.6486486486486487,
      "baseline_brier": 0.22790357925493057,
      "baseline_hit_rate": 0.6486486486486487,
      "brier": 0.24821168004606317,
      "display_ready": true,
      "ece": null,
      "hit_rate": 0.6486486486486487,
      "logloss": 0.6895695274370353,
      "n": 74
    },
    "4h": {
      "base_rate": 0.542997542997543,
      "baseline_brier": 0.24815121129617443,
      "baseline_hit_rate": 0.542997542997543,
      "brier": 0.24995071958328915,
      "display_ready": true,
      "ece": null,
      "hit_rate": 0.542997542997543,
      "logloss": 0.6930488966058431,
      "n": 407
    }
  },
  "by_model_version": {
    "v0.1.0-baseline-shadow": {
      "base_rate": 0.5430566330488751,
      "baseline_brier": 0.24814612635049452,
      "baseline_hit_rate": 0.5430566330488751,
      "brier": 0.24993994951354398,
      "display_ready": true,
      "ece": null,
      "hit_rate": 0.5430566330488751,
      "logloss": 0.6930274977981262,
      "n": 1289
    }
  },
  "generated_at": "2026-07-11T06:23:21Z",
  "global": {
    "base_rate": 0.5430566330488751,
    "baseline_brier": 0.24814612635049452,
    "baseline_hit_rate": 0.5430566330488751,
    "brier": 0.24993994951354398,
    "display_ready": true,
    "ece": null,
    "hit_rate": 0.5430566330488751,
    "logloss": 0.6930274977981262,
    "n": 1289
  },
  "metrics_version": "metrics-v0.1.0",
  "min_n_display": 20,
  "rolling": {
    "30d": {
      "base_rate": 0.5720081135902637,
      "baseline_brier": 0.24481483157717168,
      "baseline_hit_rate": 0.5720081135902637,
      "brier": 0.24975025947876775,
      "display_ready": true,
      "ece": null,
      "hit_rate": 0.5720081135902637,
      "logloss": 0.6926486370511545,
      "n": 493
    },
    "7d": {
      "base_rate": 0.48,
      "baseline_brier": 0.24960000000000002,
      "baseline_hit_rate": 0.52,
      "brier": 0.25107658920884596,
      "display_ready": true,
      "ece": null,
      "hit_rate": 0.48,
      "logloss": 0.6953013970210734,
      "n": 125
    },
    "90d": {
      "base_rate": 0.5430566330488751,
      "baseline_brier": 0.24814612635049452,
      "baseline_hit_rate": 0.5430566330488751,
      "brier": 0.24993994951354398,
      "display_ready": true,
      "ece": null,
      "hit_rate": 0.5430566330488751,
      "logloss": 0.6930274977981262,
      "n": 1289
    }
  },
  "schema_version": "1",
  "total_forecasts": 1291,
  "total_resolved": 1289
}
