{
  "by_horizon": {
    "12h": {
      "base_rate": 0.5833333333333334,
      "baseline_brier": 0.24305555555555558,
      "baseline_hit_rate": 0.5833333333333334,
      "brier": 0.24938692847577928,
      "display_ready": true,
      "ece": null,
      "hit_rate": 0.5833333333333334,
      "logloss": 0.6919216031638887,
      "n": 96
    },
    "1h": {
      "base_rate": 0.5133333333333333,
      "baseline_brier": 0.24982222222222222,
      "baseline_hit_rate": 0.5133333333333333,
      "brier": 0.25025460835476576,
      "display_ready": true,
      "ece": null,
      "hit_rate": 0.5133333333333333,
      "logloss": 0.6936567483193468,
      "n": 450
    },
    "24h": {
      "base_rate": 0.6458333333333334,
      "baseline_brier": 0.22873263888888887,
      "baseline_hit_rate": 0.6458333333333334,
      "brier": 0.24806124523574724,
      "display_ready": true,
      "ece": null,
      "hit_rate": 0.6458333333333334,
      "logloss": 0.6892679929706885,
      "n": 48
    },
    "4h": {
      "base_rate": 0.5261194029850746,
      "baseline_brier": 0.24931777678770328,
      "baseline_hit_rate": 0.5261194029850746,
      "brier": 0.2497341096703694,
      "display_ready": true,
      "ece": null,
      "hit_rate": 0.5261194029850746,
      "logloss": 0.6926148705511687,
      "n": 268
    }
  },
  "by_model_version": {
    "v0.1.0-baseline-shadow": {
      "base_rate": 0.5324825986078886,
      "baseline_brier": 0.2489448807876788,
      "baseline_hit_rate": 0.5324825986078886,
      "brier": 0.24987401398642026,
      "display_ready": true,
      "ece": null,
      "hit_rate": 0.5324825986078886,
      "logloss": 0.6928951967723267,
      "n": 862
    }
  },
  "generated_at": "2026-06-15T05:23:13Z",
  "global": {
    "base_rate": 0.5324825986078886,
    "baseline_brier": 0.2489448807876788,
    "baseline_hit_rate": 0.5324825986078886,
    "brier": 0.24987401398642026,
    "display_ready": true,
    "ece": null,
    "hit_rate": 0.5324825986078886,
    "logloss": 0.6928951967723267,
    "n": 862
  },
  "metrics_version": "metrics-v0.1.0",
  "min_n_display": 20,
  "rolling": {
    "30d": {
      "base_rate": 0.5324825986078886,
      "baseline_brier": 0.2489448807876788,
      "baseline_hit_rate": 0.5324825986078886,
      "brier": 0.24987401398642026,
      "display_ready": true,
      "ece": null,
      "hit_rate": 0.5324825986078886,
      "logloss": 0.6928951967723267,
      "n": 862
    },
    "7d": {
      "base_rate": 0.5714285714285714,
      "baseline_brier": 0.2448979591836735,
      "baseline_hit_rate": 0.5714285714285714,
      "brier": 0.2491463202485674,
      "display_ready": true,
      "ece": null,
      "hit_rate": 0.5714285714285714,
      "logloss": 0.6914396630248579,
      "n": 112
    },
    "90d": {
      "base_rate": 0.5324825986078886,
      "baseline_brier": 0.2489448807876788,
      "baseline_hit_rate": 0.5324825986078886,
      "brier": 0.24987401398642026,
      "display_ready": true,
      "ece": null,
      "hit_rate": 0.5324825986078886,
      "logloss": 0.6928951967723267,
      "n": 862
    }
  },
  "schema_version": "1",
  "total_forecasts": 862,
  "total_resolved": 862
}
