{
  "by_horizon": {
    "12h": {
      "base_rate": 0.5529411764705883,
      "baseline_brier": 0.24719723183391004,
      "baseline_hit_rate": 0.5529411764705883,
      "brier": 0.24997754889236928,
      "display_ready": true,
      "ece": null,
      "hit_rate": 0.5529411764705883,
      "logloss": 0.6931031011121214,
      "n": 85
    },
    "1h": {
      "base_rate": 0.5097560975609756,
      "baseline_brier": 0.24990481856038074,
      "baseline_hit_rate": 0.5097560975609756,
      "brier": 0.2503411759931916,
      "display_ready": true,
      "ece": null,
      "hit_rate": 0.5097560975609756,
      "logloss": 0.6938299951985969,
      "n": 410
    },
    "24h": {
      "base_rate": 0.6190476190476191,
      "baseline_brier": 0.23582766439909297,
      "baseline_hit_rate": 0.6190476190476191,
      "brier": 0.24873185897787634,
      "display_ready": true,
      "ece": null,
      "hit_rate": 0.6190476190476191,
      "logloss": 0.690609264403064,
      "n": 42
    },
    "4h": {
      "base_rate": 0.5168067226890757,
      "baseline_brier": 0.2497175340724525,
      "baseline_hit_rate": 0.5168067226890757,
      "brier": 0.2499226657973923,
      "display_ready": true,
      "ece": null,
      "hit_rate": 0.5168067226890757,
      "logloss": 0.6929920111995218,
      "n": 238
    }
  },
  "by_model_version": {
    "v0.1.0-baseline-shadow": {
      "base_rate": 0.5225806451612903,
      "baseline_brier": 0.24949011446409988,
      "baseline_hit_rate": 0.5225806451612903,
      "brier": 0.25008555658052917,
      "display_ready": true,
      "ece": null,
      "hit_rate": 0.5225806451612903,
      "logloss": 0.6933183863178967,
      "n": 775
    }
  },
  "generated_at": "2026-06-09T21:14:30Z",
  "global": {
    "base_rate": 0.5225806451612903,
    "baseline_brier": 0.24949011446409988,
    "baseline_hit_rate": 0.5225806451612903,
    "brier": 0.25008555658052917,
    "display_ready": true,
    "ece": null,
    "hit_rate": 0.5225806451612903,
    "logloss": 0.6933183863178967,
    "n": 775
  },
  "metrics_version": "metrics-v0.1.0",
  "min_n_display": 20,
  "rolling": {
    "30d": {
      "base_rate": 0.5225806451612903,
      "baseline_brier": 0.24949011446409988,
      "baseline_hit_rate": 0.5225806451612903,
      "brier": 0.25008555658052917,
      "display_ready": true,
      "ece": null,
      "hit_rate": 0.5225806451612903,
      "logloss": 0.6933183863178967,
      "n": 775
    },
    "7d": {
      "base_rate": 0.5225806451612903,
      "baseline_brier": 0.24949011446409988,
      "baseline_hit_rate": 0.5225806451612903,
      "brier": 0.25008555658052917,
      "display_ready": true,
      "ece": null,
      "hit_rate": 0.5225806451612903,
      "logloss": 0.6933183863178967,
      "n": 775
    },
    "90d": {
      "base_rate": 0.5225806451612903,
      "baseline_brier": 0.24949011446409988,
      "baseline_hit_rate": 0.5225806451612903,
      "brier": 0.25008555658052917,
      "display_ready": true,
      "ece": null,
      "hit_rate": 0.5225806451612903,
      "logloss": 0.6933183863178967,
      "n": 775
    }
  },
  "schema_version": "1",
  "total_forecasts": 779,
  "total_resolved": 775
}
