{
  "by_horizon": {
    "12h": {
      "base_rate": 0.6111111111111112,
      "baseline_brier": 0.2376543209876543,
      "baseline_hit_rate": 0.6111111111111112,
      "brier": 0.24880792658431605,
      "display_ready": true,
      "ece": null,
      "hit_rate": 0.6111111111111112,
      "logloss": 0.690763245625509,
      "n": 108
    },
    "1h": {
      "base_rate": 0.5276073619631901,
      "baseline_brier": 0.2492378335654334,
      "baseline_hit_rate": 0.5276073619631901,
      "brier": 0.25012455120651084,
      "display_ready": true,
      "ece": null,
      "hit_rate": 0.5276073619631901,
      "logloss": 0.6933965974293247,
      "n": 489
    },
    "24h": {
      "base_rate": 0.6481481481481481,
      "baseline_brier": 0.22805212620027435,
      "baseline_hit_rate": 0.6481481481481481,
      "brier": 0.24785431425021975,
      "display_ready": true,
      "ece": null,
      "hit_rate": 0.6481481481481481,
      "logloss": 0.6888541809153216,
      "n": 54
    },
    "4h": {
      "base_rate": 0.5488215488215489,
      "baseline_brier": 0.24761645637066512,
      "baseline_hit_rate": 0.5488215488215489,
      "brier": 0.24960160242732787,
      "display_ready": true,
      "ece": null,
      "hit_rate": 0.5488215488215489,
      "logloss": 0.6923500725342677,
      "n": 297
    }
  },
  "by_model_version": {
    "v0.1.0-baseline-shadow": {
      "base_rate": 0.5506329113924051,
      "baseline_brier": 0.24743630828392885,
      "baseline_hit_rate": 0.5506329113924051,
      "brier": 0.24968140348261414,
      "display_ready": true,
      "ece": null,
      "hit_rate": 0.5506329113924051,
      "logloss": 0.692509983104008,
      "n": 948
    }
  },
  "generated_at": "2026-06-21T01:41:13Z",
  "global": {
    "base_rate": 0.5506329113924051,
    "baseline_brier": 0.24743630828392885,
    "baseline_hit_rate": 0.5506329113924051,
    "brier": 0.24968140348261414,
    "display_ready": true,
    "ece": null,
    "hit_rate": 0.5506329113924051,
    "logloss": 0.692509983104008,
    "n": 948
  },
  "metrics_version": "metrics-v0.1.0",
  "min_n_display": 20,
  "rolling": {
    "30d": {
      "base_rate": 0.5506329113924051,
      "baseline_brier": 0.24743630828392885,
      "baseline_hit_rate": 0.5506329113924051,
      "brier": 0.24968140348261414,
      "display_ready": true,
      "ece": null,
      "hit_rate": 0.5506329113924051,
      "logloss": 0.692509983104008,
      "n": 948
    },
    "7d": {
      "base_rate": 0.6923076923076923,
      "baseline_brier": 0.21301775147928995,
      "baseline_hit_rate": 0.6923076923076923,
      "brier": 0.24794843203481903,
      "display_ready": true,
      "ece": null,
      "hit_rate": 0.6923076923076923,
      "logloss": 0.6890438801427865,
      "n": 104
    },
    "90d": {
      "base_rate": 0.5506329113924051,
      "baseline_brier": 0.24743630828392885,
      "baseline_hit_rate": 0.5506329113924051,
      "brier": 0.24968140348261414,
      "display_ready": true,
      "ece": null,
      "hit_rate": 0.5506329113924051,
      "logloss": 0.692509983104008,
      "n": 948
    }
  },
  "schema_version": "1",
  "total_forecasts": 952,
  "total_resolved": 948
}
