{
  "by_horizon": {
    "12h": {
      "base_rate": 0.5632911392405063,
      "baseline_brier": 0.24599423169363885,
      "baseline_hit_rate": 0.5632911392405063,
      "brier": 0.24958950780301195,
      "display_ready": true,
      "ece": null,
      "hit_rate": 0.5632911392405063,
      "logloss": 0.6923267453755105,
      "n": 158
    },
    "1h": {
      "base_rate": 0.5292479108635098,
      "baseline_brier": 0.2491445597101202,
      "baseline_hit_rate": 0.5292479108635098,
      "brier": 0.2501650621728593,
      "display_ready": true,
      "ece": null,
      "hit_rate": 0.5292479108635098,
      "logloss": 0.6934779348711043,
      "n": 718
    },
    "24h": {
      "base_rate": 0.6329113924050633,
      "baseline_brier": 0.23233456176894726,
      "baseline_hit_rate": 0.6329113924050633,
      "brier": 0.24876630274045292,
      "display_ready": true,
      "ece": null,
      "hit_rate": 0.6329113924050633,
      "logloss": 0.6906793139554366,
      "n": 79
    },
    "4h": {
      "base_rate": 0.541095890410959,
      "baseline_brier": 0.24831112779133047,
      "baseline_hit_rate": 0.541095890410959,
      "brier": 0.25007742403101935,
      "display_ready": true,
      "ece": null,
      "hit_rate": 0.541095890410959,
      "logloss": 0.6933024825542993,
      "n": 438
    }
  },
  "by_model_version": {
    "v0.1.0-baseline-shadow": {
      "base_rate": 0.542713567839196,
      "baseline_brier": 0.2481755511224464,
      "baseline_hit_rate": 0.542713567839196,
      "brier": 0.24999289771361888,
      "display_ready": true,
      "ece": null,
      "hit_rate": 0.542713567839196,
      "logloss": 0.693133478943321,
      "n": 1393
    }
  },
  "generated_at": "2026-07-16T11:55:05Z",
  "global": {
    "base_rate": 0.542713567839196,
    "baseline_brier": 0.2481755511224464,
    "baseline_hit_rate": 0.542713567839196,
    "brier": 0.24999289771361888,
    "display_ready": true,
    "ece": null,
    "hit_rate": 0.542713567839196,
    "logloss": 0.693133478943321,
    "n": 1393
  },
  "metrics_version": "metrics-v0.1.0",
  "min_n_display": 20,
  "rolling": {
    "30d": {
      "base_rate": 0.5542635658914729,
      "baseline_brier": 0.24705546541674178,
      "baseline_hit_rate": 0.5542635658914729,
      "brier": 0.2503363149184053,
      "display_ready": true,
      "ece": null,
      "hit_rate": 0.5542635658914729,
      "logloss": 0.6938212722432778,
      "n": 516
    },
    "7d": {
      "base_rate": 0.5481481481481482,
      "baseline_brier": 0.24768175582990398,
      "baseline_hit_rate": 0.5481481481481482,
      "brier": 0.25037596224392944,
      "display_ready": true,
      "ece": null,
      "hit_rate": 0.5481481481481482,
      "logloss": 0.6939004241155504,
      "n": 135
    },
    "90d": {
      "base_rate": 0.542713567839196,
      "baseline_brier": 0.2481755511224464,
      "baseline_hit_rate": 0.542713567839196,
      "brier": 0.24999289771361888,
      "display_ready": true,
      "ece": null,
      "hit_rate": 0.542713567839196,
      "logloss": 0.693133478943321,
      "n": 1393
    }
  },
  "schema_version": "1",
  "total_forecasts": 1397,
  "total_resolved": 1393
}
