{
  "by_horizon": {
    "12h": {
      "base_rate": 0.5704225352112676,
      "baseline_brier": 0.2450406665344178,
      "baseline_hit_rate": 0.5704225352112676,
      "brier": 0.24934257935987247,
      "display_ready": true,
      "ece": null,
      "hit_rate": 0.5704225352112676,
      "logloss": 0.6918326564004589,
      "n": 142
    },
    "1h": {
      "base_rate": 0.5292259083728278,
      "baseline_brier": 0.2491458462797831,
      "baseline_hit_rate": 0.5292259083728278,
      "brier": 0.2501375933336565,
      "display_ready": true,
      "ece": null,
      "hit_rate": 0.5292259083728278,
      "logloss": 0.6934229790812579,
      "n": 633
    },
    "24h": {
      "base_rate": 0.6619718309859155,
      "baseline_brier": 0.22376512596707002,
      "baseline_hit_rate": 0.6619718309859155,
      "brier": 0.2481639613395502,
      "display_ready": true,
      "ece": null,
      "hit_rate": 0.6619718309859155,
      "logloss": 0.689474058368131,
      "n": 71
    },
    "4h": {
      "base_rate": 0.541025641025641,
      "baseline_brier": 0.24831689677843524,
      "baseline_hit_rate": 0.541025641025641,
      "brier": 0.24999013384941712,
      "display_ready": true,
      "ece": null,
      "hit_rate": 0.541025641025641,
      "logloss": 0.6931277479161297,
      "n": 390
    }
  },
  "by_model_version": {
    "v0.1.0-baseline-shadow": {
      "base_rate": 0.5453074433656958,
      "baseline_brier": 0.24794723557566428,
      "baseline_hit_rate": 0.5453074433656958,
      "brier": 0.24988635623437475,
      "display_ready": true,
      "ece": null,
      "hit_rate": 0.5453074433656958,
      "logloss": 0.6929202773452503,
      "n": 1236
    }
  },
  "generated_at": "2026-07-08T03:49:44Z",
  "global": {
    "base_rate": 0.5453074433656958,
    "baseline_brier": 0.24794723557566428,
    "baseline_hit_rate": 0.5453074433656958,
    "brier": 0.24988635623437475,
    "display_ready": true,
    "ece": null,
    "hit_rate": 0.5453074433656958,
    "logloss": 0.6929202773452503,
    "n": 1236
  },
  "metrics_version": "metrics-v0.1.0",
  "min_n_display": 20,
  "rolling": {
    "30d": {
      "base_rate": 0.5740740740740741,
      "baseline_brier": 0.24451303155006857,
      "baseline_hit_rate": 0.5740740740740741,
      "brier": 0.24973770394492276,
      "display_ready": true,
      "ece": null,
      "hit_rate": 0.5740740740740741,
      "logloss": 0.692623550287588,
      "n": 486
    },
    "7d": {
      "base_rate": 0.5483870967741935,
      "baseline_brier": 0.24765868886576484,
      "baseline_hit_rate": 0.5483870967741935,
      "brier": 0.25002906893418264,
      "display_ready": true,
      "ece": null,
      "hit_rate": 0.5483870967741935,
      "logloss": 0.69320632713374,
      "n": 124
    },
    "90d": {
      "base_rate": 0.5453074433656958,
      "baseline_brier": 0.24794723557566428,
      "baseline_hit_rate": 0.5453074433656958,
      "brier": 0.24988635623437475,
      "display_ready": true,
      "ece": null,
      "hit_rate": 0.5453074433656958,
      "logloss": 0.6929202773452503,
      "n": 1236
    }
  },
  "schema_version": "1",
  "total_forecasts": 1240,
  "total_resolved": 1236
}
