{
  "by_horizon": {
    "12h": {
      "base_rate": 0.550561797752809,
      "baseline_brier": 0.24744350460800407,
      "baseline_hit_rate": 0.550561797752809,
      "brier": 0.24979629599221684,
      "display_ready": true,
      "ece": null,
      "hit_rate": 0.550561797752809,
      "logloss": 0.6927404707833507,
      "n": 89
    },
    "1h": {
      "base_rate": 0.5118483412322274,
      "baseline_brier": 0.24985961681004468,
      "baseline_hit_rate": 0.5118483412322274,
      "brier": 0.25033083953947544,
      "display_ready": true,
      "ece": null,
      "hit_rate": 0.5118483412322274,
      "logloss": 0.6938093012634095,
      "n": 422
    },
    "24h": {
      "base_rate": 0.6363636363636364,
      "baseline_brier": 0.23140495867768596,
      "baseline_hit_rate": 0.6363636363636364,
      "brier": 0.24831623983316556,
      "display_ready": true,
      "ece": null,
      "hit_rate": 0.6363636363636364,
      "logloss": 0.6897779498498262,
      "n": 44
    },
    "4h": {
      "base_rate": 0.5201612903225806,
      "baseline_brier": 0.2495935223725286,
      "baseline_hit_rate": 0.5201612903225806,
      "brier": 0.24978350501921465,
      "display_ready": true,
      "ece": null,
      "hit_rate": 0.5201612903225806,
      "logloss": 0.6927136354421354,
      "n": 248
    }
  },
  "by_model_version": {
    "v0.1.0-baseline-shadow": {
      "base_rate": 0.5255292652552926,
      "baseline_brier": 0.24934825661552493,
      "baseline_hit_rate": 0.5255292652552926,
      "brier": 0.2499921649145585,
      "display_ready": true,
      "ece": null,
      "hit_rate": 0.5255292652552926,
      "logloss": 0.6931315546898118,
      "n": 803
    }
  },
  "generated_at": "2026-06-11T16:18:08Z",
  "global": {
    "base_rate": 0.5255292652552926,
    "baseline_brier": 0.24934825661552493,
    "baseline_hit_rate": 0.5255292652552926,
    "brier": 0.2499921649145585,
    "display_ready": true,
    "ece": null,
    "hit_rate": 0.5255292652552926,
    "logloss": 0.6931315546898118,
    "n": 803
  },
  "metrics_version": "metrics-v0.1.0",
  "min_n_display": 20,
  "rolling": {
    "30d": {
      "base_rate": 0.5255292652552926,
      "baseline_brier": 0.24934825661552493,
      "baseline_hit_rate": 0.5255292652552926,
      "brier": 0.2499921649145585,
      "display_ready": true,
      "ece": null,
      "hit_rate": 0.5255292652552926,
      "logloss": 0.6931315546898118,
      "n": 803
    },
    "7d": {
      "base_rate": 0.5255292652552926,
      "baseline_brier": 0.24934825661552493,
      "baseline_hit_rate": 0.5255292652552926,
      "brier": 0.2499921649145585,
      "display_ready": true,
      "ece": null,
      "hit_rate": 0.5255292652552926,
      "logloss": 0.6931315546898118,
      "n": 803
    },
    "90d": {
      "base_rate": 0.5255292652552926,
      "baseline_brier": 0.24934825661552493,
      "baseline_hit_rate": 0.5255292652552926,
      "brier": 0.2499921649145585,
      "display_ready": true,
      "ece": null,
      "hit_rate": 0.5255292652552926,
      "logloss": 0.6931315546898118,
      "n": 803
    }
  },
  "schema_version": "1",
  "total_forecasts": 804,
  "total_resolved": 803
}
