{
  "by_horizon": {
    "12h": {
      "base_rate": 0.5568181818181818,
      "baseline_brier": 0.24677169421487602,
      "baseline_hit_rate": 0.5568181818181818,
      "brier": 0.24975559754325038,
      "display_ready": true,
      "ece": null,
      "hit_rate": 0.5568181818181818,
      "logloss": 0.692659080657987,
      "n": 88
    },
    "1h": {
      "base_rate": 0.5107398568019093,
      "baseline_brier": 0.2498846554758745,
      "baseline_hit_rate": 0.5107398568019093,
      "brier": 0.25039930179517156,
      "display_ready": true,
      "ece": null,
      "hit_rate": 0.5107398568019093,
      "logloss": 0.693946278338639,
      "n": 419
    },
    "24h": {
      "base_rate": 0.6363636363636364,
      "baseline_brier": 0.23140495867768596,
      "baseline_hit_rate": 0.6363636363636364,
      "brier": 0.24831623983316556,
      "display_ready": true,
      "ece": null,
      "hit_rate": 0.6363636363636364,
      "logloss": 0.6897779498498262,
      "n": 44
    },
    "4h": {
      "base_rate": 0.5183673469387755,
      "baseline_brier": 0.24966264056643064,
      "baseline_hit_rate": 0.5183673469387755,
      "brier": 0.24989388739299376,
      "display_ready": true,
      "ece": null,
      "hit_rate": 0.5183673469387755,
      "logloss": 0.6929344778791041,
      "n": 245
    }
  },
  "by_model_version": {
    "v0.1.0-baseline-shadow": {
      "base_rate": 0.5251256281407035,
      "baseline_brier": 0.24936870281053508,
      "baseline_hit_rate": 0.5251256281407035,
      "brier": 0.25005743341699205,
      "display_ready": true,
      "ece": null,
      "hit_rate": 0.5251256281407035,
      "logloss": 0.6932621439642782,
      "n": 796
    }
  },
  "generated_at": "2026-06-11T01:34:41Z",
  "global": {
    "base_rate": 0.5251256281407035,
    "baseline_brier": 0.24936870281053508,
    "baseline_hit_rate": 0.5251256281407035,
    "brier": 0.25005743341699205,
    "display_ready": true,
    "ece": null,
    "hit_rate": 0.5251256281407035,
    "logloss": 0.6932621439642782,
    "n": 796
  },
  "metrics_version": "metrics-v0.1.0",
  "min_n_display": 20,
  "rolling": {
    "30d": {
      "base_rate": 0.5251256281407035,
      "baseline_brier": 0.24936870281053508,
      "baseline_hit_rate": 0.5251256281407035,
      "brier": 0.25005743341699205,
      "display_ready": true,
      "ece": null,
      "hit_rate": 0.5251256281407035,
      "logloss": 0.6932621439642782,
      "n": 796
    },
    "7d": {
      "base_rate": 0.5251256281407035,
      "baseline_brier": 0.24936870281053508,
      "baseline_hit_rate": 0.5251256281407035,
      "brier": 0.25005743341699205,
      "display_ready": true,
      "ece": null,
      "hit_rate": 0.5251256281407035,
      "logloss": 0.6932621439642782,
      "n": 796
    },
    "90d": {
      "base_rate": 0.5251256281407035,
      "baseline_brier": 0.24936870281053508,
      "baseline_hit_rate": 0.5251256281407035,
      "brier": 0.25005743341699205,
      "display_ready": true,
      "ece": null,
      "hit_rate": 0.5251256281407035,
      "logloss": 0.6932621439642782,
      "n": 796
    }
  },
  "schema_version": "1",
  "total_forecasts": 796,
  "total_resolved": 796
}
