{
  "by_horizon": {
    "12h": {
      "base_rate": 0.5604395604395604,
      "baseline_brier": 0.2463470595338727,
      "baseline_hit_rate": 0.5604395604395604,
      "brier": 0.24958181525111775,
      "display_ready": true,
      "ece": null,
      "hit_rate": 0.5604395604395604,
      "logloss": 0.6923114335531801,
      "n": 91
    },
    "1h": {
      "base_rate": 0.5116822429906542,
      "baseline_brier": 0.24986352519870733,
      "baseline_hit_rate": 0.5116822429906542,
      "brier": 0.2503167408690261,
      "display_ready": true,
      "ece": null,
      "hit_rate": 0.5116822429906542,
      "logloss": 0.6937810776310911,
      "n": 428
    },
    "24h": {
      "base_rate": 0.6222222222222222,
      "baseline_brier": 0.23506172839506173,
      "baseline_hit_rate": 0.6222222222222222,
      "brier": 0.24842871804801223,
      "display_ready": true,
      "ece": null,
      "hit_rate": 0.6222222222222222,
      "logloss": 0.6900029465601712,
      "n": 45
    },
    "4h": {
      "base_rate": 0.5217391304347826,
      "baseline_brier": 0.2495274102079395,
      "baseline_hit_rate": 0.5217391304347826,
      "brier": 0.24975987049818732,
      "display_ready": true,
      "ece": null,
      "hit_rate": 0.5217391304347826,
      "logloss": 0.6926663654789128,
      "n": 253
    }
  },
  "by_model_version": {
    "v0.1.0-baseline-shadow": {
      "base_rate": 0.5263157894736842,
      "baseline_brier": 0.2493074792243767,
      "baseline_hit_rate": 0.5263157894736842,
      "brier": 0.24995844532190553,
      "display_ready": true,
      "ece": null,
      "hit_rate": 0.5263157894736842,
      "logloss": 0.6930640939300111,
      "n": 817
    }
  },
  "generated_at": "2026-06-12T14:16:45Z",
  "global": {
    "base_rate": 0.5263157894736842,
    "baseline_brier": 0.2493074792243767,
    "baseline_hit_rate": 0.5263157894736842,
    "brier": 0.24995844532190553,
    "display_ready": true,
    "ece": null,
    "hit_rate": 0.5263157894736842,
    "logloss": 0.6930640939300111,
    "n": 817
  },
  "metrics_version": "metrics-v0.1.0",
  "min_n_display": 20,
  "rolling": {
    "30d": {
      "base_rate": 0.5263157894736842,
      "baseline_brier": 0.2493074792243767,
      "baseline_hit_rate": 0.5263157894736842,
      "brier": 0.24995844532190553,
      "display_ready": true,
      "ece": null,
      "hit_rate": 0.5263157894736842,
      "logloss": 0.6930640939300111,
      "n": 817
    },
    "7d": {
      "base_rate": 0.5263157894736842,
      "baseline_brier": 0.2493074792243767,
      "baseline_hit_rate": 0.5263157894736842,
      "brier": 0.24995844532190553,
      "display_ready": true,
      "ece": null,
      "hit_rate": 0.5263157894736842,
      "logloss": 0.6930640939300111,
      "n": 817
    },
    "90d": {
      "base_rate": 0.5263157894736842,
      "baseline_brier": 0.2493074792243767,
      "baseline_hit_rate": 0.5263157894736842,
      "brier": 0.24995844532190553,
      "display_ready": true,
      "ece": null,
      "hit_rate": 0.5263157894736842,
      "logloss": 0.6930640939300111,
      "n": 817
    }
  },
  "schema_version": "1",
  "total_forecasts": 821,
  "total_resolved": 817
}
