{
  "by_horizon": {
    "12h": {
      "base_rate": 0.5772357723577236,
      "baseline_brier": 0.2440346354683059,
      "baseline_hit_rate": 0.5772357723577236,
      "brier": 0.24919670181473874,
      "display_ready": true,
      "ece": null,
      "hit_rate": 0.5772357723577236,
      "logloss": 0.6915410053565668,
      "n": 123
    },
    "1h": {
      "base_rate": 0.5216606498194946,
      "baseline_brier": 0.2495308162493972,
      "baseline_hit_rate": 0.5216606498194946,
      "brier": 0.2501973615282976,
      "display_ready": true,
      "ece": null,
      "hit_rate": 0.5216606498194946,
      "logloss": 0.6935424450085997,
      "n": 554
    },
    "24h": {
      "base_rate": 0.6557377049180327,
      "baseline_brier": 0.22574576726686377,
      "baseline_hit_rate": 0.6557377049180327,
      "brier": 0.2480847763047276,
      "display_ready": true,
      "ece": null,
      "hit_rate": 0.6557377049180327,
      "logloss": 0.6893154518763513,
      "n": 61
    },
    "4h": {
      "base_rate": 0.5529411764705883,
      "baseline_brier": 0.24719723183391004,
      "baseline_hit_rate": 0.5529411764705883,
      "brier": 0.24968809568881792,
      "display_ready": true,
      "ece": null,
      "hit_rate": 0.5529411764705883,
      "logloss": 0.6925234297836039,
      "n": 340
    }
  },
  "by_model_version": {
    "v0.1.0-baseline-shadow": {
      "base_rate": 0.5454545454545454,
      "baseline_brier": 0.24793388429752064,
      "baseline_hit_rate": 0.5454545454545454,
      "brier": 0.24980302087075715,
      "display_ready": true,
      "ece": null,
      "hit_rate": 0.5454545454545454,
      "logloss": 0.6927534943269987,
      "n": 1078
    }
  },
  "generated_at": "2026-06-28T23:34:10Z",
  "global": {
    "base_rate": 0.5454545454545454,
    "baseline_brier": 0.24793388429752064,
    "baseline_hit_rate": 0.5454545454545454,
    "brier": 0.24980302087075715,
    "display_ready": true,
    "ece": null,
    "hit_rate": 0.5454545454545454,
    "logloss": 0.6927534943269987,
    "n": 1078
  },
  "metrics_version": "metrics-v0.1.0",
  "min_n_display": 20,
  "rolling": {
    "30d": {
      "base_rate": 0.5454545454545454,
      "baseline_brier": 0.24793388429752064,
      "baseline_hit_rate": 0.5454545454545454,
      "brier": 0.24980302087075715,
      "display_ready": true,
      "ece": null,
      "hit_rate": 0.5454545454545454,
      "logloss": 0.6927534943269987,
      "n": 1078
    },
    "7d": {
      "base_rate": 0.48717948717948717,
      "baseline_brier": 0.24983563445101903,
      "baseline_hit_rate": 0.5128205128205128,
      "brier": 0.2508931054819826,
      "display_ready": true,
      "ece": null,
      "hit_rate": 0.48717948717948717,
      "logloss": 0.694935955589279,
      "n": 117
    },
    "90d": {
      "base_rate": 0.5454545454545454,
      "baseline_brier": 0.24793388429752064,
      "baseline_hit_rate": 0.5454545454545454,
      "brier": 0.24980302087075715,
      "display_ready": true,
      "ece": null,
      "hit_rate": 0.5454545454545454,
      "logloss": 0.6927534943269987,
      "n": 1078
    }
  },
  "schema_version": "1",
  "total_forecasts": 1082,
  "total_resolved": 1078
}
