{
  "by_horizon": {
    "12h": {
      "base_rate": 0.5772357723577236,
      "baseline_brier": 0.2440346354683059,
      "baseline_hit_rate": 0.5772357723577236,
      "brier": 0.24919670181473874,
      "display_ready": true,
      "ece": null,
      "hit_rate": 0.5772357723577236,
      "logloss": 0.6915410053565668,
      "n": 123
    },
    "1h": {
      "base_rate": 0.5237226277372263,
      "baseline_brier": 0.24943723693324096,
      "baseline_hit_rate": 0.5237226277372263,
      "brier": 0.2501795713753107,
      "display_ready": true,
      "ece": null,
      "hit_rate": 0.5237226277372263,
      "logloss": 0.6935068658447028,
      "n": 548
    },
    "24h": {
      "base_rate": 0.6557377049180327,
      "baseline_brier": 0.22574576726686377,
      "baseline_hit_rate": 0.6557377049180327,
      "brier": 0.2480847763047276,
      "display_ready": true,
      "ece": null,
      "hit_rate": 0.6557377049180327,
      "logloss": 0.6893154518763513,
      "n": 61
    },
    "4h": {
      "base_rate": 0.5502958579881657,
      "baseline_brier": 0.24747032666923427,
      "baseline_hit_rate": 0.5502958579881657,
      "brier": 0.24970599349955244,
      "display_ready": true,
      "ece": null,
      "hit_rate": 0.5502958579881657,
      "logloss": 0.692559226603386,
      "n": 338
    }
  },
  "by_model_version": {
    "v0.1.0-baseline-shadow": {
      "base_rate": 0.5457943925233645,
      "baseline_brier": 0.247902873613416,
      "baseline_hit_rate": 0.5457943925233645,
      "brier": 0.2497975669105797,
      "display_ready": true,
      "ece": null,
      "hit_rate": 0.5457943925233645,
      "logloss": 0.6927425862599597,
      "n": 1070
    }
  },
  "generated_at": "2026-06-28T12:48:41Z",
  "global": {
    "base_rate": 0.5457943925233645,
    "baseline_brier": 0.247902873613416,
    "baseline_hit_rate": 0.5457943925233645,
    "brier": 0.2497975669105797,
    "display_ready": true,
    "ece": null,
    "hit_rate": 0.5457943925233645,
    "logloss": 0.6927425862599597,
    "n": 1070
  },
  "metrics_version": "metrics-v0.1.0",
  "min_n_display": 20,
  "rolling": {
    "30d": {
      "base_rate": 0.5457943925233645,
      "baseline_brier": 0.247902873613416,
      "baseline_hit_rate": 0.5457943925233645,
      "brier": 0.2497975669105797,
      "display_ready": true,
      "ece": null,
      "hit_rate": 0.5457943925233645,
      "logloss": 0.6927425862599597,
      "n": 1070
    },
    "7d": {
      "base_rate": 0.5084745762711864,
      "baseline_brier": 0.24992818155702384,
      "baseline_hit_rate": 0.5084745762711864,
      "brier": 0.2508033304190521,
      "display_ready": true,
      "ece": null,
      "hit_rate": 0.5084745762711864,
      "logloss": 0.6947563758868457,
      "n": 118
    },
    "90d": {
      "base_rate": 0.5457943925233645,
      "baseline_brier": 0.247902873613416,
      "baseline_hit_rate": 0.5457943925233645,
      "brier": 0.2497975669105797,
      "display_ready": true,
      "ece": null,
      "hit_rate": 0.5457943925233645,
      "logloss": 0.6927425862599597,
      "n": 1070
    }
  },
  "schema_version": "1",
  "total_forecasts": 1074,
  "total_resolved": 1070
}
