{
  "by_horizon": {
    "12h": {
      "base_rate": 0.5826771653543307,
      "baseline_brier": 0.24316448632897267,
      "baseline_hit_rate": 0.5826771653543307,
      "brier": 0.2492094579067889,
      "display_ready": true,
      "ece": null,
      "hit_rate": 0.5826771653543307,
      "logloss": 0.6915665115931984,
      "n": 127
    },
    "1h": {
      "base_rate": 0.5229681978798587,
      "baseline_brier": 0.24947246188615166,
      "baseline_hit_rate": 0.5229681978798587,
      "brier": 0.2501880834479116,
      "display_ready": true,
      "ece": null,
      "hit_rate": 0.5229681978798587,
      "logloss": 0.69352386780242,
      "n": 566
    },
    "24h": {
      "base_rate": 0.6507936507936508,
      "baseline_brier": 0.22726127488032252,
      "baseline_hit_rate": 0.6507936507936508,
      "brier": 0.24818844148035107,
      "display_ready": true,
      "ece": null,
      "hit_rate": 0.6507936507936508,
      "logloss": 0.6895228375776471,
      "n": 63
    },
    "4h": {
      "base_rate": 0.5530085959885387,
      "baseline_brier": 0.2471900887513239,
      "baseline_hit_rate": 0.5530085959885387,
      "brier": 0.2497071676710798,
      "display_ready": true,
      "ece": null,
      "hit_rate": 0.5530085959885387,
      "logloss": 0.6925615556722249,
      "n": 349
    }
  },
  "by_model_version": {
    "v0.1.0-baseline-shadow": {
      "base_rate": 0.5466063348416289,
      "baseline_brier": 0.24782784955262993,
      "baseline_hit_rate": 0.5466063348416289,
      "brier": 0.24980971015036119,
      "display_ready": true,
      "ece": null,
      "hit_rate": 0.5466063348416289,
      "logloss": 0.6927668577787368,
      "n": 1105
    }
  },
  "generated_at": "2026-06-30T17:17:11Z",
  "global": {
    "base_rate": 0.5466063348416289,
    "baseline_brier": 0.24782784955262993,
    "baseline_hit_rate": 0.5466063348416289,
    "brier": 0.24980971015036119,
    "display_ready": true,
    "ece": null,
    "hit_rate": 0.5466063348416289,
    "logloss": 0.6927668577787368,
    "n": 1105
  },
  "metrics_version": "metrics-v0.1.0",
  "min_n_display": 20,
  "rolling": {
    "30d": {
      "base_rate": 0.5466063348416289,
      "baseline_brier": 0.24782784955262993,
      "baseline_hit_rate": 0.5466063348416289,
      "brier": 0.24980971015036119,
      "display_ready": true,
      "ece": null,
      "hit_rate": 0.5466063348416289,
      "logloss": 0.6927668577787368,
      "n": 1105
    },
    "7d": {
      "base_rate": 0.4745762711864407,
      "baseline_brier": 0.24935363401321456,
      "baseline_hit_rate": 0.5254237288135593,
      "brier": 0.2517547602375784,
      "display_ready": true,
      "ece": null,
      "hit_rate": 0.4745762711864407,
      "logloss": 0.6966604762508584,
      "n": 118
    },
    "90d": {
      "base_rate": 0.5466063348416289,
      "baseline_brier": 0.24782784955262993,
      "baseline_hit_rate": 0.5466063348416289,
      "brier": 0.24980971015036119,
      "display_ready": true,
      "ece": null,
      "hit_rate": 0.5466063348416289,
      "logloss": 0.6927668577787368,
      "n": 1105
    }
  },
  "schema_version": "1",
  "total_forecasts": 1109,
  "total_resolved": 1105
}
