{
  "by_horizon": {
    "12h": {
      "base_rate": 0.5827338129496403,
      "baseline_brier": 0.24315511619481392,
      "baseline_hit_rate": 0.5827338129496403,
      "brier": 0.24907334365034314,
      "display_ready": true,
      "ece": null,
      "hit_rate": 0.5827338129496403,
      "logloss": 0.6912939974263227,
      "n": 139
    },
    "1h": {
      "base_rate": 0.5329052969502408,
      "baseline_brier": 0.24891724143261648,
      "baseline_hit_rate": 0.5329052969502408,
      "brier": 0.2500473390249224,
      "display_ready": true,
      "ece": null,
      "hit_rate": 0.5329052969502408,
      "logloss": 0.6932424156428408,
      "n": 623
    },
    "24h": {
      "base_rate": 0.6666666666666666,
      "baseline_brier": 0.22222222222222224,
      "baseline_hit_rate": 0.6666666666666666,
      "brier": 0.2479735123737109,
      "display_ready": true,
      "ece": null,
      "hit_rate": 0.6666666666666666,
      "logloss": 0.6890930120606911,
      "n": 69
    },
    "4h": {
      "base_rate": 0.5483028720626631,
      "baseline_brier": 0.247666832550498,
      "baseline_hit_rate": 0.5483028720626631,
      "brier": 0.24990775586033043,
      "display_ready": true,
      "ece": null,
      "hit_rate": 0.5483028720626631,
      "logloss": 0.6929629650115043,
      "n": 383
    }
  },
  "by_model_version": {
    "v0.1.0-baseline-shadow": {
      "base_rate": 0.5510708401976936,
      "baseline_brier": 0.24739176928150164,
      "baseline_hit_rate": 0.5510708401976936,
      "brier": 0.249773912543836,
      "display_ready": true,
      "ece": null,
      "hit_rate": 0.5510708401976936,
      "logloss": 0.6926953245628851,
      "n": 1214
    }
  },
  "generated_at": "2026-07-06T22:22:35Z",
  "global": {
    "base_rate": 0.5510708401976936,
    "baseline_brier": 0.24739176928150164,
    "baseline_hit_rate": 0.5510708401976936,
    "brier": 0.249773912543836,
    "display_ready": true,
    "ece": null,
    "hit_rate": 0.5510708401976936,
    "logloss": 0.6926953245628851,
    "n": 1214
  },
  "metrics_version": "metrics-v0.1.0",
  "min_n_display": 20,
  "rolling": {
    "30d": {
      "base_rate": 0.5510708401976936,
      "baseline_brier": 0.24739176928150164,
      "baseline_hit_rate": 0.5510708401976936,
      "brier": 0.249773912543836,
      "display_ready": true,
      "ece": null,
      "hit_rate": 0.5510708401976936,
      "logloss": 0.6926953245628851,
      "n": 1214
    },
    "7d": {
      "base_rate": 0.6115702479338843,
      "baseline_brier": 0.23755207977597156,
      "baseline_hit_rate": 0.6115702479338843,
      "brier": 0.24914720198534332,
      "display_ready": true,
      "ece": null,
      "hit_rate": 0.6115702479338843,
      "logloss": 0.6914422621726631,
      "n": 121
    },
    "90d": {
      "base_rate": 0.5510708401976936,
      "baseline_brier": 0.24739176928150164,
      "baseline_hit_rate": 0.5510708401976936,
      "brier": 0.249773912543836,
      "display_ready": true,
      "ece": null,
      "hit_rate": 0.5510708401976936,
      "logloss": 0.6926953245628851,
      "n": 1214
    }
  },
  "schema_version": "1",
  "total_forecasts": 1217,
  "total_resolved": 1214
}
