{
  "by_horizon": {
    "12h": {
      "base_rate": 0.5705521472392638,
      "baseline_brier": 0.24502239451992922,
      "baseline_hit_rate": 0.5705521472392638,
      "brier": 0.24947611445318854,
      "display_ready": true,
      "ece": null,
      "hit_rate": 0.5705521472392638,
      "logloss": 0.6920999074018285,
      "n": 163
    },
    "1h": {
      "base_rate": 0.5302013422818792,
      "baseline_brier": 0.24908787892437276,
      "baseline_hit_rate": 0.5302013422818792,
      "brier": 0.2501708082076696,
      "display_ready": true,
      "ece": null,
      "hit_rate": 0.5302013422818792,
      "logloss": 0.6934894219798468,
      "n": 745
    },
    "24h": {
      "base_rate": 0.6296296296296297,
      "baseline_brier": 0.23319615912208505,
      "baseline_hit_rate": 0.6296296296296297,
      "brier": 0.2489107180523578,
      "display_ready": true,
      "ece": null,
      "hit_rate": 0.6296296296296297,
      "logloss": 0.6909681935182765,
      "n": 81
    },
    "4h": {
      "base_rate": 0.5442477876106194,
      "baseline_brier": 0.2480421332915655,
      "baseline_hit_rate": 0.5442477876106194,
      "brier": 0.25007081614599214,
      "display_ready": true,
      "ece": null,
      "hit_rate": 0.5442477876106194,
      "logloss": 0.6932892814880109,
      "n": 452
    }
  },
  "by_model_version": {
    "v0.1.0-baseline-shadow": {
      "base_rate": 0.5447605829285218,
      "baseline_brier": 0.24799649021589892,
      "baseline_hit_rate": 0.5447605829285218,
      "brier": 0.2499900318048668,
      "display_ready": true,
      "ece": null,
      "hit_rate": 0.5447605829285218,
      "logloss": 0.6931277468348683,
      "n": 1441
    }
  },
  "generated_at": "2026-07-18T16:14:39Z",
  "global": {
    "base_rate": 0.5447605829285218,
    "baseline_brier": 0.24799649021589892,
    "baseline_hit_rate": 0.5447605829285218,
    "brier": 0.2499900318048668,
    "display_ready": true,
    "ece": null,
    "hit_rate": 0.5447605829285218,
    "logloss": 0.6931277468348683,
    "n": 1441
  },
  "metrics_version": "metrics-v0.1.0",
  "min_n_display": 20,
  "rolling": {
    "30d": {
      "base_rate": 0.5541044776119403,
      "baseline_brier": 0.24707270550233906,
      "baseline_hit_rate": 0.5541044776119403,
      "brier": 0.2502791660409167,
      "display_ready": true,
      "ece": null,
      "hit_rate": 0.5541044776119403,
      "logloss": 0.6937068647986878,
      "n": 536
    },
    "7d": {
      "base_rate": 0.5486111111111112,
      "baseline_brier": 0.24763695987654322,
      "baseline_hit_rate": 0.5486111111111112,
      "brier": 0.25046731580708065,
      "display_ready": true,
      "ece": null,
      "hit_rate": 0.5486111111111112,
      "logloss": 0.6940830994219024,
      "n": 144
    },
    "90d": {
      "base_rate": 0.5447605829285218,
      "baseline_brier": 0.24799649021589892,
      "baseline_hit_rate": 0.5447605829285218,
      "brier": 0.2499900318048668,
      "display_ready": true,
      "ece": null,
      "hit_rate": 0.5447605829285218,
      "logloss": 0.6931277468348683,
      "n": 1441
    }
  },
  "schema_version": "1",
  "total_forecasts": 1445,
  "total_resolved": 1441
}
