{
  "by_horizon": {
    "12h": {
      "base_rate": 0.5555555555555556,
      "baseline_brier": 0.24691358024691357,
      "baseline_hit_rate": 0.5555555555555556,
      "brier": 0.24969815877738452,
      "display_ready": true,
      "ece": null,
      "hit_rate": 0.5555555555555556,
      "logloss": 0.6925441664286613,
      "n": 90
    },
    "1h": {
      "base_rate": 0.5105386416861827,
      "baseline_brier": 0.24988893703141027,
      "baseline_hit_rate": 0.5105386416861827,
      "brier": 0.25032742051960494,
      "display_ready": true,
      "ece": null,
      "hit_rate": 0.5105386416861827,
      "logloss": 0.6938024383852145,
      "n": 427
    },
    "24h": {
      "base_rate": 0.6222222222222222,
      "baseline_brier": 0.23506172839506173,
      "baseline_hit_rate": 0.6222222222222222,
      "brier": 0.24842871804801223,
      "display_ready": true,
      "ece": null,
      "hit_rate": 0.6222222222222222,
      "logloss": 0.6900029465601712,
      "n": 45
    },
    "4h": {
      "base_rate": 0.5198412698412699,
      "baseline_brier": 0.24960632401108593,
      "baseline_hit_rate": 0.5198412698412699,
      "brier": 0.2497757567697204,
      "display_ready": true,
      "ece": null,
      "hit_rate": 0.5198412698412699,
      "logloss": 0.692698136629145,
      "n": 252
    }
  },
  "by_model_version": {
    "v0.1.0-baseline-shadow": {
      "base_rate": 0.5245700245700246,
      "baseline_brier": 0.24939631389262837,
      "baseline_hit_rate": 0.5245700245700246,
      "brier": 0.2499820956633489,
      "display_ready": true,
      "ece": null,
      "hit_rate": 0.5245700245700246,
      "logloss": 0.6931113995022338,
      "n": 814
    }
  },
  "generated_at": "2026-06-12T11:07:01Z",
  "global": {
    "base_rate": 0.5245700245700246,
    "baseline_brier": 0.24939631389262837,
    "baseline_hit_rate": 0.5245700245700246,
    "brier": 0.2499820956633489,
    "display_ready": true,
    "ece": null,
    "hit_rate": 0.5245700245700246,
    "logloss": 0.6931113995022338,
    "n": 814
  },
  "metrics_version": "metrics-v0.1.0",
  "min_n_display": 20,
  "rolling": {
    "30d": {
      "base_rate": 0.5245700245700246,
      "baseline_brier": 0.24939631389262837,
      "baseline_hit_rate": 0.5245700245700246,
      "brier": 0.2499820956633489,
      "display_ready": true,
      "ece": null,
      "hit_rate": 0.5245700245700246,
      "logloss": 0.6931113995022338,
      "n": 814
    },
    "7d": {
      "base_rate": 0.5245700245700246,
      "baseline_brier": 0.24939631389262837,
      "baseline_hit_rate": 0.5245700245700246,
      "brier": 0.2499820956633489,
      "display_ready": true,
      "ece": null,
      "hit_rate": 0.5245700245700246,
      "logloss": 0.6931113995022338,
      "n": 814
    },
    "90d": {
      "base_rate": 0.5245700245700246,
      "baseline_brier": 0.24939631389262837,
      "baseline_hit_rate": 0.5245700245700246,
      "brier": 0.2499820956633489,
      "display_ready": true,
      "ece": null,
      "hit_rate": 0.5245700245700246,
      "logloss": 0.6931113995022338,
      "n": 814
    }
  },
  "schema_version": "1",
  "total_forecasts": 816,
  "total_resolved": 814
}
