{
  "by_horizon": {
    "12h": {
      "base_rate": 0.5652173913043478,
      "baseline_brier": 0.2457466918714556,
      "baseline_hit_rate": 0.5652173913043478,
      "brier": 0.24957028459653677,
      "display_ready": true,
      "ece": null,
      "hit_rate": 0.5652173913043478,
      "logloss": 0.692288365383827,
      "n": 92
    },
    "1h": {
      "base_rate": 0.5115740740740741,
      "baseline_brier": 0.24986604080932787,
      "baseline_hit_rate": 0.5115740740740741,
      "brier": 0.25030748899506683,
      "display_ready": true,
      "ece": null,
      "hit_rate": 0.5115740740740741,
      "logloss": 0.6937625688245302,
      "n": 432
    },
    "24h": {
      "base_rate": 0.6304347826086957,
      "baseline_brier": 0.2329867674858223,
      "baseline_hit_rate": 0.6304347826086957,
      "brier": 0.2482261567401665,
      "display_ready": true,
      "ece": null,
      "hit_rate": 0.6304347826086957,
      "logloss": 0.68959778412973,
      "n": 46
    },
    "4h": {
      "base_rate": 0.51953125,
      "baseline_brier": 0.2496185302734375,
      "baseline_hit_rate": 0.51953125,
      "brier": 0.24979736914600165,
      "display_ready": true,
      "ece": null,
      "hit_rate": 0.51953125,
      "logloss": 0.6927413726120238,
      "n": 256
    }
  },
  "by_model_version": {
    "v0.1.0-baseline-shadow": {
      "base_rate": 0.5266343825665859,
      "baseline_brier": 0.24929060966529673,
      "baseline_hit_rate": 0.5266343825665859,
      "brier": 0.24995136941909724,
      "display_ready": true,
      "ece": null,
      "hit_rate": 0.5266343825665859,
      "logloss": 0.6930499380219792,
      "n": 826
    }
  },
  "generated_at": "2026-06-13T01:32:47Z",
  "global": {
    "base_rate": 0.5266343825665859,
    "baseline_brier": 0.24929060966529673,
    "baseline_hit_rate": 0.5266343825665859,
    "brier": 0.24995136941909724,
    "display_ready": true,
    "ece": null,
    "hit_rate": 0.5266343825665859,
    "logloss": 0.6930499380219792,
    "n": 826
  },
  "metrics_version": "metrics-v0.1.0",
  "min_n_display": 20,
  "rolling": {
    "30d": {
      "base_rate": 0.5266343825665859,
      "baseline_brier": 0.24929060966529673,
      "baseline_hit_rate": 0.5266343825665859,
      "brier": 0.24995136941909724,
      "display_ready": true,
      "ece": null,
      "hit_rate": 0.5266343825665859,
      "logloss": 0.6930499380219792,
      "n": 826
    },
    "7d": {
      "base_rate": 0.5266343825665859,
      "baseline_brier": 0.24929060966529673,
      "baseline_hit_rate": 0.5266343825665859,
      "brier": 0.24995136941909724,
      "display_ready": true,
      "ece": null,
      "hit_rate": 0.5266343825665859,
      "logloss": 0.6930499380219792,
      "n": 826
    },
    "90d": {
      "base_rate": 0.5266343825665859,
      "baseline_brier": 0.24929060966529673,
      "baseline_hit_rate": 0.5266343825665859,
      "brier": 0.24995136941909724,
      "display_ready": true,
      "ece": null,
      "hit_rate": 0.5266343825665859,
      "logloss": 0.6930499380219792,
      "n": 826
    }
  },
  "schema_version": "1",
  "total_forecasts": 826,
  "total_resolved": 826
}
