{
  "by_horizon": {
    "12h": {
      "base_rate": 0.567741935483871,
      "baseline_brier": 0.24541103017689905,
      "baseline_hit_rate": 0.567741935483871,
      "brier": 0.24948525352580136,
      "display_ready": true,
      "ece": null,
      "hit_rate": 0.567741935483871,
      "logloss": 0.6921181032287855,
      "n": 155
    },
    "1h": {
      "base_rate": 0.5278174037089871,
      "baseline_brier": 0.24922619205089122,
      "baseline_hit_rate": 0.5278174037089871,
      "brier": 0.2502040652343766,
      "display_ready": true,
      "ece": null,
      "hit_rate": 0.5278174037089871,
      "logloss": 0.6935559473338379,
      "n": 701
    },
    "24h": {
      "base_rate": 0.6493506493506493,
      "baseline_brier": 0.22769438353853938,
      "baseline_hit_rate": 0.6493506493506493,
      "brier": 0.24829874686643189,
      "display_ready": true,
      "ece": null,
      "hit_rate": 0.6493506493506493,
      "logloss": 0.6897437025170247,
      "n": 77
    },
    "4h": {
      "base_rate": 0.5397196261682243,
      "baseline_brier": 0.2484223512970565,
      "baseline_hit_rate": 0.5397196261682243,
      "brier": 0.2500170581739378,
      "display_ready": true,
      "ece": null,
      "hit_rate": 0.5397196261682243,
      "logloss": 0.6931815906345926,
      "n": 428
    }
  },
  "by_model_version": {
    "v0.1.0-baseline-shadow": {
      "base_rate": 0.5429831006612784,
      "baseline_brier": 0.24815245305754238,
      "baseline_hit_rate": 0.5429831006612784,
      "brier": 0.24995559767300357,
      "display_ready": true,
      "ece": null,
      "hit_rate": 0.5429831006612784,
      "logloss": 0.6930587883665676,
      "n": 1361
    }
  },
  "generated_at": "2026-07-14T19:45:55Z",
  "global": {
    "base_rate": 0.5429831006612784,
    "baseline_brier": 0.24815245305754238,
    "baseline_hit_rate": 0.5429831006612784,
    "brier": 0.24995559767300357,
    "display_ready": true,
    "ece": null,
    "hit_rate": 0.5429831006612784,
    "logloss": 0.6930587883665676,
    "n": 1361
  },
  "metrics_version": "metrics-v0.1.0",
  "min_n_display": 20,
  "rolling": {
    "30d": {
      "base_rate": 0.5621301775147929,
      "baseline_brier": 0.2461398410419803,
      "baseline_hit_rate": 0.5621301775147929,
      "brier": 0.25006332917100027,
      "display_ready": true,
      "ece": null,
      "hit_rate": 0.5621301775147929,
      "logloss": 0.6932749279347473,
      "n": 507
    },
    "7d": {
      "base_rate": 0.49624060150375937,
      "baseline_brier": 0.24998586692294644,
      "baseline_hit_rate": 0.5037593984962406,
      "brier": 0.2509119420183007,
      "display_ready": true,
      "ece": null,
      "hit_rate": 0.49624060150375937,
      "logloss": 0.6949718167713216,
      "n": 133
    },
    "90d": {
      "base_rate": 0.5429831006612784,
      "baseline_brier": 0.24815245305754238,
      "baseline_hit_rate": 0.5429831006612784,
      "brier": 0.24995559767300357,
      "display_ready": true,
      "ece": null,
      "hit_rate": 0.5429831006612784,
      "logloss": 0.6930587883665676,
      "n": 1361
    }
  },
  "schema_version": "1",
  "total_forecasts": 1365,
  "total_resolved": 1361
}
