{
  "by_horizon": {
    "12h": {
      "base_rate": 0.5714285714285714,
      "baseline_brier": 0.24489795918367346,
      "baseline_hit_rate": 0.5714285714285714,
      "brier": 0.24941930564530376,
      "display_ready": true,
      "ece": null,
      "hit_rate": 0.5714285714285714,
      "logloss": 0.691986194865111,
      "n": 154
    },
    "1h": {
      "base_rate": 0.5266187050359712,
      "baseline_brier": 0.24929144454220795,
      "baseline_hit_rate": 0.5266187050359712,
      "brier": 0.250221391276819,
      "display_ready": true,
      "ece": null,
      "hit_rate": 0.5266187050359712,
      "logloss": 0.6935905760431924,
      "n": 695
    },
    "24h": {
      "base_rate": 0.6493506493506493,
      "baseline_brier": 0.22769438353853938,
      "baseline_hit_rate": 0.6493506493506493,
      "brier": 0.24829874686643189,
      "display_ready": true,
      "ece": null,
      "hit_rate": 0.6493506493506493,
      "logloss": 0.6897437025170247,
      "n": 77
    },
    "4h": {
      "base_rate": 0.5364705882352941,
      "baseline_brier": 0.24866989619377164,
      "baseline_hit_rate": 0.5364705882352941,
      "brier": 0.2500701704095953,
      "display_ready": true,
      "ece": null,
      "hit_rate": 0.5364705882352941,
      "logloss": 0.6932878514775898,
      "n": 425
    }
  },
  "by_model_version": {
    "v0.1.0-baseline-shadow": {
      "base_rate": 0.5418208734270911,
      "baseline_brier": 0.24825101454579523,
      "baseline_hit_rate": 0.5418208734270911,
      "brier": 0.24997280972580257,
      "display_ready": true,
      "ece": null,
      "hit_rate": 0.5418208734270911,
      "logloss": 0.693093209719491,
      "n": 1351
    }
  },
  "generated_at": "2026-07-14T06:21:01Z",
  "global": {
    "base_rate": 0.5418208734270911,
    "baseline_brier": 0.24825101454579523,
    "baseline_hit_rate": 0.5418208734270911,
    "brier": 0.24997280972580257,
    "display_ready": true,
    "ece": null,
    "hit_rate": 0.5418208734270911,
    "logloss": 0.693093209719491,
    "n": 1351
  },
  "metrics_version": "metrics-v0.1.0",
  "min_n_display": 20,
  "rolling": {
    "30d": {
      "base_rate": 0.5544554455445545,
      "baseline_brier": 0.24703460445054407,
      "baseline_hit_rate": 0.5544554455445545,
      "brier": 0.2501376769340129,
      "display_ready": true,
      "ece": null,
      "hit_rate": 0.5544554455445545,
      "logloss": 0.6934236122114102,
      "n": 505
    },
    "7d": {
      "base_rate": 0.46564885496183206,
      "baseline_brier": 0.24881999883456676,
      "baseline_hit_rate": 0.5343511450381679,
      "brier": 0.2514044623199345,
      "display_ready": true,
      "ece": null,
      "hit_rate": 0.46564885496183206,
      "logloss": 0.6959569475183437,
      "n": 131
    },
    "90d": {
      "base_rate": 0.5418208734270911,
      "baseline_brier": 0.24825101454579523,
      "baseline_hit_rate": 0.5418208734270911,
      "brier": 0.24997280972580257,
      "display_ready": true,
      "ece": null,
      "hit_rate": 0.5418208734270911,
      "logloss": 0.693093209719491,
      "n": 1351
    }
  },
  "schema_version": "1",
  "total_forecasts": 1353,
  "total_resolved": 1351
}
