{
  "by_horizon": {
    "12h": {
      "base_rate": 0.5925925925925926,
      "baseline_brier": 0.2414266117969822,
      "baseline_hit_rate": 0.5925925925925926,
      "brier": 0.24892959871855813,
      "display_ready": true,
      "ece": null,
      "hit_rate": 0.5925925925925926,
      "logloss": 0.6910064990716093,
      "n": 135
    },
    "1h": {
      "base_rate": 0.5292153589315526,
      "baseline_brier": 0.24914646280250055,
      "baseline_hit_rate": 0.5292153589315526,
      "brier": 0.25017043956637713,
      "display_ready": true,
      "ece": null,
      "hit_rate": 0.5292153589315526,
      "logloss": 0.6934887010205081,
      "n": 599
    },
    "24h": {
      "base_rate": 0.6567164179104478,
      "baseline_brier": 0.2254399643573179,
      "baseline_hit_rate": 0.6567164179104478,
      "brier": 0.24813525013144686,
      "display_ready": true,
      "ece": null,
      "hit_rate": 0.6567164179104478,
      "logloss": 0.6894164860024029,
      "n": 67
    },
    "4h": {
      "base_rate": 0.5540540540540541,
      "baseline_brier": 0.2470781592403214,
      "baseline_hit_rate": 0.5540540540540541,
      "brier": 0.24982537647350647,
      "display_ready": true,
      "ece": null,
      "hit_rate": 0.5540540540540541,
      "logloss": 0.6927981688762781,
      "n": 370
    }
  },
  "by_model_version": {
    "v0.1.0-baseline-shadow": {
      "base_rate": 0.5516652433817251,
      "baseline_brier": 0.24733070262630713,
      "baseline_hit_rate": 0.5516652433817251,
      "brier": 0.24980191304976052,
      "display_ready": true,
      "ece": null,
      "hit_rate": 0.5516652433817251,
      "logloss": 0.6927513546817553,
      "n": 1171
    }
  },
  "generated_at": "2026-07-04T14:46:03Z",
  "global": {
    "base_rate": 0.5516652433817251,
    "baseline_brier": 0.24733070262630713,
    "baseline_hit_rate": 0.5516652433817251,
    "brier": 0.24980191304976052,
    "display_ready": true,
    "ece": null,
    "hit_rate": 0.5516652433817251,
    "logloss": 0.6927513546817553,
    "n": 1171
  },
  "metrics_version": "metrics-v0.1.0",
  "min_n_display": 20,
  "rolling": {
    "30d": {
      "base_rate": 0.5516652433817251,
      "baseline_brier": 0.24733070262630713,
      "baseline_hit_rate": 0.5516652433817251,
      "brier": 0.24980191304976052,
      "display_ready": true,
      "ece": null,
      "hit_rate": 0.5516652433817251,
      "logloss": 0.6927513546817553,
      "n": 1171
    },
    "7d": {
      "base_rate": 0.575,
      "baseline_brier": 0.24437499999999998,
      "baseline_hit_rate": 0.575,
      "brier": 0.24997396253654935,
      "display_ready": true,
      "ece": null,
      "hit_rate": 0.575,
      "logloss": 0.6930960787167243,
      "n": 120
    },
    "90d": {
      "base_rate": 0.5516652433817251,
      "baseline_brier": 0.24733070262630713,
      "baseline_hit_rate": 0.5516652433817251,
      "brier": 0.24980191304976052,
      "display_ready": true,
      "ece": null,
      "hit_rate": 0.5516652433817251,
      "logloss": 0.6927513546817553,
      "n": 1171
    }
  },
  "schema_version": "1",
  "total_forecasts": 1175,
  "total_resolved": 1171
}
