{
  "by_horizon": {
    "12h": {
      "base_rate": 0.5970149253731343,
      "baseline_brier": 0.24058810425484514,
      "baseline_hit_rate": 0.5970149253731343,
      "brier": 0.24886003125915543,
      "display_ready": true,
      "ece": null,
      "hit_rate": 0.5970149253731343,
      "logloss": 0.6908673540096207,
      "n": 134
    },
    "1h": {
      "base_rate": 0.5260504201680672,
      "baseline_brier": 0.24932137560906717,
      "baseline_hit_rate": 0.5260504201680672,
      "brier": 0.2502007116192145,
      "display_ready": true,
      "ece": null,
      "hit_rate": 0.5260504201680672,
      "logloss": 0.6935492524000367,
      "n": 595
    },
    "24h": {
      "base_rate": 0.6567164179104478,
      "baseline_brier": 0.2254399643573179,
      "baseline_hit_rate": 0.6567164179104478,
      "brier": 0.24813525013144686,
      "display_ready": true,
      "ece": null,
      "hit_rate": 0.6567164179104478,
      "logloss": 0.6894164860024029,
      "n": 67
    },
    "4h": {
      "base_rate": 0.5516304347826086,
      "baseline_brier": 0.24733429820415875,
      "baseline_hit_rate": 0.5516304347826086,
      "brier": 0.24985405410566858,
      "display_ready": true,
      "ece": null,
      "hit_rate": 0.5516304347826086,
      "logloss": 0.6928555295018435,
      "n": 368
    }
  },
  "by_model_version": {
    "v0.1.0-baseline-shadow": {
      "base_rate": 0.5498281786941581,
      "baseline_brier": 0.24751715260802304,
      "baseline_hit_rate": 0.5498281786941581,
      "brier": 0.24981788769059485,
      "display_ready": true,
      "ece": null,
      "hit_rate": 0.5498281786941581,
      "logloss": 0.6927833075894763,
      "n": 1164
    }
  },
  "generated_at": "2026-07-04T03:56:48Z",
  "global": {
    "base_rate": 0.5498281786941581,
    "baseline_brier": 0.24751715260802304,
    "baseline_hit_rate": 0.5498281786941581,
    "brier": 0.24981788769059485,
    "display_ready": true,
    "ece": null,
    "hit_rate": 0.5498281786941581,
    "logloss": 0.6927833075894763,
    "n": 1164
  },
  "metrics_version": "metrics-v0.1.0",
  "min_n_display": 20,
  "rolling": {
    "30d": {
      "base_rate": 0.5498281786941581,
      "baseline_brier": 0.24751715260802304,
      "baseline_hit_rate": 0.5498281786941581,
      "brier": 0.24981788769059485,
      "display_ready": true,
      "ece": null,
      "hit_rate": 0.5498281786941581,
      "logloss": 0.6927833075894763,
      "n": 1164
    },
    "7d": {
      "base_rate": 0.5785123966942148,
      "baseline_brier": 0.24383580356533024,
      "baseline_hit_rate": 0.5785123966942148,
      "brier": 0.24977621003092773,
      "display_ready": true,
      "ece": null,
      "hit_rate": 0.5785123966942148,
      "logloss": 0.692700524853404,
      "n": 121
    },
    "90d": {
      "base_rate": 0.5498281786941581,
      "baseline_brier": 0.24751715260802304,
      "baseline_hit_rate": 0.5498281786941581,
      "brier": 0.24981788769059485,
      "display_ready": true,
      "ece": null,
      "hit_rate": 0.5498281786941581,
      "logloss": 0.6927833075894763,
      "n": 1164
    }
  },
  "schema_version": "1",
  "total_forecasts": 1164,
  "total_resolved": 1164
}
