{
  "by_horizon": {
    "12h": {
      "base_rate": 0.56875,
      "baseline_brier": 0.2452734375,
      "baseline_hit_rate": 0.56875,
      "brier": 0.2495168984660822,
      "display_ready": true,
      "ece": null,
      "hit_rate": 0.56875,
      "logloss": 0.6921814960673878,
      "n": 160
    },
    "1h": {
      "base_rate": 0.5261707988980716,
      "baseline_brier": 0.24931508928503665,
      "baseline_hit_rate": 0.5261707988980716,
      "brier": 0.25021561599495323,
      "display_ready": true,
      "ece": null,
      "hit_rate": 0.5261707988980716,
      "logloss": 0.6935790502738494,
      "n": 726
    },
    "24h": {
      "base_rate": 0.6375,
      "baseline_brier": 0.23109375000000001,
      "baseline_hit_rate": 0.6375,
      "brier": 0.24876606971771062,
      "display_ready": true,
      "ece": null,
      "hit_rate": 0.6375,
      "logloss": 0.6906788537454258,
      "n": 80
    },
    "4h": {
      "base_rate": 0.5407239819004525,
      "baseline_brier": 0.24834155729817162,
      "baseline_hit_rate": 0.5407239819004525,
      "brier": 0.2501113054900702,
      "display_ready": true,
      "ece": null,
      "hit_rate": 0.5407239819004525,
      "logloss": 0.6933702608778761,
      "n": 442
    }
  },
  "by_model_version": {
    "v0.1.0-baseline-shadow": {
      "base_rate": 0.5419034090909091,
      "baseline_brier": 0.24824410430655994,
      "baseline_hit_rate": 0.5419034090909091,
      "brier": 0.25002111049072234,
      "display_ready": true,
      "ece": null,
      "hit_rate": 0.5419034090909091,
      "logloss": 0.6931899101400938,
      "n": 1408
    }
  },
  "generated_at": "2026-07-17T03:42:46Z",
  "global": {
    "base_rate": 0.5419034090909091,
    "baseline_brier": 0.24824410430655994,
    "baseline_hit_rate": 0.5419034090909091,
    "brier": 0.25002111049072234,
    "display_ready": true,
    "ece": null,
    "hit_rate": 0.5419034090909091,
    "logloss": 0.6931899101400938,
    "n": 1408
  },
  "metrics_version": "metrics-v0.1.0",
  "min_n_display": 20,
  "rolling": {
    "30d": {
      "base_rate": 0.5466666666666666,
      "baseline_brier": 0.2478222222222222,
      "baseline_hit_rate": 0.5466666666666666,
      "brier": 0.25042279691393377,
      "display_ready": true,
      "ece": null,
      "hit_rate": 0.5466666666666666,
      "logloss": 0.6939942412172113,
      "n": 525
    },
    "7d": {
      "base_rate": 0.5289855072463768,
      "baseline_brier": 0.24915984036967023,
      "baseline_hit_rate": 0.5289855072463768,
      "brier": 0.2509455386719436,
      "display_ready": true,
      "ece": null,
      "hit_rate": 0.5289855072463768,
      "logloss": 0.6950397366606943,
      "n": 138
    },
    "90d": {
      "base_rate": 0.5419034090909091,
      "baseline_brier": 0.24824410430655994,
      "baseline_hit_rate": 0.5419034090909091,
      "brier": 0.25002111049072234,
      "display_ready": true,
      "ece": null,
      "hit_rate": 0.5419034090909091,
      "logloss": 0.6931899101400938,
      "n": 1408
    }
  },
  "schema_version": "1",
  "total_forecasts": 1412,
  "total_resolved": 1408
}
