{
  "by_horizon": {
    "12h": {
      "base_rate": 0.5679012345679012,
      "baseline_brier": 0.24538942234415487,
      "baseline_hit_rate": 0.5679012345679012,
      "brier": 0.24951654277542695,
      "display_ready": true,
      "ece": null,
      "hit_rate": 0.5679012345679012,
      "logloss": 0.6921807730086494,
      "n": 162
    },
    "1h": {
      "base_rate": 0.5257452574525745,
      "baseline_brier": 0.24933718171870065,
      "baseline_hit_rate": 0.5257452574525745,
      "brier": 0.2502164795758506,
      "display_ready": true,
      "ece": null,
      "hit_rate": 0.5257452574525745,
      "logloss": 0.6935807742766691,
      "n": 738
    },
    "24h": {
      "base_rate": 0.6296296296296297,
      "baseline_brier": 0.23319615912208505,
      "baseline_hit_rate": 0.6296296296296297,
      "brier": 0.2489107180523578,
      "display_ready": true,
      "ece": null,
      "hit_rate": 0.6296296296296297,
      "logloss": 0.6909681935182765,
      "n": 81
    },
    "4h": {
      "base_rate": 0.5401785714285714,
      "baseline_brier": 0.2483856823979592,
      "baseline_hit_rate": 0.5401785714285714,
      "brier": 0.2501205762517833,
      "display_ready": true,
      "ece": null,
      "hit_rate": 0.5401785714285714,
      "logloss": 0.693388810859499,
      "n": 448
    }
  },
  "by_model_version": {
    "v0.1.0-baseline-shadow": {
      "base_rate": 0.5409377186843947,
      "baseline_brier": 0.24832410318891737,
      "baseline_hit_rate": 0.5409377186843947,
      "brier": 0.25003304981080254,
      "display_ready": true,
      "ece": null,
      "hit_rate": 0.5409377186843947,
      "logloss": 0.6932137911711819,
      "n": 1429
    }
  },
  "generated_at": "2026-07-18T03:25:23Z",
  "global": {
    "base_rate": 0.5409377186843947,
    "baseline_brier": 0.24832410318891737,
    "baseline_hit_rate": 0.5409377186843947,
    "brier": 0.25003304981080254,
    "display_ready": true,
    "ece": null,
    "hit_rate": 0.5409377186843947,
    "logloss": 0.6932137911711819,
    "n": 1429
  },
  "metrics_version": "metrics-v0.1.0",
  "min_n_display": 20,
  "rolling": {
    "30d": {
      "base_rate": 0.5422138836772983,
      "baseline_brier": 0.24821798802487952,
      "baseline_hit_rate": 0.5422138836772983,
      "brier": 0.25046441467669806,
      "display_ready": true,
      "ece": null,
      "hit_rate": 0.5422138836772983,
      "logloss": 0.6940774526480918,
      "n": 533
    },
    "7d": {
      "base_rate": 0.5174825174825175,
      "baseline_brier": 0.24969436158247346,
      "baseline_hit_rate": 0.5174825174825175,
      "brier": 0.25091872047204344,
      "display_ready": true,
      "ece": null,
      "hit_rate": 0.5174825174825175,
      "logloss": 0.6949859603320526,
      "n": 143
    },
    "90d": {
      "base_rate": 0.5409377186843947,
      "baseline_brier": 0.24832410318891737,
      "baseline_hit_rate": 0.5409377186843947,
      "brier": 0.25003304981080254,
      "display_ready": true,
      "ece": null,
      "hit_rate": 0.5409377186843947,
      "logloss": 0.6932137911711819,
      "n": 1429
    }
  },
  "schema_version": "1",
  "total_forecasts": 1432,
  "total_resolved": 1429
}
