{
  "by_horizon": {
    "12h": {
      "base_rate": 0.591304347826087,
      "baseline_brier": 0.24166351606805295,
      "baseline_hit_rate": 0.591304347826087,
      "brier": 0.24914588192717993,
      "display_ready": true,
      "ece": null,
      "hit_rate": 0.591304347826087,
      "logloss": 0.6914394604701161,
      "n": 115
    },
    "1h": {
      "base_rate": 0.5321637426900585,
      "baseline_brier": 0.24896549365616769,
      "baseline_hit_rate": 0.5321637426900585,
      "brier": 0.2500347722539094,
      "display_ready": true,
      "ece": null,
      "hit_rate": 0.5321637426900585,
      "logloss": 0.6932169151049327,
      "n": 513
    },
    "24h": {
      "base_rate": 0.6491228070175439,
      "baseline_brier": 0.22776238842720836,
      "baseline_hit_rate": 0.6491228070175439,
      "brier": 0.24798094119803063,
      "display_ready": true,
      "ece": null,
      "hit_rate": 0.6491228070175439,
      "logloss": 0.6891075477701932,
      "n": 57
    },
    "4h": {
      "base_rate": 0.5555555555555556,
      "baseline_brier": 0.2469135802469136,
      "baseline_hit_rate": 0.5555555555555556,
      "brier": 0.24952916260598867,
      "display_ready": true,
      "ece": null,
      "hit_rate": 0.5555555555555556,
      "logloss": 0.6922050508065867,
      "n": 315
    }
  },
  "by_model_version": {
    "v0.1.0-baseline-shadow": {
      "base_rate": 0.553,
      "baseline_brier": 0.247191,
      "baseline_hit_rate": 0.553,
      "brier": 0.2496562144570554,
      "display_ready": true,
      "ece": null,
      "hit_rate": 0.553,
      "logloss": 0.6924595366298696,
      "n": 1000
    }
  },
  "generated_at": "2026-06-24T12:02:09Z",
  "global": {
    "base_rate": 0.553,
    "baseline_brier": 0.247191,
    "baseline_hit_rate": 0.553,
    "brier": 0.2496562144570554,
    "display_ready": true,
    "ece": null,
    "hit_rate": 0.553,
    "logloss": 0.6924595366298696,
    "n": 1000
  },
  "metrics_version": "metrics-v0.1.0",
  "min_n_display": 20,
  "rolling": {
    "30d": {
      "base_rate": 0.553,
      "baseline_brier": 0.247191,
      "baseline_hit_rate": 0.553,
      "brier": 0.2496562144570554,
      "display_ready": true,
      "ece": null,
      "hit_rate": 0.553,
      "logloss": 0.6924595366298696,
      "n": 1000
    },
    "7d": {
      "base_rate": 0.6576576576576577,
      "baseline_brier": 0.22514406298190082,
      "baseline_hit_rate": 0.6576576576576577,
      "brier": 0.24873230624748754,
      "display_ready": true,
      "ece": null,
      "hit_rate": 0.6576576576576577,
      "logloss": 0.6906116296382804,
      "n": 111
    },
    "90d": {
      "base_rate": 0.553,
      "baseline_brier": 0.247191,
      "baseline_hit_rate": 0.553,
      "brier": 0.2496562144570554,
      "display_ready": true,
      "ece": null,
      "hit_rate": 0.553,
      "logloss": 0.6924595366298696,
      "n": 1000
    }
  },
  "schema_version": "1",
  "total_forecasts": 1004,
  "total_resolved": 1000
}
