{
  "by_horizon": {
    "12h": {
      "base_rate": 0.5542168674698795,
      "baseline_brier": 0.2470605312817535,
      "baseline_hit_rate": 0.5542168674698795,
      "brier": 0.24987334817750875,
      "display_ready": true,
      "ece": null,
      "hit_rate": 0.5542168674698795,
      "logloss": 0.6928945786252843,
      "n": 83
    },
    "1h": {
      "base_rate": 0.513715710723192,
      "baseline_brier": 0.24981187927935772,
      "baseline_hit_rate": 0.513715710723192,
      "brier": 0.2502662288229048,
      "display_ready": true,
      "ece": null,
      "hit_rate": 0.513715710723192,
      "logloss": 0.693680125912527,
      "n": 401
    },
    "24h": {
      "base_rate": 0.6341463414634146,
      "baseline_brier": 0.23200475907198095,
      "baseline_hit_rate": 0.6341463414634146,
      "brier": 0.24838057572547773,
      "display_ready": true,
      "ece": null,
      "hit_rate": 0.6341463414634146,
      "logloss": 0.6899065134382631,
      "n": 41
    },
    "4h": {
      "base_rate": 0.521551724137931,
      "baseline_brier": 0.2495355231866825,
      "baseline_hit_rate": 0.521551724137931,
      "brier": 0.24975806413932689,
      "display_ready": true,
      "ece": null,
      "hit_rate": 0.521551724137931,
      "logloss": 0.6926625143048533,
      "n": 232
    }
  },
  "by_model_version": {
    "v0.1.0-baseline-shadow": {
      "base_rate": 0.5270805812417437,
      "baseline_brier": 0.24926664211960936,
      "baseline_hit_rate": 0.5270805812417437,
      "brier": 0.24996528420315253,
      "display_ready": true,
      "ece": null,
      "hit_rate": 0.5270805812417437,
      "logloss": 0.6930777422543153,
      "n": 757
    }
  },
  "generated_at": "2026-06-08T16:14:14Z",
  "global": {
    "base_rate": 0.5270805812417437,
    "baseline_brier": 0.24926664211960936,
    "baseline_hit_rate": 0.5270805812417437,
    "brier": 0.24996528420315253,
    "display_ready": true,
    "ece": null,
    "hit_rate": 0.5270805812417437,
    "logloss": 0.6930777422543153,
    "n": 757
  },
  "metrics_version": "metrics-v0.1.0",
  "min_n_display": 20,
  "rolling": {
    "30d": {
      "base_rate": 0.5270805812417437,
      "baseline_brier": 0.24926664211960936,
      "baseline_hit_rate": 0.5270805812417437,
      "brier": 0.24996528420315253,
      "display_ready": true,
      "ece": null,
      "hit_rate": 0.5270805812417437,
      "logloss": 0.6930777422543153,
      "n": 757
    },
    "7d": {
      "base_rate": 0.5270805812417437,
      "baseline_brier": 0.24926664211960936,
      "baseline_hit_rate": 0.5270805812417437,
      "brier": 0.24996528420315253,
      "display_ready": true,
      "ece": null,
      "hit_rate": 0.5270805812417437,
      "logloss": 0.6930777422543153,
      "n": 757
    },
    "90d": {
      "base_rate": 0.5270805812417437,
      "baseline_brier": 0.24926664211960936,
      "baseline_hit_rate": 0.5270805812417437,
      "brier": 0.24996528420315253,
      "display_ready": true,
      "ece": null,
      "hit_rate": 0.5270805812417437,
      "logloss": 0.6930777422543153,
      "n": 757
    }
  },
  "schema_version": "1",
  "total_forecasts": 759,
  "total_resolved": 757
}
