{
  "by_horizon": {
    "12h": {
      "base_rate": 0.5668789808917197,
      "baseline_brier": 0.245527201914885,
      "baseline_hit_rate": 0.5668789808917197,
      "brier": 0.2495332898445665,
      "display_ready": true,
      "ece": null,
      "hit_rate": 0.5668789808917197,
      "logloss": 0.6922143029569734,
      "n": 157
    },
    "1h": {
      "base_rate": 0.5316455696202531,
      "baseline_brier": 0.24899855792340972,
      "baseline_hit_rate": 0.5316455696202531,
      "brier": 0.25013105598309116,
      "display_ready": true,
      "ece": null,
      "hit_rate": 0.5316455696202531,
      "logloss": 0.6934099202323654,
      "n": 711
    },
    "24h": {
      "base_rate": 0.6410256410256411,
      "baseline_brier": 0.23011176857330704,
      "baseline_hit_rate": 0.6410256410256411,
      "brier": 0.24844416327997038,
      "display_ready": true,
      "ece": null,
      "hit_rate": 0.6410256410256411,
      "logloss": 0.6900345780134044,
      "n": 78
    },
    "4h": {
      "base_rate": 0.5391705069124424,
      "baseline_brier": 0.24846567138822231,
      "baseline_hit_rate": 0.5391705069124424,
      "brier": 0.25009603074721987,
      "display_ready": true,
      "ece": null,
      "hit_rate": 0.5391705069124424,
      "logloss": 0.6933397012121837,
      "n": 434
    }
  },
  "by_model_version": {
    "v0.1.0-baseline-shadow": {
      "base_rate": 0.5442028985507247,
      "baseline_brier": 0.2480461037597143,
      "baseline_hit_rate": 0.5442028985507247,
      "brier": 0.24995668796355497,
      "display_ready": true,
      "ece": null,
      "hit_rate": 0.5442028985507247,
      "logloss": 0.6930610335221665,
      "n": 1380
    }
  },
  "generated_at": "2026-07-15T19:33:03Z",
  "global": {
    "base_rate": 0.5442028985507247,
    "baseline_brier": 0.2480461037597143,
    "baseline_hit_rate": 0.5442028985507247,
    "brier": 0.24995668796355497,
    "display_ready": true,
    "ece": null,
    "hit_rate": 0.5442028985507247,
    "logloss": 0.6930610335221665,
    "n": 1380
  },
  "metrics_version": "metrics-v0.1.0",
  "min_n_display": 20,
  "rolling": {
    "30d": {
      "base_rate": 0.5594541910331384,
      "baseline_brier": 0.24646519916859508,
      "baseline_hit_rate": 0.5594541910331384,
      "brier": 0.2502472679060764,
      "display_ready": true,
      "ece": null,
      "hit_rate": 0.5594541910331384,
      "logloss": 0.6936431206829444,
      "n": 513
    },
    "7d": {
      "base_rate": 0.5488721804511278,
      "baseline_brier": 0.24761150997795237,
      "baseline_hit_rate": 0.5488721804511278,
      "brier": 0.2504833436856681,
      "display_ready": true,
      "ece": null,
      "hit_rate": 0.5488721804511278,
      "logloss": 0.6941151464347225,
      "n": 133
    },
    "90d": {
      "base_rate": 0.5442028985507247,
      "baseline_brier": 0.2480461037597143,
      "baseline_hit_rate": 0.5442028985507247,
      "brier": 0.24995668796355497,
      "display_ready": true,
      "ece": null,
      "hit_rate": 0.5442028985507247,
      "logloss": 0.6930610335221665,
      "n": 1380
    }
  },
  "schema_version": "1",
  "total_forecasts": 1383,
  "total_resolved": 1380
}
