{
  "by_horizon": {
    "12h": {
      "base_rate": 0.5714285714285714,
      "baseline_brier": 0.24489795918367346,
      "baseline_hit_rate": 0.5714285714285714,
      "brier": 0.24941930564530376,
      "display_ready": true,
      "ece": null,
      "hit_rate": 0.5714285714285714,
      "logloss": 0.691986194865111,
      "n": 154
    },
    "1h": {
      "base_rate": 0.5281385281385281,
      "baseline_brier": 0.24920822323419725,
      "baseline_hit_rate": 0.5281385281385281,
      "brier": 0.25020409221949463,
      "display_ready": true,
      "ece": null,
      "hit_rate": 0.5281385281385281,
      "logloss": 0.693555976213923,
      "n": 693
    },
    "24h": {
      "base_rate": 0.6493506493506493,
      "baseline_brier": 0.22769438353853938,
      "baseline_hit_rate": 0.6493506493506493,
      "brier": 0.24829874686643189,
      "display_ready": true,
      "ece": null,
      "hit_rate": 0.6493506493506493,
      "logloss": 0.6897437025170247,
      "n": 77
    },
    "4h": {
      "base_rate": 0.5377358490566038,
      "baseline_brier": 0.24857600569597724,
      "baseline_hit_rate": 0.5377358490566038,
      "brier": 0.25004759716263103,
      "display_ready": true,
      "ece": null,
      "hit_rate": 0.5377358490566038,
      "logloss": 0.6932427002045778,
      "n": 424
    }
  },
  "by_model_version": {
    "v0.1.0-baseline-shadow": {
      "base_rate": 0.543026706231454,
      "baseline_brier": 0.24814870255087215,
      "baseline_hit_rate": 0.543026706231454,
      "brier": 0.24995637513587343,
      "display_ready": true,
      "ece": null,
      "hit_rate": 0.543026706231454,
      "logloss": 0.6930603379124833,
      "n": 1348
    }
  },
  "generated_at": "2026-07-14T00:11:21Z",
  "global": {
    "base_rate": 0.543026706231454,
    "baseline_brier": 0.24814870255087215,
    "baseline_hit_rate": 0.543026706231454,
    "brier": 0.24995637513587343,
    "display_ready": true,
    "ece": null,
    "hit_rate": 0.543026706231454,
    "logloss": 0.6930603379124833,
    "n": 1348
  },
  "metrics_version": "metrics-v0.1.0",
  "min_n_display": 20,
  "rolling": {
    "30d": {
      "base_rate": 0.5610236220472441,
      "baseline_brier": 0.2462761175522351,
      "baseline_hit_rate": 0.5610236220472441,
      "brier": 0.2500505421944616,
      "display_ready": true,
      "ece": null,
      "hit_rate": 0.5610236220472441,
      "logloss": 0.6932493235361785,
      "n": 508
    },
    "7d": {
      "base_rate": 0.4701492537313433,
      "baseline_brier": 0.24910893294720426,
      "baseline_hit_rate": 0.5298507462686567,
      "brier": 0.251609431753287,
      "display_ready": true,
      "ece": null,
      "hit_rate": 0.4701492537313433,
      "logloss": 0.6963672499006348,
      "n": 134
    },
    "90d": {
      "base_rate": 0.543026706231454,
      "baseline_brier": 0.24814870255087215,
      "baseline_hit_rate": 0.543026706231454,
      "brier": 0.24995637513587343,
      "display_ready": true,
      "ece": null,
      "hit_rate": 0.543026706231454,
      "logloss": 0.6930603379124833,
      "n": 1348
    }
  },
  "schema_version": "1",
  "total_forecasts": 1352,
  "total_resolved": 1348
}
