{
  "by_horizon": {
    "12h": {
      "base_rate": 0.6055045871559633,
      "baseline_brier": 0.23886878208904974,
      "baseline_hit_rate": 0.6055045871559633,
      "brier": 0.24890701023732936,
      "display_ready": true,
      "ece": null,
      "hit_rate": 0.6055045871559633,
      "logloss": 0.6909614323847094,
      "n": 109
    },
    "1h": {
      "base_rate": 0.5284552845528455,
      "baseline_brier": 0.24919029678101656,
      "baseline_hit_rate": 0.5284552845528455,
      "brier": 0.25010301434193,
      "display_ready": true,
      "ece": null,
      "hit_rate": 0.5284552845528455,
      "logloss": 0.6933535168212804,
      "n": 492
    },
    "24h": {
      "base_rate": 0.6481481481481481,
      "baseline_brier": 0.22805212620027435,
      "baseline_hit_rate": 0.6481481481481481,
      "brier": 0.24785431425021975,
      "display_ready": true,
      "ece": null,
      "hit_rate": 0.6481481481481481,
      "logloss": 0.6888541809153216,
      "n": 54
    },
    "4h": {
      "base_rate": 0.55,
      "baseline_brier": 0.2475,
      "baseline_hit_rate": 0.55,
      "brier": 0.24957151145720705,
      "display_ready": true,
      "ece": null,
      "hit_rate": 0.55,
      "logloss": 0.6922898855860257,
      "n": 300
    }
  },
  "by_model_version": {
    "v0.1.0-baseline-shadow": {
      "base_rate": 0.5507853403141362,
      "baseline_brier": 0.24742084920917737,
      "baseline_hit_rate": 0.5507853403141362,
      "brier": 0.24967239118196066,
      "display_ready": true,
      "ece": null,
      "hit_rate": 0.5507853403141362,
      "logloss": 0.692491955865171,
      "n": 955
    }
  },
  "generated_at": "2026-06-21T13:18:47Z",
  "global": {
    "base_rate": 0.5507853403141362,
    "baseline_brier": 0.24742084920917737,
    "baseline_hit_rate": 0.5507853403141362,
    "brier": 0.24967239118196066,
    "display_ready": true,
    "ece": null,
    "hit_rate": 0.5507853403141362,
    "logloss": 0.692491955865171,
    "n": 955
  },
  "metrics_version": "metrics-v0.1.0",
  "min_n_display": 20,
  "rolling": {
    "30d": {
      "base_rate": 0.5507853403141362,
      "baseline_brier": 0.24742084920917737,
      "baseline_hit_rate": 0.5507853403141362,
      "brier": 0.24967239118196066,
      "display_ready": true,
      "ece": null,
      "hit_rate": 0.5507853403141362,
      "logloss": 0.692491955865171,
      "n": 955
    },
    "7d": {
      "base_rate": 0.6923076923076923,
      "baseline_brier": 0.21301775147928995,
      "baseline_hit_rate": 0.6923076923076923,
      "brier": 0.2480025690186918,
      "display_ready": true,
      "ece": null,
      "hit_rate": 0.6923076923076923,
      "logloss": 0.6891521764714734,
      "n": 104
    },
    "90d": {
      "base_rate": 0.5507853403141362,
      "baseline_brier": 0.24742084920917737,
      "baseline_hit_rate": 0.5507853403141362,
      "brier": 0.24967239118196066,
      "display_ready": true,
      "ece": null,
      "hit_rate": 0.5507853403141362,
      "logloss": 0.692491955865171,
      "n": 955
    }
  },
  "schema_version": "1",
  "total_forecasts": 959,
  "total_resolved": 955
}
