{
  "by_horizon": {
    "12h": {
      "base_rate": 0.56,
      "baseline_brier": 0.2464,
      "baseline_hit_rate": 0.56,
      "brier": 0.24953057345152038,
      "display_ready": true,
      "ece": null,
      "hit_rate": 0.56,
      "logloss": 0.6922088005845274,
      "n": 150
    },
    "1h": {
      "base_rate": 0.5297619047619048,
      "baseline_brier": 0.2491142290249433,
      "baseline_hit_rate": 0.5297619047619048,
      "brier": 0.2502113926682742,
      "display_ready": true,
      "ece": null,
      "hit_rate": 0.5297619047619048,
      "logloss": 0.6935706063111142,
      "n": 672
    },
    "24h": {
      "base_rate": 0.64,
      "baseline_brier": 0.23040000000000002,
      "baseline_hit_rate": 0.64,
      "brier": 0.2482881720418367,
      "display_ready": true,
      "ece": null,
      "hit_rate": 0.64,
      "logloss": 0.6897225271142554,
      "n": 75
    },
    "4h": {
      "base_rate": 0.5436893203883495,
      "baseline_brier": 0.24809124328400414,
      "baseline_hit_rate": 0.5436893203883495,
      "brier": 0.2499562855679646,
      "display_ready": true,
      "ece": null,
      "hit_rate": 0.5436893203883495,
      "logloss": 0.6930600256828894,
      "n": 412
    }
  },
  "by_model_version": {
    "v0.1.0-baseline-shadow": {
      "base_rate": 0.5439266615737204,
      "baseline_brier": 0.24807044840298784,
      "baseline_hit_rate": 0.5439266615737204,
      "brier": 0.2499428910985084,
      "display_ready": true,
      "ece": null,
      "hit_rate": 0.5439266615737204,
      "logloss": 0.6930333748232753,
      "n": 1309
    }
  },
  "generated_at": "2026-07-12T03:54:05Z",
  "global": {
    "base_rate": 0.5439266615737204,
    "baseline_brier": 0.24807044840298784,
    "baseline_hit_rate": 0.5439266615737204,
    "brier": 0.2499428910985084,
    "display_ready": true,
    "ece": null,
    "hit_rate": 0.5439266615737204,
    "logloss": 0.6930333748232753,
    "n": 1309
  },
  "metrics_version": "metrics-v0.1.0",
  "min_n_display": 20,
  "rolling": {
    "30d": {
      "base_rate": 0.5711422845691383,
      "baseline_brier": 0.24493877534628375,
      "baseline_hit_rate": 0.5711422845691383,
      "brier": 0.2499556920593679,
      "display_ready": true,
      "ece": null,
      "hit_rate": 0.5711422845691383,
      "logloss": 0.6930596203050873,
      "n": 499
    },
    "7d": {
      "base_rate": 0.4523809523809524,
      "baseline_brier": 0.24773242630385492,
      "baseline_hit_rate": 0.5476190476190477,
      "brier": 0.25146185536983917,
      "display_ready": true,
      "ece": null,
      "hit_rate": 0.4523809523809524,
      "logloss": 0.6960719646164798,
      "n": 126
    },
    "90d": {
      "base_rate": 0.5439266615737204,
      "baseline_brier": 0.24807044840298784,
      "baseline_hit_rate": 0.5439266615737204,
      "brier": 0.2499428910985084,
      "display_ready": true,
      "ece": null,
      "hit_rate": 0.5439266615737204,
      "logloss": 0.6930333748232753,
      "n": 1309
    }
  },
  "schema_version": "1",
  "total_forecasts": 1312,
  "total_resolved": 1309
}
