{
  "by_horizon": {
    "12h": {
      "base_rate": 0.5833333333333334,
      "baseline_brier": 0.24305555555555555,
      "baseline_hit_rate": 0.5833333333333334,
      "brier": 0.24914655359156646,
      "display_ready": true,
      "ece": null,
      "hit_rate": 0.5833333333333334,
      "logloss": 0.6914407182402192,
      "n": 120
    },
    "1h": {
      "base_rate": 0.5251396648044693,
      "baseline_brier": 0.24936799725351894,
      "baseline_hit_rate": 0.5251396648044693,
      "brier": 0.2502100975090279,
      "display_ready": true,
      "ece": null,
      "hit_rate": 0.5251396648044693,
      "logloss": 0.6935679371281843,
      "n": 537
    },
    "24h": {
      "base_rate": 0.65,
      "baseline_brier": 0.2275,
      "baseline_hit_rate": 0.65,
      "brier": 0.24813698151125094,
      "display_ready": true,
      "ece": null,
      "hit_rate": 0.65,
      "logloss": 0.6894198466941057,
      "n": 60
    },
    "4h": {
      "base_rate": 0.552870090634441,
      "baseline_brier": 0.24720475351630597,
      "baseline_hit_rate": 0.552870090634441,
      "brier": 0.2496763218797043,
      "display_ready": true,
      "ece": null,
      "hit_rate": 0.552870090634441,
      "logloss": 0.6924998790619955,
      "n": 331
    }
  },
  "by_model_version": {
    "v0.1.0-baseline-shadow": {
      "base_rate": 0.5477099236641222,
      "baseline_brier": 0.24772376318396364,
      "baseline_hit_rate": 0.5477099236641222,
      "brier": 0.24980104029216899,
      "display_ready": true,
      "ece": null,
      "hit_rate": 0.5477099236641222,
      "logloss": 0.6927495412193018,
      "n": 1048
    }
  },
  "generated_at": "2026-06-27T10:19:56Z",
  "global": {
    "base_rate": 0.5477099236641222,
    "baseline_brier": 0.24772376318396364,
    "baseline_hit_rate": 0.5477099236641222,
    "brier": 0.24980104029216899,
    "display_ready": true,
    "ece": null,
    "hit_rate": 0.5477099236641222,
    "logloss": 0.6927495412193018,
    "n": 1048
  },
  "metrics_version": "metrics-v0.1.0",
  "min_n_display": 20,
  "rolling": {
    "30d": {
      "base_rate": 0.5477099236641222,
      "baseline_brier": 0.24772376318396364,
      "baseline_hit_rate": 0.5477099236641222,
      "brier": 0.24980104029216899,
      "display_ready": true,
      "ece": null,
      "hit_rate": 0.5477099236641222,
      "logloss": 0.6927495412193018,
      "n": 1048
    },
    "7d": {
      "base_rate": 0.5789473684210527,
      "baseline_brier": 0.24376731301939056,
      "baseline_hit_rate": 0.5789473684210527,
      "brier": 0.25009394953521435,
      "display_ready": true,
      "ece": null,
      "hit_rate": 0.5789473684210527,
      "logloss": 0.6933376152826308,
      "n": 114
    },
    "90d": {
      "base_rate": 0.5477099236641222,
      "baseline_brier": 0.24772376318396364,
      "baseline_hit_rate": 0.5477099236641222,
      "brier": 0.24980104029216899,
      "display_ready": true,
      "ece": null,
      "hit_rate": 0.5477099236641222,
      "logloss": 0.6927495412193018,
      "n": 1048
    }
  },
  "schema_version": "1",
  "total_forecasts": 1051,
  "total_resolved": 1048
}
