{
  "by_horizon": {
    "12h": {
      "base_rate": 0.567741935483871,
      "baseline_brier": 0.24541103017689905,
      "baseline_hit_rate": 0.567741935483871,
      "brier": 0.24948525352580136,
      "display_ready": true,
      "ece": null,
      "hit_rate": 0.567741935483871,
      "logloss": 0.6921181032287855,
      "n": 155
    },
    "1h": {
      "base_rate": 0.5278969957081545,
      "baseline_brier": 0.2492217576304592,
      "baseline_hit_rate": 0.5278969957081545,
      "brier": 0.2501931755913303,
      "display_ready": true,
      "ece": null,
      "hit_rate": 0.5278969957081545,
      "logloss": 0.6935341204832514,
      "n": 699
    },
    "24h": {
      "base_rate": 0.6493506493506493,
      "baseline_brier": 0.22769438353853938,
      "baseline_hit_rate": 0.6493506493506493,
      "brier": 0.24829874686643189,
      "display_ready": true,
      "ece": null,
      "hit_rate": 0.6493506493506493,
      "logloss": 0.6897437025170247,
      "n": 77
    },
    "4h": {
      "base_rate": 0.5386416861826698,
      "baseline_brier": 0.24850682008896005,
      "baseline_hit_rate": 0.5386416861826698,
      "brier": 0.25005780297425234,
      "display_ready": true,
      "ece": null,
      "hit_rate": 0.5386416861826698,
      "logloss": 0.6932631146258934,
      "n": 427
    }
  },
  "by_model_version": {
    "v0.1.0-baseline-shadow": {
      "base_rate": 0.5427098674521355,
      "baseline_brier": 0.24817586722222104,
      "baseline_hit_rate": 0.5427098674521355,
      "brier": 0.2499623927934905,
      "display_ready": true,
      "ece": null,
      "hit_rate": 0.5427098674521355,
      "logloss": 0.6930723646961133,
      "n": 1358
    }
  },
  "generated_at": "2026-07-14T15:51:40Z",
  "global": {
    "base_rate": 0.5427098674521355,
    "baseline_brier": 0.24817586722222104,
    "baseline_hit_rate": 0.5427098674521355,
    "brier": 0.2499623927934905,
    "display_ready": true,
    "ece": null,
    "hit_rate": 0.5427098674521355,
    "logloss": 0.6930723646961133,
    "n": 1358
  },
  "metrics_version": "metrics-v0.1.0",
  "min_n_display": 20,
  "rolling": {
    "30d": {
      "base_rate": 0.5592885375494071,
      "baseline_brier": 0.24648486931525254,
      "baseline_hit_rate": 0.5592885375494071,
      "brier": 0.2501017560722214,
      "display_ready": true,
      "ece": null,
      "hit_rate": 0.5592885375494071,
      "logloss": 0.693351746349516,
      "n": 506
    },
    "7d": {
      "base_rate": 0.49242424242424243,
      "baseline_brier": 0.24994260789715336,
      "baseline_hit_rate": 0.5075757575757576,
      "brier": 0.2509765654466476,
      "display_ready": true,
      "ece": null,
      "hit_rate": 0.49242424242424243,
      "logloss": 0.695100916277022,
      "n": 132
    },
    "90d": {
      "base_rate": 0.5427098674521355,
      "baseline_brier": 0.24817586722222104,
      "baseline_hit_rate": 0.5427098674521355,
      "brier": 0.2499623927934905,
      "display_ready": true,
      "ece": null,
      "hit_rate": 0.5427098674521355,
      "logloss": 0.6930723646961133,
      "n": 1358
    }
  },
  "schema_version": "1",
  "total_forecasts": 1362,
  "total_resolved": 1358
}
