{
  "by_horizon": {
    "12h": {
      "base_rate": 0.5793650793650794,
      "baseline_brier": 0.24370118417737466,
      "baseline_hit_rate": 0.5793650793650794,
      "brier": 0.24922399857777328,
      "display_ready": true,
      "ece": null,
      "hit_rate": 0.5793650793650794,
      "logloss": 0.6915955966138704,
      "n": 126
    },
    "1h": {
      "base_rate": 0.5212765957446809,
      "baseline_brier": 0.24954730647351744,
      "baseline_hit_rate": 0.5212765957446809,
      "brier": 0.2502335001105834,
      "display_ready": true,
      "ece": null,
      "hit_rate": 0.5212765957446809,
      "logloss": 0.6936147280419179,
      "n": 564
    },
    "24h": {
      "base_rate": 0.6507936507936508,
      "baseline_brier": 0.22726127488032252,
      "baseline_hit_rate": 0.6507936507936508,
      "brier": 0.24818844148035107,
      "display_ready": true,
      "ece": null,
      "hit_rate": 0.6507936507936508,
      "logloss": 0.6895228375776471,
      "n": 63
    },
    "4h": {
      "base_rate": 0.5504322766570605,
      "baseline_brier": 0.2474565854711857,
      "baseline_hit_rate": 0.5504322766570605,
      "brier": 0.2497690730665426,
      "display_ready": true,
      "ece": null,
      "hit_rate": 0.5504322766570605,
      "logloss": 0.6926854036043868,
      "n": 347
    }
  },
  "by_model_version": {
    "v0.1.0-baseline-shadow": {
      "base_rate": 0.5445454545454546,
      "baseline_brier": 0.24801570247933885,
      "baseline_hit_rate": 0.5445454545454546,
      "brier": 0.24985423459138256,
      "display_ready": true,
      "ece": null,
      "hit_rate": 0.5445454545454546,
      "logloss": 0.692855932370094,
      "n": 1100
    }
  },
  "generated_at": "2026-06-30T09:57:26Z",
  "global": {
    "base_rate": 0.5445454545454546,
    "baseline_brier": 0.24801570247933885,
    "baseline_hit_rate": 0.5445454545454546,
    "brier": 0.24985423459138256,
    "display_ready": true,
    "ece": null,
    "hit_rate": 0.5445454545454546,
    "logloss": 0.692855932370094,
    "n": 1100
  },
  "metrics_version": "metrics-v0.1.0",
  "min_n_display": 20,
  "rolling": {
    "30d": {
      "base_rate": 0.5445454545454546,
      "baseline_brier": 0.24801570247933885,
      "baseline_hit_rate": 0.5445454545454546,
      "brier": 0.24985423459138256,
      "display_ready": true,
      "ece": null,
      "hit_rate": 0.5445454545454546,
      "logloss": 0.692855932370094,
      "n": 1100
    },
    "7d": {
      "base_rate": 0.4745762711864407,
      "baseline_brier": 0.24935363401321456,
      "baseline_hit_rate": 0.5254237288135593,
      "brier": 0.2513079284287391,
      "display_ready": true,
      "ece": null,
      "hit_rate": 0.4745762711864407,
      "logloss": 0.6957657183301786,
      "n": 118
    },
    "90d": {
      "base_rate": 0.5445454545454546,
      "baseline_brier": 0.24801570247933885,
      "baseline_hit_rate": 0.5445454545454546,
      "brier": 0.24985423459138256,
      "display_ready": true,
      "ece": null,
      "hit_rate": 0.5445454545454546,
      "logloss": 0.692855932370094,
      "n": 1100
    }
  },
  "schema_version": "1",
  "total_forecasts": 1103,
  "total_resolved": 1100
}
