{
  "by_horizon": {
    "12h": {
      "base_rate": 0.6017699115044248,
      "baseline_brier": 0.23964288511238155,
      "baseline_hit_rate": 0.6017699115044248,
      "brier": 0.2489083941951233,
      "display_ready": true,
      "ece": null,
      "hit_rate": 0.6017699115044248,
      "logloss": 0.6909641864184675,
      "n": 113
    },
    "1h": {
      "base_rate": 0.5333333333333333,
      "baseline_brier": 0.2488888888888889,
      "baseline_hit_rate": 0.5333333333333333,
      "brier": 0.2500215502887055,
      "display_ready": true,
      "ece": null,
      "hit_rate": 0.5333333333333333,
      "logloss": 0.6931904704219051,
      "n": 510
    },
    "24h": {
      "base_rate": 0.6428571428571429,
      "baseline_brier": 0.22959183673469388,
      "baseline_hit_rate": 0.6428571428571429,
      "brier": 0.24806123596809607,
      "display_ready": true,
      "ece": null,
      "hit_rate": 0.6428571428571429,
      "logloss": 0.6892681235567978,
      "n": 56
    },
    "4h": {
      "base_rate": 0.5544871794871795,
      "baseline_brier": 0.24703114727153191,
      "baseline_hit_rate": 0.5544871794871795,
      "brier": 0.24950301599550764,
      "display_ready": true,
      "ece": null,
      "hit_rate": 0.5544871794871795,
      "logloss": 0.6921527456048477,
      "n": 312
    }
  },
  "by_model_version": {
    "v0.1.0-baseline-shadow": {
      "base_rate": 0.5539858728557013,
      "baseline_brier": 0.24708552553200802,
      "baseline_hit_rate": 0.5539858728557013,
      "brier": 0.24962059474884005,
      "display_ready": true,
      "ece": null,
      "hit_rate": 0.5539858728557013,
      "logloss": 0.6923882588580742,
      "n": 991
    }
  },
  "generated_at": "2026-06-23T23:31:58Z",
  "global": {
    "base_rate": 0.5539858728557013,
    "baseline_brier": 0.24708552553200802,
    "baseline_hit_rate": 0.5539858728557013,
    "brier": 0.24962059474884005,
    "display_ready": true,
    "ece": null,
    "hit_rate": 0.5539858728557013,
    "logloss": 0.6923882588580742,
    "n": 991
  },
  "metrics_version": "metrics-v0.1.0",
  "min_n_display": 20,
  "rolling": {
    "30d": {
      "base_rate": 0.5539858728557013,
      "baseline_brier": 0.24708552553200802,
      "baseline_hit_rate": 0.5539858728557013,
      "brier": 0.24962059474884005,
      "display_ready": true,
      "ece": null,
      "hit_rate": 0.5539858728557013,
      "logloss": 0.6923882588580742,
      "n": 991
    },
    "7d": {
      "base_rate": 0.6788990825688074,
      "baseline_brier": 0.21799511825603907,
      "baseline_hit_rate": 0.6788990825688074,
      "brier": 0.24827145930353997,
      "display_ready": true,
      "ece": null,
      "hit_rate": 0.6788990825688074,
      "logloss": 0.6896895808829032,
      "n": 109
    },
    "90d": {
      "base_rate": 0.5539858728557013,
      "baseline_brier": 0.24708552553200802,
      "baseline_hit_rate": 0.5539858728557013,
      "brier": 0.24962059474884005,
      "display_ready": true,
      "ece": null,
      "hit_rate": 0.5539858728557013,
      "logloss": 0.6923882588580742,
      "n": 991
    }
  },
  "schema_version": "1",
  "total_forecasts": 995,
  "total_resolved": 991
}
