{
  "by_horizon": {
    "12h": {
      "base_rate": 0.5955882352941176,
      "baseline_brier": 0.24086288927335642,
      "baseline_hit_rate": 0.5955882352941176,
      "brier": 0.24892310841486023,
      "display_ready": true,
      "ece": null,
      "hit_rate": 0.5955882352941176,
      "logloss": 0.6909935174274482,
      "n": 136
    },
    "1h": {
      "base_rate": 0.5303776683087028,
      "baseline_brier": 0.2490771972681264,
      "baseline_hit_rate": 0.5303776683087028,
      "brier": 0.25014955910935,
      "display_ready": true,
      "ece": null,
      "hit_rate": 0.5303776683087028,
      "logloss": 0.6934469263137035,
      "n": 609
    },
    "24h": {
      "base_rate": 0.6617647058823529,
      "baseline_brier": 0.22383217993079585,
      "baseline_hit_rate": 0.6617647058823529,
      "brier": 0.24804329555165688,
      "display_ready": true,
      "ece": null,
      "hit_rate": 0.6617647058823529,
      "logloss": 0.6892325731731971,
      "n": 68
    },
    "4h": {
      "base_rate": 0.5546666666666666,
      "baseline_brier": 0.24701155555555557,
      "baseline_hit_rate": 0.5546666666666666,
      "brier": 0.24984429272873607,
      "display_ready": true,
      "ece": null,
      "hit_rate": 0.5546666666666666,
      "logloss": 0.6928360029698916,
      "n": 375
    }
  },
  "by_model_version": {
    "v0.1.0-baseline-shadow": {
      "base_rate": 0.553030303030303,
      "baseline_brier": 0.24718778696051422,
      "baseline_hit_rate": 0.553030303030303,
      "brier": 0.2497922374686901,
      "display_ready": true,
      "ece": null,
      "hit_rate": 0.553030303030303,
      "logloss": 0.692731997125139,
      "n": 1188
    }
  },
  "generated_at": "2026-07-05T11:13:58Z",
  "global": {
    "base_rate": 0.553030303030303,
    "baseline_brier": 0.24718778696051422,
    "baseline_hit_rate": 0.553030303030303,
    "brier": 0.2497922374686901,
    "display_ready": true,
    "ece": null,
    "hit_rate": 0.553030303030303,
    "logloss": 0.692731997125139,
    "n": 1188
  },
  "metrics_version": "metrics-v0.1.0",
  "min_n_display": 20,
  "rolling": {
    "30d": {
      "base_rate": 0.553030303030303,
      "baseline_brier": 0.24718778696051422,
      "baseline_hit_rate": 0.553030303030303,
      "brier": 0.2497922374686901,
      "display_ready": true,
      "ece": null,
      "hit_rate": 0.553030303030303,
      "logloss": 0.692731997125139,
      "n": 1188
    },
    "7d": {
      "base_rate": 0.6033057851239669,
      "baseline_brier": 0.23932791475992077,
      "baseline_hit_rate": 0.6033057851239669,
      "brier": 0.24983847046544944,
      "display_ready": true,
      "ece": null,
      "hit_rate": 0.6033057851239669,
      "logloss": 0.6928250755219247,
      "n": 121
    },
    "90d": {
      "base_rate": 0.553030303030303,
      "baseline_brier": 0.24718778696051422,
      "baseline_hit_rate": 0.553030303030303,
      "brier": 0.2497922374686901,
      "display_ready": true,
      "ece": null,
      "hit_rate": 0.553030303030303,
      "logloss": 0.692731997125139,
      "n": 1188
    }
  },
  "schema_version": "1",
  "total_forecasts": 1192,
  "total_resolved": 1188
}
