{
  "by_horizon": {
    "12h": {
      "base_rate": 0.5637583892617449,
      "baseline_brier": 0.24593486779874782,
      "baseline_hit_rate": 0.5637583892617449,
      "brier": 0.249518185158352,
      "display_ready": true,
      "ece": null,
      "hit_rate": 0.5637583892617449,
      "logloss": 0.6921840271269282,
      "n": 149
    },
    "1h": {
      "base_rate": 0.5291479820627802,
      "baseline_brier": 0.2491503951416678,
      "baseline_hit_rate": 0.5291479820627802,
      "brier": 0.25021260427022973,
      "display_ready": true,
      "ece": null,
      "hit_rate": 0.5291479820627802,
      "logloss": 0.6935730323378182,
      "n": 669
    },
    "24h": {
      "base_rate": 0.6486486486486487,
      "baseline_brier": 0.22790357925493057,
      "baseline_hit_rate": 0.6486486486486487,
      "brier": 0.24821168004606317,
      "display_ready": true,
      "ece": null,
      "hit_rate": 0.6486486486486487,
      "logloss": 0.6895695274370353,
      "n": 74
    },
    "4h": {
      "base_rate": 0.5450121654501217,
      "baseline_brier": 0.24797390496149088,
      "baseline_hit_rate": 0.5450121654501217,
      "brier": 0.24994609145232477,
      "display_ready": true,
      "ece": null,
      "hit_rate": 0.5450121654501217,
      "logloss": 0.6930396376586591,
      "n": 411
    }
  },
  "by_model_version": {
    "v0.1.0-baseline-shadow": {
      "base_rate": 0.5448963929393706,
      "baseline_brier": 0.24798431390103362,
      "baseline_hit_rate": 0.5448963929393706,
      "brier": 0.24993549482401556,
      "display_ready": true,
      "ece": null,
      "hit_rate": 0.5448963929393706,
      "logloss": 0.6930185838710378,
      "n": 1303
    }
  },
  "generated_at": "2026-07-11T22:09:26Z",
  "global": {
    "base_rate": 0.5448963929393706,
    "baseline_brier": 0.24798431390103362,
    "baseline_hit_rate": 0.5448963929393706,
    "brier": 0.24993549482401556,
    "display_ready": true,
    "ece": null,
    "hit_rate": 0.5448963929393706,
    "logloss": 0.6930185838710378,
    "n": 1303
  },
  "metrics_version": "metrics-v0.1.0",
  "min_n_display": 20,
  "rolling": {
    "30d": {
      "base_rate": 0.5771543086172345,
      "baseline_brier": 0.24404721266179655,
      "baseline_hit_rate": 0.5771543086172345,
      "brier": 0.24982572937044736,
      "display_ready": true,
      "ece": null,
      "hit_rate": 0.5771543086172345,
      "logloss": 0.6927996440686088,
      "n": 499
    },
    "7d": {
      "base_rate": 0.456,
      "baseline_brier": 0.24806400000000003,
      "baseline_hit_rate": 0.544,
      "brier": 0.2515432483945005,
      "display_ready": true,
      "ece": null,
      "hit_rate": 0.456,
      "logloss": 0.6962347984226144,
      "n": 125
    },
    "90d": {
      "base_rate": 0.5448963929393706,
      "baseline_brier": 0.24798431390103362,
      "baseline_hit_rate": 0.5448963929393706,
      "brier": 0.24993549482401556,
      "display_ready": true,
      "ece": null,
      "hit_rate": 0.5448963929393706,
      "logloss": 0.6930185838710378,
      "n": 1303
    }
  },
  "schema_version": "1",
  "total_forecasts": 1307,
  "total_resolved": 1303
}
