{
  "by_horizon": {
    "12h": {
      "base_rate": 0.5660377358490566,
      "baseline_brier": 0.2456390174439302,
      "baseline_hit_rate": 0.5660377358490566,
      "brier": 0.24958421316853432,
      "display_ready": true,
      "ece": null,
      "hit_rate": 0.5660377358490566,
      "logloss": 0.692316152619404,
      "n": 159
    },
    "1h": {
      "base_rate": 0.5277777777777778,
      "baseline_brier": 0.24922839506172842,
      "baseline_hit_rate": 0.5277777777777778,
      "brier": 0.2501952543940764,
      "display_ready": true,
      "ece": null,
      "hit_rate": 0.5277777777777778,
      "logloss": 0.6935383273964748,
      "n": 720
    },
    "24h": {
      "base_rate": 0.6329113924050633,
      "baseline_brier": 0.23233456176894726,
      "baseline_hit_rate": 0.6329113924050633,
      "brier": 0.24876630274045292,
      "display_ready": true,
      "ece": null,
      "hit_rate": 0.6329113924050633,
      "logloss": 0.6906793139554366,
      "n": 79
    },
    "4h": {
      "base_rate": 0.5386363636363637,
      "baseline_brier": 0.24850723140495867,
      "baseline_hit_rate": 0.5386363636363637,
      "brier": 0.2501315705239363,
      "display_ready": true,
      "ece": null,
      "hit_rate": 0.5386363636363637,
      "logloss": 0.693410794134407,
      "n": 440
    }
  },
  "by_model_version": {
    "v0.1.0-baseline-shadow": {
      "base_rate": 0.5414878397711016,
      "baseline_brier": 0.2482787591511274,
      "baseline_hit_rate": 0.5414878397711016,
      "brier": 0.2500249656684977,
      "display_ready": true,
      "ece": null,
      "hit_rate": 0.5414878397711016,
      "logloss": 0.6931976246162844,
      "n": 1398
    }
  },
  "generated_at": "2026-07-16T16:43:38Z",
  "global": {
    "base_rate": 0.5414878397711016,
    "baseline_brier": 0.2482787591511274,
    "baseline_hit_rate": 0.5414878397711016,
    "brier": 0.2500249656684977,
    "display_ready": true,
    "ece": null,
    "hit_rate": 0.5414878397711016,
    "logloss": 0.6931976246162844,
    "n": 1398
  },
  "metrics_version": "metrics-v0.1.0",
  "min_n_display": 20,
  "rolling": {
    "30d": {
      "base_rate": 0.5508637236084453,
      "baseline_brier": 0.24741288162068367,
      "baseline_hit_rate": 0.5508637236084453,
      "brier": 0.2504190671542913,
      "display_ready": true,
      "ece": null,
      "hit_rate": 0.5508637236084453,
      "logloss": 0.6939867937102705,
      "n": 521
    },
    "7d": {
      "base_rate": 0.5367647058823529,
      "baseline_brier": 0.24864835640138405,
      "baseline_hit_rate": 0.5367647058823529,
      "brier": 0.250730692693982,
      "display_ready": true,
      "ece": null,
      "hit_rate": 0.5367647058823529,
      "logloss": 0.6946099988523211,
      "n": 136
    },
    "90d": {
      "base_rate": 0.5414878397711016,
      "baseline_brier": 0.2482787591511274,
      "baseline_hit_rate": 0.5414878397711016,
      "brier": 0.2500249656684977,
      "display_ready": true,
      "ece": null,
      "hit_rate": 0.5414878397711016,
      "logloss": 0.6931976246162844,
      "n": 1398
    }
  },
  "schema_version": "1",
  "total_forecasts": 1402,
  "total_resolved": 1398
}
