{
  "by_horizon": {
    "12h": {
      "base_rate": 0.5714285714285714,
      "baseline_brier": 0.2448979591836735,
      "baseline_hit_rate": 0.5714285714285714,
      "brier": 0.2495177516747886,
      "display_ready": true,
      "ece": null,
      "hit_rate": 0.5714285714285714,
      "logloss": 0.6921831820877208,
      "n": 168
    },
    "1h": {
      "base_rate": 0.5277419354838709,
      "baseline_brier": 0.24923038501560874,
      "baseline_hit_rate": 0.5277419354838709,
      "brier": 0.2501506740909304,
      "display_ready": true,
      "ece": null,
      "hit_rate": 0.5277419354838709,
      "logloss": 0.6934491276421857,
      "n": 775
    },
    "24h": {
      "base_rate": 0.6309523809523809,
      "baseline_brier": 0.2328514739229025,
      "baseline_hit_rate": 0.6309523809523809,
      "brier": 0.24897295422156468,
      "display_ready": true,
      "ece": null,
      "hit_rate": 0.6309523809523809,
      "logloss": 0.6910927019713022,
      "n": 84
    },
    "4h": {
      "base_rate": 0.5460385438972163,
      "baseline_brier": 0.2478804524758241,
      "baseline_hit_rate": 0.5460385438972163,
      "brier": 0.2500060902826462,
      "display_ready": true,
      "ece": null,
      "hit_rate": 0.5460385438972163,
      "logloss": 0.6931597949364897,
      "n": 467
    }
  },
  "by_model_version": {
    "v0.1.0-baseline-shadow": {
      "base_rate": 0.5441767068273092,
      "baseline_brier": 0.24804841857389395,
      "baseline_hit_rate": 0.5441767068273092,
      "brier": 0.24996809037379034,
      "display_ready": true,
      "ece": null,
      "hit_rate": 0.5441767068273092,
      "logloss": 0.6930838418436152,
      "n": 1494
    }
  },
  "generated_at": "2026-07-21T06:37:55Z",
  "global": {
    "base_rate": 0.5441767068273092,
    "baseline_brier": 0.24804841857389395,
    "baseline_hit_rate": 0.5441767068273092,
    "brier": 0.24996809037379034,
    "display_ready": true,
    "ece": null,
    "hit_rate": 0.5441767068273092,
    "logloss": 0.6930838418436152,
    "n": 1494
  },
  "metrics_version": "metrics-v0.1.0",
  "min_n_display": 20,
  "rolling": {
    "30d": {
      "base_rate": 0.53125,
      "baseline_brier": 0.2490234375,
      "baseline_hit_rate": 0.53125,
      "brier": 0.2505022247758596,
      "display_ready": true,
      "ece": null,
      "hit_rate": 0.53125,
      "logloss": 0.6941529658569849,
      "n": 544
    },
    "7d": {
      "base_rate": 0.5664335664335665,
      "baseline_brier": 0.24558658125091692,
      "baseline_hit_rate": 0.5664335664335665,
      "brier": 0.24992350404813643,
      "display_ready": true,
      "ece": null,
      "hit_rate": 0.5664335664335665,
      "logloss": 0.6929953383449562,
      "n": 143
    },
    "90d": {
      "base_rate": 0.5441767068273092,
      "baseline_brier": 0.24804841857389395,
      "baseline_hit_rate": 0.5441767068273092,
      "brier": 0.24996809037379034,
      "display_ready": true,
      "ece": null,
      "hit_rate": 0.5441767068273092,
      "logloss": 0.6930838418436152,
      "n": 1494
    }
  },
  "schema_version": "1",
  "total_forecasts": 1496,
  "total_resolved": 1494
}
