{
  "by_horizon": {
    "12h": {
      "base_rate": 0.6095238095238096,
      "baseline_brier": 0.23800453514739228,
      "baseline_hit_rate": 0.6095238095238096,
      "brier": 0.24882070005620896,
      "display_ready": true,
      "ece": null,
      "hit_rate": 0.6095238095238096,
      "logloss": 0.6907887999927856,
      "n": 105
    },
    "1h": {
      "base_rate": 0.5157894736842106,
      "baseline_brier": 0.24975069252077564,
      "baseline_hit_rate": 0.5157894736842106,
      "brier": 0.2502613718595258,
      "display_ready": true,
      "ece": null,
      "hit_rate": 0.5157894736842106,
      "logloss": 0.6936702617345999,
      "n": 475
    },
    "24h": {
      "base_rate": 0.6538461538461539,
      "baseline_brier": 0.22633136094674555,
      "baseline_hit_rate": 0.6538461538461539,
      "brier": 0.24764269128090624,
      "display_ready": true,
      "ece": null,
      "hit_rate": 0.6538461538461539,
      "logloss": 0.6884307590629929,
      "n": 52
    },
    "4h": {
      "base_rate": 0.5363321799307958,
      "baseline_brier": 0.24867997270147627,
      "baseline_hit_rate": 0.5363321799307958,
      "brier": 0.24975232592055913,
      "display_ready": true,
      "ece": null,
      "hit_rate": 0.5363321799307958,
      "logloss": 0.6926515296871482,
      "n": 289
    }
  },
  "by_model_version": {
    "v0.1.0-baseline-shadow": {
      "base_rate": 0.5407166123778502,
      "baseline_brier": 0.2483421574764719,
      "baseline_hit_rate": 0.5407166123778502,
      "brier": 0.24978954101718287,
      "display_ready": true,
      "ece": null,
      "hit_rate": 0.5407166123778502,
      "logloss": 0.692726264792659,
      "n": 921
    }
  },
  "generated_at": "2026-06-19T16:12:24Z",
  "global": {
    "base_rate": 0.5407166123778502,
    "baseline_brier": 0.2483421574764719,
    "baseline_hit_rate": 0.5407166123778502,
    "brier": 0.24978954101718287,
    "display_ready": true,
    "ece": null,
    "hit_rate": 0.5407166123778502,
    "logloss": 0.692726264792659,
    "n": 921
  },
  "metrics_version": "metrics-v0.1.0",
  "min_n_display": 20,
  "rolling": {
    "30d": {
      "base_rate": 0.5407166123778502,
      "baseline_brier": 0.2483421574764719,
      "baseline_hit_rate": 0.5407166123778502,
      "brier": 0.24978954101718287,
      "display_ready": true,
      "ece": null,
      "hit_rate": 0.5407166123778502,
      "logloss": 0.692726264792659,
      "n": 921
    },
    "7d": {
      "base_rate": 0.6538461538461539,
      "baseline_brier": 0.22633136094674555,
      "baseline_hit_rate": 0.6538461538461539,
      "brier": 0.24846266777719814,
      "display_ready": true,
      "ece": null,
      "hit_rate": 0.6538461538461539,
      "logloss": 0.690072357050191,
      "n": 104
    },
    "90d": {
      "base_rate": 0.5407166123778502,
      "baseline_brier": 0.2483421574764719,
      "baseline_hit_rate": 0.5407166123778502,
      "brier": 0.24978954101718287,
      "display_ready": true,
      "ece": null,
      "hit_rate": 0.5407166123778502,
      "logloss": 0.692726264792659,
      "n": 921
    }
  },
  "schema_version": "1",
  "total_forecasts": 923,
  "total_resolved": 921
}
