{
  "by_horizon": {
    "12h": {
      "base_rate": 0.5833333333333334,
      "baseline_brier": 0.24305555555555555,
      "baseline_hit_rate": 0.5833333333333334,
      "brier": 0.24914655359156646,
      "display_ready": true,
      "ece": null,
      "hit_rate": 0.5833333333333334,
      "logloss": 0.6914407182402192,
      "n": 120
    },
    "1h": {
      "base_rate": 0.5233644859813084,
      "baseline_brier": 0.24945410079482924,
      "baseline_hit_rate": 0.5233644859813084,
      "brier": 0.25024029251066093,
      "display_ready": true,
      "ece": null,
      "hit_rate": 0.5233644859813084,
      "logloss": 0.6936283341443207,
      "n": 535
    },
    "24h": {
      "base_rate": 0.65,
      "baseline_brier": 0.2275,
      "baseline_hit_rate": 0.65,
      "brier": 0.24813698151125094,
      "display_ready": true,
      "ece": null,
      "hit_rate": 0.65,
      "logloss": 0.6894198466941057,
      "n": 60
    },
    "4h": {
      "base_rate": 0.5515151515151515,
      "baseline_brier": 0.24734618916437098,
      "baseline_hit_rate": 0.5515151515151515,
      "brier": 0.24969936218019914,
      "display_ready": true,
      "ece": null,
      "hit_rate": 0.5515151515151515,
      "logloss": 0.6925459639032381,
      "n": 330
    }
  },
  "by_model_version": {
    "v0.1.0-baseline-shadow": {
      "base_rate": 0.5464114832535886,
      "baseline_brier": 0.24784597422220186,
      "baseline_hit_rate": 0.5464114832535886,
      "brier": 0.24982311132471996,
      "display_ready": true,
      "ece": null,
      "hit_rate": 0.5464114832535886,
      "logloss": 0.6927936878906724,
      "n": 1045
    }
  },
  "generated_at": "2026-06-27T06:03:25Z",
  "global": {
    "base_rate": 0.5464114832535886,
    "baseline_brier": 0.24784597422220186,
    "baseline_hit_rate": 0.5464114832535886,
    "brier": 0.24982311132471996,
    "display_ready": true,
    "ece": null,
    "hit_rate": 0.5464114832535886,
    "logloss": 0.6927936878906724,
    "n": 1045
  },
  "metrics_version": "metrics-v0.1.0",
  "min_n_display": 20,
  "rolling": {
    "30d": {
      "base_rate": 0.5464114832535886,
      "baseline_brier": 0.24784597422220186,
      "baseline_hit_rate": 0.5464114832535886,
      "brier": 0.24982311132471996,
      "display_ready": true,
      "ece": null,
      "hit_rate": 0.5464114832535886,
      "logloss": 0.6927936878906724,
      "n": 1045
    },
    "7d": {
      "base_rate": 0.5752212389380531,
      "baseline_brier": 0.24434176521262432,
      "baseline_hit_rate": 0.5752212389380531,
      "brier": 0.2501523775738961,
      "display_ready": true,
      "ece": null,
      "hit_rate": 0.5752212389380531,
      "logloss": 0.6934544987931371,
      "n": 113
    },
    "90d": {
      "base_rate": 0.5464114832535886,
      "baseline_brier": 0.24784597422220186,
      "baseline_hit_rate": 0.5464114832535886,
      "brier": 0.24982311132471996,
      "display_ready": true,
      "ece": null,
      "hit_rate": 0.5464114832535886,
      "logloss": 0.6927936878906724,
      "n": 1045
    }
  },
  "schema_version": "1",
  "total_forecasts": 1049,
  "total_resolved": 1045
}
