{
  "by_direction": {
    "down": {
      "always_down_rate": 0.45416078984485186,
      "always_up_rate": 0.5458392101551481,
      "base_rate": 0.4541607898448519,
      "baseline_brier": 0.24789876681235218,
      "baseline_hit_rate": 0.5458392101551481,
      "brier": 0.2509867860267809,
      "display_ready": true,
      "ece": null,
      "expectancy_bps": 4.686233621677976,
      "expectancy_maker_2bps": 2.6862336216779767,
      "expectancy_taker_10bps": -5.313766378322024,
      "hit_down": 0.4541607898448519,
      "hit_rate": 0.4541607898448519,
      "hit_up": null,
      "logloss": 0.695121640827995,
      "n": 709,
      "n_down": 709,
      "n_up": 0,
      "vs_majority_pp": -0.09167842031029622
    },
    "up": {
      "always_down_rate": 0.3762254901960784,
      "always_up_rate": 0.6237745098039216,
      "base_rate": 0.6237745098039216,
      "baseline_brier": 0.23467987072279892,
      "baseline_hit_rate": 0.6237745098039216,
      "brier": 0.24895982898618896,
      "display_ready": true,
      "ece": null,
      "expectancy_bps": 14.652657207029407,
      "expectancy_maker_2bps": 12.652657207029405,
      "expectancy_taker_10bps": 4.652657207029406,
      "hit_down": null,
      "hit_rate": 0.6237745098039216,
      "hit_up": 0.6237745098039216,
      "logloss": 0.6910668301153715,
      "n": 816,
      "n_down": 0,
      "n_up": 816,
      "vs_majority_pp": 0.0
    }
  },
  "by_horizon": {
    "12h": {
      "always_down_rate": 0.47976878612716767,
      "always_up_rate": 0.5202312138728323,
      "base_rate": 0.5722543352601156,
      "baseline_brier": 0.24477931103611883,
      "baseline_hit_rate": 0.5722543352601156,
      "brier": 0.24942361182048572,
      "display_ready": true,
      "ece": null,
      "expectancy_bps": 24.908240052981103,
      "expectancy_maker_2bps": 22.908240052981103,
      "expectancy_taker_10bps": 14.908240052981105,
      "hit_down": 0.5529411764705883,
      "hit_rate": 0.5722543352601156,
      "hit_up": 0.5909090909090909,
      "logloss": 0.6919948497409503,
      "n": 173,
      "n_down": 85,
      "n_up": 88,
      "vs_majority_pp": 0.052023121387283267
    },
    "1h": {
      "always_down_rate": 0.38101265822784813,
      "always_up_rate": 0.6189873417721519,
      "base_rate": 0.529113924050633,
      "baseline_brier": 0.24915237942637397,
      "baseline_hit_rate": 0.529113924050633,
      "brier": 0.25010708824304306,
      "display_ready": true,
      "ece": null,
      "expectancy_bps": 3.5304820543015167,
      "expectancy_maker_2bps": 1.5304820543015167,
      "expectancy_taker_10bps": -6.469517945698483,
      "hit_down": 0.39943342776203966,
      "hit_rate": 0.529113924050633,
      "hit_up": 0.6338672768878718,
      "logloss": 0.6933619176983649,
      "n": 790,
      "n_down": 353,
      "n_up": 437,
      "vs_majority_pp": -0.08987341772151891
    },
    "24h": {
      "always_down_rate": 0.4883720930232558,
      "always_up_rate": 0.5116279069767442,
      "base_rate": 0.6395348837209303,
      "baseline_brier": 0.23053001622498648,
      "baseline_hit_rate": 0.6395348837209303,
      "brier": 0.24854875136337595,
      "display_ready": true,
      "ece": null,
      "expectancy_bps": 57.01908317000415,
      "expectancy_maker_2bps": 55.01908317000415,
      "expectancy_taker_10bps": 47.01908317000415,
      "hit_down": 0.6222222222222222,
      "hit_rate": 0.6395348837209303,
      "hit_up": 0.6585365853658537,
      "logloss": 0.6902436217373141,
      "n": 86,
      "n_down": 45,
      "n_up": 41,
      "vs_majority_pp": 0.12790697674418605
    },
    "4h": {
      "always_down_rate": 0.42647058823529416,
      "always_up_rate": 0.5735294117647058,
      "base_rate": 0.5441176470588235,
      "baseline_brier": 0.2480536332179931,
      "baseline_hit_rate": 0.5441176470588235,
      "brier": 0.2499806188477299,
      "display_ready": true,
      "ece": null,
      "expectancy_bps": 6.885000869792846,
      "expectancy_maker_2bps": 4.885000869792846,
      "expectancy_taker_10bps": -3.1149991302071536,
      "hit_down": 0.4690265486725664,
      "hit_rate": 0.5441176470588235,
      "hit_up": 0.612,
      "logloss": 0.6931088261867434,
      "n": 476,
      "n_down": 226,
      "n_up": 250,
      "vs_majority_pp": -0.02941176470588236
    }
  },
  "by_model_version": {
    "v0.1.0-baseline-shadow": {
      "always_down_rate": 0.41261498028909327,
      "always_up_rate": 0.5873850197109067,
      "base_rate": 0.5446780551905388,
      "baseline_brier": 0.24800387138439117,
      "baseline_hit_rate": 0.5446780551905388,
      "brier": 0.2499187061227614,
      "display_ready": true,
      "ece": null,
      "expectancy_bps": 10.020666256887337,
      "expectancy_maker_2bps": 8.020666256887337,
      "expectancy_taker_10bps": 0.020666256887336837,
      "hit_down": 0.4541607898448519,
      "hit_rate": 0.5446780551905388,
      "hit_up": 0.6236162361623616,
      "logloss": 0.6929850347941342,
      "n": 1522,
      "n_down": 709,
      "n_up": 813,
      "vs_majority_pp": -0.04270696452036793
    },
    "v0.2.0-shadow-policy24": {
      "always_down_rate": 0.33333333333333337,
      "always_up_rate": 0.6666666666666666,
      "base_rate": 0.6666666666666666,
      "baseline_brier": 0.22222222222222224,
      "baseline_hit_rate": 0.6666666666666666,
      "brier": 0.24152700895833332,
      "display_ready": false,
      "ece": null,
      "expectancy_bps": 9.217958574384525,
      "expectancy_maker_2bps": 7.217958574384526,
      "expectancy_taker_10bps": -0.7820414256154743,
      "hit_down": null,
      "hit_rate": 0.6666666666666666,
      "hit_up": 0.6666666666666666,
      "logloss": 0.6761845881730756,
      "n": 3,
      "n_down": 0,
      "n_up": 3,
      "vs_majority_pp": 0.0
    }
  },
  "by_regime": {
    "bear": {
      "always_down_rate": 0.4,
      "always_up_rate": 0.6,
      "base_rate": 0.4,
      "baseline_brier": 0.24000000000000005,
      "baseline_hit_rate": 0.6,
      "brier": 0.2518969608200481,
      "display_ready": false,
      "ece": null,
      "expectancy_bps": 6.1856992691338615,
      "expectancy_maker_2bps": 4.1856992691338615,
      "expectancy_taker_10bps": -3.814300730866139,
      "hit_down": 0.4,
      "hit_rate": 0.4,
      "hit_up": null,
      "logloss": 0.6969414517904265,
      "n": 5,
      "n_down": 5,
      "n_up": 0,
      "vs_majority_pp": -0.19999999999999996
    },
    "bull": {
      "always_down_rate": 0.5454545454545454,
      "always_up_rate": 0.45454545454545453,
      "base_rate": 0.45454545454545453,
      "baseline_brier": 0.24793388429752064,
      "baseline_hit_rate": 0.5454545454545454,
      "brier": 0.2481581461439875,
      "display_ready": false,
      "ece": null,
      "expectancy_bps": -15.145512094178194,
      "expectancy_maker_2bps": -17.145512094178194,
      "expectancy_taker_10bps": -25.145512094178194,
      "hit_down": null,
      "hit_rate": 0.45454545454545453,
      "hit_up": 0.45454545454545453,
      "logloss": 0.6894590086562815,
      "n": 11,
      "n_down": 0,
      "n_up": 11,
      "vs_majority_pp": -0.09090909090909088
    },
    "unknown": {
      "always_down_rate": 0.411530815109344,
      "always_up_rate": 0.588469184890656,
      "base_rate": 0.5460569913850232,
      "baseline_brier": 0.2478787535445599,
      "baseline_hit_rate": 0.5460569913850232,
      "brier": 0.2499083017455492,
      "display_ready": true,
      "ece": null,
      "expectancy_bps": 10.215228664941002,
      "expectancy_maker_2bps": 8.215228664941002,
      "expectancy_taker_10bps": 0.2152286649410016,
      "hit_down": 0.45454545454545453,
      "hit_rate": 0.5460569913850232,
      "hit_up": 0.6260869565217392,
      "logloss": 0.6929642282087609,
      "n": 1509,
      "n_down": 704,
      "n_up": 805,
      "vs_majority_pp": -0.042412193505632856
    }
  },
  "edge_scoreboard": [
    {
      "expectancy_maker_2bps": 55.01908317000415,
      "hit_rate": 0.6395348837209303,
      "horizon": "24h",