{
  "by_horizon": {
    "12h": {
      "base_rate": 0.56,
      "baseline_brier": 0.2464,
      "baseline_hit_rate": 0.56,
      "brier": 0.24953057345152038,
      "display_ready": true,
      "ece": null,
      "hit_rate": 0.56,
      "logloss": 0.6922088005845274,
      "n": 150
    },
    "1h": {
      "base_rate": 0.5296735905044511,
      "baseline_brier": 0.24911947802657414,
      "baseline_hit_rate": 0.5296735905044511,
      "brier": 0.2502098828340445,
      "display_ready": true,
      "ece": null,
      "hit_rate": 0.5296735905044511,
      "logloss": 0.6935675844392665,
      "n": 674
    },
    "24h": {
      "base_rate": 0.64,
      "baseline_brier": 0.23040000000000002,
      "baseline_hit_rate": 0.64,
      "brier": 0.2482881720418367,
      "display_ready": true,
      "ece": null,
      "hit_rate": 0.64,
      "logloss": 0.6897225271142554,
      "n": 75
    },
    "4h": {
      "base_rate": 0.5410628019323671,
      "baseline_brier": 0.2483138462974632,
      "baseline_hit_rate": 0.5410628019323671,
      "brier": 0.2499744556731262,
      "display_ready": true,
      "ece": null,
      "hit_rate": 0.5410628019323671,
      "logloss": 0.6930963659922414,
      "n": 414
    }
  },
  "by_model_version": {
    "v0.1.0-baseline-shadow": {
      "base_rate": 0.543031226199543,
      "baseline_brier": 0.24814831357176378,
      "baseline_hit_rate": 0.543031226199543,
      "brier": 0.24994827463799393,
      "display_ready": true,
      "ece": null,
      "hit_rate": 0.543031226199543,
      "logloss": 0.69304414093991,
      "n": 1313
    }
  },
  "generated_at": "2026-07-12T09:18:39Z",
  "global": {
    "base_rate": 0.543031226199543,
    "baseline_brier": 0.24814831357176378,
    "baseline_hit_rate": 0.543031226199543,
    "brier": 0.24994827463799393,
    "display_ready": true,
    "ece": null,
    "hit_rate": 0.543031226199543,
    "logloss": 0.69304414093991,
    "n": 1313
  },
  "metrics_version": "metrics-v0.1.0",
  "min_n_display": 20,
  "rolling": {
    "30d": {
      "base_rate": 0.5708582834331337,
      "baseline_brier": 0.24497910366890968,
      "baseline_hit_rate": 0.5708582834331337,
      "brier": 0.2499250845822703,
      "display_ready": true,
      "ece": null,
      "hit_rate": 0.5708582834331337,
      "logloss": 0.6929983874568859,
      "n": 501
    },
    "7d": {
      "base_rate": 0.4523809523809524,
      "baseline_brier": 0.24773242630385492,
      "baseline_hit_rate": 0.5476190476190477,
      "brier": 0.2514071682045597,
      "display_ready": true,
      "ece": null,
      "hit_rate": 0.4523809523809524,
      "logloss": 0.6959625797838446,
      "n": 126
    },
    "90d": {
      "base_rate": 0.543031226199543,
      "baseline_brier": 0.24814831357176378,
      "baseline_hit_rate": 0.543031226199543,
      "brier": 0.24994827463799393,
      "display_ready": true,
      "ece": null,
      "hit_rate": 0.543031226199543,
      "logloss": 0.69304414093991,
      "n": 1313
    }
  },
  "schema_version": "1",
  "total_forecasts": 1317,
  "total_resolved": 1313
}
