{
  "by_horizon": {
    "12h": {
      "base_rate": 0.6,
      "baseline_brier": 0.24,
      "baseline_hit_rate": 0.6,
      "brier": 0.24908334078702665,
      "display_ready": true,
      "ece": null,
      "hit_rate": 0.6,
      "logloss": 0.691314199593813,
      "n": 100
    },
    "1h": {
      "base_rate": 0.5184381778741866,
      "baseline_brier": 0.24966003359667985,
      "baseline_hit_rate": 0.5184381778741866,
      "brier": 0.2501525848936219,
      "display_ready": true,
      "ece": null,
      "hit_rate": 0.5184381778741866,
      "logloss": 0.693452583566199,
      "n": 461
    },
    "24h": {
      "base_rate": 0.64,
      "baseline_brier": 0.2304,
      "baseline_hit_rate": 0.64,
      "brier": 0.24783240697472894,
      "display_ready": true,
      "ece": null,
      "hit_rate": 0.64,
      "logloss": 0.688810166334,
      "n": 50
    },
    "4h": {
      "base_rate": 0.5359712230215827,
      "baseline_brier": 0.24870607111433155,
      "baseline_hit_rate": 0.5359712230215827,
      "brier": 0.24973608777045136,
      "display_ready": true,
      "ece": null,
      "hit_rate": 0.5359712230215827,
      "logloss": 0.6926189799997176,
      "n": 278
    }
  },
  "by_model_version": {
    "v0.1.0-baseline-shadow": {
      "base_rate": 0.5399325084364455,
      "baseline_brier": 0.24840539476997323,
      "baseline_hit_rate": 0.5399325084364455,
      "brier": 0.24977157307489797,
      "display_ready": true,
      "ece": null,
      "hit_rate": 0.5399325084364455,
      "logloss": 0.6926902651743763,
      "n": 889
    }
  },
  "generated_at": "2026-06-17T11:18:23Z",
  "global": {
    "base_rate": 0.5399325084364455,
    "baseline_brier": 0.24840539476997323,
    "baseline_hit_rate": 0.5399325084364455,
    "brier": 0.24977157307489797,
    "display_ready": true,
    "ece": null,
    "hit_rate": 0.5399325084364455,
    "logloss": 0.6926902651743763,
    "n": 889
  },
  "metrics_version": "metrics-v0.1.0",
  "min_n_display": 20,
  "rolling": {
    "30d": {
      "base_rate": 0.5399325084364455,
      "baseline_brier": 0.24840539476997323,
      "baseline_hit_rate": 0.5399325084364455,
      "brier": 0.24977157307489797,
      "display_ready": true,
      "ece": null,
      "hit_rate": 0.5399325084364455,
      "logloss": 0.6926902651743763,
      "n": 889
    },
    "7d": {
      "base_rate": 0.6666666666666666,
      "baseline_brier": 0.22222222222222224,
      "baseline_hit_rate": 0.6666666666666666,
      "brier": 0.24736321375824485,
      "display_ready": true,
      "ece": null,
      "hit_rate": 0.6666666666666666,
      "logloss": 0.68787226115398,
      "n": 105
    },
    "90d": {
      "base_rate": 0.5399325084364455,
      "baseline_brier": 0.24840539476997323,
      "baseline_hit_rate": 0.5399325084364455,
      "brier": 0.24977157307489797,
      "display_ready": true,
      "ece": null,
      "hit_rate": 0.5399325084364455,
      "logloss": 0.6926902651743763,
      "n": 889
    }
  },
  "schema_version": "1",
  "total_forecasts": 893,
  "total_resolved": 889
}
