{
  "by_horizon": {
    "12h": {
      "base_rate": 0.5714285714285714,
      "baseline_brier": 0.2448979591836735,
      "baseline_hit_rate": 0.5714285714285714,
      "brier": 0.2494561270107476,
      "display_ready": true,
      "ece": null,
      "hit_rate": 0.5714285714285714,
      "logloss": 0.6920599317219565,
      "n": 161
    },
    "1h": {
      "base_rate": 0.5260273972602739,
      "baseline_brier": 0.2493225745918559,
      "baseline_hit_rate": 0.5260273972602739,
      "brier": 0.25022690881636545,
      "display_ready": true,
      "ece": null,
      "hit_rate": 0.5260273972602739,
      "logloss": 0.6936016440477201,
      "n": 730
    },
    "24h": {
      "base_rate": 0.6375,
      "baseline_brier": 0.23109375000000001,
      "baseline_hit_rate": 0.6375,
      "brier": 0.24876606971771062,
      "display_ready": true,
      "ece": null,
      "hit_rate": 0.6375,
      "logloss": 0.6906788537454258,
      "n": 80
    },
    "4h": {
      "base_rate": 0.5415730337078651,
      "baseline_brier": 0.2482716828683247,
      "baseline_hit_rate": 0.5415730337078651,
      "brier": 0.25009522645207494,
      "display_ready": true,
      "ece": null,
      "hit_rate": 0.5415730337078651,
      "logloss": 0.693338105423336,
      "n": 445
    }
  },
  "by_model_version": {
    "v0.1.0-baseline-shadow": {
      "base_rate": 0.5423728813559322,
      "baseline_brier": 0.2482045389255961,
      "baseline_hit_rate": 0.5423728813559322,
      "brier": 0.25001535397829616,
      "display_ready": true,
      "ece": null,
      "hit_rate": 0.5423728813559322,
      "logloss": 0.6931783999824077,
      "n": 1416
    }
  },
  "generated_at": "2026-07-17T14:05:38Z",
  "global": {
    "base_rate": 0.5423728813559322,
    "baseline_brier": 0.2482045389255961,
    "baseline_hit_rate": 0.5423728813559322,
    "brier": 0.25001535397829616,
    "display_ready": true,
    "ece": null,
    "hit_rate": 0.5423728813559322,
    "logloss": 0.6931783999824077,
    "n": 1416
  },
  "metrics_version": "metrics-v0.1.0",
  "min_n_display": 20,
  "rolling": {
    "30d": {
      "base_rate": 0.5464895635673624,
      "baseline_brier": 0.24783872047931618,
      "baseline_hit_rate": 0.5464895635673624,
      "brier": 0.25042658969579323,
      "display_ready": true,
      "ece": null,
      "hit_rate": 0.5464895635673624,
      "logloss": 0.6940018380172082,
      "n": 527
    },
    "7d": {
      "base_rate": 0.5177304964539007,
      "baseline_brier": 0.2496856294954982,
      "baseline_hit_rate": 0.5177304964539007,
      "brier": 0.25118906039150973,
      "display_ready": true,
      "ece": null,
      "hit_rate": 0.5177304964539007,
      "logloss": 0.6955268963564771,
      "n": 141
    },
    "90d": {
      "base_rate": 0.5423728813559322,
      "baseline_brier": 0.2482045389255961,
      "baseline_hit_rate": 0.5423728813559322,
      "brier": 0.25001535397829616,
      "display_ready": true,
      "ece": null,
      "hit_rate": 0.5423728813559322,
      "logloss": 0.6931783999824077,
      "n": 1416
    }
  },
  "schema_version": "1",
  "total_forecasts": 1420,
  "total_resolved": 1416
}
