{
  "by_horizon": {
    "12h": {
      "base_rate": 0.5912408759124088,
      "baseline_brier": 0.24167510256273642,
      "baseline_hit_rate": 0.5912408759124088,
      "brier": 0.248981076384841,
      "display_ready": true,
      "ece": null,
      "hit_rate": 0.5912408759124088,
      "logloss": 0.6911094587247094,
      "n": 137
    },
    "1h": {
      "base_rate": 0.5311475409836065,
      "baseline_brier": 0.24902983069067455,
      "baseline_hit_rate": 0.5311475409836065,
      "brier": 0.2501438322169339,
      "display_ready": true,
      "ece": null,
      "hit_rate": 0.5311475409836065,
      "logloss": 0.6934354713358486,
      "n": 610
    },
    "24h": {
      "base_rate": 0.6617647058823529,
      "baseline_brier": 0.22383217993079585,
      "baseline_hit_rate": 0.6617647058823529,
      "brier": 0.24804329555165688,
      "display_ready": true,
      "ece": null,
      "hit_rate": 0.6617647058823529,
      "logloss": 0.6892325731731971,
      "n": 68
    },
    "4h": {
      "base_rate": 0.5531914893617021,
      "baseline_brier": 0.24717066545948393,
      "baseline_hit_rate": 0.5531914893617021,
      "brier": 0.2498489846383858,
      "display_ready": true,
      "ece": null,
      "hit_rate": 0.5531914893617021,
      "logloss": 0.6928453861884398,
      "n": 376
    }
  },
  "by_model_version": {
    "v0.1.0-baseline-shadow": {
      "base_rate": 0.5524769101595298,
      "baseline_brier": 0.24724617390010867,
      "baseline_hit_rate": 0.5524769101595298,
      "brier": 0.24979706753870584,
      "display_ready": true,
      "ece": null,
      "hit_rate": 0.5524769101595298,
      "logloss": 0.6927416570468375,
      "n": 1191
    }
  },
  "generated_at": "2026-07-05T12:43:24Z",
  "global": {
    "base_rate": 0.5524769101595298,
    "baseline_brier": 0.24724617390010867,
    "baseline_hit_rate": 0.5524769101595298,
    "brier": 0.24979706753870584,
    "display_ready": true,
    "ece": null,
    "hit_rate": 0.5524769101595298,
    "logloss": 0.6927416570468375,
    "n": 1191
  },
  "metrics_version": "metrics-v0.1.0",
  "min_n_display": 20,
  "rolling": {
    "30d": {
      "base_rate": 0.5524769101595298,
      "baseline_brier": 0.24724617390010867,
      "baseline_hit_rate": 0.5524769101595298,
      "brier": 0.24979706753870584,
      "display_ready": true,
      "ece": null,
      "hit_rate": 0.5524769101595298,
      "logloss": 0.6927416570468375,
      "n": 1191
    },
    "7d": {
      "base_rate": 0.5967741935483871,
      "baseline_brier": 0.24063475546305932,
      "baseline_hit_rate": 0.5967741935483871,
      "brier": 0.24988374396866306,
      "display_ready": true,
      "ece": null,
      "hit_rate": 0.5967741935483871,
      "logloss": 0.6929156056150916,
      "n": 124
    },
    "90d": {
      "base_rate": 0.5524769101595298,
      "baseline_brier": 0.24724617390010867,
      "baseline_hit_rate": 0.5524769101595298,
      "brier": 0.24979706753870584,
      "display_ready": true,
      "ece": null,
      "hit_rate": 0.5524769101595298,
      "logloss": 0.6927416570468375,
      "n": 1191
    }
  },
  "schema_version": "1",
  "total_forecasts": 1195,
  "total_resolved": 1191
}
