{
  "by_horizon": {
    "12h": {
      "base_rate": 0.5897435897435898,
      "baseline_brier": 0.24194608809993423,
      "baseline_hit_rate": 0.5897435897435898,
      "brier": 0.24924157906623795,
      "display_ready": true,
      "ece": null,
      "hit_rate": 0.5897435897435898,
      "logloss": 0.691630901023223,
      "n": 117
    },
    "1h": {
      "base_rate": 0.5257142857142857,
      "baseline_brier": 0.2493387755102041,
      "baseline_hit_rate": 0.5257142857142857,
      "brier": 0.2502174919823086,
      "display_ready": true,
      "ece": null,
      "hit_rate": 0.5257142857142857,
      "logloss": 0.6935827419910973,
      "n": 525
    },
    "24h": {
      "base_rate": 0.6551724137931034,
      "baseline_brier": 0.2259215219976219,
      "baseline_hit_rate": 0.6551724137931034,
      "brier": 0.24799290452775993,
      "display_ready": true,
      "ece": null,
      "hit_rate": 0.6551724137931034,
      "logloss": 0.6891315004463346,
      "n": 58
    },
    "4h": {
      "base_rate": 0.5527950310559007,
      "baseline_brier": 0.2472126846958065,
      "baseline_hit_rate": 0.5527950310559007,
      "brier": 0.24958213621381445,
      "display_ready": true,
      "ece": null,
      "hit_rate": 0.5527950310559007,
      "logloss": 0.6923113560591846,
      "n": 322
    }
  },
  "by_model_version": {
    "v0.1.0-baseline-shadow": {
      "base_rate": 0.5489236790606654,
      "baseline_brier": 0.247606473627169,
      "baseline_hit_rate": 0.5489236790606654,
      "brier": 0.24977933890892384,
      "display_ready": true,
      "ece": null,
      "hit_rate": 0.5489236790606654,
      "logloss": 0.6927061043463679,
      "n": 1022
    }
  },
  "generated_at": "2026-06-25T22:49:19Z",
  "global": {
    "base_rate": 0.5489236790606654,
    "baseline_brier": 0.247606473627169,
    "baseline_hit_rate": 0.5489236790606654,
    "brier": 0.24977933890892384,
    "display_ready": true,
    "ece": null,
    "hit_rate": 0.5489236790606654,
    "logloss": 0.6927061043463679,
    "n": 1022
  },
  "metrics_version": "metrics-v0.1.0",
  "min_n_display": 20,
  "rolling": {
    "30d": {
      "base_rate": 0.5489236790606654,
      "baseline_brier": 0.247606473627169,
      "baseline_hit_rate": 0.5489236790606654,
      "brier": 0.24977933890892384,
      "display_ready": true,
      "ece": null,
      "hit_rate": 0.5489236790606654,
      "logloss": 0.6927061043463679,
      "n": 1022
    },
    "7d": {
      "base_rate": 0.6106194690265486,
      "baseline_brier": 0.23776333307228442,
      "baseline_hit_rate": 0.6106194690265486,
      "brier": 0.24978828465186273,
      "display_ready": true,
      "ece": null,
      "hit_rate": 0.6106194690265486,
      "logloss": 0.6927260580571435,
      "n": 113
    },
    "90d": {
      "base_rate": 0.5489236790606654,
      "baseline_brier": 0.247606473627169,
      "baseline_hit_rate": 0.5489236790606654,
      "brier": 0.24977933890892384,
      "display_ready": true,
      "ece": null,
      "hit_rate": 0.5489236790606654,
      "logloss": 0.6927061043463679,
      "n": 1022
    }
  },
  "schema_version": "1",
  "total_forecasts": 1026,
  "total_resolved": 1022
}
