{
  "by_horizon": {
    "12h": {
      "base_rate": 0.5882352941176471,
      "baseline_brier": 0.2422145328719723,
      "baseline_hit_rate": 0.5882352941176471,
      "brier": 0.24912619982382828,
      "display_ready": true,
      "ece": null,
      "hit_rate": 0.5882352941176471,
      "logloss": 0.6914000142360712,
      "n": 119
    },
    "1h": {
      "base_rate": 0.5245283018867924,
      "baseline_brier": 0.2493983624065504,
      "baseline_hit_rate": 0.5245283018867924,
      "brier": 0.25022293813787516,
      "display_ready": true,
      "ece": null,
      "hit_rate": 0.5245283018867924,
      "logloss": 0.6935936285198838,
      "n": 530
    },
    "24h": {
      "base_rate": 0.6610169491525424,
      "baseline_brier": 0.2240735420856076,
      "baseline_hit_rate": 0.6610169491525424,
      "brier": 0.24780184053232435,
      "display_ready": true,
      "ece": null,
      "hit_rate": 0.6610169491525424,
      "logloss": 0.6887492896305644,
      "n": 59
    },
    "4h": {
      "base_rate": 0.5474006116207951,
      "baseline_brier": 0.24775318201797455,
      "baseline_hit_rate": 0.5474006116207951,
      "brier": 0.2497286984262951,
      "display_ready": true,
      "ece": null,
      "hit_rate": 0.5474006116207951,
      "logloss": 0.6926046383765563,
      "n": 327
    }
  },
  "by_model_version": {
    "v0.1.0-baseline-shadow": {
      "base_rate": 0.5468599033816425,
      "baseline_brier": 0.24780414945506313,
      "baseline_hit_rate": 0.5468599033816425,
      "brier": 0.24980267436610146,
      "display_ready": true,
      "ece": null,
      "hit_rate": 0.5468599033816425,
      "logloss": 0.6927528015912735,
      "n": 1035
    }
  },
  "generated_at": "2026-06-26T16:29:24Z",
  "global": {
    "base_rate": 0.5468599033816425,
    "baseline_brier": 0.24780414945506313,
    "baseline_hit_rate": 0.5468599033816425,
    "brier": 0.24980267436610146,
    "display_ready": true,
    "ece": null,
    "hit_rate": 0.5468599033816425,
    "logloss": 0.6927528015912735,
    "n": 1035
  },
  "metrics_version": "metrics-v0.1.0",
  "min_n_display": 20,
  "rolling": {
    "30d": {
      "base_rate": 0.5468599033816425,
      "baseline_brier": 0.24780414945506313,
      "baseline_hit_rate": 0.5468599033816425,
      "brier": 0.24980267436610146,
      "display_ready": true,
      "ece": null,
      "hit_rate": 0.5468599033816425,
      "logloss": 0.6927528015912735,
      "n": 1035
    },
    "7d": {
      "base_rate": 0.5964912280701754,
      "baseline_brier": 0.24068944290550937,
      "baseline_hit_rate": 0.5964912280701754,
      "brier": 0.24990877800078592,
      "display_ready": true,
      "ece": null,
      "hit_rate": 0.5964912280701754,
      "logloss": 0.6929671909906066,
      "n": 114
    },
    "90d": {
      "base_rate": 0.5468599033816425,
      "baseline_brier": 0.24780414945506313,
      "baseline_hit_rate": 0.5468599033816425,
      "brier": 0.24980267436610146,
      "display_ready": true,
      "ece": null,
      "hit_rate": 0.5468599033816425,
      "logloss": 0.6927528015912735,
      "n": 1035
    }
  },
  "schema_version": "1",
  "total_forecasts": 1039,
  "total_resolved": 1035
}
