{
  "by_horizon": {
    "12h": {
      "base_rate": 0.564625850340136,
      "baseline_brier": 0.24582349946781432,
      "baseline_hit_rate": 0.564625850340136,
      "brier": 0.24942735191417678,
      "display_ready": true,
      "ece": null,
      "hit_rate": 0.564625850340136,
      "logloss": 0.6920022913749541,
      "n": 147
    },
    "1h": {
      "base_rate": 0.5267175572519084,
      "baseline_brier": 0.24928617213449097,
      "baseline_hit_rate": 0.5267175572519084,
      "brier": 0.25021308590395036,
      "display_ready": true,
      "ece": null,
      "hit_rate": 0.5267175572519084,
      "logloss": 0.6935740089294705,
      "n": 655
    },
    "24h": {
      "base_rate": 0.6438356164383562,
      "baseline_brier": 0.2293113154437981,
      "baseline_hit_rate": 0.6438356164383562,
      "brier": 0.2482811331332892,
      "display_ready": true,
      "ece": null,
      "hit_rate": 0.6438356164383562,
      "logloss": 0.689708431640677,
      "n": 73
    },
    "4h": {
      "base_rate": 0.5445544554455446,
      "baseline_brier": 0.24801490049995098,
      "baseline_hit_rate": 0.5445544554455446,
      "brier": 0.24993615254991305,
      "display_ready": true,
      "ece": null,
      "hit_rate": 0.5445544554455446,
      "logloss": 0.6930197637894594,
      "n": 404
    }
  },
  "by_model_version": {
    "v0.1.0-baseline-shadow": {
      "base_rate": 0.5433932759968726,
      "baseline_brier": 0.24811702359825924,
      "baseline_hit_rate": 0.5433932759968726,
      "brier": 0.24992503545532954,
      "display_ready": true,
      "ece": null,
      "hit_rate": 0.5433932759968726,
      "logloss": 0.6929976643953342,
      "n": 1279
    }
  },
  "generated_at": "2026-07-10T18:42:23Z",
  "global": {
    "base_rate": 0.5433932759968726,
    "baseline_brier": 0.24811702359825924,
    "baseline_hit_rate": 0.5433932759968726,
    "brier": 0.24992503545532954,
    "display_ready": true,
    "ece": null,
    "hit_rate": 0.5433932759968726,
    "logloss": 0.6929976643953342,
    "n": 1279
  },
  "metrics_version": "metrics-v0.1.0",
  "min_n_display": 20,
  "rolling": {
    "30d": {
      "base_rate": 0.5714285714285714,
      "baseline_brier": 0.24489795918367346,
      "baseline_hit_rate": 0.5714285714285714,
      "brier": 0.24973281796757724,
      "display_ready": true,
      "ece": null,
      "hit_rate": 0.5714285714285714,
      "logloss": 0.6926137396730212,
      "n": 490
    },
    "7d": {
      "base_rate": 0.5040650406504065,
      "baseline_brier": 0.24998347544451052,
      "baseline_hit_rate": 0.5040650406504065,
      "brier": 0.2505155405130931,
      "display_ready": true,
      "ece": null,
      "hit_rate": 0.5040650406504065,
      "logloss": 0.6941791252512021,
      "n": 123
    },
    "90d": {
      "base_rate": 0.5433932759968726,
      "baseline_brier": 0.24811702359825924,
      "baseline_hit_rate": 0.5433932759968726,
      "brier": 0.24992503545532954,
      "display_ready": true,
      "ece": null,
      "hit_rate": 0.5433932759968726,
      "logloss": 0.6929976643953342,
      "n": 1279
    }
  },
  "schema_version": "1",
  "total_forecasts": 1282,
  "total_resolved": 1279
}
