{
  "by_horizon": {
    "12h": {
      "base_rate": 0.567741935483871,
      "baseline_brier": 0.24541103017689905,
      "baseline_hit_rate": 0.567741935483871,
      "brier": 0.24948525352580136,
      "display_ready": true,
      "ece": null,
      "hit_rate": 0.567741935483871,
      "logloss": 0.6921181032287855,
      "n": 155
    },
    "1h": {
      "base_rate": 0.5272206303724928,
      "baseline_brier": 0.24925903728212412,
      "baseline_hit_rate": 0.5272206303724928,
      "brier": 0.2502183534525792,
      "display_ready": true,
      "ece": null,
      "hit_rate": 0.5272206303724928,
      "logloss": 0.6935844976668246,
      "n": 698
    },
    "24h": {
      "base_rate": 0.6493506493506493,
      "baseline_brier": 0.22769438353853938,
      "baseline_hit_rate": 0.6493506493506493,
      "brier": 0.24829874686643189,
      "display_ready": true,
      "ece": null,
      "hit_rate": 0.6493506493506493,
      "logloss": 0.6897437025170247,
      "n": 77
    },
    "4h": {
      "base_rate": 0.5386416861826698,
      "baseline_brier": 0.24850682008896005,
      "baseline_hit_rate": 0.5386416861826698,
      "brier": 0.25005780297425234,
      "display_ready": true,
      "ece": null,
      "hit_rate": 0.5386416861826698,
      "logloss": 0.6932631146258934,
      "n": 427
    }
  },
  "by_model_version": {
    "v0.1.0-baseline-shadow": {
      "base_rate": 0.5423728813559322,
      "baseline_brier": 0.24820453892559607,
      "baseline_hit_rate": 0.5423728813559322,
      "brier": 0.24997517345992668,
      "display_ready": true,
      "ece": null,
      "hit_rate": 0.5423728813559322,
      "logloss": 0.6930979369277618,
      "n": 1357
    }
  },
  "generated_at": "2026-07-14T14:15:58Z",
  "global": {
    "base_rate": 0.5423728813559322,
    "baseline_brier": 0.24820453892559607,
    "baseline_hit_rate": 0.5423728813559322,
    "brier": 0.24997517345992668,
    "display_ready": true,
    "ece": null,
    "hit_rate": 0.5423728813559322,
    "logloss": 0.6930979369277618,
    "n": 1357
  },
  "metrics_version": "metrics-v0.1.0",
  "min_n_display": 20,
  "rolling": {
    "30d": {
      "base_rate": 0.5573122529644269,
      "baseline_brier": 0.24671530566014155,
      "baseline_hit_rate": 0.5573122529644269,
      "brier": 0.2501411936448459,
      "display_ready": true,
      "ece": null,
      "hit_rate": 0.5573122529644269,
      "logloss": 0.6934306500252325,
      "n": 506
    },
    "7d": {
      "base_rate": 0.48484848484848486,
      "baseline_brier": 0.2497704315886134,
      "baseline_hit_rate": 0.5151515151515151,
      "brier": 0.2511185520294081,
      "display_ready": true,
      "ece": null,
      "hit_rate": 0.48484848484848486,
      "logloss": 0.6953849985168077,
      "n": 132
    },
    "90d": {
      "base_rate": 0.5423728813559322,
      "baseline_brier": 0.24820453892559607,
      "baseline_hit_rate": 0.5423728813559322,
      "brier": 0.24997517345992668,
      "display_ready": true,
      "ece": null,
      "hit_rate": 0.5423728813559322,
      "logloss": 0.6930979369277618,
      "n": 1357
    }
  },
  "schema_version": "1",
  "total_forecasts": 1361,
  "total_resolved": 1357
}
