{
  "by_horizon": {
    "12h": {
      "base_rate": 0.5688622754491018,
      "baseline_brier": 0.245257987019972,
      "baseline_hit_rate": 0.5688622754491018,
      "brier": 0.24953635107282815,
      "display_ready": true,
      "ece": null,
      "hit_rate": 0.5688622754491018,
      "logloss": 0.6922203846087213,
      "n": 167
    },
    "1h": {
      "base_rate": 0.5266579973992198,
      "baseline_brier": 0.2492893511746632,
      "baseline_hit_rate": 0.5266579973992198,
      "brier": 0.2501682371469034,
      "display_ready": true,
      "ece": null,
      "hit_rate": 0.5266579973992198,
      "logloss": 0.6934842573745965,
      "n": 769
    },
    "24h": {
      "base_rate": 0.6265060240963856,
      "baseline_brier": 0.23399622586732471,
      "baseline_hit_rate": 0.6265060240963856,
      "brier": 0.2489736464192586,
      "display_ready": true,
      "ece": null,
      "hit_rate": 0.6265060240963856,
      "logloss": 0.691094081744704,
      "n": 83
    },
    "4h": {
      "base_rate": 0.5431034482758621,
      "baseline_brier": 0.2481420927467301,
      "baseline_hit_rate": 0.5431034482758621,
      "brier": 0.25007259107636143,
      "display_ready": true,
      "ece": null,
      "hit_rate": 0.5431034482758621,
      "logloss": 0.6932928203682862,
      "n": 464
    }
  },
  "by_model_version": {
    "v0.1.0-baseline-shadow": {
      "base_rate": 0.5421443020903574,
      "baseline_brier": 0.24822385780131667,
      "baseline_hit_rate": 0.5421443020903574,
      "brier": 0.25000029663341955,
      "display_ready": true,
      "ece": null,
      "hit_rate": 0.5421443020903574,
      "logloss": 0.6931482640501796,
      "n": 1483
    }
  },
  "generated_at": "2026-07-20T16:02:27Z",
  "global": {
    "base_rate": 0.5421443020903574,
    "baseline_brier": 0.24822385780131667,
    "baseline_hit_rate": 0.5421443020903574,
    "brier": 0.25000029663341955,
    "display_ready": true,
    "ece": null,
    "hit_rate": 0.5421443020903574,
    "logloss": 0.6931482640501796,
    "n": 1483
  },
  "metrics_version": "metrics-v0.1.0",
  "min_n_display": 20,
  "rolling": {
    "30d": {
      "base_rate": 0.5357798165137615,
      "baseline_brier": 0.24871980473024158,
      "baseline_hit_rate": 0.5357798165137615,
      "brier": 0.25044880941471764,
      "display_ready": true,
      "ece": null,
      "hit_rate": 0.5357798165137615,
      "logloss": 0.6940461300448458,
      "n": 545
    },
    "7d": {
      "base_rate": 0.5342465753424658,
      "baseline_brier": 0.2488271720773128,
      "baseline_hit_rate": 0.5342465753424658,
      "brier": 0.25043553547117275,
      "display_ready": true,
      "ece": null,
      "hit_rate": 0.5342465753424658,
      "logloss": 0.6940195236439243,
      "n": 146
    },
    "90d": {
      "base_rate": 0.5421443020903574,
      "baseline_brier": 0.24822385780131667,
      "baseline_hit_rate": 0.5421443020903574,
      "brier": 0.25000029663341955,
      "display_ready": true,
      "ece": null,
      "hit_rate": 0.5421443020903574,
      "logloss": 0.6931482640501796,
      "n": 1483
    }
  },
  "schema_version": "1",
  "total_forecasts": 1487,
  "total_resolved": 1483
}
