{
  "by_horizon": {
    "12h": {
      "base_rate": 0.5652173913043478,
      "baseline_brier": 0.2457466918714556,
      "baseline_hit_rate": 0.5652173913043478,
      "brier": 0.24957028459653677,
      "display_ready": true,
      "ece": null,
      "hit_rate": 0.5652173913043478,
      "logloss": 0.692288365383827,
      "n": 92
    },
    "1h": {
      "base_rate": 0.5138248847926268,
      "baseline_brier": 0.2498088725604706,
      "baseline_hit_rate": 0.5138248847926268,
      "brier": 0.2502971479348908,
      "display_ready": true,
      "ece": null,
      "hit_rate": 0.5138248847926268,
      "logloss": 0.6937418846857679,
      "n": 434
    },
    "24h": {
      "base_rate": 0.6304347826086957,
      "baseline_brier": 0.2329867674858223,
      "baseline_hit_rate": 0.6304347826086957,
      "brier": 0.2482261567401665,
      "display_ready": true,
      "ece": null,
      "hit_rate": 0.6304347826086957,
      "logloss": 0.68959778412973,
      "n": 46
    },
    "4h": {
      "base_rate": 0.5193798449612403,
      "baseline_brier": 0.2496244216092783,
      "baseline_hit_rate": 0.5193798449612403,
      "brier": 0.24980465173736852,
      "display_ready": true,
      "ece": null,
      "hit_rate": 0.5193798449612403,
      "logloss": 0.6927559422092457,
      "n": 258
    }
  },
  "by_model_version": {
    "v0.1.0-baseline-shadow": {
      "base_rate": 0.5277108433734939,
      "baseline_brier": 0.2492321091595297,
      "baseline_hit_rate": 0.5277108433734939,
      "brier": 0.24994871294567797,
      "display_ready": true,
      "ece": null,
      "hit_rate": 0.5277108433734939,
      "logloss": 0.6930446249745643,
      "n": 830
    }
  },
  "generated_at": "2026-06-13T10:06:28Z",
  "global": {
    "base_rate": 0.5277108433734939,
    "baseline_brier": 0.2492321091595297,
    "baseline_hit_rate": 0.5277108433734939,
    "brier": 0.24994871294567797,
    "display_ready": true,
    "ece": null,
    "hit_rate": 0.5277108433734939,
    "logloss": 0.6930446249745643,
    "n": 830
  },
  "metrics_version": "metrics-v0.1.0",
  "min_n_display": 20,
  "rolling": {
    "30d": {
      "base_rate": 0.5277108433734939,
      "baseline_brier": 0.2492321091595297,
      "baseline_hit_rate": 0.5277108433734939,
      "brier": 0.24994871294567797,
      "display_ready": true,
      "ece": null,
      "hit_rate": 0.5277108433734939,
      "logloss": 0.6930446249745643,
      "n": 830
    },
    "7d": {
      "base_rate": 0.5277108433734939,
      "baseline_brier": 0.2492321091595297,
      "baseline_hit_rate": 0.5277108433734939,
      "brier": 0.24994871294567797,
      "display_ready": true,
      "ece": null,
      "hit_rate": 0.5277108433734939,
      "logloss": 0.6930446249745643,
      "n": 830
    },
    "90d": {
      "base_rate": 0.5277108433734939,
      "baseline_brier": 0.2492321091595297,
      "baseline_hit_rate": 0.5277108433734939,
      "brier": 0.24994871294567797,
      "display_ready": true,
      "ece": null,
      "hit_rate": 0.5277108433734939,
      "logloss": 0.6930446249745643,
      "n": 830
    }
  },
  "schema_version": "1",
  "total_forecasts": 832,
  "total_resolved": 830
}
