{
  "by_horizon": {
    "12h": {
      "base_rate": 0.5705521472392638,
      "baseline_brier": 0.24502239451992922,
      "baseline_hit_rate": 0.5705521472392638,
      "brier": 0.24947611445318854,
      "display_ready": true,
      "ece": null,
      "hit_rate": 0.5705521472392638,
      "logloss": 0.6920999074018285,
      "n": 163
    },
    "1h": {
      "base_rate": 0.5289367429340511,
      "baseline_brier": 0.24916266490836866,
      "baseline_hit_rate": 0.5289367429340511,
      "brier": 0.2501802142616606,
      "display_ready": true,
      "ece": null,
      "hit_rate": 0.5289367429340511,
      "logloss": 0.6935082361499673,
      "n": 743
    },
    "24h": {
      "base_rate": 0.6296296296296297,
      "baseline_brier": 0.23319615912208505,
      "baseline_hit_rate": 0.6296296296296297,
      "brier": 0.2489107180523578,
      "display_ready": true,
      "ece": null,
      "hit_rate": 0.6296296296296297,
      "logloss": 0.6909681935182765,
      "n": 81
    },
    "4h": {
      "base_rate": 0.5432372505543237,
      "baseline_brier": 0.24813054016450264,
      "baseline_hit_rate": 0.5432372505543237,
      "brier": 0.25007815064651423,
      "display_ready": true,
      "ece": null,
      "hit_rate": 0.5432372505543237,
      "logloss": 0.6933039517297017,
      "n": 451
    }
  },
  "by_model_version": {
    "v0.1.0-baseline-shadow": {
      "base_rate": 0.5438108484005564,
      "baseline_brier": 0.24808060956242348,
      "baseline_hit_rate": 0.5438108484005564,
      "brier": 0.2499968845313647,
      "display_ready": true,
      "ece": null,
      "hit_rate": 0.5438108484005564,
      "logloss": 0.6931414535959662,
      "n": 1438
    }
  },
  "generated_at": "2026-07-18T13:43:06Z",
  "global": {
    "base_rate": 0.5438108484005564,
    "baseline_brier": 0.24808060956242348,
    "baseline_hit_rate": 0.5438108484005564,
    "brier": 0.2499968845313647,
    "display_ready": true,
    "ece": null,
    "hit_rate": 0.5438108484005564,
    "logloss": 0.6931414535959662,
    "n": 1438
  },
  "metrics_version": "metrics-v0.1.0",
  "min_n_display": 20,
  "rolling": {
    "30d": {
      "base_rate": 0.551594746716698,
      "baseline_brier": 0.24733798211123978,
      "baseline_hit_rate": 0.551594746716698,
      "brier": 0.25029928165707455,
      "display_ready": true,
      "ece": null,
      "hit_rate": 0.551594746716698,
      "logloss": 0.6937471043415591,
      "n": 533
    },
    "7d": {
      "base_rate": 0.5454545454545454,
      "baseline_brier": 0.24793388429752064,
      "baseline_hit_rate": 0.5454545454545454,
      "brier": 0.2505235583053604,
      "display_ready": true,
      "ece": null,
      "hit_rate": 0.5454545454545454,
      "logloss": 0.6941955959653253,
      "n": 143
    },
    "90d": {
      "base_rate": 0.5438108484005564,
      "baseline_brier": 0.24808060956242348,
      "baseline_hit_rate": 0.5438108484005564,
      "brier": 0.2499968845313647,
      "display_ready": true,
      "ece": null,
      "hit_rate": 0.5438108484005564,
      "logloss": 0.6931414535959662,
      "n": 1438
    }
  },
  "schema_version": "1",
  "total_forecasts": 1441,
  "total_resolved": 1438
}
