{
  "by_horizon": {
    "12h": {
      "base_rate": 0.5637583892617449,
      "baseline_brier": 0.24593486779874782,
      "baseline_hit_rate": 0.5637583892617449,
      "brier": 0.249518185158352,
      "display_ready": true,
      "ece": null,
      "hit_rate": 0.5637583892617449,
      "logloss": 0.6921840271269282,
      "n": 149
    },
    "1h": {
      "base_rate": 0.5286144578313253,
      "baseline_brier": 0.24918121280301933,
      "baseline_hit_rate": 0.5286144578313253,
      "brier": 0.250213908851125,
      "display_ready": true,
      "ece": null,
      "hit_rate": 0.5286144578313253,
      "logloss": 0.6935756462566252,
      "n": 664
    },
    "24h": {
      "base_rate": 0.6486486486486487,
      "baseline_brier": 0.22790357925493057,
      "baseline_hit_rate": 0.6486486486486487,
      "brier": 0.24821168004606317,
      "display_ready": true,
      "ece": null,
      "hit_rate": 0.6486486486486487,
      "logloss": 0.6895695274370353,
      "n": 74
    },
    "4h": {
      "base_rate": 0.5427872860635696,
      "baseline_brier": 0.24816924815131428,
      "baseline_hit_rate": 0.5427872860635696,
      "brier": 0.2499544476256024,
      "display_ready": true,
      "ece": null,
      "hit_rate": 0.5427872860635696,
      "logloss": 0.693056351428181,
      "n": 409
    }
  },
  "by_model_version": {
    "v0.1.0-baseline-shadow": {
      "base_rate": 0.5439814814814815,
      "baseline_brier": 0.2480656292866941,
      "baseline_hit_rate": 0.5439814814814815,
      "brier": 0.24993771486730054,
      "display_ready": true,
      "ece": null,
      "hit_rate": 0.5439814814814815,
      "logloss": 0.6930230261734398,
      "n": 1296
    }
  },
  "generated_at": "2026-07-11T13:56:51Z",
  "global": {
    "base_rate": 0.5439814814814815,
    "baseline_brier": 0.2480656292866941,
    "baseline_hit_rate": 0.5439814814814815,
    "brier": 0.24993771486730054,
    "display_ready": true,
    "ece": null,
    "hit_rate": 0.5439814814814815,
    "logloss": 0.6930230261734398,
    "n": 1296
  },
  "metrics_version": "metrics-v0.1.0",
  "min_n_display": 20,
  "rolling": {
    "30d": {
      "base_rate": 0.5745967741935484,
      "baseline_brier": 0.24443532127991674,
      "baseline_hit_rate": 0.5745967741935484,
      "brier": 0.24979850605514478,
      "display_ready": true,
      "ece": null,
      "hit_rate": 0.5745967741935484,
      "logloss": 0.6927451746615065,
      "n": 496
    },
    "7d": {
      "base_rate": 0.47619047619047616,
      "baseline_brier": 0.2494331065759637,
      "baseline_hit_rate": 0.5238095238095238,
      "brier": 0.2511848032076789,
      "display_ready": true,
      "ece": null,
      "hit_rate": 0.47619047619047616,
      "logloss": 0.6955178300310175,
      "n": 126
    },
    "90d": {
      "base_rate": 0.5439814814814815,
      "baseline_brier": 0.2480656292866941,
      "baseline_hit_rate": 0.5439814814814815,
      "brier": 0.24993771486730054,
      "display_ready": true,
      "ece": null,
      "hit_rate": 0.5439814814814815,
      "logloss": 0.6930230261734398,
      "n": 1296
    }
  },
  "schema_version": "1",
  "total_forecasts": 1300,
  "total_resolved": 1296
}
