{
  "by_horizon": {
    "12h": {
      "base_rate": 0.5586206896551724,
      "baseline_brier": 0.24656361474435196,
      "baseline_hit_rate": 0.5586206896551724,
      "brier": 0.24951809525699065,
      "display_ready": true,
      "ece": null,
      "hit_rate": 0.5586206896551724,
      "logloss": 0.6921837973449548,
      "n": 145
    },
    "1h": {
      "base_rate": 0.527047913446677,
      "baseline_brier": 0.24926841037818107,
      "baseline_hit_rate": 0.527047913446677,
      "brier": 0.2502119026003454,
      "display_ready": true,
      "ece": null,
      "hit_rate": 0.527047913446677,
      "logloss": 0.6935716398110788,
      "n": 647
    },
    "24h": {
      "base_rate": 0.6527777777777778,
      "baseline_brier": 0.22665895061728392,
      "baseline_hit_rate": 0.6527777777777778,
      "brier": 0.2482232263187979,
      "display_ready": true,
      "ece": null,
      "hit_rate": 0.6527777777777778,
      "logloss": 0.6895926033689225,
      "n": 72
    },
    "4h": {
      "base_rate": 0.5425,
      "baseline_brier": 0.24819375000000002,
      "baseline_hit_rate": 0.5425,
      "brier": 0.24997044261913565,
      "display_ready": true,
      "ece": null,
      "hit_rate": 0.5425,
      "logloss": 0.6930883426081798,
      "n": 400
    }
  },
  "by_model_version": {
    "v0.1.0-baseline-shadow": {
      "base_rate": 0.5427215189873418,
      "baseline_brier": 0.2481748718154142,
      "baseline_hit_rate": 0.5427215189873418,
      "brier": 0.24994262194406236,
      "display_ready": true,
      "ece": null,
      "hit_rate": 0.5427215189873418,
      "logloss": 0.6930328370716936,
      "n": 1264
    }
  },
  "generated_at": "2026-07-09T20:08:08Z",
  "global": {
    "base_rate": 0.5427215189873418,
    "baseline_brier": 0.2481748718154142,
    "baseline_hit_rate": 0.5427215189873418,
    "brier": 0.24994262194406236,
    "display_ready": true,
    "ece": null,
    "hit_rate": 0.5427215189873418,
    "logloss": 0.6930328370716936,
    "n": 1264
  },
  "metrics_version": "metrics-v0.1.0",
  "min_n_display": 20,
  "rolling": {
    "30d": {
      "base_rate": 0.573469387755102,
      "baseline_brier": 0.24460224906289044,
      "baseline_hit_rate": 0.573469387755102,
      "brier": 0.24977121856664955,
      "display_ready": true,
      "ece": null,
      "hit_rate": 0.573469387755102,
      "logloss": 0.6926906357749674,
      "n": 490
    },
    "7d": {
      "base_rate": 0.5161290322580645,
      "baseline_brier": 0.24973985431841833,
      "baseline_hit_rate": 0.5161290322580645,
      "brier": 0.25039830555505743,
      "display_ready": true,
      "ece": null,
      "hit_rate": 0.5161290322580645,
      "logloss": 0.6939445389819793,
      "n": 124
    },
    "90d": {
      "base_rate": 0.5427215189873418,
      "baseline_brier": 0.2481748718154142,
      "baseline_hit_rate": 0.5427215189873418,
      "brier": 0.24994262194406236,
      "display_ready": true,
      "ece": null,
      "hit_rate": 0.5427215189873418,
      "logloss": 0.6930328370716936,
      "n": 1264
    }
  },
  "schema_version": "1",
  "total_forecasts": 1268,
  "total_resolved": 1264
}
