{
  "by_horizon": {
    "12h": {
      "base_rate": 0.550561797752809,
      "baseline_brier": 0.24744350460800407,
      "baseline_hit_rate": 0.550561797752809,
      "brier": 0.24979629599221684,
      "display_ready": true,
      "ece": null,
      "hit_rate": 0.550561797752809,
      "logloss": 0.6927404707833507,
      "n": 89
    },
    "1h": {
      "base_rate": 0.5117924528301887,
      "baseline_brier": 0.2498609380562478,
      "baseline_hit_rate": 0.5117924528301887,
      "brier": 0.2503150732248215,
      "display_ready": true,
      "ece": null,
      "hit_rate": 0.5117924528301887,
      "logloss": 0.6937777486520117,
      "n": 424
    },
    "24h": {
      "base_rate": 0.6363636363636364,
      "baseline_brier": 0.23140495867768596,
      "baseline_hit_rate": 0.6363636363636364,
      "brier": 0.24831623983316556,
      "display_ready": true,
      "ece": null,
      "hit_rate": 0.6363636363636364,
      "logloss": 0.6897779498498262,
      "n": 44
    },
    "4h": {
      "base_rate": 0.5220883534136547,
      "baseline_brier": 0.2495121046434735,
      "baseline_hit_rate": 0.5220883534136547,
      "brier": 0.24974808510611463,
      "display_ready": true,
      "ece": null,
      "hit_rate": 0.5220883534136547,
      "logloss": 0.692642789833377,
      "n": 249
    }
  },
  "by_model_version": {
    "v0.1.0-baseline-shadow": {
      "base_rate": 0.5260545905707196,
      "baseline_brier": 0.24932115831019216,
      "baseline_hit_rate": 0.5260545905707196,
      "brier": 0.24997351009269658,
      "display_ready": true,
      "ece": null,
      "hit_rate": 0.5260545905707196,
      "logloss": 0.6930942329901668,
      "n": 806
    }
  },
  "generated_at": "2026-06-11T22:17:50Z",
  "global": {
    "base_rate": 0.5260545905707196,
    "baseline_brier": 0.24932115831019216,
    "baseline_hit_rate": 0.5260545905707196,
    "brier": 0.24997351009269658,
    "display_ready": true,
    "ece": null,
    "hit_rate": 0.5260545905707196,
    "logloss": 0.6930942329901668,
    "n": 806
  },
  "metrics_version": "metrics-v0.1.0",
  "min_n_display": 20,
  "rolling": {
    "30d": {
      "base_rate": 0.5260545905707196,
      "baseline_brier": 0.24932115831019216,
      "baseline_hit_rate": 0.5260545905707196,
      "brier": 0.24997351009269658,
      "display_ready": true,
      "ece": null,
      "hit_rate": 0.5260545905707196,
      "logloss": 0.6930942329901668,
      "n": 806
    },
    "7d": {
      "base_rate": 0.5260545905707196,
      "baseline_brier": 0.24932115831019216,
      "baseline_hit_rate": 0.5260545905707196,
      "brier": 0.24997351009269658,
      "display_ready": true,
      "ece": null,
      "hit_rate": 0.5260545905707196,
      "logloss": 0.6930942329901668,
      "n": 806
    },
    "90d": {
      "base_rate": 0.5260545905707196,
      "baseline_brier": 0.24932115831019216,
      "baseline_hit_rate": 0.5260545905707196,
      "brier": 0.24997351009269658,
      "display_ready": true,
      "ece": null,
      "hit_rate": 0.5260545905707196,
      "logloss": 0.6930942329901668,
      "n": 806
    }
  },
  "schema_version": "1",
  "total_forecasts": 810,
  "total_resolved": 806
}
