{
  "by_horizon": {
    "12h": {
      "base_rate": 0.5909090909090909,
      "baseline_brier": 0.24173553719008264,
      "baseline_hit_rate": 0.5909090909090909,
      "brier": 0.2489456358443866,
      "display_ready": true,
      "ece": null,
      "hit_rate": 0.5909090909090909,
      "logloss": 0.6910385776534487,
      "n": 132
    },
    "1h": {
      "base_rate": 0.5221843003412969,
      "baseline_brier": 0.24950785681836712,
      "baseline_hit_rate": 0.5221843003412969,
      "brier": 0.25028518481730255,
      "display_ready": true,
      "ece": null,
      "hit_rate": 0.5221843003412969,
      "logloss": 0.6937182359874591,
      "n": 586
    },
    "24h": {
      "base_rate": 0.6515151515151515,
      "baseline_brier": 0.22704315886134066,
      "baseline_hit_rate": 0.6515151515151515,
      "brier": 0.24820799421607165,
      "display_ready": true,
      "ece": null,
      "hit_rate": 0.6515151515151515,
      "logloss": 0.6895619681581153,
      "n": 66
    },
    "4h": {
      "base_rate": 0.5509641873278237,
      "baseline_brier": 0.2474026516100145,
      "baseline_hit_rate": 0.5509641873278237,
      "brier": 0.2498504712684136,
      "display_ready": true,
      "ece": null,
      "hit_rate": 0.5509641873278237,
      "logloss": 0.6928483537809366,
      "n": 363
    }
  },
  "by_model_version": {
    "v0.1.0-baseline-shadow": {
      "base_rate": 0.5466434176111595,
      "baseline_brier": 0.247824391593551,
      "baseline_hit_rate": 0.5466434176111595,
      "brier": 0.249873924082906,
      "display_ready": true,
      "ece": null,
      "hit_rate": 0.5466434176111595,
      "logloss": 0.6928953974366362,
      "n": 1147
    }
  },
  "generated_at": "2026-07-03T04:11:37Z",
  "global": {
    "base_rate": 0.5466434176111595,
    "baseline_brier": 0.247824391593551,
    "baseline_hit_rate": 0.5466434176111595,
    "brier": 0.249873924082906,
    "display_ready": true,
    "ece": null,
    "hit_rate": 0.5466434176111595,
    "logloss": 0.6928953974366362,
    "n": 1147
  },
  "metrics_version": "metrics-v0.1.0",
  "min_n_display": 20,
  "rolling": {
    "30d": {
      "base_rate": 0.5466434176111595,
      "baseline_brier": 0.247824391593551,
      "baseline_hit_rate": 0.5466434176111595,
      "brier": 0.249873924082906,
      "display_ready": true,
      "ece": null,
      "hit_rate": 0.5466434176111595,
      "logloss": 0.6928953974366362,
      "n": 1147
    },
    "7d": {
      "base_rate": 0.5371900826446281,
      "baseline_brier": 0.2486168977528857,
      "baseline_hit_rate": 0.5371900826446281,
      "brier": 0.25041877375894345,
      "display_ready": true,
      "ece": null,
      "hit_rate": 0.5371900826446281,
      "logloss": 0.6939857878517536,
      "n": 121
    },
    "90d": {
      "base_rate": 0.5466434176111595,
      "baseline_brier": 0.247824391593551,
      "baseline_hit_rate": 0.5466434176111595,
      "brier": 0.249873924082906,
      "display_ready": true,
      "ece": null,
      "hit_rate": 0.5466434176111595,
      "logloss": 0.6928953974366362,
      "n": 1147
    }
  },
  "schema_version": "1",
  "total_forecasts": 1151,
  "total_resolved": 1147
}
