{
  "by_horizon": {
    "12h": {
      "base_rate": 0.5586206896551724,
      "baseline_brier": 0.24656361474435196,
      "baseline_hit_rate": 0.5586206896551724,
      "brier": 0.24951809525699065,
      "display_ready": true,
      "ece": null,
      "hit_rate": 0.5586206896551724,
      "logloss": 0.6921837973449548,
      "n": 145
    },
    "1h": {
      "base_rate": 0.5277777777777778,
      "baseline_brier": 0.2492283950617284,
      "baseline_hit_rate": 0.5277777777777778,
      "brier": 0.25019440065913645,
      "display_ready": true,
      "ece": null,
      "hit_rate": 0.5277777777777778,
      "logloss": 0.6935366291478224,
      "n": 648
    },
    "24h": {
      "base_rate": 0.6527777777777778,
      "baseline_brier": 0.22665895061728392,
      "baseline_hit_rate": 0.6527777777777778,
      "brier": 0.2482232263187979,
      "display_ready": true,
      "ece": null,
      "hit_rate": 0.6527777777777778,
      "logloss": 0.6895926033689225,
      "n": 72
    },
    "4h": {
      "base_rate": 0.5425,
      "baseline_brier": 0.24819375000000002,
      "baseline_hit_rate": 0.5425,
      "brier": 0.24997044261913565,
      "display_ready": true,
      "ece": null,
      "hit_rate": 0.5425,
      "logloss": 0.6930883426081798,
      "n": 400
    }
  },
  "by_model_version": {
    "v0.1.0-baseline-shadow": {
      "base_rate": 0.5430830039525691,
      "baseline_brier": 0.24814385477042292,
      "baseline_hit_rate": 0.5430830039525691,
      "brier": 0.24993386939287887,
      "display_ready": true,
      "ece": null,
      "hit_rate": 0.5430830039525691,
      "logloss": 0.6930153286866734,
      "n": 1265
    }
  },
  "generated_at": "2026-07-09T21:48:27Z",
  "global": {
    "base_rate": 0.5430830039525691,
    "baseline_brier": 0.24814385477042292,
    "baseline_hit_rate": 0.5430830039525691,
    "brier": 0.24993386939287887,
    "display_ready": true,
    "ece": null,
    "hit_rate": 0.5430830039525691,
    "logloss": 0.6930153286866734,
    "n": 1265
  },
  "metrics_version": "metrics-v0.1.0",
  "min_n_display": 20,
  "rolling": {
    "30d": {
      "base_rate": 0.5755102040816327,
      "baseline_brier": 0.24429820907955016,
      "baseline_hit_rate": 0.5755102040816327,
      "brier": 0.24969395598384012,
      "display_ready": true,
      "ece": null,
      "hit_rate": 0.5755102040816327,
      "logloss": 0.692536002841371,
      "n": 490
    },
    "7d": {
      "base_rate": 0.5284552845528455,
      "baseline_brier": 0.24919029678101656,
      "baseline_hit_rate": 0.5284552845528455,
      "brier": 0.2500380037414695,
      "display_ready": true,
      "ece": null,
      "hit_rate": 0.5284552845528455,
      "logloss": 0.6932237031858483,
      "n": 123
    },
    "90d": {
      "base_rate": 0.5430830039525691,
      "baseline_brier": 0.24814385477042292,
      "baseline_hit_rate": 0.5430830039525691,
      "brier": 0.24993386939287887,
      "display_ready": true,
      "ece": null,
      "hit_rate": 0.5430830039525691,
      "logloss": 0.6930153286866734,
      "n": 1265
    }
  },
  "schema_version": "1",
  "total_forecasts": 1269,
  "total_resolved": 1265
}
