{
  "by_horizon": {
    "12h": {
      "base_rate": 0.5608108108108109,
      "baseline_brier": 0.24630204528853178,
      "baseline_hit_rate": 0.5608108108108109,
      "brier": 0.24954140020006174,
      "display_ready": true,
      "ece": null,
      "hit_rate": 0.5608108108108109,
      "logloss": 0.6922304615180923,
      "n": 148
    },
    "1h": {
      "base_rate": 0.5265553869499241,
      "baseline_brier": 0.2492948114239398,
      "baseline_hit_rate": 0.5265553869499241,
      "brier": 0.25021853397295335,
      "display_ready": true,
      "ece": null,
      "hit_rate": 0.5265553869499241,
      "logloss": 0.6935849013793567,
      "n": 659
    },
    "24h": {
      "base_rate": 0.6486486486486487,
      "baseline_brier": 0.22790357925493057,
      "baseline_hit_rate": 0.6486486486486487,
      "brier": 0.24821168004606317,
      "display_ready": true,
      "ece": null,
      "hit_rate": 0.6486486486486487,
      "logloss": 0.6895695274370353,
      "n": 74
    },
    "4h": {
      "base_rate": 0.5443349753694581,
      "baseline_brier": 0.24803440995898954,
      "baseline_hit_rate": 0.5443349753694581,
      "brier": 0.24994087263711726,
      "display_ready": true,
      "ece": null,
      "hit_rate": 0.5443349753694581,
      "logloss": 0.6930292029934719,
      "n": 406
    }
  },
  "by_model_version": {
    "v0.1.0-baseline-shadow": {
      "base_rate": 0.5431235431235432,
      "baseline_brier": 0.24814036002847192,
      "baseline_hit_rate": 0.5431235431235432,
      "brier": 0.2499376843293424,
      "display_ready": true,
      "ece": null,
      "hit_rate": 0.5431235431235432,
      "logloss": 0.6930229679559937,
      "n": 1287
    }
  },
  "generated_at": "2026-07-11T03:45:25Z",
  "global": {
    "base_rate": 0.5431235431235432,
    "baseline_brier": 0.24814036002847192,
    "baseline_hit_rate": 0.5431235431235432,
    "brier": 0.2499376843293424,
    "display_ready": true,
    "ece": null,
    "hit_rate": 0.5431235431235432,
    "logloss": 0.6930229679559937,
    "n": 1287
  },
  "metrics_version": "metrics-v0.1.0",
  "min_n_display": 20,
  "rolling": {
    "30d": {
      "base_rate": 0.5723014256619144,
      "baseline_brier": 0.24477250384725466,
      "baseline_hit_rate": 0.5723014256619144,
      "brier": 0.24974354935221588,
      "display_ready": true,
      "ece": null,
      "hit_rate": 0.5723014256619144,
      "logloss": 0.6926352202928687,
      "n": 491
    },
    "7d": {
      "base_rate": 0.4881889763779528,
      "baseline_brier": 0.24986049972099944,
      "baseline_hit_rate": 0.5118110236220472,
      "brier": 0.25094290069086533,
      "display_ready": true,
      "ece": null,
      "hit_rate": 0.4881889763779528,
      "logloss": 0.6950340041623404,
      "n": 127
    },
    "90d": {
      "base_rate": 0.5431235431235432,
      "baseline_brier": 0.24814036002847192,
      "baseline_hit_rate": 0.5431235431235432,
      "brier": 0.2499376843293424,
      "display_ready": true,
      "ece": null,
      "hit_rate": 0.5431235431235432,
      "logloss": 0.6930229679559937,
      "n": 1287
    }
  },
  "schema_version": "1",
  "total_forecasts": 1291,
  "total_resolved": 1287
}
