{
  "by_direction": {
    "down": {
      "always_down_rate": 0.45721925133689845,
      "always_up_rate": 0.5427807486631016,
      "base_rate": 0.4572192513368984,
      "baseline_brier": 0.24816980754382448,
      "baseline_hit_rate": 0.5427807486631016,
      "brier": 0.2508125394072047,
      "display_ready": true,
      "ece": null,
      "expectancy_bps": 5.013008146380194,
      "expectancy_maker_2bps": 3.0130081463801948,
      "expectancy_taker_10bps": -4.986991853619806,
      "hit_down": 0.4572192513368984,
      "hit_rate": 0.4572192513368984,
      "hit_up": null,
      "logloss": 0.6947715731275697,
      "n": 748,
      "n_down": 748,
      "n_up": 0,
      "vs_majority_pp": -0.08556149732620316
    },
    "up": {
      "always_down_rate": 0.37985436893203883,
      "always_up_rate": 0.6201456310679612,
      "base_rate": 0.6201456310679612,
      "baseline_brier": 0.23556502733528137,
      "baseline_hit_rate": 0.6201456310679612,
      "brier": 0.24902832691934715,
      "display_ready": true,
      "ece": null,
      "expectancy_bps": 14.155523073558253,
      "expectancy_maker_2bps": 12.155523073558252,
      "expectancy_taker_10bps": 4.1555230735582525,
      "hit_down": null,
      "hit_rate": 0.6201456310679612,
      "hit_up": 0.6201456310679612,
      "logloss": 0.6912039036984605,
      "n": 824,
      "n_down": 0,
      "n_up": 824,
      "vs_majority_pp": 0.0
    }
  },
  "by_horizon": {
    "12h": {
      "always_down_rate": 0.4917127071823204,
      "always_up_rate": 0.5082872928176796,
      "base_rate": 0.580110497237569,
      "baseline_brier": 0.24358230823234944,
      "baseline_hit_rate": 0.580110497237569,
      "brier": 0.24881008729180176,
      "display_ready": true,
      "ece": null,
      "expectancy_bps": 25.427623177986455,
      "expectancy_maker_2bps": 23.427623177986455,
      "expectancy_taker_10bps": 15.427623177986455,
      "hit_down": 0.5698924731182796,
      "hit_rate": 0.580110497237569,
      "hit_up": 0.5909090909090909,
      "logloss": 0.690762969071121,
      "n": 181,
      "n_down": 93,
      "n_up": 88,
      "vs_majority_pp": 0.07182320441988943
    },
    "1h": {
      "always_down_rate": 0.3825338253382534,
      "always_up_rate": 0.6174661746617466,
      "base_rate": 0.5239852398523985,
      "baseline_brier": 0.24942470826922292,
      "baseline_hit_rate": 0.5239852398523985,
      "brier": 0.25018055824197033,
      "display_ready": true,
      "ece": null,
      "expectancy_bps": 3.069997147918051,
      "expectancy_maker_2bps": 1.0699971479180508,
      "expectancy_taker_10bps": -6.93000285208195,
      "hit_down": 0.3978494623655914,
      "hit_rate": 0.5239852398523985,
      "hit_up": 0.6303854875283447,
      "logloss": 0.6935088784479009,
      "n": 813,
      "n_down": 372,
      "n_up": 441,
      "vs_majority_pp": -0.09348093480934805
    },
    "24h": {
      "always_down_rate": 0.5111111111111111,
      "always_up_rate": 0.4888888888888889,
      "base_rate": 0.6333333333333333,
      "baseline_brier": 0.23222222222222225,
      "baseline_hit_rate": 0.6333333333333333,
      "brier": 0.24844432986949105,
      "display_ready": true,
      "ece": null,
      "expectancy_bps": 56.43259900384062,
      "expectancy_maker_2bps": 54.43259900384062,
      "expectancy_taker_10bps": 46.43259900384062,
      "hit_down": 0.6382978723404256,
      "hit_rate": 0.6333333333333333,
      "hit_up": 0.627906976744186,
      "logloss": 0.6900320429037062,
      "n": 90,
      "n_down": 47,
      "n_up": 43,
      "vs_majority_pp": 0.12222222222222223
    },
    "4h": {
      "always_down_rate": 0.42827868852459017,
      "always_up_rate": 0.5717213114754098,
      "base_rate": 0.5430327868852459,
      "baseline_brier": 0.248148179252889,
      "baseline_hit_rate": 0.5430327868852459,
      "brier": 0.2500321957363504,
      "display_ready": true,
      "ece": null,
      "expectancy_bps": 6.632458441159441,
      "expectancy_maker_2bps": 4.632458441159442,
      "expectancy_taker_10bps": -3.367541558840559,
      "hit_down": 0.4703389830508475,
      "hit_rate": 0.5430327868852459,
      "hit_up": 0.6111111111111112,
      "logloss": 0.6932119957082041,
      "n": 488,
      "n_down": 236,
      "n_up": 252,
      "vs_majority_pp": -0.02868852459016391
    }
  },
  "by_model_version": {
    "v0.1.0-baseline-shadow": {
      "always_down_rate": 0.4152271273192578,
      "always_up_rate": 0.5847728726807422,
      "base_rate": 0.5419065898912349,
      "baseline_brier": 0.24824383772368785,
      "baseline_hit_rate": 0.5419065898912349,
      "brier": 0.2499779606397992,
      "display_ready": true,
      "ece": null,
      "expectancy_bps": 9.69414185444253,
      "expectancy_maker_2bps": 7.69414185444253,
      "expectancy_taker_10bps": -0.3058581455574704,
      "hit_down": 0.4549125168236878,
      "hit_rate": 0.5419065898912349,
      "hit_up": 0.6207317073170732,
      "logloss": 0.6931035597616976,
      "n": 1563,
      "n_down": 743,
      "n_up": 820,
      "vs_majority_pp": -0.042866282789507326
    },
    "v0.2.0-shadow-policy24": {
      "always_down_rate": 0.6666666666666667,
      "always_up_rate": 0.3333333333333333,
      "base_rate": 0.6666666666666666,
      "baseline_brier": 0.2222222222222222,
      "baseline_hit_rate": 0.6666666666666666,
      "brier": 0.23239648645833333,
      "display_ready": false,
      "ece": null,
      "expectancy_bps": 29.10415417896798,
      "expectancy_maker_2bps": 27.10415417896798,
      "expectancy_taker_10bps": 19.10415417896798,
      "hit_down": 0.8,
      "hit_rate": 0.6666666666666666,
      "hit_up": 0.5,
      "logloss": 0.6578099377133501,
      "n": 9,
      "n_down": 5,
      "n_up": 4,
      "vs_majority_pp": -1.1102230246251565e-16
    }
  },
  "by_regime": {
    "bear": {
      "always_down_rate": 0.3548387096774194,
      "always_up_rate": 0.6451612903225806,
      "base_rate": 0.3548387096774194,
      "baseline_brier": 0.22892819979188347,
      "baseline_hit_rate": 0.6451612903225806,
      "brier": 0.2522887018127075,
      "display_ready": true,
      "ece": null,
      "expectancy_bps": -11.676690581360269,
      "expectancy_maker_2bps": -13.676690581360269,
      "expectancy_taker_10bps": -21.67669058136027,
      "hit_down": 0.3548387096774194,
      "hit_rate": 0.3548387096774194,
      "hit_up": null,
      "logloss": 0.6977177884373521,
      "n": 31,
      "n_down": 31,
      "n_up": 0,
      "vs_majority_pp": -0.29032258064516125
    },
    "bull": {
      "always_down_rate": 0.5882352941176471,
      "always_up_rate": 0.4117647058823529,
      "base_rate": 0.4117647058823529,
      "baseline_brier": 0.24221453287197234,
      "baseline_hit_rate": 0.5882352941176471,
      "brier": 0.2515383473325285,
      "display_ready": false,
      "ece": null,
      "expectancy_bps": -23.495529168420124,
      "expectancy_maker_2bps": -25.495529168420127,
      "expectancy_taker_10bps": -33.49552916842013,
      "hit_down": null,
      "hit_rate": 0.4117647058823529,
      "hit_up": 0.4117647058823529,
      "logloss": 0.6962247494083634,
      "n": 17,
      "n_down": 0,
      "n_up": 17,
      "vs_majority_pp": -0.17647058823529416
    },
    "chop": {
      "always_down_rate": 0.8666666666666667,
      "always_up_rate": 0.13333333333333333,
      "base_rate": 0.7333333333333333,
      "baseline_brier": 0.19555555555555554,
      "baseline_hit_rate": 0.7333333333333333,
      "brier": 0.2398927908833675,
      "display_ready": false,
      "ece": null,
      "expectancy_bps": 50.700163639581675,
      "expectancy_maker_2bps": 48.70016363958168,
      "expectancy_taker_10bps": 40.700163639581675,
      "hit_down": 0.8461538461538461,
      "hit_rate": 0.7333333333333333,
      "hit_up": 0.0,
      "logloss": 0.6728707198955435,
      "n": 15,
      "n_down": 13,
      "n_up": 2,
      "vs_majority_pp": -0.13333333333333341
    },
    "unknown": {
      "always_down_rate": 0.411530815109344,