{
  "by_horizon": {
    "12h": {
      "base_rate": 0.5686274509803921,
      "baseline_brier": 0.24529027297193387,
      "baseline_hit_rate": 0.5686274509803921,
      "brier": 0.24951236489212184,
      "display_ready": true,
      "ece": null,
      "hit_rate": 0.5686274509803921,
      "logloss": 0.6921723740406495,
      "n": 153
    },
    "1h": {
      "base_rate": 0.5276162790697675,
      "baseline_brier": 0.2492373411303407,
      "baseline_hit_rate": 0.5276162790697675,
      "brier": 0.2502204354961934,
      "display_ready": true,
      "ece": null,
      "hit_rate": 0.5276162790697675,
      "logloss": 0.6935886702012185,
      "n": 688
    },
    "24h": {
      "base_rate": 0.6447368421052632,
      "baseline_brier": 0.22905124653739614,
      "baseline_hit_rate": 0.6447368421052632,
      "brier": 0.2482923612999702,
      "display_ready": true,
      "ece": null,
      "hit_rate": 0.6447368421052632,
      "logloss": 0.6897309186607747,
      "n": 76
    },
    "4h": {
      "base_rate": 0.5379146919431279,
      "baseline_brier": 0.24856247613485768,
      "baseline_hit_rate": 0.5379146919431279,
      "brier": 0.2500476866351291,
      "display_ready": true,
      "ece": null,
      "hit_rate": 0.5379146919431279,
      "logloss": 0.6932428810754019,
      "n": 422
    }
  },
  "by_model_version": {
    "v0.1.0-baseline-shadow": {
      "base_rate": 0.5421956684092606,
      "baseline_brier": 0.24821952556749574,
      "baseline_hit_rate": 0.5421956684092606,
      "brier": 0.2499756494911859,
      "display_ready": true,
      "ece": null,
      "hit_rate": 0.5421956684092606,
      "logloss": 0.6930988976539926,
      "n": 1339
    }
  },
  "generated_at": "2026-07-13T17:24:16Z",
  "global": {
    "base_rate": 0.5421956684092606,
    "baseline_brier": 0.24821952556749574,
    "baseline_hit_rate": 0.5421956684092606,
    "brier": 0.2499756494911859,
    "display_ready": true,
    "ece": null,
    "hit_rate": 0.5421956684092606,
    "logloss": 0.6930988976539926,
    "n": 1339
  },
  "metrics_version": "metrics-v0.1.0",
  "min_n_display": 20,
  "rolling": {
    "30d": {
      "base_rate": 0.5606361829025845,
      "baseline_brier": 0.24632325332300434,
      "baseline_hit_rate": 0.5606361829025845,
      "brier": 0.2500735943899822,
      "display_ready": true,
      "ece": null,
      "hit_rate": 0.5606361829025845,
      "logloss": 0.6932954560336358,
      "n": 503
    },
    "7d": {
      "base_rate": 0.46875,
      "baseline_brier": 0.2490234375,
      "baseline_hit_rate": 0.53125,
      "brier": 0.25162173891934836,
      "display_ready": true,
      "ece": null,
      "hit_rate": 0.46875,
      "logloss": 0.6963919118510724,
      "n": 128
    },
    "90d": {
      "base_rate": 0.5421956684092606,
      "baseline_brier": 0.24821952556749574,
      "baseline_hit_rate": 0.5421956684092606,
      "brier": 0.2499756494911859,
      "display_ready": true,
      "ece": null,
      "hit_rate": 0.5421956684092606,
      "logloss": 0.6930988976539926,
      "n": 1339
    }
  },
  "schema_version": "1",
  "total_forecasts": 1343,
  "total_resolved": 1339
}
