{
  "by_horizon": {
    "12h": {
      "base_rate": 0.5819672131147541,
      "baseline_brier": 0.2432813759742005,
      "baseline_hit_rate": 0.5819672131147541,
      "brier": 0.24914696833773986,
      "display_ready": true,
      "ece": null,
      "hit_rate": 0.5819672131147541,
      "logloss": 0.691441538690848,
      "n": 122
    },
    "1h": {
      "base_rate": 0.5266055045871559,
      "baseline_brier": 0.2492921471256628,
      "baseline_hit_rate": 0.5266055045871559,
      "brier": 0.2501639130907223,
      "display_ready": true,
      "ece": null,
      "hit_rate": 0.5266055045871559,
      "logloss": 0.6934755518240158,
      "n": 545
    },
    "24h": {
      "base_rate": 0.6557377049180327,
      "baseline_brier": 0.22574576726686377,
      "baseline_hit_rate": 0.6557377049180327,
      "brier": 0.2480847763047276,
      "display_ready": true,
      "ece": null,
      "hit_rate": 0.6557377049180327,
      "logloss": 0.6893154518763513,
      "n": 61
    },
    "4h": {
      "base_rate": 0.5535714285714286,
      "baseline_brier": 0.24713010204081634,
      "baseline_hit_rate": 0.5535714285714286,
      "brier": 0.24968610470952918,
      "display_ready": true,
      "ece": null,
      "hit_rate": 0.5535714285714286,
      "logloss": 0.6925194488731,
      "n": 336
    }
  },
  "by_model_version": {
    "v0.1.0-baseline-shadow": {
      "base_rate": 0.5488721804511278,
      "baseline_brier": 0.24761150997795237,
      "baseline_hit_rate": 0.5488721804511278,
      "brier": 0.2497772230344343,
      "display_ready": true,
      "ece": null,
      "hit_rate": 0.5488721804511278,
      "logloss": 0.6927018992952924,
      "n": 1064
    }
  },
  "generated_at": "2026-06-28T04:56:16Z",
  "global": {
    "base_rate": 0.5488721804511278,
    "baseline_brier": 0.24761150997795237,
    "baseline_hit_rate": 0.5488721804511278,
    "brier": 0.2497772230344343,
    "display_ready": true,
    "ece": null,
    "hit_rate": 0.5488721804511278,
    "logloss": 0.6927018992952924,
    "n": 1064
  },
  "metrics_version": "metrics-v0.1.0",
  "min_n_display": 20,
  "rolling": {
    "30d": {
      "base_rate": 0.5488721804511278,
      "baseline_brier": 0.24761150997795237,
      "baseline_hit_rate": 0.5488721804511278,
      "brier": 0.2497772230344343,
      "display_ready": true,
      "ece": null,
      "hit_rate": 0.5488721804511278,
      "logloss": 0.6927018992952924,
      "n": 1064
    },
    "7d": {
      "base_rate": 0.5344827586206896,
      "baseline_brier": 0.24881093935790724,
      "baseline_hit_rate": 0.5344827586206896,
      "brier": 0.2505603000613786,
      "display_ready": true,
      "ece": null,
      "hit_rate": 0.5344827586206896,
      "logloss": 0.6942703178240636,
      "n": 116
    },
    "90d": {
      "base_rate": 0.5488721804511278,
      "baseline_brier": 0.24761150997795237,
      "baseline_hit_rate": 0.5488721804511278,
      "brier": 0.2497772230344343,
      "display_ready": true,
      "ece": null,
      "hit_rate": 0.5488721804511278,
      "logloss": 0.6927018992952924,
      "n": 1064
    }
  },
  "schema_version": "1",
  "total_forecasts": 1068,
  "total_resolved": 1064
}
