{
  "by_horizon": {
    "12h": {
      "base_rate": 0.5657894736842105,
      "baseline_brier": 0.2456717451523546,
      "baseline_hit_rate": 0.5657894736842105,
      "brier": 0.24951715643800737,
      "display_ready": true,
      "ece": null,
      "hit_rate": 0.5657894736842105,
      "logloss": 0.6921819602146536,
      "n": 152
    },
    "1h": {
      "base_rate": 0.5284671532846715,
      "baseline_brier": 0.24918962118386703,
      "baseline_hit_rate": 0.5284671532846715,
      "brier": 0.25019555857331766,
      "display_ready": true,
      "ece": null,
      "hit_rate": 0.5284671532846715,
      "logloss": 0.6935389022969307,
      "n": 685
    },
    "24h": {
      "base_rate": 0.6447368421052632,
      "baseline_brier": 0.22905124653739614,
      "baseline_hit_rate": 0.6447368421052632,
      "brier": 0.2482923612999702,
      "display_ready": true,
      "ece": null,
      "hit_rate": 0.6447368421052632,
      "logloss": 0.6897309186607747,
      "n": 76
    },
    "4h": {
      "base_rate": 0.5393794749403341,
      "baseline_brier": 0.24844925695342357,
      "baseline_hit_rate": 0.5393794749403341,
      "brier": 0.24998951828071664,
      "display_ready": true,
      "ece": null,
      "hit_rate": 0.5393794749403341,
      "logloss": 0.6931264884611618,
      "n": 419
    }
  },
  "by_model_version": {
    "v0.1.0-baseline-shadow": {
      "base_rate": 0.5427927927927928,
      "baseline_brier": 0.2481687768849931,
      "baseline_hit_rate": 0.5427927927927928,
      "brier": 0.24994473950429255,
      "display_ready": true,
      "ece": null,
      "hit_rate": 0.5427927927927928,
      "logloss": 0.693037052935038,
      "n": 1332
    }
  },
  "generated_at": "2026-07-13T07:42:33Z",
  "global": {
    "base_rate": 0.5427927927927928,
    "baseline_brier": 0.2481687768849931,
    "baseline_hit_rate": 0.5427927927927928,
    "brier": 0.24994473950429255,
    "display_ready": true,
    "ece": null,
    "hit_rate": 0.5427927927927928,
    "logloss": 0.693037052935038,
    "n": 1332
  },
  "metrics_version": "metrics-v0.1.0",
  "min_n_display": 20,
  "rolling": {
    "30d": {
      "base_rate": 0.5694444444444444,
      "baseline_brier": 0.2451774691358025,
      "baseline_hit_rate": 0.5694444444444444,
      "brier": 0.249933626162702,
      "display_ready": true,
      "ece": null,
      "hit_rate": 0.5694444444444444,
      "logloss": 0.6930154419736193,
      "n": 504
    },
    "7d": {
      "base_rate": 0.4806201550387597,
      "baseline_brier": 0.2496244216092783,
      "baseline_hit_rate": 0.5193798449612403,
      "brier": 0.2512192447459241,
      "display_ready": true,
      "ece": null,
      "hit_rate": 0.4806201550387597,
      "logloss": 0.6955866174731151,
      "n": 129
    },
    "90d": {
      "base_rate": 0.5427927927927928,
      "baseline_brier": 0.2481687768849931,
      "baseline_hit_rate": 0.5427927927927928,
      "brier": 0.24994473950429255,
      "display_ready": true,
      "ece": null,
      "hit_rate": 0.5427927927927928,
      "logloss": 0.693037052935038,
      "n": 1332
    }
  },
  "schema_version": "1",
  "total_forecasts": 1336,
  "total_resolved": 1332
}
