{
  "by_direction": {
    "down": {
      "always_down_rate": 0.4545454545454546,
      "always_up_rate": 0.5454545454545454,
      "base_rate": 0.45454545454545453,
      "baseline_brier": 0.24793388429752064,
      "baseline_hit_rate": 0.5454545454545454,
      "brier": 0.2509803217171696,
      "display_ready": true,
      "ece": null,
      "expectancy_bps": 4.675584007704568,
      "expectancy_maker_2bps": 2.6755840077045683,
      "expectancy_taker_10bps": -5.324415992295432,
      "hit_down": 0.45454545454545453,
      "hit_rate": 0.45454545454545453,
      "hit_up": null,
      "logloss": 0.6951087160342276,
      "n": 704,
      "n_down": 704,
      "n_up": 0,
      "vs_majority_pp": -0.09090909090909088
    },
    "up": {
      "always_down_rate": 0.3716049382716049,
      "always_up_rate": 0.6283950617283951,
      "base_rate": 0.6283950617283951,
      "baseline_brier": 0.23351470812376163,
      "baseline_hit_rate": 0.6283950617283951,
      "brier": 0.2488931011025163,
      "display_ready": true,
      "ece": null,
      "expectancy_bps": 15.173523414100377,
      "expectancy_maker_2bps": 13.173523414100375,
      "expectancy_taker_10bps": 5.1735234141003765,
      "hit_down": null,
      "hit_rate": 0.6283950617283951,
      "hit_up": 0.6283950617283951,
      "logloss": 0.6909332990930898,
      "n": 810,
      "n_down": 0,
      "n_up": 810,
      "vs_majority_pp": 0.0
    }
  },
  "by_horizon": {
    "12h": {
      "always_down_rate": 0.4736842105263158,
      "always_up_rate": 0.5263157894736842,
      "base_rate": 0.5789473684210527,
      "baseline_brier": 0.24376731301939056,
      "baseline_hit_rate": 0.5789473684210527,
      "brier": 0.24921872686237062,
      "display_ready": true,
      "ece": null,
      "expectancy_bps": 25.886242957594515,
      "expectancy_maker_2bps": 23.886242957594515,
      "expectancy_taker_10bps": 15.886242957594515,
      "hit_down": 0.5529411764705883,
      "hit_rate": 0.5789473684210527,
      "hit_up": 0.6046511627906976,
      "logloss": 0.6915847358068562,
      "n": 171,
      "n_down": 85,
      "n_up": 86,
      "vs_majority_pp": 0.052631578947368474
    },
    "1h": {
      "always_down_rate": 0.378343949044586,
      "always_up_rate": 0.621656050955414,
      "base_rate": 0.5299363057324841,
      "baseline_brier": 0.24910381759909123,
      "baseline_hit_rate": 0.5299363057324841,
      "brier": 0.2501023971635468,
      "display_ready": true,
      "ece": null,
      "expectancy_bps": 3.620376886954345,
      "expectancy_maker_2bps": 1.620376886954345,
      "expectancy_taker_10bps": -6.379623113045655,
      "hit_down": 0.39714285714285713,
      "hit_rate": 0.5299363057324841,
      "hit_up": 0.6367816091954023,
      "logloss": 0.6933525378213818,
      "n": 785,
      "n_down": 350,
      "n_up": 435,
      "vs_majority_pp": -0.09171974522292992
    },
    "24h": {
      "always_down_rate": 0.4883720930232558,
      "always_up_rate": 0.5116279069767442,
      "base_rate": 0.6395348837209303,
      "baseline_brier": 0.23053001622498648,
      "baseline_hit_rate": 0.6395348837209303,
      "brier": 0.24854875136337595,
      "display_ready": true,
      "ece": null,
      "expectancy_bps": 57.01908317000415,
      "expectancy_maker_2bps": 55.01908317000415,
      "expectancy_taker_10bps": 47.01908317000415,
      "hit_down": 0.6222222222222222,
      "hit_rate": 0.6395348837209303,
      "hit_up": 0.6585365853658537,
      "logloss": 0.6902436217373141,
      "n": 86,
      "n_down": 45,
      "n_up": 41,
      "vs_majority_pp": 0.12790697674418605
    },
    "4h": {
      "always_down_rate": 0.4258474576271186,
      "always_up_rate": 0.5741525423728814,
      "base_rate": 0.548728813559322,
      "baseline_brier": 0.24762550272910083,
      "baseline_hit_rate": 0.548728813559322,
      "brier": 0.24993979173268152,
      "display_ready": true,
      "ece": null,
      "expectancy_bps": 7.224535068256655,
      "expectancy_maker_2bps": 5.224535068256655,
      "expectancy_taker_10bps": -2.775464931743345,
      "hit_down": 0.4732142857142857,
      "hit_rate": 0.548728813559322,
      "hit_up": 0.6169354838709677,
      "logloss": 0.6930271713375696,
      "n": 472,
      "n_down": 224,
      "n_up": 248,
      "vs_majority_pp": -0.025423728813559365
    }
  },
  "by_model_version": {
    "v0.1.0-baseline-shadow": {
      "always_down_rate": 0.4107142857142857,
      "always_up_rate": 0.5892857142857143,
      "base_rate": 0.546957671957672,
      "baseline_brier": 0.24779497704431566,
      "baseline_hit_rate": 0.546957671957672,
      "brier": 0.24989912105203413,
      "display_ready": true,
      "ece": null,
      "expectancy_bps": 10.248545120919777,
      "expectancy_maker_2bps": 8.248545120919777,
      "expectancy_taker_10bps": 0.24854512091977699,
      "hit_down": 0.45454545454545453,
      "hit_rate": 0.546957671957672,
      "hit_up": 0.6274752475247525,
      "logloss": 0.6929458653603963,
      "n": 1512,
      "n_down": 704,
      "n_up": 808,
      "vs_majority_pp": -0.042328042328042326
    },
    "v0.2.0-shadow-policy24": {
      "always_down_rate": 0.0,
      "always_up_rate": 1.0,
      "base_rate": 1.0,
      "baseline_brier": 0.0,
      "baseline_hit_rate": 1.0,
      "brier": 0.223043675625,
      "display_ready": false,
      "ece": null,
      "expectancy_bps": 43.182442007309525,
      "expectancy_maker_2bps": 41.182442007309525,
      "expectancy_taker_10bps": 33.182442007309525,
      "hit_down": null,
      "hit_rate": 1.0,
      "hit_up": 1.0,
      "logloss": 0.6391799642900029,
      "n": 2,
      "n_down": 0,
      "n_up": 2,
      "vs_majority_pp": 0.0
    }
  },
  "by_regime": {
    "bull": {
      "always_down_rate": 0.0,
      "always_up_rate": 1.0,
      "base_rate": 1.0,
      "baseline_brier": 0.0,
      "baseline_hit_rate": 1.0,
      "brier": 0.23638620957837508,
      "display_ready": false,
      "ece": null,
      "expectancy_bps": 33.477010289869625,
      "expectancy_maker_2bps": 31.47701028986963,
      "expectancy_taker_10bps": 23.47701028986963,
      "hit_down": null,
      "hit_rate": 1.0,
      "hit_up": 1.0,
      "logloss": 0.6658975972957527,
      "n": 5,
      "n_down": 0,
      "n_up": 5,
      "vs_majority_pp": 0.0
    },
    "unknown": {
      "always_down_rate": 0.411530815109344,
      "always_up_rate": 0.588469184890656,
      "base_rate": 0.5460569913850232,
      "baseline_brier": 0.2478787535445599,
      "baseline_hit_rate": 0.5460569913850232,
      "brier": 0.2499083017455492,
      "display_ready": true,
      "ece": null,
      "expectancy_bps": 10.215228664941002,
      "expectancy_maker_2bps": 8.215228664941002,
      "expectancy_taker_10bps": 0.2152286649410016,
      "hit_down": 0.45454545454545453,
      "hit_rate": 0.5460569913850232,
      "hit_up": 0.6260869565217392,
      "logloss": 0.6929642282087609,
      "n": 1509,
      "n_down": 704,
      "n_up": 805,
      "vs_majority_pp": -0.042412193505632856
    }
  },
  "edge_scoreboard": [
    {
      "expectancy_maker_2bps": 55.01908317000415,
      "hit_rate": 0.6395348837209303,
      "horizon": "24h",
      "n": 86,
      "rank_key": 55.01908317000415,
      "tradeable": true,
      "vs_majority_pp": 0.12790697674418605
    },
    {
      "expectancy_maker_2bps": 23.886242957594515,
      "hit_rate": 0.5789473684210527,
      "horizon": "12h",
      "n": 171,
      "rank_key": 23.886242957594515,
      "tradeable": true,
      "vs_majority_pp": 0.052631578947368474
    },
    {
      "expectancy_maker_2bps": 5.224535068256655,
      "hit_rate": 0.548728813559322,
      "horizon": "4h",
      "n": 472,
      "rank_key": 5.224535068256655,
      "tradeable": false,
      "vs_majority_pp": -0.025423728813559365
    },
    {
      "expectancy_maker_2bps": 1.620376886954345,
      "hit_rate": 0.5299363057324841,
      "horizon": "1h",
      "n": 785,
      "rank_key": 1.620376886954345,
      "tradeable": false,