{
  "by_horizon": {
    "12h": {
      "base_rate": 0.5912408759124088,
      "baseline_brier": 0.24167510256273642,
      "baseline_hit_rate": 0.5912408759124088,
      "brier": 0.248981076384841,
      "display_ready": true,
      "ece": null,
      "hit_rate": 0.5912408759124088,
      "logloss": 0.6911094587247094,
      "n": 137
    },
    "1h": {
      "base_rate": 0.5301794453507341,
      "baseline_brier": 0.24908920107832205,
      "baseline_hit_rate": 0.5301794453507341,
      "brier": 0.2501538540787452,
      "display_ready": true,
      "ece": null,
      "hit_rate": 0.5301794453507341,
      "logloss": 0.693455512810011,
      "n": 613
    },
    "24h": {
      "base_rate": 0.6617647058823529,
      "baseline_brier": 0.22383217993079585,
      "baseline_hit_rate": 0.6617647058823529,
      "brier": 0.24804329555165688,
      "display_ready": true,
      "ece": null,
      "hit_rate": 0.6617647058823529,
      "logloss": 0.6892325731731971,
      "n": 68
    },
    "4h": {
      "base_rate": 0.5517241379310345,
      "baseline_brier": 0.2473246135552913,
      "baseline_hit_rate": 0.5517241379310345,
      "brier": 0.24986353530923658,
      "display_ready": true,
      "ece": null,
      "hit_rate": 0.5517241379310345,
      "logloss": 0.6928744879685999,
      "n": 377
    }
  },
  "by_model_version": {
    "v0.1.0-baseline-shadow": {
      "base_rate": 0.5514644351464435,
      "baseline_brier": 0.24735141191505752,
      "baseline_hit_rate": 0.5514644351464435,
      "brier": 0.24980771290718737,
      "display_ready": true,
      "ece": null,
      "hit_rate": 0.5514644351464435,
      "logloss": 0.6927629473956163,
      "n": 1195
    }
  },
  "generated_at": "2026-07-05T17:23:28Z",
  "global": {
    "base_rate": 0.5514644351464435,
    "baseline_brier": 0.24735141191505752,
    "baseline_hit_rate": 0.5514644351464435,
    "brier": 0.24980771290718737,
    "display_ready": true,
    "ece": null,
    "hit_rate": 0.5514644351464435,
    "logloss": 0.6927629473956163,
    "n": 1195
  },
  "metrics_version": "metrics-v0.1.0",
  "min_n_display": 20,
  "rolling": {
    "30d": {
      "base_rate": 0.5514644351464435,
      "baseline_brier": 0.24735141191505752,
      "baseline_hit_rate": 0.5514644351464435,
      "brier": 0.24980771290718737,
      "display_ready": true,
      "ece": null,
      "hit_rate": 0.5514644351464435,
      "logloss": 0.6927629473956163,
      "n": 1195
    },
    "7d": {
      "base_rate": 0.6065573770491803,
      "baseline_brier": 0.23864552539639883,
      "baseline_hit_rate": 0.6065573770491803,
      "brier": 0.24987091332529454,
      "display_ready": true,
      "ece": null,
      "hit_rate": 0.6065573770491803,
      "logloss": 0.6928899626641213,
      "n": 122
    },
    "90d": {
      "base_rate": 0.5514644351464435,
      "baseline_brier": 0.24735141191505752,
      "baseline_hit_rate": 0.5514644351464435,
      "brier": 0.24980771290718737,
      "display_ready": true,
      "ece": null,
      "hit_rate": 0.5514644351464435,
      "logloss": 0.6927629473956163,
      "n": 1195
    }
  },
  "schema_version": "1",
  "total_forecasts": 1198,
  "total_resolved": 1195
}
