{
  "by_horizon": {
    "12h": {
      "base_rate": 0.5739644970414202,
      "baseline_brier": 0.24452925317740976,
      "baseline_hit_rate": 0.5739644970414202,
      "brier": 0.24945208916200223,
      "display_ready": true,
      "ece": null,
      "hit_rate": 0.5739644970414202,
      "logloss": 0.692051829173176,
      "n": 169
    },
    "1h": {
      "base_rate": 0.528809218950064,
      "baseline_brier": 0.24917002890348727,
      "baseline_hit_rate": 0.528809218950064,
      "brier": 0.25011004445047696,
      "display_ready": true,
      "ece": null,
      "hit_rate": 0.528809218950064,
      "logloss": 0.693367834261736,
      "n": 781
    },
    "24h": {
      "base_rate": 0.6309523809523809,
      "baseline_brier": 0.2328514739229025,
      "baseline_hit_rate": 0.6309523809523809,
      "brier": 0.24897295422156468,
      "display_ready": true,
      "ece": null,
      "hit_rate": 0.6309523809523809,
      "logloss": 0.6910927019713022,
      "n": 84
    },
    "4h": {
      "base_rate": 0.5477707006369427,
      "baseline_brier": 0.2477179601606556,
      "baseline_hit_rate": 0.5477707006369427,
      "brier": 0.24995760053529736,
      "display_ready": true,
      "ece": null,
      "hit_rate": 0.5477707006369427,
      "logloss": 0.6930627932659533,
      "n": 471
    }
  },
  "by_model_version": {
    "v0.1.0-baseline-shadow": {
      "base_rate": 0.545514950166113,
      "baseline_brier": 0.24792838931137626,
      "baseline_hit_rate": 0.545514950166113,
      "brier": 0.24992498723650325,
      "display_ready": true,
      "ece": null,
      "hit_rate": 0.545514950166113,
      "logloss": 0.6929976081611535,
      "n": 1505
    }
  },
  "generated_at": "2026-07-21T20:37:18Z",
  "global": {
    "base_rate": 0.545514950166113,
    "baseline_brier": 0.24792838931137626,
    "baseline_hit_rate": 0.545514950166113,
    "brier": 0.24992498723650325,
    "display_ready": true,
    "ece": null,
    "hit_rate": 0.545514950166113,
    "logloss": 0.6929976081611535,
    "n": 1505
  },
  "metrics_version": "metrics-v0.1.0",
  "min_n_display": 20,
  "rolling": {
    "30d": {
      "base_rate": 0.5339449541284403,
      "baseline_brier": 0.24884774008921812,
      "baseline_hit_rate": 0.5339449541284403,
      "brier": 0.2503725811295018,
      "display_ready": true,
      "ece": null,
      "hit_rate": 0.5339449541284403,
      "logloss": 0.6938936065037266,
      "n": 545
    },
    "7d": {
      "base_rate": 0.5774647887323944,
      "baseline_brier": 0.24399920650664553,
      "baseline_hit_rate": 0.5774647887323944,
      "brier": 0.24923334092812766,
      "display_ready": true,
      "ece": null,
      "hit_rate": 0.5774647887323944,
      "logloss": 0.6916139015118329,
      "n": 142
    },
    "90d": {
      "base_rate": 0.545514950166113,
      "baseline_brier": 0.24792838931137626,
      "baseline_hit_rate": 0.545514950166113,
      "brier": 0.24992498723650325,
      "display_ready": true,
      "ece": null,
      "hit_rate": 0.545514950166113,
      "logloss": 0.6929976081611535,
      "n": 1505
    }
  },
  "schema_version": "1",
  "total_forecasts": 1509,
  "total_resolved": 1505
}
