{
  "by_horizon": {
    "12h": {
      "base_rate": 0.5705128205128205,
      "baseline_brier": 0.2450279421433268,
      "baseline_hit_rate": 0.5705128205128205,
      "brier": 0.24937713669832595,
      "display_ready": true,
      "ece": null,
      "hit_rate": 0.5705128205128205,
      "logloss": 0.691901774659044,
      "n": 156
    },
    "1h": {
      "base_rate": 0.5276595744680851,
      "baseline_brier": 0.24923494794024442,
      "baseline_hit_rate": 0.5276595744680851,
      "brier": 0.2502147641462193,
      "display_ready": true,
      "ece": null,
      "hit_rate": 0.5276595744680851,
      "logloss": 0.6935773909918812,
      "n": 705
    },
    "24h": {
      "base_rate": 0.6410256410256411,
      "baseline_brier": 0.23011176857330704,
      "baseline_hit_rate": 0.6410256410256411,
      "brier": 0.24844416327997038,
      "display_ready": true,
      "ece": null,
      "hit_rate": 0.6410256410256411,
      "logloss": 0.6900345780134044,
      "n": 78
    },
    "4h": {
      "base_rate": 0.5395348837209303,
      "baseline_brier": 0.24843699296917254,
      "baseline_hit_rate": 0.5395348837209303,
      "brier": 0.25003351549716224,
      "display_ready": true,
      "ece": null,
      "hit_rate": 0.5395348837209303,
      "logloss": 0.6932145767656688,
      "n": 430
    }
  },
  "by_model_version": {
    "v0.1.0-baseline-shadow": {
      "base_rate": 0.5427319211102994,
      "baseline_brier": 0.24817398291822315,
      "baseline_hit_rate": 0.5427319211102994,
      "brier": 0.2499615036140547,
      "display_ready": true,
      "ece": null,
      "hit_rate": 0.5427319211102994,
      "logloss": 0.6930706373925275,
      "n": 1369
    }
  },
  "generated_at": "2026-07-15T03:39:26Z",
  "global": {
    "base_rate": 0.5427319211102994,
    "baseline_brier": 0.24817398291822315,
    "baseline_hit_rate": 0.5427319211102994,
    "brier": 0.2499615036140547,
    "display_ready": true,
    "ece": null,
    "hit_rate": 0.5427319211102994,
    "logloss": 0.6930706373925275,
    "n": 1369
  },
  "metrics_version": "metrics-v0.1.0",
  "min_n_display": 20,
  "rolling": {
    "30d": {
      "base_rate": 0.5616438356164384,
      "baseline_brier": 0.24620003753049355,
      "baseline_hit_rate": 0.5616438356164384,
      "brier": 0.2500666484230786,
      "display_ready": true,
      "ece": null,
      "hit_rate": 0.5616438356164384,
      "logloss": 0.6932816598062742,
      "n": 511
    },
    "7d": {
      "base_rate": 0.5223880597014925,
      "baseline_brier": 0.24949877478280238,
      "baseline_hit_rate": 0.5223880597014925,
      "brier": 0.25063688705145787,
      "display_ready": true,
      "ece": null,
      "hit_rate": 0.5223880597014925,
      "logloss": 0.6944220028372124,
      "n": 134
    },
    "90d": {
      "base_rate": 0.5427319211102994,
      "baseline_brier": 0.24817398291822315,
      "baseline_hit_rate": 0.5427319211102994,
      "brier": 0.2499615036140547,
      "display_ready": true,
      "ece": null,
      "hit_rate": 0.5427319211102994,
      "logloss": 0.6930706373925275,
      "n": 1369
    }
  },
  "schema_version": "1",
  "total_forecasts": 1373,
  "total_resolved": 1369
}
