{
  "by_horizon": {
    "12h": {
      "base_rate": 0.5846153846153846,
      "baseline_brier": 0.24284023668639054,
      "baseline_hit_rate": 0.5846153846153846,
      "brier": 0.24918201445384228,
      "display_ready": true,
      "ece": null,
      "hit_rate": 0.5846153846153846,
      "logloss": 0.691511549720249,
      "n": 130
    },
    "1h": {
      "base_rate": 0.5207612456747405,
      "baseline_brier": 0.24956897067803305,
      "baseline_hit_rate": 0.5207612456747405,
      "brier": 0.2502937271380575,
      "display_ready": true,
      "ece": null,
      "hit_rate": 0.5207612456747405,
      "logloss": 0.6937353073880196,
      "n": 578
    },
    "24h": {
      "base_rate": 0.6461538461538462,
      "baseline_brier": 0.22863905325443787,
      "baseline_hit_rate": 0.6461538461538462,
      "brier": 0.24837870325740943,
      "display_ready": true,
      "ece": null,
      "hit_rate": 0.6461538461538462,
      "logloss": 0.6899034573716565,
      "n": 65
    },
    "4h": {
      "base_rate": 0.5502793296089385,
      "baseline_brier": 0.24747198901407572,
      "baseline_hit_rate": 0.5502793296089385,
      "brier": 0.2498306206363336,
      "display_ready": true,
      "ece": null,
      "hit_rate": 0.5502793296089385,
      "logloss": 0.6928086101402896,
      "n": 358
    }
  },
  "by_model_version": {
    "v0.1.0-baseline-shadow": {
      "base_rate": 0.5446507515473032,
      "baseline_brier": 0.248006310386261,
      "baseline_hit_rate": 0.5446507515473032,
      "brier": 0.24990929625493877,
      "display_ready": true,
      "ece": null,
      "hit_rate": 0.5446507515473032,
      "logloss": 0.692966150568779,
      "n": 1131
    }
  },
  "generated_at": "2026-07-02T05:07:42Z",
  "global": {
    "base_rate": 0.5446507515473032,
    "baseline_brier": 0.248006310386261,
    "baseline_hit_rate": 0.5446507515473032,
    "brier": 0.24990929625493877,
    "display_ready": true,
    "ece": null,
    "hit_rate": 0.5446507515473032,
    "logloss": 0.692966150568779,
    "n": 1131
  },
  "metrics_version": "metrics-v0.1.0",
  "min_n_display": 20,
  "rolling": {
    "30d": {
      "base_rate": 0.5446507515473032,
      "baseline_brier": 0.248006310386261,
      "baseline_hit_rate": 0.5446507515473032,
      "brier": 0.24990929625493877,
      "display_ready": true,
      "ece": null,
      "hit_rate": 0.5446507515473032,
      "logloss": 0.692966150568779,
      "n": 1131
    },
    "7d": {
      "base_rate": 0.475,
      "baseline_brier": 0.249375,
      "baseline_hit_rate": 0.525,
      "brier": 0.2516886527705571,
      "display_ready": true,
      "ece": null,
      "hit_rate": 0.475,
      "logloss": 0.6965264450937977,
      "n": 120
    },
    "90d": {
      "base_rate": 0.5446507515473032,
      "baseline_brier": 0.248006310386261,
      "baseline_hit_rate": 0.5446507515473032,
      "brier": 0.24990929625493877,
      "display_ready": true,
      "ece": null,
      "hit_rate": 0.5446507515473032,
      "logloss": 0.692966150568779,
      "n": 1131
    }
  },
  "schema_version": "1",
  "total_forecasts": 1133,
  "total_resolved": 1131
}
