{
  "by_horizon": {
    "12h": {
      "base_rate": 0.5846153846153846,
      "baseline_brier": 0.24284023668639054,
      "baseline_hit_rate": 0.5846153846153846,
      "brier": 0.24918201445384228,
      "display_ready": true,
      "ece": null,
      "hit_rate": 0.5846153846153846,
      "logloss": 0.691511549720249,
      "n": 130
    },
    "1h": {
      "base_rate": 0.5199306759098787,
      "baseline_brier": 0.24960276815777535,
      "baseline_hit_rate": 0.5199306759098787,
      "brier": 0.2503165725810539,
      "display_ready": true,
      "ece": null,
      "hit_rate": 0.5199306759098787,
      "logloss": 0.693781009533791,
      "n": 577
    },
    "24h": {
      "base_rate": 0.6461538461538462,
      "baseline_brier": 0.22863905325443787,
      "baseline_hit_rate": 0.6461538461538462,
      "brier": 0.24837870325740943,
      "display_ready": true,
      "ece": null,
      "hit_rate": 0.6461538461538462,
      "logloss": 0.6899034573716565,
      "n": 65
    },
    "4h": {
      "base_rate": 0.5490196078431373,
      "baseline_brier": 0.24759707804690503,
      "baseline_hit_rate": 0.5490196078431373,
      "brier": 0.2498662472864939,
      "display_ready": true,
      "ece": null,
      "hit_rate": 0.5490196078431373,
      "logloss": 0.6928798802827612,
      "n": 357
    }
  },
  "by_model_version": {
    "v0.1.0-baseline-shadow": {
      "base_rate": 0.5438441098317095,
      "baseline_brier": 0.248077694033065,
      "baseline_hit_rate": 0.5438441098317095,
      "brier": 0.24993196656446193,
      "display_ready": true,
      "ece": null,
      "hit_rate": 0.5438441098317095,
      "logloss": 0.6930115021742543,
      "n": 1129
    }
  },
  "generated_at": "2026-07-02T01:26:11Z",
  "global": {
    "base_rate": 0.5438441098317095,
    "baseline_brier": 0.248077694033065,
    "baseline_hit_rate": 0.5438441098317095,
    "brier": 0.24993196656446193,
    "display_ready": true,
    "ece": null,
    "hit_rate": 0.5438441098317095,
    "logloss": 0.6930115021742543,
    "n": 1129
  },
  "metrics_version": "metrics-v0.1.0",
  "min_n_display": 20,
  "rolling": {
    "30d": {
      "base_rate": 0.5438441098317095,
      "baseline_brier": 0.248077694033065,
      "baseline_hit_rate": 0.5438441098317095,
      "brier": 0.24993196656446193,
      "display_ready": true,
      "ece": null,
      "hit_rate": 0.5438441098317095,
      "logloss": 0.6930115021742543,
      "n": 1129
    },
    "7d": {
      "base_rate": 0.4672131147540984,
      "baseline_brier": 0.2489250201558721,
      "baseline_hit_rate": 0.5327868852459017,
      "brier": 0.2522945701499282,
      "display_ready": true,
      "ece": null,
      "hit_rate": 0.4672131147540984,
      "logloss": 0.6977400174888795,
      "n": 122
    },
    "90d": {
      "base_rate": 0.5438441098317095,
      "baseline_brier": 0.248077694033065,
      "baseline_hit_rate": 0.5438441098317095,
      "brier": 0.24993196656446193,
      "display_ready": true,
      "ece": null,
      "hit_rate": 0.5438441098317095,
      "logloss": 0.6930115021742543,
      "n": 1129
    }
  },
  "schema_version": "1",
  "total_forecasts": 1133,
  "total_resolved": 1129
}
