{
  "by_horizon": {
    "12h": {
      "base_rate": 0.6036036036036037,
      "baseline_brier": 0.23926629332034738,
      "baseline_hit_rate": 0.6036036036036037,
      "brier": 0.24891422854016568,
      "display_ready": true,
      "ece": null,
      "hit_rate": 0.6036036036036037,
      "logloss": 0.6909758645431656,
      "n": 111
    },
    "1h": {
      "base_rate": 0.5329341317365269,
      "baseline_brier": 0.2489153429667611,
      "baseline_hit_rate": 0.5329341317365269,
      "brier": 0.25007595618261635,
      "display_ready": true,
      "ece": null,
      "hit_rate": 0.5329341317365269,
      "logloss": 0.6932993922022871,
      "n": 501
    },
    "24h": {
      "base_rate": 0.6363636363636364,
      "baseline_brier": 0.23140495867768593,
      "baseline_hit_rate": 0.6363636363636364,
      "brier": 0.24806801844135692,
      "display_ready": true,
      "ece": null,
      "hit_rate": 0.6363636363636364,
      "logloss": 0.6892816613055586,
      "n": 55
    },
    "4h": {
      "base_rate": 0.5555555555555556,
      "baseline_brier": 0.2469135802469136,
      "baseline_hit_rate": 0.5555555555555556,
      "brier": 0.24957143767986162,
      "display_ready": true,
      "ece": null,
      "hit_rate": 0.5555555555555556,
      "logloss": 0.6922897469423475,
      "n": 306
    }
  },
  "by_model_version": {
    "v0.1.0-baseline-shadow": {
      "base_rate": 0.5539568345323741,
      "baseline_brier": 0.247088660007246,
      "baseline_hit_rate": 0.5539568345323741,
      "brier": 0.2496712583348011,
      "display_ready": true,
      "ece": null,
      "hit_rate": 0.5539568345323741,
      "logloss": 0.6924896920799603,
      "n": 973
    }
  },
  "generated_at": "2026-06-22T21:11:14Z",
  "global": {
    "base_rate": 0.5539568345323741,
    "baseline_brier": 0.247088660007246,
    "baseline_hit_rate": 0.5539568345323741,
    "brier": 0.2496712583348011,
    "display_ready": true,
    "ece": null,
    "hit_rate": 0.5539568345323741,
    "logloss": 0.6924896920799603,
    "n": 973
  },
  "metrics_version": "metrics-v0.1.0",
  "min_n_display": 20,
  "rolling": {
    "30d": {
      "base_rate": 0.5539568345323741,
      "baseline_brier": 0.247088660007246,
      "baseline_hit_rate": 0.5539568345323741,
      "brier": 0.2496712583348011,
      "display_ready": true,
      "ece": null,
      "hit_rate": 0.5539568345323741,
      "logloss": 0.6924896920799603,
      "n": 973
    },
    "7d": {
      "base_rate": 0.7075471698113207,
      "baseline_brier": 0.20692417230331078,
      "baseline_hit_rate": 0.7075471698113207,
      "brier": 0.2487429566591773,
      "display_ready": true,
      "ece": null,
      "hit_rate": 0.7075471698113207,
      "logloss": 0.6906336324864332,
      "n": 106
    },
    "90d": {
      "base_rate": 0.5539568345323741,
      "baseline_brier": 0.247088660007246,
      "baseline_hit_rate": 0.5539568345323741,
      "brier": 0.2496712583348011,
      "display_ready": true,
      "ece": null,
      "hit_rate": 0.5539568345323741,
      "logloss": 0.6924896920799603,
      "n": 973
    }
  },
  "schema_version": "1",
  "total_forecasts": 975,
  "total_resolved": 973
}
