{
  "by_horizon": {
    "12h": {
      "base_rate": 0.5980392156862745,
      "baseline_brier": 0.24038831218762013,
      "baseline_hit_rate": 0.5980392156862745,
      "brier": 0.24909527590225208,
      "display_ready": true,
      "ece": null,
      "hit_rate": 0.5980392156862745,
      "logloss": 0.6913380620620557,
      "n": 102
    },
    "1h": {
      "base_rate": 0.5182012847965739,
      "baseline_brier": 0.249668713231754,
      "baseline_hit_rate": 0.5182012847965739,
      "brier": 0.2501845748452962,
      "display_ready": true,
      "ece": null,
      "hit_rate": 0.5182012847965739,
      "logloss": 0.6935166125347224,
      "n": 467
    },
    "24h": {
      "base_rate": 0.6470588235294118,
      "baseline_brier": 0.22837370242214533,
      "baseline_hit_rate": 0.6470588235294118,
      "brier": 0.24777523003683616,
      "display_ready": true,
      "ece": null,
      "hit_rate": 0.6470588235294118,
      "logloss": 0.6886958413820654,
      "n": 51
    },
    "4h": {
      "base_rate": 0.5354609929078015,
      "baseline_brier": 0.24874251798199287,
      "baseline_hit_rate": 0.5354609929078015,
      "brier": 0.24976872159019503,
      "display_ready": true,
      "ece": null,
      "hit_rate": 0.5354609929078015,
      "logloss": 0.6926843064263093,
      "n": 282
    }
  },
  "by_model_version": {
    "v0.1.0-baseline-shadow": {
      "base_rate": 0.5399113082039911,
      "baseline_brier": 0.24840708747744603,
      "baseline_hit_rate": 0.5399113082039911,
      "brier": 0.24979515611429787,
      "display_ready": true,
      "ece": null,
      "hit_rate": 0.5399113082039911,
      "logloss": 0.6927374752846448,
      "n": 902
    }
  },
  "generated_at": "2026-06-18T09:47:59Z",
  "global": {
    "base_rate": 0.5399113082039911,
    "baseline_brier": 0.24840708747744603,
    "baseline_hit_rate": 0.5399113082039911,
    "brier": 0.24979515611429787,
    "display_ready": true,
    "ece": null,
    "hit_rate": 0.5399113082039911,
    "logloss": 0.6927374752846448,
    "n": 902
  },
  "metrics_version": "metrics-v0.1.0",
  "min_n_display": 20,
  "rolling": {
    "30d": {
      "base_rate": 0.5399113082039911,
      "baseline_brier": 0.24840708747744603,
      "baseline_hit_rate": 0.5399113082039911,
      "brier": 0.24979515611429787,
      "display_ready": true,
      "ece": null,
      "hit_rate": 0.5399113082039911,
      "logloss": 0.6927374752846448,
      "n": 902
    },
    "7d": {
      "base_rate": 0.6634615384615384,
      "baseline_brier": 0.22328032544378698,
      "baseline_hit_rate": 0.6634615384615384,
      "brier": 0.24771882977085072,
      "display_ready": true,
      "ece": null,
      "hit_rate": 0.6634615384615384,
      "logloss": 0.6885839471880139,
      "n": 104
    },
    "90d": {
      "base_rate": 0.5399113082039911,
      "baseline_brier": 0.24840708747744603,
      "baseline_hit_rate": 0.5399113082039911,
      "brier": 0.24979515611429787,
      "display_ready": true,
      "ece": null,
      "hit_rate": 0.5399113082039911,
      "logloss": 0.6927374752846448,
      "n": 902
    }
  },
  "schema_version": "1",
  "total_forecasts": 906,
  "total_resolved": 902
}
