{
  "by_horizon": {
    "12h": {
      "base_rate": 0.5867768595041323,
      "baseline_brier": 0.24246977665460012,
      "baseline_hit_rate": 0.5867768595041323,
      "brier": 0.2491118916933992,
      "display_ready": true,
      "ece": null,
      "hit_rate": 0.5867768595041323,
      "logloss": 0.6913713880300612,
      "n": 121
    },
    "1h": {
      "base_rate": 0.5277777777777778,
      "baseline_brier": 0.24922839506172842,
      "baseline_hit_rate": 0.5277777777777778,
      "brier": 0.2501769560509874,
      "display_ready": true,
      "ece": null,
      "hit_rate": 0.5277777777777778,
      "logloss": 0.6935016474960022,
      "n": 540
    },
    "24h": {
      "base_rate": 0.65,
      "baseline_brier": 0.2275,
      "baseline_hit_rate": 0.65,
      "brier": 0.24813698151125094,
      "display_ready": true,
      "ece": null,
      "hit_rate": 0.65,
      "logloss": 0.6894198466941057,
      "n": 60
    },
    "4h": {
      "base_rate": 0.5555555555555556,
      "baseline_brier": 0.2469135802469136,
      "baseline_hit_rate": 0.5555555555555556,
      "brier": 0.24964470568366895,
      "display_ready": true,
      "ece": null,
      "hit_rate": 0.5555555555555556,
      "logloss": 0.6924366421769342,
      "n": 333
    }
  },
  "by_model_version": {
    "v0.1.0-baseline-shadow": {
      "base_rate": 0.5502846299810247,
      "baseline_brier": 0.24747145598767142,
      "baseline_hit_rate": 0.5502846299810247,
      "brier": 0.24977039947416635,
      "display_ready": true,
      "ece": null,
      "hit_rate": 0.5502846299810247,
      "logloss": 0.6926882545028881,
      "n": 1054
    }
  },
  "generated_at": "2026-06-27T16:16:51Z",
  "global": {
    "base_rate": 0.5502846299810247,
    "baseline_brier": 0.24747145598767142,
    "baseline_hit_rate": 0.5502846299810247,
    "brier": 0.24977039947416635,
    "display_ready": true,
    "ece": null,
    "hit_rate": 0.5502846299810247,
    "logloss": 0.6926882545028881,
    "n": 1054
  },
  "metrics_version": "metrics-v0.1.0",
  "min_n_display": 20,
  "rolling": {
    "30d": {
      "base_rate": 0.5502846299810247,
      "baseline_brier": 0.24747145598767142,
      "baseline_hit_rate": 0.5502846299810247,
      "brier": 0.24977039947416635,
      "display_ready": true,
      "ece": null,
      "hit_rate": 0.5502846299810247,
      "logloss": 0.6926882545028881,
      "n": 1054
    },
    "7d": {
      "base_rate": 0.5862068965517241,
      "baseline_brier": 0.24256837098692033,
      "baseline_hit_rate": 0.5862068965517241,
      "brier": 0.2500186402537175,
      "display_ready": true,
      "ece": null,
      "hit_rate": 0.5862068965517241,
      "logloss": 0.6931869442592125,
      "n": 116
    },
    "90d": {
      "base_rate": 0.5502846299810247,
      "baseline_brier": 0.24747145598767142,
      "baseline_hit_rate": 0.5502846299810247,
      "brier": 0.24977039947416635,
      "display_ready": true,
      "ece": null,
      "hit_rate": 0.5502846299810247,
      "logloss": 0.6926882545028881,
      "n": 1054
    }
  },
  "schema_version": "1",
  "total_forecasts": 1056,
  "total_resolved": 1054
}
