{
  "by_horizon": {
    "12h": {
      "base_rate": 0.5637583892617449,
      "baseline_brier": 0.24593486779874782,
      "baseline_hit_rate": 0.5637583892617449,
      "brier": 0.249518185158352,
      "display_ready": true,
      "ece": null,
      "hit_rate": 0.5637583892617449,
      "logloss": 0.6921840271269282,
      "n": 149
    },
    "1h": {
      "base_rate": 0.5285285285285285,
      "baseline_brier": 0.24918612305999696,
      "baseline_hit_rate": 0.5285285285285285,
      "brier": 0.25021699580415413,
      "display_ready": true,
      "ece": null,
      "hit_rate": 0.5285285285285285,
      "logloss": 0.6935818183727982,
      "n": 666
    },
    "24h": {
      "base_rate": 0.6486486486486487,
      "baseline_brier": 0.22790357925493057,
      "baseline_hit_rate": 0.6486486486486487,
      "brier": 0.24821168004606317,
      "display_ready": true,
      "ece": null,
      "hit_rate": 0.6486486486486487,
      "logloss": 0.6895695274370353,
      "n": 74
    },
    "4h": {
      "base_rate": 0.5439024390243903,
      "baseline_brier": 0.24807257584770967,
      "baseline_hit_rate": 0.5439024390243903,
      "brier": 0.24995121080111454,
      "display_ready": true,
      "ece": null,
      "hit_rate": 0.5439024390243903,
      "logloss": 0.6930498770901123,
      "n": 410
    }
  },
  "by_model_version": {
    "v0.1.0-baseline-shadow": {
      "base_rate": 0.544264819091609,
      "baseline_brier": 0.24804062579078714,
      "baseline_hit_rate": 0.544264819091609,
      "brier": 0.24993871404620996,
      "display_ready": true,
      "ece": null,
      "hit_rate": 0.544264819091609,
      "logloss": 0.6930250236454831,
      "n": 1299
    }
  },
  "generated_at": "2026-07-11T17:10:27Z",
  "global": {
    "base_rate": 0.544264819091609,
    "baseline_brier": 0.24804062579078714,
    "baseline_hit_rate": 0.544264819091609,
    "brier": 0.24993871404620996,
    "display_ready": true,
    "ece": null,
    "hit_rate": 0.544264819091609,
    "logloss": 0.6930250236454831,
    "n": 1299
  },
  "metrics_version": "metrics-v0.1.0",
  "min_n_display": 20,
  "rolling": {
    "30d": {
      "base_rate": 0.5745967741935484,
      "baseline_brier": 0.24443532127991674,
      "baseline_hit_rate": 0.5745967741935484,
      "brier": 0.24985217967668602,
      "display_ready": true,
      "ece": null,
      "hit_rate": 0.5745967741935484,
      "logloss": 0.6928525550394429,
      "n": 496
    },
    "7d": {
      "base_rate": 0.46825396825396826,
      "baseline_brier": 0.24899218946837995,
      "baseline_hit_rate": 0.5317460317460317,
      "brier": 0.251246509469062,
      "display_ready": true,
      "ece": null,
      "hit_rate": 0.46825396825396826,
      "logloss": 0.695641244085746,
      "n": 126
    },
    "90d": {
      "base_rate": 0.544264819091609,
      "baseline_brier": 0.24804062579078714,
      "baseline_hit_rate": 0.544264819091609,
      "brier": 0.24993871404620996,
      "display_ready": true,
      "ece": null,
      "hit_rate": 0.544264819091609,
      "logloss": 0.6930250236454831,
      "n": 1299
    }
  },
  "schema_version": "1",
  "total_forecasts": 1301,
  "total_resolved": 1299
}
