{
  "by_horizon": {
    "12h": {
      "base_rate": 0.573170731707317,
      "baseline_brier": 0.24464604402141585,
      "baseline_hit_rate": 0.573170731707317,
      "brier": 0.249459570806587,
      "display_ready": true,
      "ece": null,
      "hit_rate": 0.573170731707317,
      "logloss": 0.692066816518192,
      "n": 164
    },
    "1h": {
      "base_rate": 0.5325365205843293,
      "baseline_brier": 0.2489413748282655,
      "baseline_hit_rate": 0.5325365205843293,
      "brier": 0.2501417943846138,
      "display_ready": true,
      "ece": null,
      "hit_rate": 0.5325365205843293,
      "logloss": 0.6934313839003393,
      "n": 753
    },
    "24h": {
      "base_rate": 0.6341463414634146,
      "baseline_brier": 0.23200475907198095,
      "baseline_hit_rate": 0.6341463414634146,
      "brier": 0.2488377425425799,
      "display_ready": true,
      "ece": null,
      "hit_rate": 0.6341463414634146,
      "logloss": 0.690822236025332,
      "n": 82
    },
    "4h": {
      "base_rate": 0.545054945054945,
      "baseline_brier": 0.24797005192609586,
      "baseline_hit_rate": 0.545054945054945,
      "brier": 0.2500677503111866,
      "display_ready": true,
      "ece": null,
      "hit_rate": 0.545054945054945,
      "logloss": 0.6932831479727002,
      "n": 455
    }
  },
  "by_model_version": {
    "v0.1.0-baseline-shadow": {
      "base_rate": 0.546767537826685,
      "baseline_brier": 0.2478127974056296,
      "baseline_hit_rate": 0.546767537826685,
      "brier": 0.2499681307180027,
      "display_ready": true,
      "ece": null,
      "hit_rate": 0.546767537826685,
      "logloss": 0.6930839378731739,
      "n": 1454
    }
  },
  "generated_at": "2026-07-19T06:44:04Z",
  "global": {
    "base_rate": 0.546767537826685,
    "baseline_brier": 0.2478127974056296,
    "baseline_hit_rate": 0.546767537826685,
    "brier": 0.2499681307180027,
    "display_ready": true,
    "ece": null,
    "hit_rate": 0.546767537826685,
    "logloss": 0.6930839378731739,
    "n": 1454
  },
  "metrics_version": "metrics-v0.1.0",
  "min_n_display": 20,
  "rolling": {
    "30d": {
      "base_rate": 0.5574074074074075,
      "baseline_brier": 0.24670438957475996,
      "baseline_hit_rate": 0.5574074074074075,
      "brier": 0.2502408343743595,
      "display_ready": true,
      "ece": null,
      "hit_rate": 0.5574074074074075,
      "logloss": 0.693630163457865,
      "n": 540
    },
    "7d": {
      "base_rate": 0.5804195804195804,
      "baseline_brier": 0.24353269108513864,
      "baseline_hit_rate": 0.5804195804195804,
      "brier": 0.25014673161787154,
      "display_ready": true,
      "ece": null,
      "hit_rate": 0.5804195804195804,
      "logloss": 0.6934419096817477,
      "n": 143
    },
    "90d": {
      "base_rate": 0.546767537826685,
      "baseline_brier": 0.2478127974056296,
      "baseline_hit_rate": 0.546767537826685,
      "brier": 0.2499681307180027,
      "display_ready": true,
      "ece": null,
      "hit_rate": 0.546767537826685,
      "logloss": 0.6930839378731739,
      "n": 1454
    }
  },
  "schema_version": "1",
  "total_forecasts": 1458,
  "total_resolved": 1454
}
