{
  "by_horizon": {
    "12h": {
      "base_rate": 0.564625850340136,
      "baseline_brier": 0.24582349946781432,
      "baseline_hit_rate": 0.564625850340136,
      "brier": 0.24942735191417678,
      "display_ready": true,
      "ece": null,
      "hit_rate": 0.564625850340136,
      "logloss": 0.6920022913749541,
      "n": 147
    },
    "1h": {
      "base_rate": 0.5266362252663622,
      "baseline_brier": 0.2492905115035596,
      "baseline_hit_rate": 0.5266362252663622,
      "brier": 0.2502141535186231,
      "display_ready": true,
      "ece": null,
      "hit_rate": 0.5266362252663622,
      "logloss": 0.69357614221075,
      "n": 657
    },
    "24h": {
      "base_rate": 0.6438356164383562,
      "baseline_brier": 0.2293113154437981,
      "baseline_hit_rate": 0.6438356164383562,
      "brier": 0.2482811331332892,
      "display_ready": true,
      "ece": null,
      "hit_rate": 0.6438356164383562,
      "logloss": 0.689708431640677,
      "n": 73
    },
    "4h": {
      "base_rate": 0.5432098765432098,
      "baseline_brier": 0.24813290656912054,
      "baseline_hit_rate": 0.5432098765432098,
      "brier": 0.24994677178096691,
      "display_ready": true,
      "ece": null,
      "hit_rate": 0.5432098765432098,
      "logloss": 0.6930410020625,
      "n": 405
    }
  },
  "by_model_version": {
    "v0.1.0-baseline-shadow": {
      "base_rate": 0.5429017160686428,
      "baseline_brier": 0.24815944275836557,
      "baseline_hit_rate": 0.5429017160686428,
      "brier": 0.24992939538466538,
      "display_ready": true,
      "ece": null,
      "hit_rate": 0.5429017160686428,
      "logloss": 0.693006383470876,
      "n": 1282
    }
  },
  "generated_at": "2026-07-10T22:26:41Z",
  "global": {
    "base_rate": 0.5429017160686428,
    "baseline_brier": 0.24815944275836557,
    "baseline_hit_rate": 0.5429017160686428,
    "brier": 0.24992939538466538,
    "display_ready": true,
    "ece": null,
    "hit_rate": 0.5429017160686428,
    "logloss": 0.693006383470876,
    "n": 1282
  },
  "metrics_version": "metrics-v0.1.0",
  "min_n_display": 20,
  "rolling": {
    "30d": {
      "base_rate": 0.5714285714285714,
      "baseline_brier": 0.24489795918367346,
      "baseline_hit_rate": 0.5714285714285714,
      "brier": 0.24970262064907328,
      "display_ready": true,
      "ece": null,
      "hit_rate": 0.5714285714285714,
      "logloss": 0.6925533335308914,
      "n": 490
    },
    "7d": {
      "base_rate": 0.4878048780487805,
      "baseline_brier": 0.24985127900059487,
      "baseline_hit_rate": 0.5121951219512195,
      "brier": 0.2507792781233889,
      "display_ready": true,
      "ece": null,
      "hit_rate": 0.4878048780487805,
      "logloss": 0.6947066510160541,
      "n": 123
    },
    "90d": {
      "base_rate": 0.5429017160686428,
      "baseline_brier": 0.24815944275836557,
      "baseline_hit_rate": 0.5429017160686428,
      "brier": 0.24992939538466538,
      "display_ready": true,
      "ece": null,
      "hit_rate": 0.5429017160686428,
      "logloss": 0.693006383470876,
      "n": 1282
    }
  },
  "schema_version": "1",
  "total_forecasts": 1286,
  "total_resolved": 1282
}
