{
  "by_horizon": {
    "12h": {
      "base_rate": 0.5668789808917197,
      "baseline_brier": 0.245527201914885,
      "baseline_hit_rate": 0.5668789808917197,
      "brier": 0.2495332898445665,
      "display_ready": true,
      "ece": null,
      "hit_rate": 0.5668789808917197,
      "logloss": 0.6922143029569734,
      "n": 157
    },
    "1h": {
      "base_rate": 0.5309859154929577,
      "baseline_brier": 0.2490398730410633,
      "baseline_hit_rate": 0.5309859154929577,
      "brier": 0.25013351412423845,
      "display_ready": true,
      "ece": null,
      "hit_rate": 0.5309859154929577,
      "logloss": 0.6934148374145896,
      "n": 710
    },
    "24h": {
      "base_rate": 0.6410256410256411,
      "baseline_brier": 0.23011176857330704,
      "baseline_hit_rate": 0.6410256410256411,
      "brier": 0.24844416327997038,
      "display_ready": true,
      "ece": null,
      "hit_rate": 0.6410256410256411,
      "logloss": 0.6900345780134044,
      "n": 78
    },
    "4h": {
      "base_rate": 0.5391705069124424,
      "baseline_brier": 0.24846567138822231,
      "baseline_hit_rate": 0.5391705069124424,
      "brier": 0.25009603074721987,
      "display_ready": true,
      "ece": null,
      "hit_rate": 0.5391705069124424,
      "logloss": 0.6933397012121837,
      "n": 434
    }
  },
  "by_model_version": {
    "v0.1.0-baseline-shadow": {
      "base_rate": 0.5438723712835388,
      "baseline_brier": 0.24807521503795935,
      "baseline_hit_rate": 0.5438723712835388,
      "brier": 0.2499578271312091,
      "display_ready": true,
      "ece": null,
      "hit_rate": 0.5438723712835388,
      "logloss": 0.6930633122115567,
      "n": 1379
    }
  },
  "generated_at": "2026-07-15T17:40:43Z",
  "global": {
    "base_rate": 0.5438723712835388,
    "baseline_brier": 0.24807521503795935,
    "baseline_hit_rate": 0.5438723712835388,
    "brier": 0.2499578271312091,
    "display_ready": true,
    "ece": null,
    "hit_rate": 0.5438723712835388,
    "logloss": 0.6930633122115567,
    "n": 1379
  },
  "metrics_version": "metrics-v0.1.0",
  "min_n_display": 20,
  "rolling": {
    "30d": {
      "base_rate": 0.5603112840466926,
      "baseline_brier": 0.24636254901663918,
      "baseline_hit_rate": 0.5603112840466926,
      "brier": 0.2501905825202751,
      "display_ready": true,
      "ece": null,
      "hit_rate": 0.5603112840466926,
      "logloss": 0.6935297094991227,
      "n": 514
    },
    "7d": {
      "base_rate": 0.5413533834586466,
      "baseline_brier": 0.24828989767652213,
      "baseline_hit_rate": 0.5413533834586466,
      "brier": 0.2506179673272453,
      "display_ready": true,
      "ece": null,
      "hit_rate": 0.5413533834586466,
      "logloss": 0.694384478486892,
      "n": 133
    },
    "90d": {
      "base_rate": 0.5438723712835388,
      "baseline_brier": 0.24807521503795935,
      "baseline_hit_rate": 0.5438723712835388,
      "brier": 0.2499578271312091,
      "display_ready": true,
      "ece": null,
      "hit_rate": 0.5438723712835388,
      "logloss": 0.6930633122115567,
      "n": 1379
    }
  },
  "schema_version": "1",
  "total_forecasts": 1383,
  "total_resolved": 1379
}
