{
  "by_horizon": {
    "12h": {
      "base_rate": 0.5698924731182796,
      "baseline_brier": 0.2451150422014106,
      "baseline_hit_rate": 0.5698924731182796,
      "brier": 0.24954623639953472,
      "display_ready": true,
      "ece": null,
      "hit_rate": 0.5698924731182796,
      "logloss": 0.6922402618244883,
      "n": 93
    },
    "1h": {
      "base_rate": 0.5181818181818182,
      "baseline_brier": 0.24966942148760332,
      "baseline_hit_rate": 0.5181818181818182,
      "brier": 0.25024056539411155,
      "display_ready": true,
      "ece": null,
      "hit_rate": 0.5181818181818182,
      "logloss": 0.69362870802666,
      "n": 440
    },
    "24h": {
      "base_rate": 0.6304347826086957,
      "baseline_brier": 0.2329867674858223,
      "baseline_hit_rate": 0.6304347826086957,
      "brier": 0.2482261567401665,
      "display_ready": true,
      "ece": null,
      "hit_rate": 0.6304347826086957,
      "logloss": 0.68959778412973,
      "n": 46
    },
    "4h": {
      "base_rate": 0.524904214559387,
      "baseline_brier": 0.24937978009717998,
      "baseline_hit_rate": 0.524904214559387,
      "brier": 0.2497450815316376,
      "display_ready": true,
      "ece": null,
      "hit_rate": 0.524904214559387,
      "logloss": 0.6926368015259519,
      "n": 261
    }
  },
  "by_model_version": {
    "v0.1.0-baseline-shadow": {
      "base_rate": 0.5321428571428571,
      "baseline_brier": 0.24896683673469386,
      "baseline_hit_rate": 0.5321428571428571,
      "brier": 0.2498994264861558,
      "display_ready": true,
      "ece": null,
      "hit_rate": 0.5321428571428571,
      "logloss": 0.6929460466067249,
      "n": 840
    }
  },
  "generated_at": "2026-06-13T22:15:55Z",
  "global": {
    "base_rate": 0.5321428571428571,
    "baseline_brier": 0.24896683673469386,
    "baseline_hit_rate": 0.5321428571428571,
    "brier": 0.2498994264861558,
    "display_ready": true,
    "ece": null,
    "hit_rate": 0.5321428571428571,
    "logloss": 0.6929460466067249,
    "n": 840
  },
  "metrics_version": "metrics-v0.1.0",
  "min_n_display": 20,
  "rolling": {
    "30d": {
      "base_rate": 0.5321428571428571,
      "baseline_brier": 0.24896683673469386,
      "baseline_hit_rate": 0.5321428571428571,
      "brier": 0.2498994264861558,
      "display_ready": true,
      "ece": null,
      "hit_rate": 0.5321428571428571,
      "logloss": 0.6929460466067249,
      "n": 840
    },
    "7d": {
      "base_rate": 0.5321428571428571,
      "baseline_brier": 0.24896683673469386,
      "baseline_hit_rate": 0.5321428571428571,
      "brier": 0.2498994264861558,
      "display_ready": true,
      "ece": null,
      "hit_rate": 0.5321428571428571,
      "logloss": 0.6929460466067249,
      "n": 840
    },
    "90d": {
      "base_rate": 0.5321428571428571,
      "baseline_brier": 0.24896683673469386,
      "baseline_hit_rate": 0.5321428571428571,
      "brier": 0.2498994264861558,
      "display_ready": true,
      "ece": null,
      "hit_rate": 0.5321428571428571,
      "logloss": 0.6929460466067249,
      "n": 840
    }
  },
  "schema_version": "1",
  "total_forecasts": 843,
  "total_resolved": 840
}
