{
  "by_horizon": {
    "12h": {
      "base_rate": 0.56875,
      "baseline_brier": 0.2452734375,
      "baseline_hit_rate": 0.56875,
      "brier": 0.2495168984660822,
      "display_ready": true,
      "ece": null,
      "hit_rate": 0.56875,
      "logloss": 0.6921814960673878,
      "n": 160
    },
    "1h": {
      "base_rate": 0.5268225584594223,
      "baseline_brier": 0.24928055035769087,
      "baseline_hit_rate": 0.5268225584594223,
      "brier": 0.2502081757991399,
      "display_ready": true,
      "ece": null,
      "hit_rate": 0.5268225584594223,
      "logloss": 0.6935641684871482,
      "n": 727
    },
    "24h": {
      "base_rate": 0.6375,
      "baseline_brier": 0.23109375000000001,
      "baseline_hit_rate": 0.6375,
      "brier": 0.24876606971771062,
      "display_ready": true,
      "ece": null,
      "hit_rate": 0.6375,
      "logloss": 0.6906788537454258,
      "n": 80
    },
    "4h": {
      "base_rate": 0.5417607223476298,
      "baseline_brier": 0.24825604206900417,
      "baseline_hit_rate": 0.5417607223476298,
      "brier": 0.25008787747351746,
      "display_ready": true,
      "ece": null,
      "hit_rate": 0.5417607223476298,
      "logloss": 0.6933233971658559,
      "n": 443
    }
  },
  "by_model_version": {
    "v0.1.0-baseline-shadow": {
      "base_rate": 0.5425531914893617,
      "baseline_brier": 0.2481892258940697,
      "baseline_hit_rate": 0.5425531914893617,
      "brier": 0.25001011550264746,
      "display_ready": true,
      "ece": null,
      "hit_rate": 0.5425531914893617,
      "logloss": 0.693167917095778,
      "n": 1410
    }
  },
  "generated_at": "2026-07-17T04:18:21Z",
  "global": {
    "base_rate": 0.5425531914893617,
    "baseline_brier": 0.2481892258940697,
    "baseline_hit_rate": 0.5425531914893617,
    "brier": 0.25001011550264746,
    "display_ready": true,
    "ece": null,
    "hit_rate": 0.5425531914893617,
    "logloss": 0.693167917095778,
    "n": 1410
  },
  "metrics_version": "metrics-v0.1.0",
  "min_n_display": 20,
  "rolling": {
    "30d": {
      "base_rate": 0.5483870967741935,
      "baseline_brier": 0.24765868886576486,
      "baseline_hit_rate": 0.5483870967741935,
      "brier": 0.2503918551567573,
      "display_ready": true,
      "ece": null,
      "hit_rate": 0.5483870967741935,
      "logloss": 0.6939323458573642,
      "n": 527
    },
    "7d": {
      "base_rate": 0.5357142857142857,
      "baseline_brier": 0.24872448979591835,
      "baseline_hit_rate": 0.5357142857142857,
      "brier": 0.2508215973180291,
      "display_ready": true,
      "ece": null,
      "hit_rate": 0.5357142857142857,
      "logloss": 0.6947918091926486,
      "n": 140
    },
    "90d": {
      "base_rate": 0.5425531914893617,
      "baseline_brier": 0.2481892258940697,
      "baseline_hit_rate": 0.5425531914893617,
      "brier": 0.25001011550264746,
      "display_ready": true,
      "ece": null,
      "hit_rate": 0.5425531914893617,
      "logloss": 0.693167917095778,
      "n": 1410
    }
  },
  "schema_version": "1",
  "total_forecasts": 1412,
  "total_resolved": 1410
}
