{
  "by_horizon": {
    "12h": {
      "base_rate": 0.5897435897435898,
      "baseline_brier": 0.24194608809993423,
      "baseline_hit_rate": 0.5897435897435898,
      "brier": 0.24924157906623795,
      "display_ready": true,
      "ece": null,
      "hit_rate": 0.5897435897435898,
      "logloss": 0.691630901023223,
      "n": 117
    },
    "1h": {
      "base_rate": 0.5267175572519084,
      "baseline_brier": 0.24928617213449097,
      "baseline_hit_rate": 0.5267175572519084,
      "brier": 0.2501719789956422,
      "display_ready": true,
      "ece": null,
      "hit_rate": 0.5267175572519084,
      "logloss": 0.6934916485366691,
      "n": 524
    },
    "24h": {
      "base_rate": 0.6551724137931034,
      "baseline_brier": 0.2259215219976219,
      "baseline_hit_rate": 0.6551724137931034,
      "brier": 0.24799290452775993,
      "display_ready": true,
      "ece": null,
      "hit_rate": 0.6551724137931034,
      "logloss": 0.6891315004463346,
      "n": 58
    },
    "4h": {
      "base_rate": 0.5527950310559007,
      "baseline_brier": 0.2472126846958065,
      "baseline_hit_rate": 0.5527950310559007,
      "brier": 0.24958213621381445,
      "display_ready": true,
      "ece": null,
      "hit_rate": 0.5527950310559007,
      "logloss": 0.6923113560591846,
      "n": 322
    }
  },
  "by_model_version": {
    "v0.1.0-baseline-shadow": {
      "base_rate": 0.5494613124387855,
      "baseline_brier": 0.24755357857183283,
      "baseline_hit_rate": 0.5494613124387855,
      "brier": 0.24975555148670392,
      "display_ready": true,
      "ece": null,
      "hit_rate": 0.5494613124387855,
      "logloss": 0.6926584945444432,
      "n": 1021
    }
  },
  "generated_at": "2026-06-25T21:03:12Z",
  "global": {
    "base_rate": 0.5494613124387855,
    "baseline_brier": 0.24755357857183283,
    "baseline_hit_rate": 0.5494613124387855,
    "brier": 0.24975555148670392,
    "display_ready": true,
    "ece": null,
    "hit_rate": 0.5494613124387855,
    "logloss": 0.6926584945444432,
    "n": 1021
  },
  "metrics_version": "metrics-v0.1.0",
  "min_n_display": 20,
  "rolling": {
    "30d": {
      "base_rate": 0.5494613124387855,
      "baseline_brier": 0.24755357857183283,
      "baseline_hit_rate": 0.5494613124387855,
      "brier": 0.24975555148670392,
      "display_ready": true,
      "ece": null,
      "hit_rate": 0.5494613124387855,
      "logloss": 0.6926584945444432,
      "n": 1021
    },
    "7d": {
      "base_rate": 0.6160714285714286,
      "baseline_brier": 0.23652742346938774,
      "baseline_hit_rate": 0.6160714285714286,
      "brier": 0.24957151668450914,
      "display_ready": true,
      "ece": null,
      "hit_rate": 0.6160714285714286,
      "logloss": 0.6922922218602302,
      "n": 112
    },
    "90d": {
      "base_rate": 0.5494613124387855,
      "baseline_brier": 0.24755357857183283,
      "baseline_hit_rate": 0.5494613124387855,
      "brier": 0.24975555148670392,
      "display_ready": true,
      "ece": null,
      "hit_rate": 0.5494613124387855,
      "logloss": 0.6926584945444432,
      "n": 1021
    }
  },
  "schema_version": "1",
  "total_forecasts": 1025,
  "total_resolved": 1021
}
