{
  "by_horizon": {
    "12h": {
      "base_rate": 0.5912408759124088,
      "baseline_brier": 0.24167510256273642,
      "baseline_hit_rate": 0.5912408759124088,
      "brier": 0.248981076384841,
      "display_ready": true,
      "ece": null,
      "hit_rate": 0.5912408759124088,
      "logloss": 0.6911094587247094,
      "n": 137
    },
    "1h": {
      "base_rate": 0.530278232405892,
      "baseline_brier": 0.2490832286423748,
      "baseline_hit_rate": 0.530278232405892,
      "brier": 0.25015232772484264,
      "display_ready": true,
      "ece": null,
      "hit_rate": 0.530278232405892,
      "logloss": 0.6934524619839221,
      "n": 611
    },
    "24h": {
      "base_rate": 0.6617647058823529,
      "baseline_brier": 0.22383217993079585,
      "baseline_hit_rate": 0.6617647058823529,
      "brier": 0.24804329555165688,
      "display_ready": true,
      "ece": null,
      "hit_rate": 0.6617647058823529,
      "logloss": 0.6892325731731971,
      "n": 68
    },
    "4h": {
      "base_rate": 0.5531914893617021,
      "baseline_brier": 0.24717066545948393,
      "baseline_hit_rate": 0.5531914893617021,
      "brier": 0.2498489846383858,
      "display_ready": true,
      "ece": null,
      "hit_rate": 0.5531914893617021,
      "logloss": 0.6928453861884398,
      "n": 376
    }
  },
  "by_model_version": {
    "v0.1.0-baseline-shadow": {
      "base_rate": 0.552013422818792,
      "baseline_brier": 0.24729460384667357,
      "baseline_hit_rate": 0.552013422818792,
      "brier": 0.2498017131091844,
      "display_ready": true,
      "ece": null,
      "hit_rate": 0.552013422818792,
      "logloss": 0.6927509482383325,
      "n": 1192
    }
  },
  "generated_at": "2026-07-05T14:54:02Z",
  "global": {
    "base_rate": 0.552013422818792,
    "baseline_brier": 0.24729460384667357,
    "baseline_hit_rate": 0.552013422818792,
    "brier": 0.2498017131091844,
    "display_ready": true,
    "ece": null,
    "hit_rate": 0.552013422818792,
    "logloss": 0.6927509482383325,
    "n": 1192
  },
  "metrics_version": "metrics-v0.1.0",
  "min_n_display": 20,
  "rolling": {
    "30d": {
      "base_rate": 0.552013422818792,
      "baseline_brier": 0.24729460384667357,
      "baseline_hit_rate": 0.552013422818792,
      "brier": 0.2498017131091844,
      "display_ready": true,
      "ece": null,
      "hit_rate": 0.552013422818792,
      "logloss": 0.6927509482383325,
      "n": 1192
    },
    "7d": {
      "base_rate": 0.6115702479338843,
      "baseline_brier": 0.23755207977597156,
      "baseline_hit_rate": 0.6115702479338843,
      "brier": 0.249819781861125,
      "display_ready": true,
      "ece": null,
      "hit_rate": 0.6115702479338843,
      "logloss": 0.6927877036789097,
      "n": 121
    },
    "90d": {
      "base_rate": 0.552013422818792,
      "baseline_brier": 0.24729460384667357,
      "baseline_hit_rate": 0.552013422818792,
      "brier": 0.2498017131091844,
      "display_ready": true,
      "ece": null,
      "hit_rate": 0.552013422818792,
      "logloss": 0.6927509482383325,
      "n": 1192
    }
  },
  "schema_version": "1",
  "total_forecasts": 1196,
  "total_resolved": 1192
}
