{
  "by_direction": {
    "down": {
      "always_down_rate": 0.4545454545454546,
      "always_up_rate": 0.5454545454545454,
      "base_rate": 0.45454545454545453,
      "baseline_brier": 0.24793388429752064,
      "baseline_hit_rate": 0.5454545454545454,
      "brier": 0.2509803217171696,
      "display_ready": true,
      "ece": null,
      "expectancy_bps": 4.675584007704568,
      "expectancy_maker_2bps": 2.6755840077045683,
      "expectancy_taker_10bps": -5.324415992295432,
      "hit_down": 0.45454545454545453,
      "hit_rate": 0.45454545454545453,
      "hit_up": null,
      "logloss": 0.6951087160342276,
      "n": 704,
      "n_down": 704,
      "n_up": 0,
      "vs_majority_pp": -0.09090909090909088
    },
    "up": {
      "always_down_rate": 0.3748443337484434,
      "always_up_rate": 0.6251556662515566,
      "base_rate": 0.6251556662515566,
      "baseline_brier": 0.23433605920512898,
      "baseline_hit_rate": 0.6251556662515566,
      "brier": 0.24900472922382735,
      "display_ready": true,
      "ece": null,
      "expectancy_bps": 14.82618926623493,
      "expectancy_maker_2bps": 12.826189266234929,
      "expectancy_taker_10bps": 4.8261892662349295,
      "hit_down": null,
      "hit_rate": 0.6251556662515566,
      "hit_up": 0.6251556662515566,
      "logloss": 0.6911567079292701,
      "n": 803,
      "n_down": 0,
      "n_up": 803,
      "vs_majority_pp": 0.0
    }
  },
  "by_horizon": {
    "12h": {
      "always_down_rate": 0.47928994082840237,
      "always_up_rate": 0.5207100591715976,
      "base_rate": 0.5739644970414202,
      "baseline_brier": 0.24452925317740976,
      "baseline_hit_rate": 0.5739644970414202,
      "brier": 0.24945208916200223,
      "display_ready": true,
      "ece": null,
      "expectancy_bps": 25.694849927055323,
      "expectancy_maker_2bps": 23.694849927055323,
      "expectancy_taker_10bps": 15.694849927055323,
      "hit_down": 0.5529411764705883,
      "hit_rate": 0.5739644970414202,
      "hit_up": 0.5952380952380952,
      "logloss": 0.692051829173176,
      "n": 169,
      "n_down": 85,
      "n_up": 84,
      "vs_majority_pp": 0.053254437869822535
    },
    "1h": {
      "always_down_rate": 0.3793103448275862,
      "always_up_rate": 0.6206896551724138,
      "base_rate": 0.5287356321839081,
      "baseline_brier": 0.24917426344299115,
      "baseline_hit_rate": 0.5287356321839081,
      "brier": 0.2501146653646308,
      "display_ready": true,
      "ece": null,
      "expectancy_bps": 3.532708484250362,
      "expectancy_maker_2bps": 1.532708484250362,
      "expectancy_taker_10bps": -6.467291515749638,
      "hit_down": 0.39714285714285713,
      "hit_rate": 0.5287356321839081,
      "hit_up": 0.6351039260969977,
      "logloss": 0.6933770764127458,
      "n": 783,
      "n_down": 350,
      "n_up": 433,
      "vs_majority_pp": -0.09195402298850575
    },
    "24h": {
      "always_down_rate": 0.5,
      "always_up_rate": 0.5,
      "base_rate": 0.6309523809523809,
      "baseline_brier": 0.2328514739229025,
      "baseline_hit_rate": 0.6309523809523809,
      "brier": 0.24897295422156468,
      "display_ready": true,
      "ece": null,
      "expectancy_bps": 55.94507923407054,
      "expectancy_maker_2bps": 53.94507923407055,
      "expectancy_taker_10bps": 45.94507923407054,
      "hit_down": 0.6222222222222222,
      "hit_rate": 0.6309523809523809,
      "hit_up": 0.6410256410256411,
      "logloss": 0.6910927019713022,
      "n": 84,
      "n_down": 45,
      "n_up": 39,
      "vs_majority_pp": 0.13095238095238093
    },
    "4h": {
      "always_down_rate": 0.4267515923566879,
      "always_up_rate": 0.5732484076433121,
      "base_rate": 0.5477707006369427,
      "baseline_brier": 0.2477179601606556,
      "baseline_hit_rate": 0.5477707006369427,
      "brier": 0.24995760053529736,
      "display_ready": true,
      "ece": null,
      "expectancy_bps": 7.195571307236423,
      "expectancy_maker_2bps": 5.195571307236423,
      "expectancy_taker_10bps": -2.804428692763577,
      "hit_down": 0.4732142857142857,
      "hit_rate": 0.5477707006369427,
      "hit_up": 0.6153846153846154,
      "logloss": 0.6930627932659533,
      "n": 471,
      "n_down": 224,
      "n_up": 247,
      "vs_majority_pp": -0.02547770700636942
    }
  },
  "by_model_version": {
    "v0.1.0-baseline-shadow": {
      "always_down_rate": 0.4120769741207697,
      "always_up_rate": 0.5879230258792303,
      "base_rate": 0.5454545454545454,
      "baseline_brier": 0.24793388429752067,
      "baseline_hit_rate": 0.5454545454545454,
      "brier": 0.24992763374626462,
      "display_ready": true,
      "ece": null,
      "expectancy_bps": 10.084300678308336,
      "expectancy_maker_2bps": 8.084300678308336,
      "expectancy_taker_10bps": 0.0843006783083364,
      "hit_down": 0.45454545454545453,
      "hit_rate": 0.5454545454545454,
      "hit_up": 0.6251556662515566,
      "logloss": 0.6930029014965495,
      "n": 1507,
      "n_down": 704,
      "n_up": 803,
      "vs_majority_pp": -0.042468480424684873
    }
  },
  "by_regime": {
    "bull": {
      "always_down_rate": 0.0,
      "always_up_rate": 1.0,
      "base_rate": 1.0,
      "baseline_brier": 0.0,
      "baseline_hit_rate": 1.0,
      "brier": 0.24524490376353067,
      "display_ready": false,
      "ece": null,
      "expectancy_bps": 5.135054343602411,
      "expectancy_maker_2bps": 3.1350543436024108,
      "expectancy_taker_10bps": -4.864945656397589,
      "hit_down": null,
      "hit_rate": 1.0,
      "hit_up": 1.0,
      "logloss": 0.6836366992939865,
      "n": 1,
      "n_down": 0,
      "n_up": 1,
      "vs_majority_pp": 0.0
    },
    "unknown": {
      "always_down_rate": 0.4123505976095617,
      "always_up_rate": 0.5876494023904383,
      "base_rate": 0.5451527224435591,
      "baseline_brier": 0.24796123165593492,
      "baseline_hit_rate": 0.5451527224435591,
      "brier": 0.24993074312872327,
      "display_ready": true,
      "ece": null,
      "expectancy_bps": 10.087587030456218,
      "expectancy_maker_2bps": 8.087587030456218,
      "expectancy_taker_10bps": 0.08758703045621706,
      "hit_down": 0.45454545454545453,
      "hit_rate": 0.5451527224435591,
      "hit_up": 0.6246882793017456,
      "logloss": 0.6930091207543201,
      "n": 1506,
      "n_down": 704,
      "n_up": 802,
      "vs_majority_pp": -0.04249667994687922
    }
  },
  "edge_scoreboard": [
    {
      "expectancy_maker_2bps": 53.94507923407055,
      "hit_rate": 0.6309523809523809,
      "horizon": "24h",
      "n": 84,
      "rank_key": 53.94507923407055,
      "tradeable": true,
      "vs_majority_pp": 0.13095238095238093
    },
    {
      "expectancy_maker_2bps": 23.694849927055323,
      "hit_rate": 0.5739644970414202,
      "horizon": "12h",
      "n": 169,
      "rank_key": 23.694849927055323,
      "tradeable": true,
      "vs_majority_pp": 0.053254437869822535
    },
    {
      "expectancy_maker_2bps": 5.195571307236423,
      "hit_rate": 0.5477707006369427,
      "horizon": "4h",
      "n": 471,
      "rank_key": 5.195571307236423,
      "tradeable": false,
      "vs_majority_pp": -0.02547770700636942
    },
    {
      "expectancy_maker_2bps": 1.532708484250362,
      "hit_rate": 0.5287356321839081,
      "horizon": "1h",
      "n": 783,
      "rank_key": 1.532708484250362,
      "tradeable": false,
      "vs_majority_pp": -0.09195402298850575
    }
  ],
  "generated_at": "2026-07-21T23:15:03Z",
  "global": {
    "always_down_rate": 0.4120769741207697,
    "always_up_rate": 0.5879230258792303,
    "base_rate": 0.5454545454545454,
    "baseline_brier": 0.24793388429752067,
    "baseline_hit_rate": 0.5454545454545454,
    "brier": 0.24992763374626462,
    "display_ready": true,
    "ece": null,
    "expectancy_bps": 10.084300678308336,
    "expectancy_maker_2bps": 8.084300678308336,
    "expectancy_taker_10bps": 0.0843006783083364,
    "hit_down": 0.45454545454545453,
    "hit_rate": 0.5454545454545454,
    "hit_up": 0.6251556662515566,