{
  "by_horizon": {
    "12h": {
      "base_rate": 0.5696969696969697,
      "baseline_brier": 0.24514233241505967,
      "baseline_hit_rate": 0.5696969696969697,
      "brier": 0.24952416591871018,
      "display_ready": true,
      "ece": null,
      "hit_rate": 0.5696969696969697,
      "logloss": 0.6921960202407073,
      "n": 165
    },
    "1h": {
      "base_rate": 0.5303430079155673,
      "baseline_brier": 0.24907930187063582,
      "baseline_hit_rate": 0.5303430079155673,
      "brier": 0.25014656104256056,
      "display_ready": true,
      "ece": null,
      "hit_rate": 0.5303430079155673,
      "logloss": 0.6934409128947223,
      "n": 758
    },
    "24h": {
      "base_rate": 0.6341463414634146,
      "baseline_brier": 0.23200475907198095,
      "baseline_hit_rate": 0.6341463414634146,
      "brier": 0.2488377425425799,
      "display_ready": true,
      "ece": null,
      "hit_rate": 0.6341463414634146,
      "logloss": 0.690822236025332,
      "n": 82
    },
    "4h": {
      "base_rate": 0.5436681222707423,
      "baseline_brier": 0.24809309509734748,
      "baseline_hit_rate": 0.5436681222707423,
      "brier": 0.2500685842963812,
      "display_ready": true,
      "ece": null,
      "hit_rate": 0.5436681222707423,
      "logloss": 0.6932848123616548,
      "n": 458
    }
  },
  "by_model_version": {
    "v0.1.0-baseline-shadow": {
      "base_rate": 0.544771018455229,
      "baseline_brier": 0.24799555590648156,
      "baseline_hit_rate": 0.544771018455229,
      "brier": 0.24997859681687096,
      "display_ready": true,
      "ece": null,
      "hit_rate": 0.544771018455229,
      "logloss": 0.6931048685780119,
      "n": 1463
    }
  },
  "generated_at": "2026-07-19T16:15:35Z",
  "global": {
    "base_rate": 0.544771018455229,
    "baseline_brier": 0.24799555590648156,
    "baseline_hit_rate": 0.544771018455229,
    "brier": 0.24997859681687096,
    "display_ready": true,
    "ece": null,
    "hit_rate": 0.544771018455229,
    "logloss": 0.6931048685780119,
    "n": 1463
  },
  "metrics_version": "metrics-v0.1.0",
  "min_n_display": 20,
  "rolling": {
    "30d": {
      "base_rate": 0.551660516605166,
      "baseline_brier": 0.24733119102408738,
      "baseline_hit_rate": 0.551660516605166,
      "brier": 0.2502998521517653,
      "display_ready": true,
      "ece": null,
      "hit_rate": 0.551660516605166,
      "logloss": 0.693748215600724,
      "n": 542
    },
    "7d": {
      "base_rate": 0.5724137931034483,
      "baseline_brier": 0.24475624256837097,
      "baseline_hit_rate": 0.5724137931034483,
      "brier": 0.2501724981946877,
      "display_ready": true,
      "ece": null,
      "hit_rate": 0.5724137931034483,
      "logloss": 0.6934934394310377,
      "n": 145
    },
    "90d": {
      "base_rate": 0.544771018455229,
      "baseline_brier": 0.24799555590648156,
      "baseline_hit_rate": 0.544771018455229,
      "brier": 0.24997859681687096,
      "display_ready": true,
      "ece": null,
      "hit_rate": 0.544771018455229,
      "logloss": 0.6931048685780119,
      "n": 1463
    }
  },
  "schema_version": "1",
  "total_forecasts": 1467,
  "total_resolved": 1463
}
