{
  "by_horizon": {
    "12h": {
      "base_rate": 0.5629139072847682,
      "baseline_brier": 0.2460418402701636,
      "baseline_hit_rate": 0.5629139072847682,
      "brier": 0.2495244541283976,
      "display_ready": true,
      "ece": null,
      "hit_rate": 0.5629139072847682,
      "logloss": 0.6921965587571446,
      "n": 151
    },
    "1h": {
      "base_rate": 0.5294117647058824,
      "baseline_brier": 0.2491349480968858,
      "baseline_hit_rate": 0.5294117647058824,
      "brier": 0.25021519424321825,
      "display_ready": true,
      "ece": null,
      "hit_rate": 0.5294117647058824,
      "logloss": 0.6935782020515465,
      "n": 680
    },
    "24h": {
      "base_rate": 0.64,
      "baseline_brier": 0.23040000000000002,
      "baseline_hit_rate": 0.64,
      "brier": 0.2482881720418367,
      "display_ready": true,
      "ece": null,
      "hit_rate": 0.64,
      "logloss": 0.6897225271142554,
      "n": 75
    },
    "4h": {
      "base_rate": 0.539568345323741,
      "baseline_brier": 0.24843434604834116,
      "baseline_hit_rate": 0.539568345323741,
      "brier": 0.24998459439246137,
      "display_ready": true,
      "ece": null,
      "hit_rate": 0.539568345323741,
      "logloss": 0.6931166417794451,
      "n": 417
    }
  },
  "by_model_version": {
    "v0.1.0-baseline-shadow": {
      "base_rate": 0.5427059712773998,
      "baseline_brier": 0.2481762000172539,
      "baseline_hit_rate": 0.5427059712773998,
      "brier": 0.24995443191501934,
      "display_ready": true,
      "ece": null,
      "hit_rate": 0.5427059712773998,
      "logloss": 0.6930564527006637,
      "n": 1323
    }
  },
  "generated_at": "2026-07-12T21:08:07Z",
  "global": {
    "base_rate": 0.5427059712773998,
    "baseline_brier": 0.2481762000172539,
    "baseline_hit_rate": 0.5427059712773998,
    "brier": 0.24995443191501934,
    "display_ready": true,
    "ece": null,
    "hit_rate": 0.5427059712773998,
    "logloss": 0.6930564527006637,
    "n": 1323
  },
  "metrics_version": "metrics-v0.1.0",
  "min_n_display": 20,
  "rolling": {
    "30d": {
      "base_rate": 0.5677290836653387,
      "baseline_brier": 0.24541277122585356,
      "baseline_hit_rate": 0.5677290836653387,
      "brier": 0.2499532678847306,
      "display_ready": true,
      "ece": null,
      "hit_rate": 0.5677290836653387,
      "logloss": 0.6930547554365932,
      "n": 502
    },
    "7d": {
      "base_rate": 0.46825396825396826,
      "baseline_brier": 0.24899218946837995,
      "baseline_hit_rate": 0.5317460317460317,
      "brier": 0.2512923658251629,
      "display_ready": true,
      "ece": null,
      "hit_rate": 0.46825396825396826,
      "logloss": 0.6957329633666752,
      "n": 126
    },
    "90d": {
      "base_rate": 0.5427059712773998,
      "baseline_brier": 0.2481762000172539,
      "baseline_hit_rate": 0.5427059712773998,
      "brier": 0.24995443191501934,
      "display_ready": true,
      "ece": null,
      "hit_rate": 0.5427059712773998,
      "logloss": 0.6930564527006637,
      "n": 1323
    }
  },
  "schema_version": "1",
  "total_forecasts": 1327,
  "total_resolved": 1323
}
