{
  "by_horizon": {
    "12h": {
      "base_rate": 0.5664335664335665,
      "baseline_brier": 0.24558658125091692,
      "baseline_hit_rate": 0.5664335664335665,
      "brier": 0.24936417698564534,
      "display_ready": true,
      "ece": null,
      "hit_rate": 0.5664335664335665,
      "logloss": 0.6918758497013305,
      "n": 143
    },
    "1h": {
      "base_rate": 0.5282131661442007,
      "baseline_brier": 0.2492040172561197,
      "baseline_hit_rate": 0.5282131661442007,
      "brier": 0.2501611882257102,
      "display_ready": true,
      "ece": null,
      "hit_rate": 0.5282131661442007,
      "logloss": 0.6934701952630834,
      "n": 638
    },
    "24h": {
      "base_rate": 0.6619718309859155,
      "baseline_brier": 0.22376512596707002,
      "baseline_hit_rate": 0.6619718309859155,
      "brier": 0.2481639613395502,
      "display_ready": true,
      "ece": null,
      "hit_rate": 0.6619718309859155,
      "logloss": 0.689474058368131,
      "n": 71
    },
    "4h": {
      "base_rate": 0.5406091370558376,
      "baseline_brier": 0.2483508979875802,
      "baseline_hit_rate": 0.5406091370558376,
      "brier": 0.24994440940953103,
      "display_ready": true,
      "ece": null,
      "hit_rate": 0.5406091370558376,
      "logloss": 0.6930362504358002,
      "n": 394
    }
  },
  "by_model_version": {
    "v0.1.0-baseline-shadow": {
      "base_rate": 0.5441412520064205,
      "baseline_brier": 0.24805154987130568,
      "baseline_hit_rate": 0.5441412520064205,
      "brier": 0.24988736272826143,
      "display_ready": true,
      "ece": null,
      "hit_rate": 0.5441412520064205,
      "logloss": 0.6929222888450883,
      "n": 1246
    }
  },
  "generated_at": "2026-07-08T16:51:46Z",
  "global": {
    "base_rate": 0.5441412520064205,
    "baseline_brier": 0.24805154987130568,
    "baseline_hit_rate": 0.5441412520064205,
    "brier": 0.24988736272826143,
    "display_ready": true,
    "ece": null,
    "hit_rate": 0.5441412520064205,
    "logloss": 0.6929222888450883,
    "n": 1246
  },
  "metrics_version": "metrics-v0.1.0",
  "min_n_display": 20,
  "rolling": {
    "30d": {
      "base_rate": 0.5705521472392638,
      "baseline_brier": 0.24502239451992924,
      "baseline_hit_rate": 0.5705521472392638,
      "brier": 0.2497667358233686,
      "display_ready": true,
      "ece": null,
      "hit_rate": 0.5705521472392638,
      "logloss": 0.6926816380663873,
      "n": 489
    },
    "7d": {
      "base_rate": 0.544,
      "baseline_brier": 0.248064,
      "baseline_hit_rate": 0.544,
      "brier": 0.24976424685171328,
      "display_ready": true,
      "ece": null,
      "hit_rate": 0.544,
      "logloss": 0.6926765982792087,
      "n": 125
    },
    "90d": {
      "base_rate": 0.5441412520064205,
      "baseline_brier": 0.24805154987130568,
      "baseline_hit_rate": 0.5441412520064205,
      "brier": 0.24988736272826143,
      "display_ready": true,
      "ece": null,
      "hit_rate": 0.5441412520064205,
      "logloss": 0.6929222888450883,
      "n": 1246
    }
  },
  "schema_version": "1",
  "total_forecasts": 1250,
  "total_resolved": 1246
}
