{
  "by_horizon": {
    "12h": {
      "base_rate": 0.5664335664335665,
      "baseline_brier": 0.24558658125091692,
      "baseline_hit_rate": 0.5664335664335665,
      "brier": 0.24936417698564534,
      "display_ready": true,
      "ece": null,
      "hit_rate": 0.5664335664335665,
      "logloss": 0.6918758497013305,
      "n": 143
    },
    "1h": {
      "base_rate": 0.5265625,
      "baseline_brier": 0.24929443359375,
      "baseline_hit_rate": 0.5265625,
      "brier": 0.25019986506278713,
      "display_ready": true,
      "ece": null,
      "hit_rate": 0.5265625,
      "logloss": 0.6935475673299286,
      "n": 640
    },
    "24h": {
      "base_rate": 0.6619718309859155,
      "baseline_brier": 0.22376512596707002,
      "baseline_hit_rate": 0.6619718309859155,
      "brier": 0.2481639613395502,
      "display_ready": true,
      "ece": null,
      "hit_rate": 0.6619718309859155,
      "logloss": 0.689474058368131,
      "n": 71
    },
    "4h": {
      "base_rate": 0.5392405063291139,
      "baseline_brier": 0.24846018266303477,
      "baseline_hit_rate": 0.5392405063291139,
      "brier": 0.2499857924745659,
      "display_ready": true,
      "ece": null,
      "hit_rate": 0.5392405063291139,
      "logloss": 0.6931190444442961,
      "n": 395
    }
  },
  "by_model_version": {
    "v0.1.0-baseline-shadow": {
      "base_rate": 0.5428342674139311,
      "baseline_brier": 0.24816522553511183,
      "baseline_hit_rate": 0.5428342674139311,
      "brier": 0.2499207527875842,
      "display_ready": true,
      "ece": null,
      "hit_rate": 0.5428342674139311,
      "logloss": 0.6929890875084698,
      "n": 1249
    }
  },
  "generated_at": "2026-07-08T20:38:19Z",
  "global": {
    "base_rate": 0.5428342674139311,
    "baseline_brier": 0.24816522553511183,
    "baseline_hit_rate": 0.5428342674139311,
    "brier": 0.2499207527875842,
    "display_ready": true,
    "ece": null,
    "hit_rate": 0.5428342674139311,
    "logloss": 0.6929890875084698,
    "n": 1249
  },
  "metrics_version": "metrics-v0.1.0",
  "min_n_display": 20,
  "rolling": {
    "30d": {
      "base_rate": 0.5682281059063137,
      "baseline_brier": 0.24534492556443685,
      "baseline_hit_rate": 0.5682281059063137,
      "brier": 0.2498126597175991,
      "display_ready": true,
      "ece": null,
      "hit_rate": 0.5682281059063137,
      "logloss": 0.6927734934560079,
      "n": 491
    },
    "7d": {
      "base_rate": 0.5354330708661418,
      "baseline_brier": 0.248744497488995,
      "baseline_hit_rate": 0.5354330708661418,
      "brier": 0.24991922374319936,
      "display_ready": true,
      "ece": null,
      "hit_rate": 0.5354330708661418,
      "logloss": 0.6929865075923779,
      "n": 127
    },
    "90d": {
      "base_rate": 0.5428342674139311,
      "baseline_brier": 0.24816522553511183,
      "baseline_hit_rate": 0.5428342674139311,
      "brier": 0.2499207527875842,
      "display_ready": true,
      "ece": null,
      "hit_rate": 0.5428342674139311,
      "logloss": 0.6929890875084698,
      "n": 1249
    }
  },
  "schema_version": "1",
  "total_forecasts": 1253,
  "total_resolved": 1249
}
