{
  "by_horizon": {
    "12h": {
      "base_rate": 0.5688622754491018,
      "baseline_brier": 0.245257987019972,
      "baseline_hit_rate": 0.5688622754491018,
      "brier": 0.24953635107282815,
      "display_ready": true,
      "ece": null,
      "hit_rate": 0.5688622754491018,
      "logloss": 0.6922203846087213,
      "n": 167
    },
    "1h": {
      "base_rate": 0.52734375,
      "baseline_brier": 0.2492523193359375,
      "baseline_hit_rate": 0.52734375,
      "brier": 0.2501637501031231,
      "display_ready": true,
      "ece": null,
      "hit_rate": 0.52734375,
      "logloss": 0.6934752839085091,
      "n": 768
    },
    "24h": {
      "base_rate": 0.6265060240963856,
      "baseline_brier": 0.23399622586732471,
      "baseline_hit_rate": 0.6265060240963856,
      "brier": 0.2489736464192586,
      "display_ready": true,
      "ece": null,
      "hit_rate": 0.6265060240963856,
      "logloss": 0.691094081744704,
      "n": 83
    },
    "4h": {
      "base_rate": 0.5421166306695464,
      "baseline_brier": 0.24822618942104502,
      "baseline_hit_rate": 0.5421166306695464,
      "brier": 0.25008049807177,
      "display_ready": true,
      "ece": null,
      "hit_rate": 0.5421166306695464,
      "logloss": 0.6933086356151278,
      "n": 463
    }
  },
  "by_model_version": {
    "v0.1.0-baseline-shadow": {
      "base_rate": 0.5422012153950033,
      "baseline_brier": 0.2482190574191845,
      "baseline_hit_rate": 0.5422012153950033,
      "brier": 0.2500002795195063,
      "display_ready": true,
      "ece": null,
      "hit_rate": 0.5422012153950033,
      "logloss": 0.6931482304834613,
      "n": 1481
    }
  },
  "generated_at": "2026-07-20T13:20:21Z",
  "global": {
    "base_rate": 0.5422012153950033,
    "baseline_brier": 0.2482190574191845,
    "baseline_hit_rate": 0.5422012153950033,
    "brier": 0.2500002795195063,
    "display_ready": true,
    "ece": null,
    "hit_rate": 0.5422012153950033,
    "logloss": 0.6931482304834613,
    "n": 1481
  },
  "metrics_version": "metrics-v0.1.0",
  "min_n_display": 20,
  "rolling": {
    "30d": {
      "base_rate": 0.5367647058823529,
      "baseline_brier": 0.24864835640138405,
      "baseline_hit_rate": 0.5367647058823529,
      "brier": 0.25043885811716665,
      "display_ready": true,
      "ece": null,
      "hit_rate": 0.5367647058823529,
      "logloss": 0.694026228910074,
      "n": 544
    },
    "7d": {
      "base_rate": 0.5347222222222222,
      "baseline_brier": 0.2487943672839506,
      "baseline_hit_rate": 0.5347222222222222,
      "brier": 0.2504414044431866,
      "display_ready": true,
      "ece": null,
      "hit_rate": 0.5347222222222222,
      "logloss": 0.6940312792472405,
      "n": 144
    },
    "90d": {
      "base_rate": 0.5422012153950033,
      "baseline_brier": 0.2482190574191845,
      "baseline_hit_rate": 0.5422012153950033,
      "brier": 0.2500002795195063,
      "display_ready": true,
      "ece": null,
      "hit_rate": 0.5422012153950033,
      "logloss": 0.6931482304834613,
      "n": 1481
    }
  },
  "schema_version": "1",
  "total_forecasts": 1485,
  "total_resolved": 1481
}
