{
  "by_horizon": {
    "12h": {
      "base_rate": 0.5826771653543307,
      "baseline_brier": 0.24316448632897267,
      "baseline_hit_rate": 0.5826771653543307,
      "brier": 0.2492094579067889,
      "display_ready": true,
      "ece": null,
      "hit_rate": 0.5826771653543307,
      "logloss": 0.6915665115931984,
      "n": 127
    },
    "1h": {
      "base_rate": 0.5220458553791887,
      "baseline_brier": 0.24951398026059993,
      "baseline_hit_rate": 0.5220458553791887,
      "brier": 0.25022757241753446,
      "display_ready": true,
      "ece": null,
      "hit_rate": 0.5220458553791887,
      "logloss": 0.6936028972637879,
      "n": 567
    },
    "24h": {
      "base_rate": 0.6507936507936508,
      "baseline_brier": 0.22726127488032252,
      "baseline_hit_rate": 0.6507936507936508,
      "brier": 0.24818844148035107,
      "display_ready": true,
      "ece": null,
      "hit_rate": 0.6507936507936508,
      "logloss": 0.6895228375776471,
      "n": 63
    },
    "4h": {
      "base_rate": 0.5530085959885387,
      "baseline_brier": 0.2471900887513239,
      "baseline_hit_rate": 0.5530085959885387,
      "brier": 0.2497071676710798,
      "display_ready": true,
      "ece": null,
      "hit_rate": 0.5530085959885387,
      "logloss": 0.6925615556722249,
      "n": 349
    }
  },
  "by_model_version": {
    "v0.1.0-baseline-shadow": {
      "base_rate": 0.546112115732369,
      "baseline_brier": 0.24787367278268463,
      "baseline_hit_rate": 0.546112115732369,
      "brier": 0.24983029660521988,
      "display_ready": true,
      "ece": null,
      "hit_rate": 0.546112115732369,
      "logloss": 0.6928080573398754,
      "n": 1106
    }
  },
  "generated_at": "2026-06-30T18:07:56Z",
  "global": {
    "base_rate": 0.546112115732369,
    "baseline_brier": 0.24787367278268463,
    "baseline_hit_rate": 0.546112115732369,
    "brier": 0.24983029660521988,
    "display_ready": true,
    "ece": null,
    "hit_rate": 0.546112115732369,
    "logloss": 0.6928080573398754,
    "n": 1106
  },
  "metrics_version": "metrics-v0.1.0",
  "min_n_display": 20,
  "rolling": {
    "30d": {
      "base_rate": 0.546112115732369,
      "baseline_brier": 0.24787367278268463,
      "baseline_hit_rate": 0.546112115732369,
      "brier": 0.24983029660521988,
      "display_ready": true,
      "ece": null,
      "hit_rate": 0.546112115732369,
      "logloss": 0.6928080573398754,
      "n": 1106
    },
    "7d": {
      "base_rate": 0.47058823529411764,
      "baseline_brier": 0.24913494809688583,
      "baseline_hit_rate": 0.5294117647058824,
      "brier": 0.2519297482122549,
      "display_ready": true,
      "ece": null,
      "hit_rate": 0.47058823529411764,
      "logloss": 0.6970106703361281,
      "n": 119
    },
    "90d": {
      "base_rate": 0.546112115732369,
      "baseline_brier": 0.24787367278268463,
      "baseline_hit_rate": 0.546112115732369,
      "brier": 0.24983029660521988,
      "display_ready": true,
      "ece": null,
      "hit_rate": 0.546112115732369,
      "logloss": 0.6928080573398754,
      "n": 1106
    }
  },
  "schema_version": "1",
  "total_forecasts": 1109,
  "total_resolved": 1106
}
