{
  "by_horizon": {
    "12h": {
      "base_rate": 0.5897435897435898,
      "baseline_brier": 0.24194608809993423,
      "baseline_hit_rate": 0.5897435897435898,
      "brier": 0.24924157906623795,
      "display_ready": true,
      "ece": null,
      "hit_rate": 0.5897435897435898,
      "logloss": 0.691630901023223,
      "n": 117
    },
    "1h": {
      "base_rate": 0.5287356321839081,
      "baseline_brier": 0.24917426344299112,
      "baseline_hit_rate": 0.5287356321839081,
      "brier": 0.2501307392268497,
      "display_ready": true,
      "ece": null,
      "hit_rate": 0.5287356321839081,
      "logloss": 0.6934091321945249,
      "n": 522
    },
    "24h": {
      "base_rate": 0.6551724137931034,
      "baseline_brier": 0.2259215219976219,
      "baseline_hit_rate": 0.6551724137931034,
      "brier": 0.24799290452775993,
      "display_ready": true,
      "ece": null,
      "hit_rate": 0.6551724137931034,
      "logloss": 0.6891315004463346,
      "n": 58
    },
    "4h": {
      "base_rate": 0.553125,
      "baseline_brier": 0.24717773437499999,
      "baseline_hit_rate": 0.553125,
      "brier": 0.24963273407183198,
      "display_ready": true,
      "ece": null,
      "hit_rate": 0.553125,
      "logloss": 0.692412610671661,
      "n": 320
    }
  },
  "by_model_version": {
    "v0.1.0-baseline-shadow": {
      "base_rate": 0.5506391347099312,
      "baseline_brier": 0.24743567803582944,
      "baseline_hit_rate": 0.5506391347099312,
      "brier": 0.24974982693486894,
      "display_ready": true,
      "ece": null,
      "hit_rate": 0.5506391347099312,
      "logloss": 0.6926470450993885,
      "n": 1017
    }
  },
  "generated_at": "2026-06-25T15:18:31Z",
  "global": {
    "base_rate": 0.5506391347099312,
    "baseline_brier": 0.24743567803582944,
    "baseline_hit_rate": 0.5506391347099312,
    "brier": 0.24974982693486894,
    "display_ready": true,
    "ece": null,
    "hit_rate": 0.5506391347099312,
    "logloss": 0.6926470450993885,
    "n": 1017
  },
  "metrics_version": "metrics-v0.1.0",
  "min_n_display": 20,
  "rolling": {
    "30d": {
      "base_rate": 0.5506391347099312,
      "baseline_brier": 0.24743567803582944,
      "baseline_hit_rate": 0.5506391347099312,
      "brier": 0.24974982693486894,
      "display_ready": true,
      "ece": null,
      "hit_rate": 0.5506391347099312,
      "logloss": 0.6926470450993885,
      "n": 1017
    },
    "7d": {
      "base_rate": 0.6428571428571429,
      "baseline_brier": 0.22959183673469388,
      "baseline_hit_rate": 0.6428571428571429,
      "brier": 0.24919259964178556,
      "display_ready": true,
      "ece": null,
      "hit_rate": 0.6428571428571429,
      "logloss": 0.6915342965100847,
      "n": 112
    },
    "90d": {
      "base_rate": 0.5506391347099312,
      "baseline_brier": 0.24743567803582944,
      "baseline_hit_rate": 0.5506391347099312,
      "brier": 0.24974982693486894,
      "display_ready": true,
      "ece": null,
      "hit_rate": 0.5506391347099312,
      "logloss": 0.6926470450993885,
      "n": 1017
    }
  },
  "schema_version": "1",
  "total_forecasts": 1021,
  "total_resolved": 1017
}
