{
  "by_horizon": {
    "12h": {
      "base_rate": 0.5705521472392638,
      "baseline_brier": 0.24502239451992922,
      "baseline_hit_rate": 0.5705521472392638,
      "brier": 0.24947611445318854,
      "display_ready": true,
      "ece": null,
      "hit_rate": 0.5705521472392638,
      "logloss": 0.6920999074018285,
      "n": 163
    },
    "1h": {
      "base_rate": 0.5320855614973262,
      "baseline_brier": 0.2489705167434013,
      "baseline_hit_rate": 0.5320855614973262,
      "brier": 0.2501541718271544,
      "display_ready": true,
      "ece": null,
      "hit_rate": 0.5320855614973262,
      "logloss": 0.693456145299403,
      "n": 748
    },
    "24h": {
      "base_rate": 0.6296296296296297,
      "baseline_brier": 0.23319615912208505,
      "baseline_hit_rate": 0.6296296296296297,
      "brier": 0.2489107180523578,
      "display_ready": true,
      "ece": null,
      "hit_rate": 0.6296296296296297,
      "logloss": 0.6909681935182765,
      "n": 81
    },
    "4h": {
      "base_rate": 0.5452538631346578,
      "baseline_brier": 0.24795208787138967,
      "baseline_hit_rate": 0.5452538631346578,
      "brier": 0.2500661057371713,
      "display_ready": true,
      "ece": null,
      "hit_rate": 0.5452538631346578,
      "logloss": 0.6932798595840061,
      "n": 453
    }
  },
  "by_model_version": {
    "v0.1.0-baseline-shadow": {
      "base_rate": 0.5460207612456748,
      "baseline_brier": 0.2478820895343686,
      "baseline_hit_rate": 0.5460207612456748,
      "brier": 0.24998037456315628,
      "display_ready": true,
      "ece": null,
      "hit_rate": 0.5460207612456748,
      "logloss": 0.6931084302124474,
      "n": 1445
    }
  },
  "generated_at": "2026-07-18T21:01:46Z",
  "global": {
    "base_rate": 0.5460207612456748,
    "baseline_brier": 0.2478820895343686,
    "baseline_hit_rate": 0.5460207612456748,
    "brier": 0.24998037456315628,
    "display_ready": true,
    "ece": null,
    "hit_rate": 0.5460207612456748,
    "logloss": 0.6931084302124474,
    "n": 1445
  },
  "metrics_version": "metrics-v0.1.0",
  "min_n_display": 20,
  "rolling": {
    "30d": {
      "base_rate": 0.5541044776119403,
      "baseline_brier": 0.24707270550233906,
      "baseline_hit_rate": 0.5541044776119403,
      "brier": 0.25032319597854685,
      "display_ready": true,
      "ece": null,
      "hit_rate": 0.5541044776119403,
      "logloss": 0.6937949395064473,
      "n": 536
    },
    "7d": {
      "base_rate": 0.5594405594405595,
      "baseline_brier": 0.24646681989339334,
      "baseline_hit_rate": 0.5594405594405595,
      "brier": 0.25036069593396404,
      "display_ready": true,
      "ece": null,
      "hit_rate": 0.5594405594405595,
      "logloss": 0.6938698596363401,
      "n": 143
    },
    "90d": {
      "base_rate": 0.5460207612456748,
      "baseline_brier": 0.2478820895343686,
      "baseline_hit_rate": 0.5460207612456748,
      "brier": 0.24998037456315628,
      "display_ready": true,
      "ece": null,
      "hit_rate": 0.5460207612456748,
      "logloss": 0.6931084302124474,
      "n": 1445
    }
  },
  "schema_version": "1",
  "total_forecasts": 1447,
  "total_resolved": 1445
}
