{
  "by_horizon": {
    "12h": {
      "base_rate": 0.567741935483871,
      "baseline_brier": 0.24541103017689905,
      "baseline_hit_rate": 0.567741935483871,
      "brier": 0.24948525352580136,
      "display_ready": true,
      "ece": null,
      "hit_rate": 0.567741935483871,
      "logloss": 0.6921181032287855,
      "n": 155
    },
    "1h": {
      "base_rate": 0.5277382645803699,
      "baseline_brier": 0.2492305886780694,
      "baseline_hit_rate": 0.5277382645803699,
      "brier": 0.25021399380871057,
      "display_ready": true,
      "ece": null,
      "hit_rate": 0.5277382645803699,
      "logloss": 0.6935758496158537,
      "n": 703
    },
    "24h": {
      "base_rate": 0.6493506493506493,
      "baseline_brier": 0.22769438353853938,
      "baseline_hit_rate": 0.6493506493506493,
      "brier": 0.24829874686643189,
      "display_ready": true,
      "ece": null,
      "hit_rate": 0.6493506493506493,
      "logloss": 0.6897437025170247,
      "n": 77
    },
    "4h": {
      "base_rate": 0.5384615384615384,
      "baseline_brier": 0.2485207100591716,
      "baseline_hit_rate": 0.5384615384615384,
      "brier": 0.25008243308879374,
      "display_ready": true,
      "ece": null,
      "hit_rate": 0.5384615384615384,
      "logloss": 0.6933124719147733,
      "n": 429
    }
  },
  "by_model_version": {
    "v0.1.0-baseline-shadow": {
      "base_rate": 0.5425219941348973,
      "baseline_brier": 0.24819188001479178,
      "baseline_hit_rate": 0.5425219941348973,
      "brier": 0.2499816856655649,
      "display_ready": true,
      "ece": null,
      "hit_rate": 0.5425219941348973,
      "logloss": 0.6931110291976946,
      "n": 1364
    }
  },
  "generated_at": "2026-07-14T22:25:57Z",
  "global": {
    "base_rate": 0.5425219941348973,
    "baseline_brier": 0.24819188001479178,
    "baseline_hit_rate": 0.5425219941348973,
    "brier": 0.2499816856655649,
    "display_ready": true,
    "ece": null,
    "hit_rate": 0.5425219941348973,
    "logloss": 0.6931110291976946,
    "n": 1364
  },
  "metrics_version": "metrics-v0.1.0",
  "min_n_display": 20,
  "rolling": {
    "30d": {
      "base_rate": 0.5601577909270217,
      "baseline_brier": 0.24638104019078075,
      "baseline_hit_rate": 0.5601577909270217,
      "brier": 0.2501299830657615,
      "display_ready": true,
      "ece": null,
      "hit_rate": 0.5601577909270217,
      "logloss": 0.6934084088807994,
      "n": 507
    },
    "7d": {
      "base_rate": 0.5037593984962406,
      "baseline_brier": 0.24998586692294644,
      "baseline_hit_rate": 0.5037593984962406,
      "brier": 0.25101326796422463,
      "display_ready": true,
      "ece": null,
      "hit_rate": 0.5037593984962406,
      "logloss": 0.6951751051157911,
      "n": 133
    },
    "90d": {
      "base_rate": 0.5425219941348973,
      "baseline_brier": 0.24819188001479178,
      "baseline_hit_rate": 0.5425219941348973,
      "brier": 0.2499816856655649,
      "display_ready": true,
      "ece": null,
      "hit_rate": 0.5425219941348973,
      "logloss": 0.6931110291976946,
      "n": 1364
    }
  },
  "schema_version": "1",
  "total_forecasts": 1368,
  "total_resolved": 1364
}
