{
  "by_horizon": {
    "12h": {
      "base_rate": 0.5827338129496403,
      "baseline_brier": 0.24315511619481392,
      "baseline_hit_rate": 0.5827338129496403,
      "brier": 0.24907334365034314,
      "display_ready": true,
      "ece": null,
      "hit_rate": 0.5827338129496403,
      "logloss": 0.6912939974263227,
      "n": 139
    },
    "1h": {
      "base_rate": 0.529886914378029,
      "baseline_brier": 0.24910677234896036,
      "baseline_hit_rate": 0.529886914378029,
      "brier": 0.2501329396927433,
      "display_ready": true,
      "ece": null,
      "hit_rate": 0.529886914378029,
      "logloss": 0.6934136685192427,
      "n": 619
    },
    "24h": {
      "base_rate": 0.6666666666666666,
      "baseline_brier": 0.22222222222222224,
      "baseline_hit_rate": 0.6666666666666666,
      "brier": 0.2479735123737109,
      "display_ready": true,
      "ece": null,
      "hit_rate": 0.6666666666666666,
      "logloss": 0.6890930120606911,
      "n": 69
    },
    "4h": {
      "base_rate": 0.5485564304461942,
      "baseline_brier": 0.24764227306232392,
      "baseline_hit_rate": 0.5485564304461942,
      "brier": 0.24988599506847078,
      "display_ready": true,
      "ece": null,
      "hit_rate": 0.5485564304461942,
      "logloss": 0.6929194062422768,
      "n": 381
    }
  },
  "by_model_version": {
    "v0.1.0-baseline-shadow": {
      "base_rate": 0.5496688741721855,
      "baseline_brier": 0.24753300293846764,
      "baseline_hit_rate": 0.5496688741721855,
      "brier": 0.24980978552324437,
      "display_ready": true,
      "ece": null,
      "hit_rate": 0.5496688741721855,
      "logloss": 0.6927670844918586,
      "n": 1208
    }
  },
  "generated_at": "2026-07-06T12:59:51Z",
  "global": {
    "base_rate": 0.5496688741721855,
    "baseline_brier": 0.24753300293846764,
    "baseline_hit_rate": 0.5496688741721855,
    "brier": 0.24980978552324437,
    "display_ready": true,
    "ece": null,
    "hit_rate": 0.5496688741721855,
    "logloss": 0.6927670844918586,
    "n": 1208
  },
  "metrics_version": "metrics-v0.1.0",
  "min_n_display": 20,
  "rolling": {
    "30d": {
      "base_rate": 0.5496688741721855,
      "baseline_brier": 0.24753300293846764,
      "baseline_hit_rate": 0.5496688741721855,
      "brier": 0.24980978552324437,
      "display_ready": true,
      "ece": null,
      "hit_rate": 0.5496688741721855,
      "logloss": 0.6927670844918586,
      "n": 1208
    },
    "7d": {
      "base_rate": 0.5934959349593496,
      "baseline_brier": 0.24125851014607705,
      "baseline_hit_rate": 0.5934959349593496,
      "brier": 0.2496434966598786,
      "display_ready": true,
      "ece": null,
      "hit_rate": 0.5934959349593496,
      "logloss": 0.6924349929640581,
      "n": 123
    },
    "90d": {
      "base_rate": 0.5496688741721855,
      "baseline_brier": 0.24753300293846764,
      "baseline_hit_rate": 0.5496688741721855,
      "brier": 0.24980978552324437,
      "display_ready": true,
      "ece": null,
      "hit_rate": 0.5496688741721855,
      "logloss": 0.6927670844918586,
      "n": 1208
    }
  },
  "schema_version": "1",
  "total_forecasts": 1212,
  "total_resolved": 1208
}
