{
  "by_horizon": {
    "12h": {
      "base_rate": 0.5664335664335665,
      "baseline_brier": 0.24558658125091692,
      "baseline_hit_rate": 0.5664335664335665,
      "brier": 0.24936417698564534,
      "display_ready": true,
      "ece": null,
      "hit_rate": 0.5664335664335665,
      "logloss": 0.6918758497013305,
      "n": 143
    },
    "1h": {
      "base_rate": 0.5265625,
      "baseline_brier": 0.24929443359375,
      "baseline_hit_rate": 0.5265625,
      "brier": 0.25019986506278713,
      "display_ready": true,
      "ece": null,
      "hit_rate": 0.5265625,
      "logloss": 0.6935475673299286,
      "n": 640
    },
    "24h": {
      "base_rate": 0.6619718309859155,
      "baseline_brier": 0.22376512596707002,
      "baseline_hit_rate": 0.6619718309859155,
      "brier": 0.2481639613395502,
      "display_ready": true,
      "ece": null,
      "hit_rate": 0.6619718309859155,
      "logloss": 0.689474058368131,
      "n": 71
    },
    "4h": {
      "base_rate": 0.5406091370558376,
      "baseline_brier": 0.2483508979875802,
      "baseline_hit_rate": 0.5406091370558376,
      "brier": 0.24994440940953103,
      "display_ready": true,
      "ece": null,
      "hit_rate": 0.5406091370558376,
      "logloss": 0.6930362504358002,
      "n": 394
    }
  },
  "by_model_version": {
    "v0.1.0-baseline-shadow": {
      "base_rate": 0.5432692307692307,
      "baseline_brier": 0.24812777366863906,
      "baseline_hit_rate": 0.5432692307692307,
      "brier": 0.24990763582659803,
      "display_ready": true,
      "ece": null,
      "hit_rate": 0.5432692307692307,
      "logloss": 0.6929628448832429,
      "n": 1248
    }
  },
  "generated_at": "2026-07-08T19:49:53Z",
  "global": {
    "base_rate": 0.5432692307692307,
    "baseline_brier": 0.24812777366863906,
    "baseline_hit_rate": 0.5432692307692307,
    "brier": 0.24990763582659803,
    "display_ready": true,
    "ece": null,
    "hit_rate": 0.5432692307692307,
    "logloss": 0.6929628448832429,
    "n": 1248
  },
  "metrics_version": "metrics-v0.1.0",
  "min_n_display": 20,
  "rolling": {
    "30d": {
      "base_rate": 0.5693877551020409,
      "baseline_brier": 0.2451853394418992,
      "baseline_hit_rate": 0.5693877551020409,
      "brier": 0.24977903102294463,
      "display_ready": true,
      "ece": null,
      "hit_rate": 0.5693877551020409,
      "logloss": 0.6927062151083843,
      "n": 490
    },
    "7d": {
      "base_rate": 0.5396825396825397,
      "baseline_brier": 0.24842529604434369,
      "baseline_hit_rate": 0.5396825396825397,
      "brier": 0.24978929123244464,
      "display_ready": true,
      "ece": null,
      "hit_rate": 0.5396825396825397,
      "logloss": 0.6927265601622249,
      "n": 126
    },
    "90d": {
      "base_rate": 0.5432692307692307,
      "baseline_brier": 0.24812777366863906,
      "baseline_hit_rate": 0.5432692307692307,
      "brier": 0.24990763582659803,
      "display_ready": true,
      "ece": null,
      "hit_rate": 0.5432692307692307,
      "logloss": 0.6929628448832429,
      "n": 1248
    }
  },
  "schema_version": "1",
  "total_forecasts": 1251,
  "total_resolved": 1248
}
