{
  "by_horizon": {
    "12h": {
      "base_rate": 0.5813953488372093,
      "baseline_brier": 0.243374797187669,
      "baseline_hit_rate": 0.5813953488372093,
      "brier": 0.2491817252291393,
      "display_ready": true,
      "ece": null,
      "hit_rate": 0.5813953488372093,
      "logloss": 0.6915109739183071,
      "n": 129
    },
    "1h": {
      "base_rate": 0.52,
      "baseline_brier": 0.24960000000000002,
      "baseline_hit_rate": 0.52,
      "brier": 0.25029655348208335,
      "display_ready": true,
      "ece": null,
      "hit_rate": 0.52,
      "logloss": 0.6937409003813828,
      "n": 575
    },
    "24h": {
      "base_rate": 0.65625,
      "baseline_brier": 0.2255859375,
      "baseline_hit_rate": 0.65625,
      "brier": 0.24817576791601365,
      "display_ready": true,
      "ece": null,
      "hit_rate": 0.65625,
      "logloss": 0.6894975088496924,
      "n": 64
    },
    "4h": {
      "base_rate": 0.547752808988764,
      "baseline_brier": 0.24771966923368263,
      "baseline_hit_rate": 0.547752808988764,
      "brier": 0.24990802237393794,
      "display_ready": true,
      "ece": null,
      "hit_rate": 0.547752808988764,
      "logloss": 0.6929634569453672,
      "n": 356
    }
  },
  "by_model_version": {
    "v0.1.0-baseline-shadow": {
      "base_rate": 0.5435943060498221,
      "baseline_brier": 0.24809953648003447,
      "baseline_hit_rate": 0.5435943060498221,
      "brier": 0.249924791742441,
      "display_ready": true,
      "ece": null,
      "hit_rate": 0.5435943060498221,
      "logloss": 0.6929971215246332,
      "n": 1124
    }
  },
  "generated_at": "2026-07-01T20:56:28Z",
  "global": {
    "base_rate": 0.5435943060498221,
    "baseline_brier": 0.24809953648003447,
    "baseline_hit_rate": 0.5435943060498221,
    "brier": 0.249924791742441,
    "display_ready": true,
    "ece": null,
    "hit_rate": 0.5435943060498221,
    "logloss": 0.6929971215246332,
    "n": 1124
  },
  "metrics_version": "metrics-v0.1.0",
  "min_n_display": 20,
  "rolling": {
    "30d": {
      "base_rate": 0.5435943060498221,
      "baseline_brier": 0.24809953648003447,
      "baseline_hit_rate": 0.5435943060498221,
      "brier": 0.249924791742441,
      "display_ready": true,
      "ece": null,
      "hit_rate": 0.5435943060498221,
      "logloss": 0.6929971215246332,
      "n": 1124
    },
    "7d": {
      "base_rate": 0.453781512605042,
      "baseline_brier": 0.24786385142292214,
      "baseline_hit_rate": 0.546218487394958,
      "brier": 0.25283287456197034,
      "display_ready": true,
      "ece": null,
      "hit_rate": 0.453781512605042,
      "logloss": 0.6988183008097405,
      "n": 119
    },
    "90d": {
      "base_rate": 0.5435943060498221,
      "baseline_brier": 0.24809953648003447,
      "baseline_hit_rate": 0.5435943060498221,
      "brier": 0.249924791742441,
      "display_ready": true,
      "ece": null,
      "hit_rate": 0.5435943060498221,
      "logloss": 0.6929971215246332,
      "n": 1124
    }
  },
  "schema_version": "1",
  "total_forecasts": 1128,
  "total_resolved": 1124
}
