{
  "by_horizon": {
    "12h": {
      "base_rate": 0.5632183908045977,
      "baseline_brier": 0.24600343506407715,
      "baseline_hit_rate": 0.5632183908045977,
      "brier": 0.24971820542657064,
      "display_ready": true,
      "ece": null,
      "hit_rate": 0.5632183908045977,
      "logloss": 0.6925843036971188,
      "n": 87
    },
    "1h": {
      "base_rate": 0.5084337349397591,
      "baseline_brier": 0.24992887211496587,
      "baseline_hit_rate": 0.5084337349397591,
      "brier": 0.25038910280670007,
      "display_ready": true,
      "ece": null,
      "hit_rate": 0.5084337349397591,
      "logloss": 0.6939258782289629,
      "n": 415
    },
    "24h": {
      "base_rate": 0.627906976744186,
      "baseline_brier": 0.23363980530016226,
      "baseline_hit_rate": 0.627906976744186,
      "brier": 0.24855910732806002,
      "display_ready": true,
      "ece": null,
      "hit_rate": 0.627906976744186,
      "logloss": 0.6902637577693241,
      "n": 43
    },
    "4h": {
      "base_rate": 0.5206611570247934,
      "baseline_brier": 0.24957311659039683,
      "baseline_hit_rate": 0.5206611570247934,
      "brier": 0.2498595777748818,
      "display_ready": true,
      "ece": null,
      "hit_rate": 0.5206611570247934,
      "logloss": 0.6928658408835927,
      "n": 242
    }
  },
  "by_model_version": {
    "v0.1.0-baseline-shadow": {
      "base_rate": 0.5247776365946633,
      "baseline_brier": 0.24938606872478278,
      "baseline_hit_rate": 0.5247776365946633,
      "brier": 0.2500521232192124,
      "display_ready": true,
      "ece": null,
      "hit_rate": 0.5247776365946633,
      "logloss": 0.6932515234619813,
      "n": 787
    }
  },
  "generated_at": "2026-06-10T12:34:41Z",
  "global": {
    "base_rate": 0.5247776365946633,
    "baseline_brier": 0.24938606872478278,
    "baseline_hit_rate": 0.5247776365946633,
    "brier": 0.2500521232192124,
    "display_ready": true,
    "ece": null,
    "hit_rate": 0.5247776365946633,
    "logloss": 0.6932515234619813,
    "n": 787
  },
  "metrics_version": "metrics-v0.1.0",
  "min_n_display": 20,
  "rolling": {
    "30d": {
      "base_rate": 0.5247776365946633,
      "baseline_brier": 0.24938606872478278,
      "baseline_hit_rate": 0.5247776365946633,
      "brier": 0.2500521232192124,
      "display_ready": true,
      "ece": null,
      "hit_rate": 0.5247776365946633,
      "logloss": 0.6932515234619813,
      "n": 787
    },
    "7d": {
      "base_rate": 0.5247776365946633,
      "baseline_brier": 0.24938606872478278,
      "baseline_hit_rate": 0.5247776365946633,
      "brier": 0.2500521232192124,
      "display_ready": true,
      "ece": null,
      "hit_rate": 0.5247776365946633,
      "logloss": 0.6932515234619813,
      "n": 787
    },
    "90d": {
      "base_rate": 0.5247776365946633,
      "baseline_brier": 0.24938606872478278,
      "baseline_hit_rate": 0.5247776365946633,
      "brier": 0.2500521232192124,
      "display_ready": true,
      "ece": null,
      "hit_rate": 0.5247776365946633,
      "logloss": 0.6932515234619813,
      "n": 787
    }
  },
  "schema_version": "1",
  "total_forecasts": 788,
  "total_resolved": 787
}
