{
  "by_horizon": {
    "12h": {
      "base_rate": 0.5696969696969697,
      "baseline_brier": 0.24514233241505967,
      "baseline_hit_rate": 0.5696969696969697,
      "brier": 0.24952416591871018,
      "display_ready": true,
      "ece": null,
      "hit_rate": 0.5696969696969697,
      "logloss": 0.6921960202407073,
      "n": 165
    },
    "1h": {
      "base_rate": 0.5289473684210526,
      "baseline_brier": 0.24916204986149584,
      "baseline_hit_rate": 0.5289473684210526,
      "brier": 0.25015093651254594,
      "display_ready": true,
      "ece": null,
      "hit_rate": 0.5289473684210526,
      "logloss": 0.693449662272122,
      "n": 760
    },
    "24h": {
      "base_rate": 0.6341463414634146,
      "baseline_brier": 0.23200475907198095,
      "baseline_hit_rate": 0.6341463414634146,
      "brier": 0.2488377425425799,
      "display_ready": true,
      "ece": null,
      "hit_rate": 0.6341463414634146,
      "logloss": 0.690822236025332,
      "n": 82
    },
    "4h": {
      "base_rate": 0.5436681222707423,
      "baseline_brier": 0.24809309509734748,
      "baseline_hit_rate": 0.5436681222707423,
      "brier": 0.2500685842963812,
      "display_ready": true,
      "ece": null,
      "hit_rate": 0.5436681222707423,
      "logloss": 0.6932848123616548,
      "n": 458
    }
  },
  "by_model_version": {
    "v0.1.0-baseline-shadow": {
      "base_rate": 0.5440273037542662,
      "baseline_brier": 0.24806159652412957,
      "baseline_hit_rate": 0.5440273037542662,
      "brier": 0.24998109598795645,
      "display_ready": true,
      "ece": null,
      "hit_rate": 0.5440273037542662,
      "logloss": 0.6931098662677437,
      "n": 1465
    }
  },
  "generated_at": "2026-07-19T19:21:03Z",
  "global": {
    "base_rate": 0.5440273037542662,
    "baseline_brier": 0.24806159652412957,
    "baseline_hit_rate": 0.5440273037542662,
    "brier": 0.24998109598795645,
    "display_ready": true,
    "ece": null,
    "hit_rate": 0.5440273037542662,
    "logloss": 0.6931098662677437,
    "n": 1465
  },
  "metrics_version": "metrics-v0.1.0",
  "min_n_display": 20,
  "rolling": {
    "30d": {
      "base_rate": 0.5498154981549815,
      "baseline_brier": 0.247518416143571,
      "baseline_hit_rate": 0.5498154981549815,
      "brier": 0.2503036273303769,
      "display_ready": true,
      "ece": null,
      "hit_rate": 0.5498154981549815,
      "logloss": 0.6937557656871551,
      "n": 542
    },
    "7d": {
      "base_rate": 0.5625,
      "baseline_brier": 0.24609375,
      "baseline_hit_rate": 0.5625,
      "brier": 0.2502104952910416,
      "display_ready": true,
      "ece": null,
      "hit_rate": 0.5625,
      "logloss": 0.6935694427680273,
      "n": 144
    },
    "90d": {
      "base_rate": 0.5440273037542662,
      "baseline_brier": 0.24806159652412957,
      "baseline_hit_rate": 0.5440273037542662,
      "brier": 0.24998109598795645,
      "display_ready": true,
      "ece": null,
      "hit_rate": 0.5440273037542662,
      "logloss": 0.6931098662677437,
      "n": 1465
    }
  },
  "schema_version": "1",
  "total_forecasts": 1468,
  "total_resolved": 1465
}
