{
  "by_horizon": {
    "12h": {
      "base_rate": 0.5604395604395604,
      "baseline_brier": 0.2463470595338727,
      "baseline_hit_rate": 0.5604395604395604,
      "brier": 0.24958181525111775,
      "display_ready": true,
      "ece": null,
      "hit_rate": 0.5604395604395604,
      "logloss": 0.6923114335531801,
      "n": 91
    },
    "1h": {
      "base_rate": 0.513953488372093,
      "baseline_brier": 0.24980530016224986,
      "baseline_hit_rate": 0.513953488372093,
      "brier": 0.2502971109015154,
      "display_ready": true,
      "ece": null,
      "hit_rate": 0.513953488372093,
      "logloss": 0.6937418141571692,
      "n": 430
    },
    "24h": {
      "base_rate": 0.6222222222222222,
      "baseline_brier": 0.23506172839506173,
      "baseline_hit_rate": 0.6222222222222222,
      "brier": 0.24842871804801223,
      "display_ready": true,
      "ece": null,
      "hit_rate": 0.6222222222222222,
      "logloss": 0.6900029465601712,
      "n": 45
    },
    "4h": {
      "base_rate": 0.5215686274509804,
      "baseline_brier": 0.24953479430988082,
      "baseline_hit_rate": 0.5215686274509804,
      "brier": 0.24978108924616446,
      "display_ready": true,
      "ece": null,
      "hit_rate": 0.5215686274509804,
      "logloss": 0.6927088100301116,
      "n": 255
    }
  },
  "by_model_version": {
    "v0.1.0-baseline-shadow": {
      "base_rate": 0.5274056029232643,
      "baseline_brier": 0.24924893292841235,
      "baseline_hit_rate": 0.5274056029232643,
      "brier": 0.24995514366070135,
      "display_ready": true,
      "ece": null,
      "hit_rate": 0.5274056029232643,
      "logloss": 0.6930574904918494,
      "n": 821
    }
  },
  "generated_at": "2026-06-12T20:28:36Z",
  "global": {
    "base_rate": 0.5274056029232643,
    "baseline_brier": 0.24924893292841235,
    "baseline_hit_rate": 0.5274056029232643,
    "brier": 0.24995514366070135,
    "display_ready": true,
    "ece": null,
    "hit_rate": 0.5274056029232643,
    "logloss": 0.6930574904918494,
    "n": 821
  },
  "metrics_version": "metrics-v0.1.0",
  "min_n_display": 20,
  "rolling": {
    "30d": {
      "base_rate": 0.5274056029232643,
      "baseline_brier": 0.24924893292841235,
      "baseline_hit_rate": 0.5274056029232643,
      "brier": 0.24995514366070135,
      "display_ready": true,
      "ece": null,
      "hit_rate": 0.5274056029232643,
      "logloss": 0.6930574904918494,
      "n": 821
    },
    "7d": {
      "base_rate": 0.5274056029232643,
      "baseline_brier": 0.24924893292841235,
      "baseline_hit_rate": 0.5274056029232643,
      "brier": 0.24995514366070135,
      "display_ready": true,
      "ece": null,
      "hit_rate": 0.5274056029232643,
      "logloss": 0.6930574904918494,
      "n": 821
    },
    "90d": {
      "base_rate": 0.5274056029232643,
      "baseline_brier": 0.24924893292841235,
      "baseline_hit_rate": 0.5274056029232643,
      "brier": 0.24995514366070135,
      "display_ready": true,
      "ece": null,
      "hit_rate": 0.5274056029232643,
      "logloss": 0.6930574904918494,
      "n": 821
    }
  },
  "schema_version": "1",
  "total_forecasts": 825,
  "total_resolved": 821
}
