{
  "by_direction": {
    "down": {
      "always_down_rate": 0.4574898785425101,
      "always_up_rate": 0.5425101214574899,
      "base_rate": 0.4574898785425101,
      "baseline_brier": 0.24819288957366945,
      "baseline_hit_rate": 0.5425101214574899,
      "brier": 0.2508390361332233,
      "display_ready": true,
      "ece": null,
      "expectancy_bps": 5.145635591060621,
      "expectancy_maker_2bps": 3.1456355910606213,
      "expectancy_taker_10bps": -4.854364408939379,
      "hit_down": 0.4574898785425101,
      "hit_rate": 0.4574898785425101,
      "hit_up": null,
      "logloss": 0.6948249467105081,
      "n": 741,
      "n_down": 741,
      "n_up": 0,
      "vs_majority_pp": -0.08502024291497978
    },
    "up": {
      "always_down_rate": 0.378345498783455,
      "always_up_rate": 0.621654501216545,
      "base_rate": 0.621654501216545,
      "baseline_brier": 0.23520018233375367,
      "baseline_hit_rate": 0.621654501216545,
      "brier": 0.24900300325978436,
      "display_ready": true,
      "ece": null,
      "expectancy_bps": 14.416958442622333,
      "expectancy_maker_2bps": 12.416958442622331,
      "expectancy_taker_10bps": 4.416958442622333,
      "hit_down": null,
      "hit_rate": 0.621654501216545,
      "hit_up": 0.621654501216545,
      "logloss": 0.6911532511707696,
      "n": 822,
      "n_down": 0,
      "n_up": 822,
      "vs_majority_pp": 0.0
    }
  },
  "by_horizon": {
    "12h": {
      "always_down_rate": 0.4860335195530726,
      "always_up_rate": 0.5139664804469274,
      "base_rate": 0.5754189944134078,
      "baseline_brier": 0.24431197528167034,
      "baseline_hit_rate": 0.5754189944134078,
      "brier": 0.24908103035837462,
      "display_ready": true,
      "ece": null,
      "expectancy_bps": 25.599568093233774,
      "expectancy_maker_2bps": 23.599568093233774,
      "expectancy_taker_10bps": 15.599568093233774,
      "hit_down": 0.5604395604395604,
      "hit_rate": 0.5754189944134078,
      "hit_up": 0.5909090909090909,
      "logloss": 0.6913065396234526,
      "n": 179,
      "n_down": 91,
      "n_up": 88,
      "vs_majority_pp": 0.06145251396648044
    },
    "1h": {
      "always_down_rate": 0.38242574257425743,
      "always_up_rate": 0.6175742574257426,
      "base_rate": 0.525990099009901,
      "baseline_brier": 0.24932451475345557,
      "baseline_hit_rate": 0.525990099009901,
      "brier": 0.25014300911901816,
      "display_ready": true,
      "ece": null,
      "expectancy_bps": 3.304446786234621,
      "expectancy_maker_2bps": 1.304446786234621,
      "expectancy_taker_10bps": -6.695553213765378,
      "hit_down": 0.39945652173913043,
      "hit_rate": 0.525990099009901,
      "hit_up": 0.6318181818181818,
      "logloss": 0.6934337627826598,
      "n": 808,
      "n_down": 368,
      "n_up": 440,
      "vs_majority_pp": -0.09158415841584155
    },
    "24h": {
      "always_down_rate": 0.5111111111111111,
      "always_up_rate": 0.4888888888888889,
      "base_rate": 0.6333333333333333,
      "baseline_brier": 0.23222222222222225,
      "baseline_hit_rate": 0.6333333333333333,
      "brier": 0.24844432986949105,
      "display_ready": true,
      "ece": null,
      "expectancy_bps": 56.43259900384062,
      "expectancy_maker_2bps": 54.43259900384062,
      "expectancy_taker_10bps": 46.43259900384062,
      "hit_down": 0.6382978723404256,
      "hit_rate": 0.6333333333333333,
      "hit_up": 0.627906976744186,
      "logloss": 0.6900320429037062,
      "n": 90,
      "n_down": 47,
      "n_up": 43,
      "vs_majority_pp": 0.12222222222222223
    },
    "4h": {
      "always_down_rate": 0.42798353909465026,
      "always_up_rate": 0.5720164609053497,
      "base_rate": 0.5452674897119342,
      "baseline_brier": 0.24795085437517994,
      "baseline_hit_rate": 0.5452674897119342,
      "brier": 0.24998178799113432,
      "display_ready": true,
      "ece": null,
      "expectancy_bps": 6.856802902262145,
      "expectancy_maker_2bps": 4.856802902262145,
      "expectancy_taker_10bps": -3.143197097737855,
      "hit_down": 0.4723404255319149,
      "hit_rate": 0.5452674897119342,
      "hit_up": 0.6135458167330677,
      "logloss": 0.6931111588323837,
      "n": 486,
      "n_down": 235,
      "n_up": 251,
      "vs_majority_pp": -0.02674897119341557
    }
  },
  "by_model_version": {
    "v0.1.0-baseline-shadow": {
      "always_down_rate": 0.4147909967845659,
      "always_up_rate": 0.5852090032154341,
      "base_rate": 0.5434083601286174,
      "baseline_brier": 0.24811571427094425,
      "baseline_hit_rate": 0.5434083601286174,
      "brier": 0.2499441325248464,
      "display_ready": true,
      "ece": null,
      "expectancy_bps": 9.911097735346699,
      "expectancy_maker_2bps": 7.911097735346699,
      "expectancy_taker_10bps": -0.08890226465330109,
      "hit_down": 0.4559023066485753,
      "hit_rate": 0.5434083601286174,
      "hit_up": 0.6222493887530562,
      "logloss": 0.6930358878046268,
      "n": 1555,
      "n_down": 737,
      "n_up": 818,
      "vs_majority_pp": -0.04180064308681675
    },
    "v0.2.0-shadow-policy24": {
      "always_down_rate": 0.625,
      "always_up_rate": 0.375,
      "base_rate": 0.625,
      "baseline_brier": 0.234375,
      "baseline_hit_rate": 0.625,
      "brier": 0.23613354726562497,
      "display_ready": false,
      "ece": null,
      "expectancy_bps": 31.48735429342008,
      "expectancy_maker_2bps": 29.48735429342008,
      "expectancy_taker_10bps": 21.48735429342008,
      "hit_down": 0.75,
      "hit_rate": 0.625,
      "hit_up": 0.5,
      "logloss": 0.6653065548330662,
      "n": 8,
      "n_down": 4,
      "n_up": 4,
      "vs_majority_pp": 0.0
    }
  },
  "by_regime": {
    "bear": {
      "always_down_rate": 0.33333333333333337,
      "always_up_rate": 0.6666666666666666,
      "base_rate": 0.3333333333333333,
      "baseline_brier": 0.22222222222222224,
      "baseline_hit_rate": 0.6666666666666667,
      "brier": 0.2535373355968022,
      "display_ready": true,
      "ece": null,
      "expectancy_bps": -12.44964702244306,
      "expectancy_maker_2bps": -14.449647022443061,
      "expectancy_taker_10bps": -22.44964702244306,
      "hit_down": 0.3333333333333333,
      "hit_rate": 0.3333333333333333,
      "hit_up": null,
      "logloss": 0.7002250106092628,
      "n": 24,
      "n_down": 24,
      "n_up": 0,
      "vs_majority_pp": -0.3333333333333333
    },
    "bull": {
      "always_down_rate": 0.5333333333333333,
      "always_up_rate": 0.4666666666666667,
      "base_rate": 0.4666666666666667,
      "baseline_brier": 0.24888888888888888,
      "baseline_hit_rate": 0.5333333333333333,
      "brier": 0.2504852801769121,
      "display_ready": false,
      "ece": null,
      "expectancy_bps": -14.189011242639088,
      "expectancy_maker_2bps": -16.18901124263909,
      "expectancy_taker_10bps": -24.18901124263909,
      "hit_down": null,
      "hit_rate": 0.4666666666666667,
      "hit_up": 0.4666666666666667,
      "logloss": 0.6941184369855621,
      "n": 15,
      "n_down": 0,
      "n_up": 15,
      "vs_majority_pp": -0.06666666666666665
    },
    "chop": {
      "always_down_rate": 0.8666666666666667,
      "always_up_rate": 0.13333333333333333,
      "base_rate": 0.7333333333333333,
      "baseline_brier": 0.19555555555555554,
      "baseline_hit_rate": 0.7333333333333333,
      "brier": 0.2398927908833675,
      "display_ready": false,
      "ece": null,
      "expectancy_bps": 50.700163639581675,
      "expectancy_maker_2bps": 48.70016363958168,
      "expectancy_taker_10bps": 40.700163639581675,
      "hit_down": 0.8461538461538461,
      "hit_rate": 0.7333333333333333,
      "hit_up": 0.0,
      "logloss": 0.6728707198955435,
      "n": 15,
      "n_down": 13,
      "n_up": 2,
      "vs_majority_pp": -0.13333333333333341
    },
    "unknown": {
      "always_down_rate": 0.411530815109344,
      "always_up_rate": 0.588469184890656,
      "base_rate": 0.5460569913850232,