{
  "by_horizon": {
    "12h": {
      "base_rate": 0.5664335664335665,
      "baseline_brier": 0.24558658125091692,
      "baseline_hit_rate": 0.5664335664335665,
      "brier": 0.24936417698564534,
      "display_ready": true,
      "ece": null,
      "hit_rate": 0.5664335664335665,
      "logloss": 0.6918758497013305,
      "n": 143
    },
    "1h": {
      "base_rate": 0.5249221183800623,
      "baseline_brier": 0.24937888801545013,
      "baseline_hit_rate": 0.5249221183800623,
      "brier": 0.2502237231671825,
      "display_ready": true,
      "ece": null,
      "hit_rate": 0.5249221183800623,
      "logloss": 0.6935952856995311,
      "n": 642
    },
    "24h": {
      "base_rate": 0.6619718309859155,
      "baseline_brier": 0.22376512596707002,
      "baseline_hit_rate": 0.6619718309859155,
      "brier": 0.2481639613395502,
      "display_ready": true,
      "ece": null,
      "hit_rate": 0.6619718309859155,
      "logloss": 0.689474058368131,
      "n": 71
    },
    "4h": {
      "base_rate": 0.5392405063291139,
      "baseline_brier": 0.24846018266303477,
      "baseline_hit_rate": 0.5392405063291139,
      "brier": 0.2499857924745659,
      "display_ready": true,
      "ece": null,
      "hit_rate": 0.5392405063291139,
      "logloss": 0.6931190444442961,
      "n": 395
    }
  },
  "by_model_version": {
    "v0.1.0-baseline-shadow": {
      "base_rate": 0.5419664268585132,
      "baseline_brier": 0.24823881901672906,
      "baseline_hit_rate": 0.5419664268585132,
      "brier": 0.24993344273768187,
      "display_ready": true,
      "ece": null,
      "hit_rate": 0.5419664268585132,
      "logloss": 0.6930144689256783,
      "n": 1251
    }
  },
  "generated_at": "2026-07-08T23:20:40Z",
  "global": {
    "base_rate": 0.5419664268585132,
    "baseline_brier": 0.24823881901672906,
    "baseline_hit_rate": 0.5419664268585132,
    "brier": 0.24993344273768187,
    "display_ready": true,
    "ece": null,
    "hit_rate": 0.5419664268585132,
    "logloss": 0.6930144689256783,
    "n": 1251
  },
  "metrics_version": "metrics-v0.1.0",
  "min_n_display": 20,
  "rolling": {
    "30d": {
      "base_rate": 0.5682281059063137,
      "baseline_brier": 0.24534492556443685,
      "baseline_hit_rate": 0.5682281059063137,
      "brier": 0.249787222337109,
      "display_ready": true,
      "ece": null,
      "hit_rate": 0.5682281059063137,
      "logloss": 0.6927225824915243,
      "n": 491
    },
    "7d": {
      "base_rate": 0.5238095238095238,
      "baseline_brier": 0.2494331065759637,
      "baseline_hit_rate": 0.5238095238095238,
      "brier": 0.25012917960460246,
      "display_ready": true,
      "ece": null,
      "hit_rate": 0.5238095238095238,
      "logloss": 0.6934064241582593,
      "n": 126
    },
    "90d": {
      "base_rate": 0.5419664268585132,
      "baseline_brier": 0.24823881901672906,
      "baseline_hit_rate": 0.5419664268585132,
      "brier": 0.24993344273768187,
      "display_ready": true,
      "ece": null,
      "hit_rate": 0.5419664268585132,
      "logloss": 0.6930144689256783,
      "n": 1251
    }
  },
  "schema_version": "1",
  "total_forecasts": 1254,
  "total_resolved": 1251
}
