{
  "by_horizon": {
    "12h": {
      "base_rate": 0.5826771653543307,
      "baseline_brier": 0.24316448632897267,
      "baseline_hit_rate": 0.5826771653543307,
      "brier": 0.2492094579067889,
      "display_ready": true,
      "ece": null,
      "hit_rate": 0.5826771653543307,
      "logloss": 0.6915665115931984,
      "n": 127
    },
    "1h": {
      "base_rate": 0.5221238938053098,
      "baseline_brier": 0.24951053332289136,
      "baseline_hit_rate": 0.5221238938053098,
      "brier": 0.2502176644181025,
      "display_ready": true,
      "ece": null,
      "hit_rate": 0.5221238938053098,
      "logloss": 0.6935830525235783,
      "n": 565
    },
    "24h": {
      "base_rate": 0.6507936507936508,
      "baseline_brier": 0.22726127488032252,
      "baseline_hit_rate": 0.6507936507936508,
      "brier": 0.24818844148035107,
      "display_ready": true,
      "ece": null,
      "hit_rate": 0.6507936507936508,
      "logloss": 0.6895228375776471,
      "n": 63
    },
    "4h": {
      "base_rate": 0.5517241379310345,
      "baseline_brier": 0.2473246135552913,
      "baseline_hit_rate": 0.5517241379310345,
      "brier": 0.24975381230435864,
      "display_ready": true,
      "ece": null,
      "hit_rate": 0.5517241379310345,
      "logloss": 0.6926548805438459,
      "n": 348
    }
  },
  "by_model_version": {
    "v0.1.0-baseline-shadow": {
      "base_rate": 0.5457842248413418,
      "baseline_brier": 0.24790380475567747,
      "baseline_hit_rate": 0.5457842248413418,
      "brier": 0.24983932914376156,
      "display_ready": true,
      "ece": null,
      "hit_rate": 0.5457842248413418,
      "logloss": 0.6928261186262993,
      "n": 1103
    }
  },
  "generated_at": "2026-06-30T14:44:46Z",
  "global": {
    "base_rate": 0.5457842248413418,
    "baseline_brier": 0.24790380475567747,
    "baseline_hit_rate": 0.5457842248413418,
    "brier": 0.24983932914376156,
    "display_ready": true,
    "ece": null,
    "hit_rate": 0.5457842248413418,
    "logloss": 0.6928261186262993,
    "n": 1103
  },
  "metrics_version": "metrics-v0.1.0",
  "min_n_display": 20,
  "rolling": {
    "30d": {
      "base_rate": 0.5457842248413418,
      "baseline_brier": 0.24790380475567747,
      "baseline_hit_rate": 0.5457842248413418,
      "brier": 0.24983932914376156,
      "display_ready": true,
      "ece": null,
      "hit_rate": 0.5457842248413418,
      "logloss": 0.6928261186262993,
      "n": 1103
    },
    "7d": {
      "base_rate": 0.4745762711864407,
      "baseline_brier": 0.24935363401321456,
      "baseline_hit_rate": 0.5254237288135593,
      "brier": 0.2516498091269215,
      "display_ready": true,
      "ece": null,
      "hit_rate": 0.4745762711864407,
      "logloss": 0.6964502338411818,
      "n": 118
    },
    "90d": {
      "base_rate": 0.5457842248413418,
      "baseline_brier": 0.24790380475567747,
      "baseline_hit_rate": 0.5457842248413418,
      "brier": 0.24983932914376156,
      "display_ready": true,
      "ece": null,
      "hit_rate": 0.5457842248413418,
      "logloss": 0.6928261186262993,
      "n": 1103
    }
  },
  "schema_version": "1",
  "total_forecasts": 1107,
  "total_resolved": 1103
}
