{
  "by_horizon": {
    "12h": {
      "base_rate": 0.5555555555555556,
      "baseline_brier": 0.24691358024691357,
      "baseline_hit_rate": 0.5555555555555556,
      "brier": 0.24969815877738452,
      "display_ready": true,
      "ece": null,
      "hit_rate": 0.5555555555555556,
      "logloss": 0.6925441664286613,
      "n": 90
    },
    "1h": {
      "base_rate": 0.5117370892018779,
      "baseline_brier": 0.24986224073706714,
      "baseline_hit_rate": 0.5117370892018779,
      "brier": 0.25030963436355075,
      "display_ready": true,
      "ece": null,
      "hit_rate": 0.5117370892018779,
      "logloss": 0.693766863995724,
      "n": 426
    },
    "24h": {
      "base_rate": 0.6222222222222222,
      "baseline_brier": 0.23506172839506173,
      "baseline_hit_rate": 0.6222222222222222,
      "brier": 0.24842871804801223,
      "display_ready": true,
      "ece": null,
      "hit_rate": 0.6222222222222222,
      "logloss": 0.6900029465601712,
      "n": 45
    },
    "4h": {
      "base_rate": 0.5219123505976095,
      "baseline_brier": 0.24951984889128745,
      "baseline_hit_rate": 0.5219123505976095,
      "brier": 0.24974337204370856,
      "display_ready": true,
      "ece": null,
      "hit_rate": 0.5219123505976095,
      "logloss": 0.692633359769866,
      "n": 251
    }
  },
  "by_model_version": {
    "v0.1.0-baseline-shadow": {
      "base_rate": 0.5258620689655172,
      "baseline_brier": 0.2493311533888228,
      "baseline_hit_rate": 0.5258620689655172,
      "brier": 0.2499625827881387,
      "display_ready": true,
      "ece": null,
      "hit_rate": 0.5258620689655172,
      "logloss": 0.6930723706135492,
      "n": 812
    }
  },
  "generated_at": "2026-06-12T06:53:33Z",
  "global": {
    "base_rate": 0.5258620689655172,
    "baseline_brier": 0.2493311533888228,
    "baseline_hit_rate": 0.5258620689655172,
    "brier": 0.2499625827881387,
    "display_ready": true,
    "ece": null,
    "hit_rate": 0.5258620689655172,
    "logloss": 0.6930723706135492,
    "n": 812
  },
  "metrics_version": "metrics-v0.1.0",
  "min_n_display": 20,
  "rolling": {
    "30d": {
      "base_rate": 0.5258620689655172,
      "baseline_brier": 0.2493311533888228,
      "baseline_hit_rate": 0.5258620689655172,
      "brier": 0.2499625827881387,
      "display_ready": true,
      "ece": null,
      "hit_rate": 0.5258620689655172,
      "logloss": 0.6930723706135492,
      "n": 812
    },
    "7d": {
      "base_rate": 0.5258620689655172,
      "baseline_brier": 0.2493311533888228,
      "baseline_hit_rate": 0.5258620689655172,
      "brier": 0.2499625827881387,
      "display_ready": true,
      "ece": null,
      "hit_rate": 0.5258620689655172,
      "logloss": 0.6930723706135492,
      "n": 812
    },
    "90d": {
      "base_rate": 0.5258620689655172,
      "baseline_brier": 0.2493311533888228,
      "baseline_hit_rate": 0.5258620689655172,
      "brier": 0.2499625827881387,
      "display_ready": true,
      "ece": null,
      "hit_rate": 0.5258620689655172,
      "logloss": 0.6930723706135492,
      "n": 812
    }
  },
  "schema_version": "1",
  "total_forecasts": 814,
  "total_resolved": 812
}
