{
  "by_horizon": {
    "12h": {
      "base_rate": 0.5586206896551724,
      "baseline_brier": 0.24656361474435196,
      "baseline_hit_rate": 0.5586206896551724,
      "brier": 0.24951809525699065,
      "display_ready": true,
      "ece": null,
      "hit_rate": 0.5586206896551724,
      "logloss": 0.6921837973449548,
      "n": 145
    },
    "1h": {
      "base_rate": 0.5285053929121726,
      "baseline_brier": 0.24918744257492267,
      "baseline_hit_rate": 0.5285053929121726,
      "brier": 0.2501771821751315,
      "display_ready": true,
      "ece": null,
      "hit_rate": 0.5285053929121726,
      "logloss": 0.6935021856494914,
      "n": 649
    },
    "24h": {
      "base_rate": 0.6527777777777778,
      "baseline_brier": 0.22665895061728392,
      "baseline_hit_rate": 0.6527777777777778,
      "brier": 0.2482232263187979,
      "display_ready": true,
      "ece": null,
      "hit_rate": 0.6527777777777778,
      "logloss": 0.6895926033689225,
      "n": 72
    },
    "4h": {
      "base_rate": 0.5425,
      "baseline_brier": 0.24819375000000002,
      "baseline_hit_rate": 0.5425,
      "brier": 0.24997044261913565,
      "display_ready": true,
      "ece": null,
      "hit_rate": 0.5425,
      "logloss": 0.6930883426081798,
      "n": 400
    }
  },
  "by_model_version": {
    "v0.1.0-baseline-shadow": {
      "base_rate": 0.5434439178515008,
      "baseline_brier": 0.24811262600171205,
      "baseline_hit_rate": 0.5434439178515008,
      "brier": 0.24992524833059376,
      "display_ready": true,
      "ece": null,
      "hit_rate": 0.5434439178515008,
      "logloss": 0.692998083402348,
      "n": 1266
    }
  },
  "generated_at": "2026-07-09T23:39:07Z",
  "global": {
    "base_rate": 0.5434439178515008,
    "baseline_brier": 0.24811262600171205,
    "baseline_hit_rate": 0.5434439178515008,
    "brier": 0.24992524833059376,
    "display_ready": true,
    "ece": null,
    "hit_rate": 0.5434439178515008,
    "logloss": 0.692998083402348,
    "n": 1266
  },
  "metrics_version": "metrics-v0.1.0",
  "min_n_display": 20,
  "rolling": {
    "30d": {
      "base_rate": 0.5766871165644172,
      "baseline_brier": 0.24411908615303549,
      "baseline_hit_rate": 0.5766871165644172,
      "brier": 0.2496614426173886,
      "display_ready": true,
      "ece": null,
      "hit_rate": 0.5766871165644172,
      "logloss": 0.6924709627039579,
      "n": 489
    },
    "7d": {
      "base_rate": 0.5284552845528455,
      "baseline_brier": 0.24919029678101656,
      "baseline_hit_rate": 0.5284552845528455,
      "brier": 0.25001248712136287,
      "display_ready": true,
      "ece": null,
      "hit_rate": 0.5284552845528455,
      "logloss": 0.693172651332671,
      "n": 123
    },
    "90d": {
      "base_rate": 0.5434439178515008,
      "baseline_brier": 0.24811262600171205,
      "baseline_hit_rate": 0.5434439178515008,
      "brier": 0.24992524833059376,
      "display_ready": true,
      "ece": null,
      "hit_rate": 0.5434439178515008,
      "logloss": 0.692998083402348,
      "n": 1266
    }
  },
  "schema_version": "1",
  "total_forecasts": 1270,
  "total_resolved": 1266
}
