{
  "by_horizon": {
    "12h": {
      "base_rate": 0.5660377358490566,
      "baseline_brier": 0.2456390174439302,
      "baseline_hit_rate": 0.5660377358490566,
      "brier": 0.24958421316853432,
      "display_ready": true,
      "ece": null,
      "hit_rate": 0.5660377358490566,
      "logloss": 0.692316152619404,
      "n": 159
    },
    "1h": {
      "base_rate": 0.5262430939226519,
      "baseline_brier": 0.24931130002136687,
      "baseline_hit_rate": 0.5262430939226519,
      "brier": 0.2502088861123143,
      "display_ready": true,
      "ece": null,
      "hit_rate": 0.5262430939226519,
      "logloss": 0.6935655886075417,
      "n": 724
    },
    "24h": {
      "base_rate": 0.6329113924050633,
      "baseline_brier": 0.23233456176894726,
      "baseline_hit_rate": 0.6329113924050633,
      "brier": 0.24876630274045292,
      "display_ready": true,
      "ece": null,
      "hit_rate": 0.6329113924050633,
      "logloss": 0.6906793139554366,
      "n": 79
    },
    "4h": {
      "base_rate": 0.5396825396825397,
      "baseline_brier": 0.24842529604434366,
      "baseline_hit_rate": 0.5396825396825397,
      "brier": 0.25012272152862747,
      "display_ready": true,
      "ece": null,
      "hit_rate": 0.5396825396825397,
      "logloss": 0.6933930947462187,
      "n": 441
    }
  },
  "by_model_version": {
    "v0.1.0-baseline-shadow": {
      "base_rate": 0.5409836065573771,
      "baseline_brier": 0.24832034399355013,
      "baseline_hit_rate": 0.5409836065573771,
      "brier": 0.25002978014948896,
      "display_ready": true,
      "ece": null,
      "hit_rate": 0.5409836065573771,
      "logloss": 0.6932072523192497,
      "n": 1403
    }
  },
  "generated_at": "2026-07-16T22:12:18Z",
  "global": {
    "base_rate": 0.5409836065573771,
    "baseline_brier": 0.24832034399355013,
    "baseline_hit_rate": 0.5409836065573771,
    "brier": 0.25002978014948896,
    "display_ready": true,
    "ece": null,
    "hit_rate": 0.5409836065573771,
    "logloss": 0.6932072523192497,
    "n": 1403
  },
  "metrics_version": "metrics-v0.1.0",
  "min_n_display": 20,
  "rolling": {
    "30d": {
      "base_rate": 0.54510556621881,
      "baseline_brier": 0.24796548789608058,
      "baseline_hit_rate": 0.54510556621881,
      "brier": 0.2504402326635669,
      "display_ready": true,
      "ece": null,
      "hit_rate": 0.54510556621881,
      "logloss": 0.6940291262798315,
      "n": 521
    },
    "7d": {
      "base_rate": 0.5217391304347826,
      "baseline_brier": 0.24952741020793953,
      "baseline_hit_rate": 0.5217391304347826,
      "brier": 0.2509089620850812,
      "display_ready": true,
      "ece": null,
      "hit_rate": 0.5217391304347826,
      "logloss": 0.6949665522845336,
      "n": 138
    },
    "90d": {
      "base_rate": 0.5409836065573771,
      "baseline_brier": 0.24832034399355013,
      "baseline_hit_rate": 0.5409836065573771,
      "brier": 0.25002978014948896,
      "display_ready": true,
      "ece": null,
      "hit_rate": 0.5409836065573771,
      "logloss": 0.6932072523192497,
      "n": 1403
    }
  },
  "schema_version": "1",
  "total_forecasts": 1406,
  "total_resolved": 1403
}
