{
  "by_horizon": {
    "12h": {
      "base_rate": 0.5660377358490566,
      "baseline_brier": 0.2456390174439302,
      "baseline_hit_rate": 0.5660377358490566,
      "brier": 0.24958421316853432,
      "display_ready": true,
      "ece": null,
      "hit_rate": 0.5660377358490566,
      "logloss": 0.692316152619404,
      "n": 159
    },
    "1h": {
      "base_rate": 0.5285118219749653,
      "baseline_brier": 0.2491870760076679,
      "baseline_hit_rate": 0.5285118219749653,
      "brier": 0.2501796119674091,
      "display_ready": true,
      "ece": null,
      "hit_rate": 0.5285118219749653,
      "logloss": 0.6935070379660827,
      "n": 719
    },
    "24h": {
      "base_rate": 0.6329113924050633,
      "baseline_brier": 0.23233456176894726,
      "baseline_hit_rate": 0.6329113924050633,
      "brier": 0.24876630274045292,
      "display_ready": true,
      "ece": null,
      "hit_rate": 0.6329113924050633,
      "logloss": 0.6906793139554366,
      "n": 79
    },
    "4h": {
      "base_rate": 0.5398633257403189,
      "baseline_brier": 0.2484109152609212,
      "baseline_hit_rate": 0.5398633257403189,
      "brier": 0.25010580608511185,
      "display_ready": true,
      "ece": null,
      "hit_rate": 0.5398633257403189,
      "logloss": 0.69335925738335,
      "n": 439
    }
  },
  "by_model_version": {
    "v0.1.0-baseline-shadow": {
      "base_rate": 0.5422636103151862,
      "baseline_brier": 0.24821378724312607,
      "baseline_hit_rate": 0.5422636103151862,
      "brier": 0.2500086086577536,
      "display_ready": true,
      "ece": null,
      "hit_rate": 0.5422636103151862,
      "logloss": 0.6931649057004791,
      "n": 1396
    }
  },
  "generated_at": "2026-07-16T14:25:39Z",
  "global": {
    "base_rate": 0.5422636103151862,
    "baseline_brier": 0.24821378724312607,
    "baseline_hit_rate": 0.5422636103151862,
    "brier": 0.2500086086577536,
    "display_ready": true,
    "ece": null,
    "hit_rate": 0.5422636103151862,
    "logloss": 0.6931649057004791,
    "n": 1396
  },
  "metrics_version": "metrics-v0.1.0",
  "min_n_display": 20,
  "rolling": {
    "30d": {
      "base_rate": 0.5529865125240848,
      "baseline_brier": 0.24719242949053502,
      "baseline_hit_rate": 0.5529865125240848,
      "brier": 0.2503765889577072,
      "display_ready": true,
      "ece": null,
      "hit_rate": 0.5529865125240848,
      "logloss": 0.6939018278754415,
      "n": 519
    },
    "7d": {
      "base_rate": 0.5474452554744526,
      "baseline_brier": 0.2477489477329639,
      "baseline_hit_rate": 0.5474452554744526,
      "brier": 0.25051252299493953,
      "display_ready": true,
      "ece": null,
      "hit_rate": 0.5474452554744526,
      "logloss": 0.6941735867022999,
      "n": 137
    },
    "90d": {
      "base_rate": 0.5422636103151862,
      "baseline_brier": 0.24821378724312607,
      "baseline_hit_rate": 0.5422636103151862,
      "brier": 0.2500086086577536,
      "display_ready": true,
      "ece": null,
      "hit_rate": 0.5422636103151862,
      "logloss": 0.6931649057004791,
      "n": 1396
    }
  },
  "schema_version": "1",
  "total_forecasts": 1400,
  "total_resolved": 1396
}
