{
  "by_horizon": {
    "12h": {
      "base_rate": 0.6,
      "baseline_brier": 0.24000000000000002,
      "baseline_hit_rate": 0.6,
      "brier": 0.24892537425472402,
      "display_ready": true,
      "ece": null,
      "hit_rate": 0.6,
      "logloss": 0.6909981583356039,
      "n": 110
    },
    "1h": {
      "base_rate": 0.5321285140562249,
      "baseline_brier": 0.24896775858453898,
      "baseline_hit_rate": 0.5321285140562249,
      "brier": 0.25007381238916004,
      "display_ready": true,
      "ece": null,
      "hit_rate": 0.5321285140562249,
      "logloss": 0.6932951047166303,
      "n": 498
    },
    "24h": {
      "base_rate": 0.6363636363636364,
      "baseline_brier": 0.23140495867768593,
      "baseline_hit_rate": 0.6363636363636364,
      "brier": 0.24806801844135692,
      "display_ready": true,
      "ece": null,
      "hit_rate": 0.6363636363636364,
      "logloss": 0.6892816613055586,
      "n": 55
    },
    "4h": {
      "base_rate": 0.5544554455445545,
      "baseline_brier": 0.24703460445054407,
      "baseline_hit_rate": 0.5544554455445545,
      "brier": 0.2495629189846488,
      "display_ready": true,
      "ece": null,
      "hit_rate": 0.5544554455445545,
      "logloss": 0.6922727036960209,
      "n": 303
    }
  },
  "by_model_version": {
    "v0.1.0-baseline-shadow": {
      "base_rate": 0.5527950310559007,
      "baseline_brier": 0.24721268469580648,
      "baseline_hit_rate": 0.5527950310559007,
      "brier": 0.24966858716816206,
      "display_ready": true,
      "ece": null,
      "hit_rate": 0.5527950310559007,
      "logloss": 0.6924843479891286,
      "n": 966
    }
  },
  "generated_at": "2026-06-22T05:33:27Z",
  "global": {
    "base_rate": 0.5527950310559007,
    "baseline_brier": 0.24721268469580648,
    "baseline_hit_rate": 0.5527950310559007,
    "brier": 0.24966858716816206,
    "display_ready": true,
    "ece": null,
    "hit_rate": 0.5527950310559007,
    "logloss": 0.6924843479891286,
    "n": 966
  },
  "metrics_version": "metrics-v0.1.0",
  "min_n_display": 20,
  "rolling": {
    "30d": {
      "base_rate": 0.5527950310559007,
      "baseline_brier": 0.24721268469580648,
      "baseline_hit_rate": 0.5527950310559007,
      "brier": 0.24966858716816206,
      "display_ready": true,
      "ece": null,
      "hit_rate": 0.5527950310559007,
      "logloss": 0.6924843479891286,
      "n": 966
    },
    "7d": {
      "base_rate": 0.7211538461538461,
      "baseline_brier": 0.20109097633136092,
      "baseline_hit_rate": 0.7211538461538461,
      "brier": 0.24796591488606048,
      "display_ready": true,
      "ece": null,
      "hit_rate": 0.7211538461538461,
      "logloss": 0.689079043651468,
      "n": 104
    },
    "90d": {
      "base_rate": 0.5527950310559007,
      "baseline_brier": 0.24721268469580648,
      "baseline_hit_rate": 0.5527950310559007,
      "brier": 0.24966858716816206,
      "display_ready": true,
      "ece": null,
      "hit_rate": 0.5527950310559007,
      "logloss": 0.6924843479891286,
      "n": 966
    }
  },
  "schema_version": "1",
  "total_forecasts": 970,
  "total_resolved": 966
}
