{
  "by_horizon": {
    "12h": {
      "base_rate": 0.5948275862068966,
      "baseline_brier": 0.2410077288941736,
      "baseline_hit_rate": 0.5948275862068966,
      "brier": 0.24911743516074833,
      "display_ready": true,
      "ece": null,
      "hit_rate": 0.5948275862068966,
      "logloss": 0.6913825608303197,
      "n": 116
    },
    "1h": {
      "base_rate": 0.5297504798464492,
      "baseline_brier": 0.249114908948906,
      "baseline_hit_rate": 0.5297504798464492,
      "brier": 0.2501123028287042,
      "display_ready": true,
      "ece": null,
      "hit_rate": 0.5297504798464492,
      "logloss": 0.6933722556493374,
      "n": 521
    },
    "24h": {
      "base_rate": 0.6551724137931034,
      "baseline_brier": 0.2259215219976219,
      "baseline_hit_rate": 0.6551724137931034,
      "brier": 0.24799290452775993,
      "display_ready": true,
      "ece": null,
      "hit_rate": 0.6551724137931034,
      "logloss": 0.6891315004463346,
      "n": 58
    },
    "4h": {
      "base_rate": 0.554858934169279,
      "baseline_brier": 0.2469904973418107,
      "baseline_hit_rate": 0.554858934169279,
      "brier": 0.24960558305910502,
      "display_ready": true,
      "ece": null,
      "hit_rate": 0.554858934169279,
      "logloss": 0.6923583038152772,
      "n": 319
    }
  },
  "by_model_version": {
    "v0.1.0-baseline-shadow": {
      "base_rate": 0.5522682445759369,
      "baseline_brier": 0.24726803060895006,
      "baseline_hit_rate": 0.5522682445759369,
      "brier": 0.2497178517858642,
      "display_ready": true,
      "ece": null,
      "hit_rate": 0.5522682445759369,
      "logloss": 0.6925830850025471,
      "n": 1014
    }
  },
  "generated_at": "2026-06-25T11:47:52Z",
  "global": {
    "base_rate": 0.5522682445759369,
    "baseline_brier": 0.24726803060895006,
    "baseline_hit_rate": 0.5522682445759369,
    "brier": 0.2497178517858642,
    "display_ready": true,
    "ece": null,
    "hit_rate": 0.5522682445759369,
    "logloss": 0.6925830850025471,
    "n": 1014
  },
  "metrics_version": "metrics-v0.1.0",
  "min_n_display": 20,
  "rolling": {
    "30d": {
      "base_rate": 0.5522682445759369,
      "baseline_brier": 0.24726803060895006,
      "baseline_hit_rate": 0.5522682445759369,
      "brier": 0.2497178517858642,
      "display_ready": true,
      "ece": null,
      "hit_rate": 0.5522682445759369,
      "logloss": 0.6925830850025471,
      "n": 1014
    },
    "7d": {
      "base_rate": 0.6517857142857143,
      "baseline_brier": 0.2269610969387755,
      "baseline_hit_rate": 0.6517857142857143,
      "brier": 0.24909527585508587,
      "display_ready": true,
      "ece": null,
      "hit_rate": 0.6517857142857143,
      "logloss": 0.6913396918377958,
      "n": 112
    },
    "90d": {
      "base_rate": 0.5522682445759369,
      "baseline_brier": 0.24726803060895006,
      "baseline_hit_rate": 0.5522682445759369,
      "brier": 0.2497178517858642,
      "display_ready": true,
      "ece": null,
      "hit_rate": 0.5522682445759369,
      "logloss": 0.6925830850025471,
      "n": 1014
    }
  },
  "schema_version": "1",
  "total_forecasts": 1017,
  "total_resolved": 1014
}
