{
  "by_horizon": {
    "12h": {
      "base_rate": 0.5785714285714286,
      "baseline_brier": 0.2438265306122449,
      "baseline_hit_rate": 0.5785714285714286,
      "brier": 0.2492173015694245,
      "display_ready": true,
      "ece": null,
      "hit_rate": 0.5785714285714286,
      "logloss": 0.6915820440867769,
      "n": 140
    },
    "1h": {
      "base_rate": 0.5303514376996805,
      "baseline_brier": 0.2490787902295624,
      "baseline_hit_rate": 0.5303514376996805,
      "brier": 0.25012417106969126,
      "display_ready": true,
      "ece": null,
      "hit_rate": 0.5303514376996805,
      "logloss": 0.693396137410463,
      "n": 626
    },
    "24h": {
      "base_rate": 0.6714285714285714,
      "baseline_brier": 0.2206122448979592,
      "baseline_hit_rate": 0.6714285714285714,
      "brier": 0.24792540661556606,
      "display_ready": true,
      "ece": null,
      "hit_rate": 0.6714285714285714,
      "logloss": 0.6889968115631677,
      "n": 70
    },
    "4h": {
      "base_rate": 0.5466321243523317,
      "baseline_brier": 0.24782544497838868,
      "baseline_hit_rate": 0.5466321243523317,
      "brier": 0.24995041589318318,
      "display_ready": true,
      "ece": null,
      "hit_rate": 0.5466321243523317,
      "logloss": 0.6930483084826028,
      "n": 386
    }
  },
  "by_model_version": {
    "v0.1.0-baseline-shadow": {
      "base_rate": 0.5490998363338789,
      "baseline_brier": 0.24758920607198628,
      "baseline_hit_rate": 0.5490998363338789,
      "brier": 0.2498394372399382,
      "display_ready": true,
      "ece": null,
      "hit_rate": 0.5490998363338789,
      "logloss": 0.6928264255931301,
      "n": 1222
    }
  },
  "generated_at": "2026-07-07T08:45:21Z",
  "global": {
    "base_rate": 0.5490998363338789,
    "baseline_brier": 0.24758920607198628,
    "baseline_hit_rate": 0.5490998363338789,
    "brier": 0.2498394372399382,
    "display_ready": true,
    "ece": null,
    "hit_rate": 0.5490998363338789,
    "logloss": 0.6928264255931301,
    "n": 1222
  },
  "metrics_version": "metrics-v0.1.0",
  "min_n_display": 20,
  "rolling": {
    "30d": {
      "base_rate": 0.5490998363338789,
      "baseline_brier": 0.24758920607198628,
      "baseline_hit_rate": 0.5490998363338789,
      "brier": 0.2498394372399382,
      "display_ready": true,
      "ece": null,
      "hit_rate": 0.5490998363338789,
      "logloss": 0.6928264255931301,
      "n": 1222
    },
    "7d": {
      "base_rate": 0.5934959349593496,
      "baseline_brier": 0.24125851014607705,
      "baseline_hit_rate": 0.5934959349593496,
      "brier": 0.24966335434561127,
      "display_ready": true,
      "ece": null,
      "hit_rate": 0.5934959349593496,
      "logloss": 0.6924750394003072,
      "n": 123
    },
    "90d": {
      "base_rate": 0.5490998363338789,
      "baseline_brier": 0.24758920607198628,
      "baseline_hit_rate": 0.5490998363338789,
      "brier": 0.2498394372399382,
      "display_ready": true,
      "ece": null,
      "hit_rate": 0.5490998363338789,
      "logloss": 0.6928264255931301,
      "n": 1222
    }
  },
  "schema_version": "1",
  "total_forecasts": 1226,
  "total_resolved": 1222
}
