{
  "by_horizon": {
    "12h": {
      "base_rate": 0.5705521472392638,
      "baseline_brier": 0.24502239451992922,
      "baseline_hit_rate": 0.5705521472392638,
      "brier": 0.24947611445318854,
      "display_ready": true,
      "ece": null,
      "hit_rate": 0.5705521472392638,
      "logloss": 0.6920999074018285,
      "n": 163
    },
    "1h": {
      "base_rate": 0.5295698924731183,
      "baseline_brier": 0.24912562145912823,
      "baseline_hit_rate": 0.5295698924731183,
      "brier": 0.25017381063677924,
      "display_ready": true,
      "ece": null,
      "hit_rate": 0.5295698924731183,
      "logloss": 0.6934954277096936,
      "n": 744
    },
    "24h": {
      "base_rate": 0.6296296296296297,
      "baseline_brier": 0.23319615912208505,
      "baseline_hit_rate": 0.6296296296296297,
      "brier": 0.2489107180523578,
      "display_ready": true,
      "ece": null,
      "hit_rate": 0.6296296296296297,
      "logloss": 0.6909681935182765,
      "n": 81
    },
    "4h": {
      "base_rate": 0.5432372505543237,
      "baseline_brier": 0.24813054016450264,
      "baseline_hit_rate": 0.5432372505543237,
      "brier": 0.25007815064651423,
      "display_ready": true,
      "ece": null,
      "hit_rate": 0.5432372505543237,
      "logloss": 0.6933039517297017,
      "n": 451
    }
  },
  "by_model_version": {
    "v0.1.0-baseline-shadow": {
      "base_rate": 0.5441278665740097,
      "baseline_brier": 0.2480527313916264,
      "baseline_hit_rate": 0.5441278665740097,
      "brier": 0.24999370109343458,
      "display_ready": true,
      "ece": null,
      "hit_rate": 0.5441278665740097,
      "logloss": 0.6931350861901223,
      "n": 1439
    }
  },
  "generated_at": "2026-07-18T15:08:35Z",
  "global": {
    "base_rate": 0.5441278665740097,
    "baseline_brier": 0.2480527313916264,
    "baseline_hit_rate": 0.5441278665740097,
    "brier": 0.24999370109343458,
    "display_ready": true,
    "ece": null,
    "hit_rate": 0.5441278665740097,
    "logloss": 0.6931350861901223,
    "n": 1439
  },
  "metrics_version": "metrics-v0.1.0",
  "min_n_display": 20,
  "rolling": {
    "30d": {
      "base_rate": 0.552434456928839,
      "baseline_brier": 0.24725062772657774,
      "baseline_hit_rate": 0.552434456928839,
      "brier": 0.2502901367800949,
      "display_ready": true,
      "ece": null,
      "hit_rate": 0.552434456928839,
      "logloss": 0.6937288115555008,
      "n": 534
    },
    "7d": {
      "base_rate": 0.5454545454545454,
      "baseline_brier": 0.24793388429752064,
      "baseline_hit_rate": 0.5454545454545454,
      "brier": 0.2505011007372789,
      "display_ready": true,
      "ece": null,
      "hit_rate": 0.5454545454545454,
      "logloss": 0.6941506790685873,
      "n": 143
    },
    "90d": {
      "base_rate": 0.5441278665740097,
      "baseline_brier": 0.2480527313916264,
      "baseline_hit_rate": 0.5441278665740097,
      "brier": 0.24999370109343458,
      "display_ready": true,
      "ece": null,
      "hit_rate": 0.5441278665740097,
      "logloss": 0.6931350861901223,
      "n": 1439
    }
  },
  "schema_version": "1",
  "total_forecasts": 1442,
  "total_resolved": 1439
}
