{
  "by_horizon": {
    "12h": {
      "base_rate": 0.5882352941176471,
      "baseline_brier": 0.2422145328719723,
      "baseline_hit_rate": 0.5882352941176471,
      "brier": 0.24912619982382828,
      "display_ready": true,
      "ece": null,
      "hit_rate": 0.5882352941176471,
      "logloss": 0.6914000142360712,
      "n": 119
    },
    "1h": {
      "base_rate": 0.5245283018867924,
      "baseline_brier": 0.2493983624065504,
      "baseline_hit_rate": 0.5245283018867924,
      "brier": 0.25022293813787516,
      "display_ready": true,
      "ece": null,
      "hit_rate": 0.5245283018867924,
      "logloss": 0.6935936285198838,
      "n": 530
    },
    "24h": {
      "base_rate": 0.6610169491525424,
      "baseline_brier": 0.2240735420856076,
      "baseline_hit_rate": 0.6610169491525424,
      "brier": 0.24780184053232435,
      "display_ready": true,
      "ece": null,
      "hit_rate": 0.6610169491525424,
      "logloss": 0.6887492896305644,
      "n": 59
    },
    "4h": {
      "base_rate": 0.549079754601227,
      "baseline_brier": 0.24759117768828334,
      "baseline_hit_rate": 0.549079754601227,
      "brier": 0.2497230543970739,
      "display_ready": true,
      "ece": null,
      "hit_rate": 0.549079754601227,
      "logloss": 0.6925933504736198,
      "n": 326
    }
  },
  "by_model_version": {
    "v0.1.0-baseline-shadow": {
      "base_rate": 0.5473887814313346,
      "baseline_brier": 0.2477543033944532,
      "baseline_hit_rate": 0.5473887814313346,
      "brier": 0.24980096645741062,
      "display_ready": true,
      "ece": null,
      "hit_rate": 0.5473887814313346,
      "logloss": 0.6927493860273057,
      "n": 1034
    }
  },
  "generated_at": "2026-06-26T15:29:38Z",
  "global": {
    "base_rate": 0.5473887814313346,
    "baseline_brier": 0.2477543033944532,
    "baseline_hit_rate": 0.5473887814313346,
    "brier": 0.24980096645741062,
    "display_ready": true,
    "ece": null,
    "hit_rate": 0.5473887814313346,
    "logloss": 0.6927493860273057,
    "n": 1034
  },
  "metrics_version": "metrics-v0.1.0",
  "min_n_display": 20,
  "rolling": {
    "30d": {
      "base_rate": 0.5473887814313346,
      "baseline_brier": 0.2477543033944532,
      "baseline_hit_rate": 0.5473887814313346,
      "brier": 0.24980096645741062,
      "display_ready": true,
      "ece": null,
      "hit_rate": 0.5473887814313346,
      "logloss": 0.6927493860273057,
      "n": 1034
    },
    "7d": {
      "base_rate": 0.591304347826087,
      "baseline_brier": 0.24166351606805295,
      "baseline_hit_rate": 0.591304347826087,
      "brier": 0.2500348519937898,
      "display_ready": true,
      "ece": null,
      "hit_rate": 0.591304347826087,
      "logloss": 0.6932193409071612,
      "n": 115
    },
    "90d": {
      "base_rate": 0.5473887814313346,
      "baseline_brier": 0.2477543033944532,
      "baseline_hit_rate": 0.5473887814313346,
      "brier": 0.24980096645741062,
      "display_ready": true,
      "ece": null,
      "hit_rate": 0.5473887814313346,
      "logloss": 0.6927493860273057,
      "n": 1034
    }
  },
  "schema_version": "1",
  "total_forecasts": 1037,
  "total_resolved": 1034
}
