{
  "by_horizon": {
    "12h": {
      "base_rate": 0.591304347826087,
      "baseline_brier": 0.24166351606805295,
      "baseline_hit_rate": 0.591304347826087,
      "brier": 0.24914588192717993,
      "display_ready": true,
      "ece": null,
      "hit_rate": 0.591304347826087,
      "logloss": 0.6914394604701161,
      "n": 115
    },
    "1h": {
      "base_rate": 0.5319148936170213,
      "baseline_brier": 0.2489814395654142,
      "baseline_hit_rate": 0.5319148936170213,
      "brier": 0.2500321801344177,
      "display_ready": true,
      "ece": null,
      "hit_rate": 0.5319148936170213,
      "logloss": 0.6932119349999237,
      "n": 517
    },
    "24h": {
      "base_rate": 0.6491228070175439,
      "baseline_brier": 0.22776238842720836,
      "baseline_hit_rate": 0.6491228070175439,
      "brier": 0.24798094119803063,
      "display_ready": true,
      "ece": null,
      "hit_rate": 0.6491228070175439,
      "logloss": 0.6891075477701932,
      "n": 57
    },
    "4h": {
      "base_rate": 0.5583596214511041,
      "baseline_brier": 0.24659415458408382,
      "baseline_hit_rate": 0.5583596214511041,
      "brier": 0.24942518197156674,
      "display_ready": true,
      "ece": null,
      "hit_rate": 0.5583596214511041,
      "logloss": 0.6919968592729923,
      "n": 317
    }
  },
  "by_model_version": {
    "v0.1.0-baseline-shadow": {
      "base_rate": 0.5536779324055666,
      "baseline_brier": 0.24711867957266342,
      "baseline_hit_rate": 0.5536779324055666,
      "brier": 0.24962336966639564,
      "display_ready": true,
      "ece": null,
      "hit_rate": 0.5536779324055666,
      "logloss": 0.6923938796833633,
      "n": 1006
    }
  },
  "generated_at": "2026-06-24T21:41:05Z",
  "global": {
    "base_rate": 0.5536779324055666,
    "baseline_brier": 0.24711867957266342,
    "baseline_hit_rate": 0.5536779324055666,
    "brier": 0.24962336966639564,
    "display_ready": true,
    "ece": null,
    "hit_rate": 0.5536779324055666,
    "logloss": 0.6923938796833633,
    "n": 1006
  },
  "metrics_version": "metrics-v0.1.0",
  "min_n_display": 20,
  "rolling": {
    "30d": {
      "base_rate": 0.5536779324055666,
      "baseline_brier": 0.24711867957266342,
      "baseline_hit_rate": 0.5536779324055666,
      "brier": 0.24962336966639564,
      "display_ready": true,
      "ece": null,
      "hit_rate": 0.5536779324055666,
      "logloss": 0.6923938796833633,
      "n": 1006
    },
    "7d": {
      "base_rate": 0.6576576576576577,
      "baseline_brier": 0.22514406298190082,
      "baseline_hit_rate": 0.6576576576576577,
      "brier": 0.24856129358373633,
      "display_ready": true,
      "ece": null,
      "hit_rate": 0.6576576576576577,
      "logloss": 0.6902699102328068,
      "n": 111
    },
    "90d": {
      "base_rate": 0.5536779324055666,
      "baseline_brier": 0.24711867957266342,
      "baseline_hit_rate": 0.5536779324055666,
      "brier": 0.24962336966639564,
      "display_ready": true,
      "ece": null,
      "hit_rate": 0.5536779324055666,
      "logloss": 0.6923938796833633,
      "n": 1006
    }
  },
  "schema_version": "1",
  "total_forecasts": 1009,
  "total_resolved": 1006
}
