{
  "by_horizon": {
    "12h": {
      "base_rate": 0.5909090909090909,
      "baseline_brier": 0.24173553719008264,
      "baseline_hit_rate": 0.5909090909090909,
      "brier": 0.2489456358443866,
      "display_ready": true,
      "ece": null,
      "hit_rate": 0.5909090909090909,
      "logloss": 0.6910385776534487,
      "n": 132
    },
    "1h": {
      "base_rate": 0.5221088435374149,
      "baseline_brier": 0.24951119903743813,
      "baseline_hit_rate": 0.5221088435374149,
      "brier": 0.250285691114197,
      "display_ready": true,
      "ece": null,
      "hit_rate": 0.5221088435374149,
      "logloss": 0.6937192466991986,
      "n": 588
    },
    "24h": {
      "base_rate": 0.6515151515151515,
      "baseline_brier": 0.22704315886134066,
      "baseline_hit_rate": 0.6515151515151515,
      "brier": 0.24820799421607165,
      "display_ready": true,
      "ece": null,
      "hit_rate": 0.6515151515151515,
      "logloss": 0.6895619681581153,
      "n": 66
    },
    "4h": {
      "base_rate": 0.5521978021978022,
      "baseline_brier": 0.24727538944571914,
      "baseline_hit_rate": 0.5521978021978022,
      "brier": 0.249832569260935,
      "display_ready": true,
      "ece": null,
      "hit_rate": 0.5521978021978022,
      "logloss": 0.6928125469401246,
      "n": 364
    }
  },
  "by_model_version": {
    "v0.1.0-baseline-shadow": {
      "base_rate": 0.5469565217391305,
      "baseline_brier": 0.24779508506616257,
      "baseline_hit_rate": 0.5469565217391305,
      "brier": 0.24986921142247648,
      "display_ready": true,
      "ece": null,
      "hit_rate": 0.5469565217391305,
      "logloss": 0.6928859706904565,
      "n": 1150
    }
  },
  "generated_at": "2026-07-03T11:01:34Z",
  "global": {
    "base_rate": 0.5469565217391305,
    "baseline_brier": 0.24779508506616257,
    "baseline_hit_rate": 0.5469565217391305,
    "brier": 0.24986921142247648,
    "display_ready": true,
    "ece": null,
    "hit_rate": 0.5469565217391305,
    "logloss": 0.6928859706904565,
    "n": 1150
  },
  "metrics_version": "metrics-v0.1.0",
  "min_n_display": 20,
  "rolling": {
    "30d": {
      "base_rate": 0.5469565217391305,
      "baseline_brier": 0.24779508506616257,
      "baseline_hit_rate": 0.5469565217391305,
      "brier": 0.24986921142247648,
      "display_ready": true,
      "ece": null,
      "hit_rate": 0.5469565217391305,
      "logloss": 0.6928859706904565,
      "n": 1150
    },
    "7d": {
      "base_rate": 0.55,
      "baseline_brier": 0.2475,
      "baseline_hit_rate": 0.55,
      "brier": 0.25028711111954566,
      "display_ready": true,
      "ece": null,
      "hit_rate": 0.55,
      "logloss": 0.693722455367476,
      "n": 120
    },
    "90d": {
      "base_rate": 0.5469565217391305,
      "baseline_brier": 0.24779508506616257,
      "baseline_hit_rate": 0.5469565217391305,
      "brier": 0.24986921142247648,
      "display_ready": true,
      "ece": null,
      "hit_rate": 0.5469565217391305,
      "logloss": 0.6928859706904565,
      "n": 1150
    }
  },
  "schema_version": "1",
  "total_forecasts": 1154,
  "total_resolved": 1150
}
