{
  "by_direction": {
    "down": {
      "always_down_rate": 0.4530386740331491,
      "always_up_rate": 0.5469613259668509,
      "base_rate": 0.4530386740331492,
      "baseline_brier": 0.2477946338634352,
      "baseline_hit_rate": 0.5469613259668509,
      "brier": 0.25097700285769997,
      "display_ready": true,
      "ece": null,
      "expectancy_bps": 4.582503362316478,
      "expectancy_maker_2bps": 2.5825033623164777,
      "expectancy_taker_10bps": -5.417496637683523,
      "hit_down": 0.4530386740331492,
      "hit_rate": 0.4530386740331492,
      "hit_up": null,
      "logloss": 0.6951017149364561,
      "n": 724,
      "n_down": 724,
      "n_up": 0,
      "vs_majority_pp": -0.0939226519337017
    },
    "up": {
      "always_down_rate": 0.37926829268292683,
      "always_up_rate": 0.6207317073170732,
      "base_rate": 0.6207317073170732,
      "baseline_brier": 0.2354238548483046,
      "baseline_hit_rate": 0.6207317073170732,
      "brier": 0.24900830687311168,
      "display_ready": true,
      "ece": null,
      "expectancy_bps": 14.402453323334115,
      "expectancy_maker_2bps": 12.402453323334113,
      "expectancy_taker_10bps": 4.402453323334114,
      "hit_down": null,
      "hit_rate": 0.6207317073170732,
      "hit_up": 0.6207317073170732,
      "logloss": 0.69116385876222,
      "n": 820,
      "n_down": 0,
      "n_up": 820,
      "vs_majority_pp": 0.0
    }
  },
  "by_horizon": {
    "12h": {
      "always_down_rate": 0.480225988700565,
      "always_up_rate": 0.519774011299435,
      "base_rate": 0.5706214689265536,
      "baseline_brier": 0.2450126081266558,
      "baseline_hit_rate": 0.5706214689265536,
      "brier": 0.24935079605949775,
      "display_ready": true,
      "ece": null,
      "expectancy_bps": 24.80229155345435,
      "expectancy_maker_2bps": 22.80229155345435,
      "expectancy_taker_10bps": 14.80229155345435,
      "hit_down": 0.550561797752809,
      "hit_rate": 0.5706214689265536,
      "hit_up": 0.5909090909090909,
      "logloss": 0.6918477930640936,
      "n": 177,
      "n_down": 89,
      "n_up": 88,
      "vs_majority_pp": 0.05084745762711862
    },
    "1h": {
      "always_down_rate": 0.38095238095238093,
      "always_up_rate": 0.6190476190476191,
      "base_rate": 0.525062656641604,
      "baseline_brier": 0.24937186324206506,
      "baseline_hit_rate": 0.525062656641604,
      "brier": 0.2501344821305939,
      "display_ready": true,
      "ece": null,
      "expectancy_bps": 3.293486319913867,
      "expectancy_maker_2bps": 1.293486319913867,
      "expectancy_taker_10bps": -6.706513680086133,
      "hit_down": 0.3955431754874652,
      "hit_rate": 0.525062656641604,
      "hit_up": 0.6309794988610479,
      "logloss": 0.6934167027989007,
      "n": 798,
      "n_down": 359,
      "n_up": 439,
      "vs_majority_pp": -0.09398496240601506
    },
    "24h": {
      "always_down_rate": 0.5,
      "always_up_rate": 0.5,
      "base_rate": 0.625,
      "baseline_brier": 0.234375,
      "baseline_hit_rate": 0.625,
      "brier": 0.24896676328101125,
      "display_ready": true,
      "ece": null,
      "expectancy_bps": 54.73498298085394,
      "expectancy_maker_2bps": 52.73498298085395,
      "expectancy_taker_10bps": 44.73498298085394,
      "hit_down": 0.6222222222222222,
      "hit_rate": 0.625,
      "hit_up": 0.627906976744186,
      "logloss": 0.691080348313875,
      "n": 88,
      "n_down": 45,
      "n_up": 43,
      "vs_majority_pp": 0.125
    },
    "4h": {
      "always_down_rate": 0.4282744282744283,
      "always_up_rate": 0.5717255717255717,
      "base_rate": 0.5446985446985447,
      "baseline_brier": 0.24800204010183222,
      "baseline_hit_rate": 0.5446985446985447,
      "brier": 0.24998477940426683,
      "display_ready": true,
      "ece": null,
      "expectancy_bps": 6.845858563166883,
      "expectancy_maker_2bps": 4.845858563166883,
      "expectancy_taker_10bps": -3.1541414368331173,
      "hit_down": 0.47186147186147187,
      "hit_rate": 0.5446985446985447,
      "hit_up": 0.612,
      "logloss": 0.6931171454085787,
      "n": 481,
      "n_down": 231,
      "n_up": 250,
      "vs_majority_pp": -0.027027027027026973
    }
  },
  "by_model_version": {
    "v0.1.0-baseline-shadow": {
      "always_down_rate": 0.4135240572171651,
      "always_up_rate": 0.5864759427828349,
      "base_rate": 0.5422626788036411,
      "baseline_brier": 0.2482138659803403,
      "baseline_hit_rate": 0.5422626788036411,
      "brier": 0.24994154312535852,
      "display_ready": true,
      "ece": null,
      "expectancy_bps": 9.81998151559344,
      "expectancy_maker_2bps": 7.819981515593441,
      "expectancy_taker_10bps": -0.18001848440655968,
      "hit_down": 0.45290858725761773,
      "hit_rate": 0.5422626788036411,
      "hit_up": 0.6213235294117647,
      "logloss": 0.6930307069973091,
      "n": 1538,
      "n_down": 722,
      "n_up": 816,
      "vs_majority_pp": -0.044213263979193784
    },
    "v0.2.0-shadow-policy24": {
      "always_down_rate": 0.5,
      "always_up_rate": 0.5,
      "base_rate": 0.5,
      "baseline_brier": 0.25,
      "baseline_hit_rate": 0.5,
      "brier": 0.2473447296875,
      "display_ready": false,
      "ece": null,
      "expectancy_bps": 4.102098078065507,
      "expectancy_maker_2bps": 2.1020980780655067,
      "expectancy_taker_10bps": -5.897901921934493,
      "hit_down": 0.5,
      "hit_rate": 0.5,
      "hit_up": 0.5,
      "logloss": 0.6877964061922149,
      "n": 6,
      "n_down": 2,
      "n_up": 4,
      "vs_majority_pp": 0.0
    }
  },
  "by_regime": {
    "bear": {
      "always_down_rate": 0.23076923076923073,
      "always_up_rate": 0.7692307692307693,
      "base_rate": 0.23076923076923078,
      "baseline_brier": 0.17751479289940827,
      "baseline_hit_rate": 0.7692307692307692,
      "brier": 0.2552058048429768,
      "display_ready": false,
      "ece": null,
      "expectancy_bps": -10.465354465463683,
      "expectancy_maker_2bps": -12.465354465463685,
      "expectancy_taker_10bps": -20.465354465463683,
      "hit_down": 0.23076923076923078,
      "hit_rate": 0.23076923076923078,
      "hit_up": null,
      "logloss": 0.7035637865455187,
      "n": 13,
      "n_down": 13,
      "n_up": 0,
      "vs_majority_pp": -0.5384615384615385
    },
    "bull": {
      "always_down_rate": 0.6153846153846154,
      "always_up_rate": 0.38461538461538464,
      "base_rate": 0.38461538461538464,
      "baseline_brier": 0.2366863905325444,
      "baseline_hit_rate": 0.6153846153846154,
      "brier": 0.2510478583894247,
      "display_ready": false,
      "ece": null,
      "expectancy_bps": -19.504867949320772,
      "expectancy_maker_2bps": -21.504867949320772,
      "expectancy_taker_10bps": -29.504867949320772,
      "hit_down": null,
      "hit_rate": 0.38461538461538464,
      "hit_up": 0.38461538461538464,
      "logloss": 0.6952437136485445,
      "n": 13,
      "n_down": 0,
      "n_up": 13,
      "vs_majority_pp": -0.23076923076923078
    },
    "chop": {
      "always_down_rate": 0.7777777777777778,
      "always_up_rate": 0.2222222222222222,
      "base_rate": 0.5555555555555556,
      "baseline_brier": 0.2469135802469136,
      "baseline_hit_rate": 0.5555555555555556,
      "brier": 0.24458186098571433,
      "display_ready": false,
      "ece": null,
      "expectancy_bps": 11.3974439385921,
      "expectancy_maker_2bps": 9.3974439385921,
      "expectancy_taker_10bps": 1.397443938592098,
      "hit_down": 0.7142857142857143,
      "hit_rate": 0.5555555555555556,
      "hit_up": 0.0,
      "logloss": 0.6822764366079489,
      "n": 9,
      "n_down": 7,
      "n_up": 2,
      "vs_majority_pp": -0.2222222222222222
    },
    "unknown": {
      "always_down_rate": 0.411530815109344,
      "always_up_rate": 0.588469184890656,
      "base_rate": 0.5460569913850232,
      "baseline_brier": 0.2478787535445599,
      "baseline_hit_rate": 0.5460569913850232,
      "brier": 0.2499083017455492,
      "display_ready": true,