{
  "by_horizon": {
    "12h": {
      "base_rate": 0.5604395604395604,
      "baseline_brier": 0.2463470595338727,
      "baseline_hit_rate": 0.5604395604395604,
      "brier": 0.24958181525111775,
      "display_ready": true,
      "ece": null,
      "hit_rate": 0.5604395604395604,
      "logloss": 0.6923114335531801,
      "n": 91
    },
    "1h": {
      "base_rate": 0.5128205128205128,
      "baseline_brier": 0.24983563445101908,
      "baseline_hit_rate": 0.5128205128205128,
      "brier": 0.2503125549812886,
      "display_ready": true,
      "ece": null,
      "hit_rate": 0.5128205128205128,
      "logloss": 0.6937727048673186,
      "n": 429
    },
    "24h": {
      "base_rate": 0.6222222222222222,
      "baseline_brier": 0.23506172839506173,
      "baseline_hit_rate": 0.6222222222222222,
      "brier": 0.24842871804801223,
      "display_ready": true,
      "ece": null,
      "hit_rate": 0.6222222222222222,
      "logloss": 0.6900029465601712,
      "n": 45
    },
    "4h": {
      "base_rate": 0.5236220472440944,
      "baseline_brier": 0.2494419988839978,
      "baseline_hit_rate": 0.5236220472440944,
      "brier": 0.24975499303571283,
      "display_ready": true,
      "ece": null,
      "hit_rate": 0.5236220472440944,
      "logloss": 0.6926566127092032,
      "n": 254
    }
  },
  "by_model_version": {
    "v0.1.0-baseline-shadow": {
      "base_rate": 0.5274725274725275,
      "baseline_brier": 0.24924526023427124,
      "baseline_hit_rate": 0.5274725274725275,
      "brier": 0.2499549350647816,
      "display_ready": true,
      "ece": null,
      "hit_rate": 0.5274725274725275,
      "logloss": 0.6930570733391507,
      "n": 819
    }
  },
  "generated_at": "2026-06-12T17:18:27Z",
  "global": {
    "base_rate": 0.5274725274725275,
    "baseline_brier": 0.24924526023427124,
    "baseline_hit_rate": 0.5274725274725275,
    "brier": 0.2499549350647816,
    "display_ready": true,
    "ece": null,
    "hit_rate": 0.5274725274725275,
    "logloss": 0.6930570733391507,
    "n": 819
  },
  "metrics_version": "metrics-v0.1.0",
  "min_n_display": 20,
  "rolling": {
    "30d": {
      "base_rate": 0.5274725274725275,
      "baseline_brier": 0.24924526023427124,
      "baseline_hit_rate": 0.5274725274725275,
      "brier": 0.2499549350647816,
      "display_ready": true,
      "ece": null,
      "hit_rate": 0.5274725274725275,
      "logloss": 0.6930570733391507,
      "n": 819
    },
    "7d": {
      "base_rate": 0.5274725274725275,
      "baseline_brier": 0.24924526023427124,
      "baseline_hit_rate": 0.5274725274725275,
      "brier": 0.2499549350647816,
      "display_ready": true,
      "ece": null,
      "hit_rate": 0.5274725274725275,
      "logloss": 0.6930570733391507,
      "n": 819
    },
    "90d": {
      "base_rate": 0.5274725274725275,
      "baseline_brier": 0.24924526023427124,
      "baseline_hit_rate": 0.5274725274725275,
      "brier": 0.2499549350647816,
      "display_ready": true,
      "ece": null,
      "hit_rate": 0.5274725274725275,
      "logloss": 0.6930570733391507,
      "n": 819
    }
  },
  "schema_version": "1",
  "total_forecasts": 823,
  "total_resolved": 819
}
