{
  "by_horizon": {
    "12h": {
      "base_rate": 0.5696969696969697,
      "baseline_brier": 0.24514233241505967,
      "baseline_hit_rate": 0.5696969696969697,
      "brier": 0.24952416591871018,
      "display_ready": true,
      "ece": null,
      "hit_rate": 0.5696969696969697,
      "logloss": 0.6921960202407073,
      "n": 165
    },
    "1h": {
      "base_rate": 0.5296442687747036,
      "baseline_brier": 0.24912121732881312,
      "baseline_hit_rate": 0.5296442687747036,
      "brier": 0.25014845649047973,
      "display_ready": true,
      "ece": null,
      "hit_rate": 0.5296442687747036,
      "logloss": 0.693444703000505,
      "n": 759
    },
    "24h": {
      "base_rate": 0.6341463414634146,
      "baseline_brier": 0.23200475907198095,
      "baseline_hit_rate": 0.6341463414634146,
      "brier": 0.2488377425425799,
      "display_ready": true,
      "ece": null,
      "hit_rate": 0.6341463414634146,
      "logloss": 0.690822236025332,
      "n": 82
    },
    "4h": {
      "base_rate": 0.5436681222707423,
      "baseline_brier": 0.24809309509734748,
      "baseline_hit_rate": 0.5436681222707423,
      "brier": 0.2500685842963812,
      "display_ready": true,
      "ece": null,
      "hit_rate": 0.5436681222707423,
      "logloss": 0.6932848123616548,
      "n": 458
    }
  },
  "by_model_version": {
    "v0.1.0-baseline-shadow": {
      "base_rate": 0.5443989071038251,
      "baseline_brier": 0.24802873704798592,
      "baseline_hit_rate": 0.5443989071038251,
      "brier": 0.2499796942275242,
      "display_ready": true,
      "ece": null,
      "hit_rate": 0.5443989071038251,
      "logloss": 0.6931070630688627,
      "n": 1464
    }
  },
  "generated_at": "2026-07-19T17:11:00Z",
  "global": {
    "base_rate": 0.5443989071038251,
    "baseline_brier": 0.24802873704798592,
    "baseline_hit_rate": 0.5443989071038251,
    "brier": 0.2499796942275242,
    "display_ready": true,
    "ece": null,
    "hit_rate": 0.5443989071038251,
    "logloss": 0.6931070630688627,
    "n": 1464
  },
  "metrics_version": "metrics-v0.1.0",
  "min_n_display": 20,
  "rolling": {
    "30d": {
      "base_rate": 0.5506445672191529,
      "baseline_brier": 0.2474351278111847,
      "baseline_hit_rate": 0.5506445672191529,
      "brier": 0.2503022192859484,
      "display_ready": true,
      "ece": null,
      "hit_rate": 0.5506445672191529,
      "logloss": 0.6937529474378933,
      "n": 543
    },
    "7d": {
      "base_rate": 0.5684931506849316,
      "baseline_brier": 0.24530868830925126,
      "baseline_hit_rate": 0.5684931506849316,
      "brier": 0.25018217427563644,
      "display_ready": true,
      "ece": null,
      "hit_rate": 0.5684931506849316,
      "logloss": 0.6935127830183848,
      "n": 146
    },
    "90d": {
      "base_rate": 0.5443989071038251,
      "baseline_brier": 0.24802873704798592,
      "baseline_hit_rate": 0.5443989071038251,
      "brier": 0.2499796942275242,
      "display_ready": true,
      "ece": null,
      "hit_rate": 0.5443989071038251,
      "logloss": 0.6931070630688627,
      "n": 1464
    }
  },
  "schema_version": "1",
  "total_forecasts": 1467,
  "total_resolved": 1464
}
