{
  "by_horizon": {
    "12h": {
      "base_rate": 0.5882352941176471,
      "baseline_brier": 0.2422145328719723,
      "baseline_hit_rate": 0.5882352941176471,
      "brier": 0.24912619982382828,
      "display_ready": true,
      "ece": null,
      "hit_rate": 0.5882352941176471,
      "logloss": 0.6914000142360712,
      "n": 119
    },
    "1h": {
      "base_rate": 0.5234521575984991,
      "baseline_brier": 0.24944999630397516,
      "baseline_hit_rate": 0.5234521575984991,
      "brier": 0.25023674804446616,
      "display_ready": true,
      "ece": null,
      "hit_rate": 0.5234521575984991,
      "logloss": 0.6936212467892028,
      "n": 533
    },
    "24h": {
      "base_rate": 0.6610169491525424,
      "baseline_brier": 0.2240735420856076,
      "baseline_hit_rate": 0.6610169491525424,
      "brier": 0.24780184053232435,
      "display_ready": true,
      "ece": null,
      "hit_rate": 0.6610169491525424,
      "logloss": 0.6887492896305644,
      "n": 59
    },
    "4h": {
      "base_rate": 0.5487804878048781,
      "baseline_brier": 0.24762046400951815,
      "baseline_hit_rate": 0.5487804878048781,
      "brier": 0.24972312349383005,
      "display_ready": true,
      "ece": null,
      "hit_rate": 0.5487804878048781,
      "logloss": 0.6925934882502415,
      "n": 328
    }
  },
  "by_model_version": {
    "v0.1.0-baseline-shadow": {
      "base_rate": 0.546679499518768,
      "baseline_brier": 0.24782102432467734,
      "baseline_hit_rate": 0.546679499518768,
      "brier": 0.2498091410819244,
      "display_ready": true,
      "ece": null,
      "hit_rate": 0.546679499518768,
      "logloss": 0.6927657348094515,
      "n": 1039
    }
  },
  "generated_at": "2026-06-26T21:38:16Z",
  "global": {
    "base_rate": 0.546679499518768,
    "baseline_brier": 0.24782102432467734,
    "baseline_hit_rate": 0.546679499518768,
    "brier": 0.2498091410819244,
    "display_ready": true,
    "ece": null,
    "hit_rate": 0.546679499518768,
    "logloss": 0.6927657348094515,
    "n": 1039
  },
  "metrics_version": "metrics-v0.1.0",
  "min_n_display": 20,
  "rolling": {
    "30d": {
      "base_rate": 0.546679499518768,
      "baseline_brier": 0.24782102432467734,
      "baseline_hit_rate": 0.546679499518768,
      "brier": 0.2498091410819244,
      "display_ready": true,
      "ece": null,
      "hit_rate": 0.546679499518768,
      "logloss": 0.6927657348094515,
      "n": 1039
    },
    "7d": {
      "base_rate": 0.5877192982456141,
      "baseline_brier": 0.242305324715297,
      "baseline_hit_rate": 0.5877192982456141,
      "brier": 0.2500120335161302,
      "display_ready": true,
      "ece": null,
      "hit_rate": 0.5877192982456141,
      "logloss": 0.6931737107970287,
      "n": 114
    },
    "90d": {
      "base_rate": 0.546679499518768,
      "baseline_brier": 0.24782102432467734,
      "baseline_hit_rate": 0.546679499518768,
      "brier": 0.2498091410819244,
      "display_ready": true,
      "ece": null,
      "hit_rate": 0.546679499518768,
      "logloss": 0.6927657348094515,
      "n": 1039
    }
  },
  "schema_version": "1",
  "total_forecasts": 1042,
  "total_resolved": 1039
}
