{
  "by_horizon": {
    "12h": {
      "base_rate": 0.6017699115044248,
      "baseline_brier": 0.23964288511238155,
      "baseline_hit_rate": 0.6017699115044248,
      "brier": 0.2489083941951233,
      "display_ready": true,
      "ece": null,
      "hit_rate": 0.6017699115044248,
      "logloss": 0.6909641864184675,
      "n": 113
    },
    "1h": {
      "base_rate": 0.5343811394891945,
      "baseline_brier": 0.24881793724742454,
      "baseline_hit_rate": 0.5343811394891945,
      "brier": 0.2500025594873966,
      "display_ready": true,
      "ece": null,
      "hit_rate": 0.5343811394891945,
      "logloss": 0.6931524844944315,
      "n": 509
    },
    "24h": {
      "base_rate": 0.6428571428571429,
      "baseline_brier": 0.22959183673469388,
      "baseline_hit_rate": 0.6428571428571429,
      "brier": 0.24806123596809607,
      "display_ready": true,
      "ece": null,
      "hit_rate": 0.6428571428571429,
      "logloss": 0.6892681235567978,
      "n": 56
    },
    "4h": {
      "base_rate": 0.5544871794871795,
      "baseline_brier": 0.24703114727153191,
      "baseline_hit_rate": 0.5544871794871795,
      "brier": 0.24950301599550764,
      "display_ready": true,
      "ece": null,
      "hit_rate": 0.5544871794871795,
      "logloss": 0.6921527456048477,
      "n": 312
    }
  },
  "by_model_version": {
    "v0.1.0-baseline-shadow": {
      "base_rate": 0.5545454545454546,
      "baseline_brier": 0.24702479338842975,
      "baseline_hit_rate": 0.5545454545454546,
      "brier": 0.24961042578580359,
      "display_ready": true,
      "ece": null,
      "hit_rate": 0.5545454545454546,
      "logloss": 0.6923679184048945,
      "n": 990
    }
  },
  "generated_at": "2026-06-23T21:52:15Z",
  "global": {
    "base_rate": 0.5545454545454546,
    "baseline_brier": 0.24702479338842975,
    "baseline_hit_rate": 0.5545454545454546,
    "brier": 0.24961042578580359,
    "display_ready": true,
    "ece": null,
    "hit_rate": 0.5545454545454546,
    "logloss": 0.6923679184048945,
    "n": 990
  },
  "metrics_version": "metrics-v0.1.0",
  "min_n_display": 20,
  "rolling": {
    "30d": {
      "base_rate": 0.5545454545454546,
      "baseline_brier": 0.24702479338842975,
      "baseline_hit_rate": 0.5545454545454546,
      "brier": 0.24961042578580359,
      "display_ready": true,
      "ece": null,
      "hit_rate": 0.5545454545454546,
      "logloss": 0.6923679184048945,
      "n": 990
    },
    "7d": {
      "base_rate": 0.6851851851851852,
      "baseline_brier": 0.21570644718792867,
      "baseline_hit_rate": 0.6851851851851852,
      "brier": 0.24816575181417505,
      "display_ready": true,
      "ece": null,
      "hit_rate": 0.6851851851851852,
      "logloss": 0.6894781389697267,
      "n": 108
    },
    "90d": {
      "base_rate": 0.5545454545454546,
      "baseline_brier": 0.24702479338842975,
      "baseline_hit_rate": 0.5545454545454546,
      "brier": 0.24961042578580359,
      "display_ready": true,
      "ece": null,
      "hit_rate": 0.5545454545454546,
      "logloss": 0.6923679184048945,
      "n": 990
    }
  },
  "schema_version": "1",
  "total_forecasts": 994,
  "total_resolved": 990
}
