{
  "by_direction": {
    "down": {
      "always_down_rate": 0.4545454545454546,
      "always_up_rate": 0.5454545454545454,
      "base_rate": 0.45454545454545453,
      "baseline_brier": 0.24793388429752064,
      "baseline_hit_rate": 0.5454545454545454,
      "brier": 0.2509803217171696,
      "display_ready": true,
      "ece": null,
      "expectancy_bps": 4.675584007704568,
      "expectancy_maker_2bps": 2.6755840077045683,
      "expectancy_taker_10bps": -5.324415992295432,
      "hit_down": 0.45454545454545453,
      "hit_rate": 0.45454545454545453,
      "hit_up": null,
      "logloss": 0.6951087160342276,
      "n": 704,
      "n_down": 704,
      "n_up": 0,
      "vs_majority_pp": -0.09090909090909088
    },
    "up": {
      "always_down_rate": 0.3746928746928747,
      "always_up_rate": 0.6253071253071253,
      "base_rate": 0.6253071253071253,
      "baseline_brier": 0.2342981243472644,
      "baseline_hit_rate": 0.6253071253071253,
      "brier": 0.24891564852733605,
      "display_ready": true,
      "ece": null,
      "expectancy_bps": 14.832911913413914,
      "expectancy_maker_2bps": 12.832911913413913,
      "expectancy_taker_10bps": 4.832911913413914,
      "hit_down": null,
      "hit_rate": 0.6253071253071253,
      "hit_up": 0.6253071253071253,
      "logloss": 0.6909783958131832,
      "n": 814,
      "n_down": 0,
      "n_up": 814,
      "vs_majority_pp": 0.0
    }
  },
  "by_horizon": {
    "12h": {
      "always_down_rate": 0.4736842105263158,
      "always_up_rate": 0.5263157894736842,
      "base_rate": 0.5789473684210527,
      "baseline_brier": 0.24376731301939056,
      "baseline_hit_rate": 0.5789473684210527,
      "brier": 0.24921872686237062,
      "display_ready": true,
      "ece": null,
      "expectancy_bps": 25.886242957594515,
      "expectancy_maker_2bps": 23.886242957594515,
      "expectancy_taker_10bps": 15.886242957594515,
      "hit_down": 0.5529411764705883,
      "hit_rate": 0.5789473684210527,
      "hit_up": 0.6046511627906976,
      "logloss": 0.6915847358068562,
      "n": 171,
      "n_down": 85,
      "n_up": 86,
      "vs_majority_pp": 0.052631578947368474
    },
    "1h": {
      "always_down_rate": 0.3799237611181703,
      "always_up_rate": 0.6200762388818297,
      "base_rate": 0.5285895806861499,
      "baseline_brier": 0.2491826358761901,
      "baseline_hit_rate": 0.5285895806861499,
      "brier": 0.250111772290609,
      "display_ready": true,
      "ece": null,
      "expectancy_bps": 3.46515231137334,
      "expectancy_maker_2bps": 1.4651523113733396,
      "expectancy_taker_10bps": -6.53484768862666,
      "hit_down": 0.39714285714285713,
      "hit_rate": 0.5285895806861499,
      "hit_up": 0.6338672768878718,
      "logloss": 0.6933712876252838,
      "n": 787,
      "n_down": 350,
      "n_up": 437,
      "vs_majority_pp": -0.0914866581956798
    },
    "24h": {
      "always_down_rate": 0.4883720930232558,
      "always_up_rate": 0.5116279069767442,
      "base_rate": 0.6395348837209303,
      "baseline_brier": 0.23053001622498648,
      "baseline_hit_rate": 0.6395348837209303,
      "brier": 0.24854875136337595,
      "display_ready": true,
      "ece": null,
      "expectancy_bps": 57.01908317000415,
      "expectancy_maker_2bps": 55.01908317000415,
      "expectancy_taker_10bps": 47.01908317000415,
      "hit_down": 0.6222222222222222,
      "hit_rate": 0.6395348837209303,
      "hit_up": 0.6585365853658537,
      "logloss": 0.6902436217373141,
      "n": 86,
      "n_down": 45,
      "n_up": 41,
      "vs_majority_pp": 0.12790697674418605
    },
    "4h": {
      "always_down_rate": 0.4282700421940928,
      "always_up_rate": 0.5717299578059072,
      "base_rate": 0.5464135021097046,
      "baseline_brier": 0.24784578682191244,
      "baseline_hit_rate": 0.5464135021097046,
      "brier": 0.2499534276091012,
      "display_ready": true,
      "ece": null,
      "expectancy_bps": 6.979615762706975,
      "expectancy_maker_2bps": 4.979615762706975,
      "expectancy_taker_10bps": -3.020384237293025,
      "hit_down": 0.4732142857142857,
      "hit_rate": 0.5464135021097046,
      "hit_up": 0.612,
      "logloss": 0.6930544422501006,
      "n": 474,
      "n_down": 224,
      "n_up": 250,
      "vs_majority_pp": -0.025316455696202556
    }
  },
  "by_model_version": {
    "v0.1.0-baseline-shadow": {
      "always_down_rate": 0.41226912928759896,
      "always_up_rate": 0.587730870712401,
      "base_rate": 0.5455145118733509,
      "baseline_brier": 0.2479284292089306,
      "baseline_hit_rate": 0.5455145118733509,
      "brier": 0.24990857324464968,
      "display_ready": true,
      "ece": null,
      "expectancy_bps": 10.078652081087286,
      "expectancy_maker_2bps": 8.078652081087286,
      "expectancy_taker_10bps": 0.07865208108728512,
      "hit_down": 0.45454545454545453,
      "hit_rate": 0.5455145118733509,
      "hit_up": 0.624384236453202,
      "logloss": 0.6929647693611131,
      "n": 1516,
      "n_down": 704,
      "n_up": 812,
      "vs_majority_pp": -0.04221635883905017
    },
    "v0.2.0-shadow-policy24": {
      "always_down_rate": 0.0,
      "always_up_rate": 1.0,
      "base_rate": 1.0,
      "baseline_brier": 0.0,
      "baseline_hit_rate": 1.0,
      "brier": 0.223043675625,
      "display_ready": false,
      "ece": null,
      "expectancy_bps": 43.182442007309525,
      "expectancy_maker_2bps": 41.182442007309525,
      "expectancy_taker_10bps": 33.182442007309525,
      "hit_down": null,
      "hit_rate": 1.0,
      "hit_up": 1.0,
      "logloss": 0.6391799642900029,
      "n": 2,
      "n_down": 0,
      "n_up": 2,
      "vs_majority_pp": 0.0
    }
  },
  "by_regime": {
    "bull": {
      "always_down_rate": 0.4444444444444444,
      "always_up_rate": 0.5555555555555556,
      "base_rate": 0.5555555555555556,
      "baseline_brier": 0.2469135802469136,
      "baseline_hit_rate": 0.5555555555555556,
      "brier": 0.24398411734502265,
      "display_ready": false,
      "ece": null,
      "expectancy_bps": -5.464290717003247,
      "expectancy_maker_2bps": -7.464290717003247,
      "expectancy_taker_10bps": -15.464290717003246,
      "hit_down": null,
      "hit_rate": 0.5555555555555556,
      "hit_up": 0.5555555555555556,
      "logloss": 0.6811033236674572,
      "n": 9,
      "n_down": 0,
      "n_up": 9,
      "vs_majority_pp": 0.0
    },
    "unknown": {
      "always_down_rate": 0.411530815109344,
      "always_up_rate": 0.588469184890656,
      "base_rate": 0.5460569913850232,
      "baseline_brier": 0.2478787535445599,
      "baseline_hit_rate": 0.5460569913850232,
      "brier": 0.2499083017455492,
      "display_ready": true,
      "ece": null,
      "expectancy_bps": 10.215228664941002,
      "expectancy_maker_2bps": 8.215228664941002,
      "expectancy_taker_10bps": 0.2152286649410016,
      "hit_down": 0.45454545454545453,
      "hit_rate": 0.5460569913850232,
      "hit_up": 0.6260869565217392,
      "logloss": 0.6929642282087609,
      "n": 1509,
      "n_down": 704,
      "n_up": 805,
      "vs_majority_pp": -0.042412193505632856
    }
  },
  "edge_scoreboard": [
    {
      "expectancy_maker_2bps": 55.01908317000415,
      "hit_rate": 0.6395348837209303,
      "horizon": "24h",
      "n": 86,
      "rank_key": 55.01908317000415,
      "tradeable": true,
      "vs_majority_pp": 0.12790697674418605
    },
    {
      "expectancy_maker_2bps": 23.886242957594515,
      "hit_rate": 0.5789473684210527,
      "horizon": "12h",
      "n": 171,
      "rank_key": 23.886242957594515,
      "tradeable": true,
      "vs_majority_pp": 0.052631578947368474
    },
    {
      "expectancy_maker_2bps": 4.979615762706975,
      "hit_rate": 0.5464135021097046,
      "horizon": "4h",
      "n": 474,
      "rank_key": 4.979615762706975,
      "tradeable": false,
      "vs_majority_pp": -0.025316455696202556
    },
    {
      "expectancy_maker_2bps": 1.4651523113733396,
      "hit_rate": 0.5285895806861499,
      "horizon": "1h",
      "n": 787,