{
  "by_horizon": {
    "12h": {
      "base_rate": 0.5833333333333334,
      "baseline_brier": 0.24305555555555555,
      "baseline_hit_rate": 0.5833333333333334,
      "brier": 0.24914655359156646,
      "display_ready": true,
      "ece": null,
      "hit_rate": 0.5833333333333334,
      "logloss": 0.6914407182402192,
      "n": 120
    },
    "1h": {
      "base_rate": 0.5243445692883895,
      "baseline_brier": 0.2494073419461628,
      "baseline_hit_rate": 0.5243445692883895,
      "brier": 0.25023119378444714,
      "display_ready": true,
      "ece": null,
      "hit_rate": 0.5243445692883895,
      "logloss": 0.6936101370995476,
      "n": 534
    },
    "24h": {
      "base_rate": 0.65,
      "baseline_brier": 0.2275,
      "baseline_hit_rate": 0.65,
      "brier": 0.24813698151125094,
      "display_ready": true,
      "ece": null,
      "hit_rate": 0.65,
      "logloss": 0.6894198466941057,
      "n": 60
    },
    "4h": {
      "base_rate": 0.5501519756838906,
      "baseline_brier": 0.24748477933500246,
      "baseline_hit_rate": 0.5501519756838906,
      "brier": 0.24971379044240846,
      "display_ready": true,
      "ece": null,
      "hit_rate": 0.5501519756838906,
      "logloss": 0.6925748216573175,
      "n": 329
    }
  },
  "by_model_version": {
    "v0.1.0-baseline-shadow": {
      "base_rate": 0.5465004793863855,
      "baseline_brier": 0.2478377054168363,
      "baseline_hit_rate": 0.5465004793863855,
      "brier": 0.2498227227786291,
      "display_ready": true,
      "ece": null,
      "hit_rate": 0.5465004793863855,
      "logloss": 0.6927929113392987,
      "n": 1043
    }
  },
  "generated_at": "2026-06-27T01:24:15Z",
  "global": {
    "base_rate": 0.5465004793863855,
    "baseline_brier": 0.2478377054168363,
    "baseline_hit_rate": 0.5465004793863855,
    "brier": 0.2498227227786291,
    "display_ready": true,
    "ece": null,
    "hit_rate": 0.5465004793863855,
    "logloss": 0.6927929113392987,
    "n": 1043
  },
  "metrics_version": "metrics-v0.1.0",
  "min_n_display": 20,
  "rolling": {
    "30d": {
      "base_rate": 0.5465004793863855,
      "baseline_brier": 0.2478377054168363,
      "baseline_hit_rate": 0.5465004793863855,
      "brier": 0.2498227227786291,
      "display_ready": true,
      "ece": null,
      "hit_rate": 0.5465004793863855,
      "logloss": 0.6927929113392987,
      "n": 1043
    },
    "7d": {
      "base_rate": 0.584070796460177,
      "baseline_brier": 0.24293210118255149,
      "baseline_hit_rate": 0.584070796460177,
      "brier": 0.25002680649122155,
      "display_ready": true,
      "ece": null,
      "hit_rate": 0.584070796460177,
      "logloss": 0.6932033397270602,
      "n": 113
    },
    "90d": {
      "base_rate": 0.5465004793863855,
      "baseline_brier": 0.2478377054168363,
      "baseline_hit_rate": 0.5465004793863855,
      "brier": 0.2498227227786291,
      "display_ready": true,
      "ece": null,
      "hit_rate": 0.5465004793863855,
      "logloss": 0.6927929113392987,
      "n": 1043
    }
  },
  "schema_version": "1",
  "total_forecasts": 1047,
  "total_resolved": 1043
}
