{
  "by_horizon": {
    "12h": {
      "base_rate": 0.5542168674698795,
      "baseline_brier": 0.2470605312817535,
      "baseline_hit_rate": 0.5542168674698795,
      "brier": 0.24987334817750875,
      "display_ready": true,
      "ece": null,
      "hit_rate": 0.5542168674698795,
      "logloss": 0.6928945786252843,
      "n": 83
    },
    "1h": {
      "base_rate": 0.5124378109452736,
      "baseline_brier": 0.24984530085888965,
      "baseline_hit_rate": 0.5124378109452736,
      "brier": 0.25031353713072096,
      "display_ready": true,
      "ece": null,
      "hit_rate": 0.5124378109452736,
      "logloss": 0.693774787600959,
      "n": 402
    },
    "24h": {
      "base_rate": 0.6341463414634146,
      "baseline_brier": 0.23200475907198095,
      "baseline_hit_rate": 0.6341463414634146,
      "brier": 0.24838057572547773,
      "display_ready": true,
      "ece": null,
      "hit_rate": 0.6341463414634146,
      "logloss": 0.6899065134382631,
      "n": 41
    },
    "4h": {
      "base_rate": 0.521551724137931,
      "baseline_brier": 0.2495355231866825,
      "baseline_hit_rate": 0.521551724137931,
      "brier": 0.24975806413932689,
      "display_ready": true,
      "ece": null,
      "hit_rate": 0.521551724137931,
      "logloss": 0.6926625143048533,
      "n": 232
    }
  },
  "by_model_version": {
    "v0.1.0-baseline-shadow": {
      "base_rate": 0.5263852242744064,
      "baseline_brier": 0.24930381993998926,
      "baseline_hit_rate": 0.5263852242744064,
      "brier": 0.24999077085798346,
      "display_ready": true,
      "ece": null,
      "hit_rate": 0.5263852242744064,
      "logloss": 0.6931287401202888,
      "n": 758
    }
  },
  "generated_at": "2026-06-08T19:36:12Z",
  "global": {
    "base_rate": 0.5263852242744064,
    "baseline_brier": 0.24930381993998926,
    "baseline_hit_rate": 0.5263852242744064,
    "brier": 0.24999077085798346,
    "display_ready": true,
    "ece": null,
    "hit_rate": 0.5263852242744064,
    "logloss": 0.6931287401202888,
    "n": 758
  },
  "metrics_version": "metrics-v0.1.0",
  "min_n_display": 20,
  "rolling": {
    "30d": {
      "base_rate": 0.5263852242744064,
      "baseline_brier": 0.24930381993998926,
      "baseline_hit_rate": 0.5263852242744064,
      "brier": 0.24999077085798346,
      "display_ready": true,
      "ece": null,
      "hit_rate": 0.5263852242744064,
      "logloss": 0.6931287401202888,
      "n": 758
    },
    "7d": {
      "base_rate": 0.5263852242744064,
      "baseline_brier": 0.24930381993998926,
      "baseline_hit_rate": 0.5263852242744064,
      "brier": 0.24999077085798346,
      "display_ready": true,
      "ece": null,
      "hit_rate": 0.5263852242744064,
      "logloss": 0.6931287401202888,
      "n": 758
    },
    "90d": {
      "base_rate": 0.5263852242744064,
      "baseline_brier": 0.24930381993998926,
      "baseline_hit_rate": 0.5263852242744064,
      "brier": 0.24999077085798346,
      "display_ready": true,
      "ece": null,
      "hit_rate": 0.5263852242744064,
      "logloss": 0.6931287401202888,
      "n": 758
    }
  },
  "schema_version": "1",
  "total_forecasts": 762,
  "total_resolved": 758
}
