{
  "by_horizon": {
    "12h": {
      "base_rate": 0.5609756097560976,
      "baseline_brier": 0.2462819750148721,
      "baseline_hit_rate": 0.5609756097560976,
      "brier": 0.24971162715130493,
      "display_ready": true,
      "ece": null,
      "hit_rate": 0.5609756097560976,
      "logloss": 0.6925710728285207,
      "n": 82
    },
    "1h": {
      "base_rate": 0.5125,
      "baseline_brier": 0.24984375,
      "baseline_hit_rate": 0.5125,
      "brier": 0.2503086980975688,
      "display_ready": true,
      "ece": null,
      "hit_rate": 0.5125,
      "logloss": 0.6937650976820268,
      "n": 400
    },
    "24h": {
      "base_rate": 0.6341463414634146,
      "baseline_brier": 0.23200475907198095,
      "baseline_hit_rate": 0.6341463414634146,
      "brier": 0.24838057572547773,
      "display_ready": true,
      "ece": null,
      "hit_rate": 0.6341463414634146,
      "logloss": 0.6899065134382631,
      "n": 41
    },
    "4h": {
      "base_rate": 0.5194805194805194,
      "baseline_brier": 0.2496205093607691,
      "baseline_hit_rate": 0.5194805194805194,
      "brier": 0.24982940416175986,
      "display_ready": true,
      "ece": null,
      "hit_rate": 0.5194805194805194,
      "logloss": 0.6928052463230016,
      "n": 231
    }
  },
  "by_model_version": {
    "v0.1.0-baseline-shadow": {
      "base_rate": 0.5265251989389921,
      "baseline_brier": 0.2492964138212469,
      "baseline_hit_rate": 0.5265251989389921,
      "brier": 0.2499920804131905,
      "display_ready": true,
      "ece": null,
      "hit_rate": 0.5265251989389921,
      "logloss": 0.6931313607378402,
      "n": 754
    }
  },
  "generated_at": "2026-06-08T11:19:00Z",
  "global": {
    "base_rate": 0.5265251989389921,
    "baseline_brier": 0.2492964138212469,
    "baseline_hit_rate": 0.5265251989389921,
    "brier": 0.2499920804131905,
    "display_ready": true,
    "ece": null,
    "hit_rate": 0.5265251989389921,
    "logloss": 0.6931313607378402,
    "n": 754
  },
  "metrics_version": "metrics-v0.1.0",
  "min_n_display": 20,
  "rolling": {
    "30d": {
      "base_rate": 0.5265251989389921,
      "baseline_brier": 0.2492964138212469,
      "baseline_hit_rate": 0.5265251989389921,
      "brier": 0.2499920804131905,
      "display_ready": true,
      "ece": null,
      "hit_rate": 0.5265251989389921,
      "logloss": 0.6931313607378402,
      "n": 754
    },
    "7d": {
      "base_rate": 0.5265251989389921,
      "baseline_brier": 0.2492964138212469,
      "baseline_hit_rate": 0.5265251989389921,
      "brier": 0.2499920804131905,
      "display_ready": true,
      "ece": null,
      "hit_rate": 0.5265251989389921,
      "logloss": 0.6931313607378402,
      "n": 754
    },
    "90d": {
      "base_rate": 0.5265251989389921,
      "baseline_brier": 0.2492964138212469,
      "baseline_hit_rate": 0.5265251989389921,
      "brier": 0.2499920804131905,
      "display_ready": true,
      "ece": null,
      "hit_rate": 0.5265251989389921,
      "logloss": 0.6931313607378402,
      "n": 754
    }
  },
  "schema_version": "1",
  "total_forecasts": 756,
  "total_resolved": 754
}
