{
  "by_direction": {
    "down": {
      "always_down_rate": 0.45541838134430723,
      "always_up_rate": 0.5445816186556928,
      "base_rate": 0.4554183813443073,
      "baseline_brier": 0.24801247927803838,
      "baseline_hit_rate": 0.5445816186556927,
      "brier": 0.2509613464482815,
      "display_ready": true,
      "ece": null,
      "expectancy_bps": 4.92209447474612,
      "expectancy_maker_2bps": 2.92209447474612,
      "expectancy_taker_10bps": -5.07790552525388,
      "hit_down": 0.4554183813443073,
      "hit_rate": 0.4554183813443073,
      "hit_up": null,
      "logloss": 0.6950704045234615,
      "n": 729,
      "n_down": 729,
      "n_up": 0,
      "vs_majority_pp": -0.08916323731138548
    },
    "up": {
      "always_down_rate": 0.37926829268292683,
      "always_up_rate": 0.6207317073170732,
      "base_rate": 0.6207317073170732,
      "baseline_brier": 0.2354238548483046,
      "baseline_hit_rate": 0.6207317073170732,
      "brier": 0.24900830687311168,
      "display_ready": true,
      "ece": null,
      "expectancy_bps": 14.402453323334115,
      "expectancy_maker_2bps": 12.402453323334113,
      "expectancy_taker_10bps": 4.402453323334114,
      "hit_down": null,
      "hit_rate": 0.6207317073170732,
      "hit_up": 0.6207317073170732,
      "logloss": 0.69116385876222,
      "n": 820,
      "n_down": 0,
      "n_up": 820,
      "vs_majority_pp": 0.0
    }
  },
  "by_horizon": {
    "12h": {
      "always_down_rate": 0.480225988700565,
      "always_up_rate": 0.519774011299435,
      "base_rate": 0.5706214689265536,
      "baseline_brier": 0.2450126081266558,
      "baseline_hit_rate": 0.5706214689265536,
      "brier": 0.24935079605949775,
      "display_ready": true,
      "ece": null,
      "expectancy_bps": 24.80229155345435,
      "expectancy_maker_2bps": 22.80229155345435,
      "expectancy_taker_10bps": 14.80229155345435,
      "hit_down": 0.550561797752809,
      "hit_rate": 0.5706214689265536,
      "hit_up": 0.5909090909090909,
      "logloss": 0.6918477930640936,
      "n": 177,
      "n_down": 89,
      "n_up": 88,
      "vs_majority_pp": 0.05084745762711862
    },
    "1h": {
      "always_down_rate": 0.3827930174563591,
      "always_up_rate": 0.6172069825436409,
      "base_rate": 0.5261845386533666,
      "baseline_brier": 0.24931436993551034,
      "baseline_hit_rate": 0.5261845386533666,
      "brier": 0.2501282726937885,
      "display_ready": true,
      "ece": null,
      "expectancy_bps": 3.467738473804716,
      "expectancy_maker_2bps": 1.467738473804716,
      "expectancy_taker_10bps": -6.532261526195284,
      "hit_down": 0.39944903581267216,
      "hit_rate": 0.5261845386533666,
      "hit_up": 0.6309794988610479,
      "logloss": 0.693404286655404,
      "n": 802,
      "n_down": 363,
      "n_up": 439,
      "vs_majority_pp": -0.09102244389027436
    },
    "24h": {
      "always_down_rate": 0.5,
      "always_up_rate": 0.5,
      "base_rate": 0.625,
      "baseline_brier": 0.234375,
      "baseline_hit_rate": 0.625,
      "brier": 0.24896676328101125,
      "display_ready": true,
      "ece": null,
      "expectancy_bps": 54.73498298085394,
      "expectancy_maker_2bps": 52.73498298085395,
      "expectancy_taker_10bps": 44.73498298085394,
      "hit_down": 0.6222222222222222,
      "hit_rate": 0.625,
      "hit_up": 0.627906976744186,
      "logloss": 0.691080348313875,
      "n": 88,
      "n_down": 45,
      "n_up": 43,
      "vs_majority_pp": 0.125
    },
    "4h": {
      "always_down_rate": 0.4294605809128631,
      "always_up_rate": 0.5705394190871369,
      "base_rate": 0.5456431535269709,
      "baseline_brier": 0.24791670253611336,
      "baseline_hit_rate": 0.5456431535269709,
      "brier": 0.24998048220968946,
      "display_ready": true,
      "ece": null,
      "expectancy_bps": 7.0755357550953235,
      "expectancy_maker_2bps": 5.0755357550953235,
      "expectancy_taker_10bps": -2.9244642449046765,
      "hit_down": 0.47413793103448276,
      "hit_rate": 0.5456431535269709,
      "hit_up": 0.612,
      "logloss": 0.6931085501266062,
      "n": 482,
      "n_down": 232,
      "n_up": 250,
      "vs_majority_pp": -0.024896265560165998
    }
  },
  "by_model_version": {
    "v0.1.0-baseline-shadow": {
      "always_down_rate": 0.4147764095917045,
      "always_up_rate": 0.5852235904082955,
      "base_rate": 0.5430978613091381,
      "baseline_brier": 0.2481425743505783,
      "baseline_hit_rate": 0.5430978613091381,
      "brier": 0.24993750150267258,
      "display_ready": true,
      "ece": null,
      "expectancy_bps": 9.963451723107909,
      "expectancy_maker_2bps": 7.963451723107909,
      "expectancy_taker_10bps": -0.03654827689209125,
      "hit_down": 0.45529573590096284,
      "hit_rate": 0.5430978613091381,
      "hit_up": 0.6213235294117647,
      "logloss": 0.6930226251752887,
      "n": 1543,
      "n_down": 727,
      "n_up": 816,
      "vs_majority_pp": -0.04212572909915746
    },
    "v0.2.0-shadow-policy24": {
      "always_down_rate": 0.5,
      "always_up_rate": 0.5,
      "base_rate": 0.5,
      "baseline_brier": 0.25,
      "baseline_hit_rate": 0.5,
      "brier": 0.2473447296875,
      "display_ready": false,
      "ece": null,
      "expectancy_bps": 4.102098078065507,
      "expectancy_maker_2bps": 2.1020980780655067,
      "expectancy_taker_10bps": -5.897901921934493,
      "hit_down": 0.5,
      "hit_rate": 0.5,
      "hit_up": 0.5,
      "logloss": 0.6877964061922149,
      "n": 6,
      "n_down": 2,
      "n_up": 4,
      "vs_majority_pp": 0.0
    }
  },
  "by_regime": {
    "bear": {
      "always_down_rate": 0.3125,
      "always_up_rate": 0.6875,
      "base_rate": 0.3125,
      "baseline_brier": 0.21484375,
      "baseline_hit_rate": 0.6875,
      "brier": 0.2540824932215746,
      "display_ready": false,
      "ece": null,
      "expectancy_bps": -4.308008604168576,
      "expectancy_maker_2bps": -6.308008604168576,
      "expectancy_taker_10bps": -14.308008604168576,
      "hit_down": 0.3125,
      "hit_rate": 0.3125,
      "hit_up": null,
      "logloss": 0.7013165043565754,
      "n": 16,
      "n_down": 16,
      "n_up": 0,
      "vs_majority_pp": -0.375
    },
    "bull": {
      "always_down_rate": 0.6153846153846154,
      "always_up_rate": 0.38461538461538464,
      "base_rate": 0.38461538461538464,
      "baseline_brier": 0.2366863905325444,
      "baseline_hit_rate": 0.6153846153846154,
      "brier": 0.2510478583894247,
      "display_ready": false,
      "ece": null,
      "expectancy_bps": -19.504867949320772,
      "expectancy_maker_2bps": -21.504867949320772,
      "expectancy_taker_10bps": -29.504867949320772,
      "hit_down": null,
      "hit_rate": 0.38461538461538464,
      "hit_up": 0.38461538461538464,
      "logloss": 0.6952437136485445,
      "n": 13,
      "n_down": 0,
      "n_up": 13,
      "vs_majority_pp": -0.23076923076923078
    },
    "chop": {
      "always_down_rate": 0.8181818181818181,
      "always_up_rate": 0.18181818181818182,
      "base_rate": 0.6363636363636364,
      "baseline_brier": 0.23140495867768596,
      "baseline_hit_rate": 0.6363636363636364,
      "brier": 0.2451876192824862,
      "display_ready": false,
      "ece": null,
      "expectancy_bps": 27.81181480325364,
      "expectancy_maker_2bps": 25.811814803253636,
      "expectancy_taker_10bps": 17.81181480325364,
      "hit_down": 0.7777777777777778,
      "hit_rate": 0.6363636363636364,
      "hit_up": 0.0,
      "logloss": 0.6834942153151965,
      "n": 11,
      "n_down": 9,
      "n_up": 2,
      "vs_majority_pp": -0.18181818181818177
    },
    "unknown": {
      "always_down_rate": 0.411530815109344,
      "always_up_rate": 0.588469184890656,
      "base_rate": 0.5460569913850232,
      "baseline_brier": 0.2478787535445599,
      "baseline_hit_rate": 0.5460569913850232,
      "brier": 0.2499083017455492,
      "display_ready": true,
      "ece": null,
      "expectancy_bps": 10.215228664941002,