{
  "by_horizon": {
    "12h": {
      "base_rate": 0.5662650602409639,
      "baseline_brier": 0.24560894179126144,
      "baseline_hit_rate": 0.5662650602409639,
      "brier": 0.24954009112861045,
      "display_ready": true,
      "ece": null,
      "hit_rate": 0.5662650602409639,
      "logloss": 0.6922278677643222,
      "n": 166
    },
    "1h": {
      "base_rate": 0.5287206266318538,
      "baseline_brier": 0.24917512560587365,
      "baseline_hit_rate": 0.5287206266318538,
      "brier": 0.25016066506638346,
      "display_ready": true,
      "ece": null,
      "hit_rate": 0.5287206266318538,
      "logloss": 0.6934691153928682,
      "n": 766
    },
    "24h": {
      "base_rate": 0.6265060240963856,
      "baseline_brier": 0.23399622586732471,
      "baseline_hit_rate": 0.6265060240963856,
      "brier": 0.2489736464192586,
      "display_ready": true,
      "ece": null,
      "hit_rate": 0.6265060240963856,
      "logloss": 0.691094081744704,
      "n": 83
    },
    "4h": {
      "base_rate": 0.544468546637744,
      "baseline_brier": 0.2480225483599268,
      "baseline_hit_rate": 0.544468546637744,
      "brier": 0.25006735412801057,
      "display_ready": true,
      "ece": null,
      "hit_rate": 0.544468546637744,
      "logloss": 0.6932823490507145,
      "n": 461
    }
  },
  "by_model_version": {
    "v0.1.0-baseline-shadow": {
      "base_rate": 0.5433604336043361,
      "baseline_brier": 0.24811987279764394,
      "baseline_hit_rate": 0.5433604336043361,
      "brier": 0.24999497796342168,
      "display_ready": true,
      "ece": null,
      "hit_rate": 0.5433604336043361,
      "logloss": 0.6931376288191087,
      "n": 1476
    }
  },
  "generated_at": "2026-07-20T07:32:52Z",
  "global": {
    "base_rate": 0.5433604336043361,
    "baseline_brier": 0.24811987279764394,
    "baseline_hit_rate": 0.5433604336043361,
    "brier": 0.24999497796342168,
    "display_ready": true,
    "ece": null,
    "hit_rate": 0.5433604336043361,
    "logloss": 0.6931376288191087,
    "n": 1476
  },
  "metrics_version": "metrics-v0.1.0",
  "min_n_display": 20,
  "rolling": {
    "30d": {
      "base_rate": 0.5441176470588235,
      "baseline_brier": 0.24805363321799306,
      "baseline_hit_rate": 0.5441176470588235,
      "brier": 0.2503578213336918,
      "display_ready": true,
      "ece": null,
      "hit_rate": 0.5441176470588235,
      "logloss": 0.6938641445861693,
      "n": 544
    },
    "7d": {
      "base_rate": 0.5517241379310345,
      "baseline_brier": 0.2473246135552913,
      "baseline_hit_rate": 0.5517241379310345,
      "brier": 0.2503308364450596,
      "display_ready": true,
      "ece": null,
      "hit_rate": 0.5517241379310345,
      "logloss": 0.69381013696071,
      "n": 145
    },
    "90d": {
      "base_rate": 0.5433604336043361,
      "baseline_brier": 0.24811987279764394,
      "baseline_hit_rate": 0.5433604336043361,
      "brier": 0.24999497796342168,
      "display_ready": true,
      "ece": null,
      "hit_rate": 0.5433604336043361,
      "logloss": 0.6931376288191087,
      "n": 1476
    }
  },
  "schema_version": "1",
  "total_forecasts": 1480,
  "total_resolved": 1476
}
