{
  "by_horizon": {
    "12h": {
      "base_rate": 0.573170731707317,
      "baseline_brier": 0.24464604402141585,
      "baseline_hit_rate": 0.573170731707317,
      "brier": 0.249459570806587,
      "display_ready": true,
      "ece": null,
      "hit_rate": 0.573170731707317,
      "logloss": 0.692066816518192,
      "n": 164
    },
    "1h": {
      "base_rate": 0.53315649867374,
      "baseline_brier": 0.2489006465956983,
      "baseline_hit_rate": 0.53315649867374,
      "brier": 0.25013454311126143,
      "display_ready": true,
      "ece": null,
      "hit_rate": 0.53315649867374,
      "logloss": 0.6934168799999841,
      "n": 754
    },
    "24h": {
      "base_rate": 0.6341463414634146,
      "baseline_brier": 0.23200475907198095,
      "baseline_hit_rate": 0.6341463414634146,
      "brier": 0.2488377425425799,
      "display_ready": true,
      "ece": null,
      "hit_rate": 0.6341463414634146,
      "logloss": 0.690822236025332,
      "n": 82
    },
    "4h": {
      "base_rate": 0.5460526315789473,
      "baseline_brier": 0.24787915512465372,
      "baseline_hit_rate": 0.5460526315789473,
      "brier": 0.25005592264444476,
      "display_ready": true,
      "ece": null,
      "hit_rate": 0.5460526315789473,
      "logloss": 0.6932594907250242,
      "n": 456
    }
  },
  "by_model_version": {
    "v0.1.0-baseline-shadow": {
      "base_rate": 0.5473901098901099,
      "baseline_brier": 0.24775417748460332,
      "baseline_hit_rate": 0.5473901098901099,
      "brier": 0.24996085901959458,
      "display_ready": true,
      "ece": null,
      "hit_rate": 0.5473901098901099,
      "logloss": 0.6930693932374037,
      "n": 1456
    }
  },
  "generated_at": "2026-07-19T09:12:44Z",
  "global": {
    "base_rate": 0.5473901098901099,
    "baseline_brier": 0.24775417748460332,
    "baseline_hit_rate": 0.5473901098901099,
    "brier": 0.24996085901959458,
    "display_ready": true,
    "ece": null,
    "hit_rate": 0.5473901098901099,
    "logloss": 0.6930693932374037,
    "n": 1456
  },
  "metrics_version": "metrics-v0.1.0",
  "min_n_display": 20,
  "rolling": {
    "30d": {
      "base_rate": 0.5592592592592592,
      "baseline_brier": 0.24648834019204388,
      "baseline_hit_rate": 0.5592592592592592,
      "brier": 0.2502204249347285,
      "display_ready": true,
      "ece": null,
      "hit_rate": 0.5592592592592592,
      "logloss": 0.6935893425679526,
      "n": 540
    },
    "7d": {
      "base_rate": 0.5874125874125874,
      "baseline_brier": 0.2423590395618368,
      "baseline_hit_rate": 0.5874125874125874,
      "brier": 0.25007640652338253,
      "display_ready": true,
      "ece": null,
      "hit_rate": 0.5874125874125874,
      "logloss": 0.6933012552416637,
      "n": 143
    },
    "90d": {
      "base_rate": 0.5473901098901099,
      "baseline_brier": 0.24775417748460332,
      "baseline_hit_rate": 0.5473901098901099,
      "brier": 0.24996085901959458,
      "display_ready": true,
      "ece": null,
      "hit_rate": 0.5473901098901099,
      "logloss": 0.6930693932374037,
      "n": 1456
    }
  },
  "schema_version": "1",
  "total_forecasts": 1458,
  "total_resolved": 1456
}
