{
  "by_horizon": {
    "12h": {
      "base_rate": 0.5826771653543307,
      "baseline_brier": 0.24316448632897267,
      "baseline_hit_rate": 0.5826771653543307,
      "brier": 0.2492094579067889,
      "display_ready": true,
      "ece": null,
      "hit_rate": 0.5826771653543307,
      "logloss": 0.6915665115931984,
      "n": 127
    },
    "1h": {
      "base_rate": 0.5229681978798587,
      "baseline_brier": 0.24947246188615166,
      "baseline_hit_rate": 0.5229681978798587,
      "brier": 0.2501880834479116,
      "display_ready": true,
      "ece": null,
      "hit_rate": 0.5229681978798587,
      "logloss": 0.69352386780242,
      "n": 566
    },
    "24h": {
      "base_rate": 0.6507936507936508,
      "baseline_brier": 0.22726127488032252,
      "baseline_hit_rate": 0.6507936507936508,
      "brier": 0.24818844148035107,
      "display_ready": true,
      "ece": null,
      "hit_rate": 0.6507936507936508,
      "logloss": 0.6895228375776471,
      "n": 63
    },
    "4h": {
      "base_rate": 0.5517241379310345,
      "baseline_brier": 0.2473246135552913,
      "baseline_hit_rate": 0.5517241379310345,
      "brier": 0.24975381230435864,
      "display_ready": true,
      "ece": null,
      "hit_rate": 0.5517241379310345,
      "logloss": 0.6926548805438459,
      "n": 348
    }
  },
  "by_model_version": {
    "v0.1.0-baseline-shadow": {
      "base_rate": 0.5461956521739131,
      "baseline_brier": 0.24786596172022685,
      "baseline_hit_rate": 0.5461956521739131,
      "brier": 0.2498245062326622,
      "display_ready": true,
      "ece": null,
      "hit_rate": 0.5461956521739131,
      "logloss": 0.692796461363366,
      "n": 1104
    }
  },
  "generated_at": "2026-06-30T15:39:04Z",
  "global": {
    "base_rate": 0.5461956521739131,
    "baseline_brier": 0.24786596172022685,
    "baseline_hit_rate": 0.5461956521739131,
    "brier": 0.2498245062326622,
    "display_ready": true,
    "ece": null,
    "hit_rate": 0.5461956521739131,
    "logloss": 0.692796461363366,
    "n": 1104
  },
  "metrics_version": "metrics-v0.1.0",
  "min_n_display": 20,
  "rolling": {
    "30d": {
      "base_rate": 0.5461956521739131,
      "baseline_brier": 0.24786596172022685,
      "baseline_hit_rate": 0.5461956521739131,
      "brier": 0.2498245062326622,
      "display_ready": true,
      "ece": null,
      "hit_rate": 0.5461956521739131,
      "logloss": 0.692796461363366,
      "n": 1104
    },
    "7d": {
      "base_rate": 0.4789915966386555,
      "baseline_brier": 0.24955864698820704,
      "baseline_hit_rate": 0.5210084033613445,
      "brier": 0.2514970782543427,
      "display_ready": true,
      "ece": null,
      "hit_rate": 0.4789915966386555,
      "logloss": 0.6961446394420798,
      "n": 119
    },
    "90d": {
      "base_rate": 0.5461956521739131,
      "baseline_brier": 0.24786596172022685,
      "baseline_hit_rate": 0.5461956521739131,
      "brier": 0.2498245062326622,
      "display_ready": true,
      "ece": null,
      "hit_rate": 0.5461956521739131,
      "logloss": 0.692796461363366,
      "n": 1104
    }
  },
  "schema_version": "1",
  "total_forecasts": 1107,
  "total_resolved": 1104
}
