{
  "by_horizon": {
    "12h": {
      "base_rate": 0.5772357723577236,
      "baseline_brier": 0.2440346354683059,
      "baseline_hit_rate": 0.5772357723577236,
      "brier": 0.24919670181473874,
      "display_ready": true,
      "ece": null,
      "hit_rate": 0.5772357723577236,
      "logloss": 0.6915410053565668,
      "n": 123
    },
    "1h": {
      "base_rate": 0.5207956600361664,
      "baseline_brier": 0.24956754052366015,
      "baseline_hit_rate": 0.5207956600361664,
      "brier": 0.25020853996185705,
      "display_ready": true,
      "ece": null,
      "hit_rate": 0.5207956600361664,
      "logloss": 0.6935648038976502,
      "n": 553
    },
    "24h": {
      "base_rate": 0.6557377049180327,
      "baseline_brier": 0.22574576726686377,
      "baseline_hit_rate": 0.6557377049180327,
      "brier": 0.2480847763047276,
      "display_ready": true,
      "ece": null,
      "hit_rate": 0.6557377049180327,
      "logloss": 0.6893154518763513,
      "n": 61
    },
    "4h": {
      "base_rate": 0.5529411764705883,
      "baseline_brier": 0.24719723183391004,
      "baseline_hit_rate": 0.5529411764705883,
      "brier": 0.24968809568881792,
      "display_ready": true,
      "ece": null,
      "hit_rate": 0.5529411764705883,
      "logloss": 0.6925234297836039,
      "n": 340
    }
  },
  "by_model_version": {
    "v0.1.0-baseline-shadow": {
      "base_rate": 0.5450324976787372,
      "baseline_brier": 0.24797207415281453,
      "baseline_hit_rate": 0.5450324976787372,
      "brier": 0.24980839443909592,
      "display_ready": true,
      "ece": null,
      "hit_rate": 0.5450324976787372,
      "logloss": 0.6927642422517558,
      "n": 1077
    }
  },
  "generated_at": "2026-06-28T22:16:39Z",
  "global": {
    "base_rate": 0.5450324976787372,
    "baseline_brier": 0.24797207415281453,
    "baseline_hit_rate": 0.5450324976787372,
    "brier": 0.24980839443909592,
    "display_ready": true,
    "ece": null,
    "hit_rate": 0.5450324976787372,
    "logloss": 0.6927642422517558,
    "n": 1077
  },
  "metrics_version": "metrics-v0.1.0",
  "min_n_display": 20,
  "rolling": {
    "30d": {
      "base_rate": 0.5450324976787372,
      "baseline_brier": 0.24797207415281453,
      "baseline_hit_rate": 0.5450324976787372,
      "brier": 0.24980839443909592,
      "display_ready": true,
      "ece": null,
      "hit_rate": 0.5450324976787372,
      "logloss": 0.6927642422517558,
      "n": 1077
    },
    "7d": {
      "base_rate": 0.4827586206896552,
      "baseline_brier": 0.2497027348394768,
      "baseline_hit_rate": 0.5172413793103448,
      "brier": 0.2509523935657074,
      "display_ready": true,
      "ece": null,
      "hit_rate": 0.4827586206896552,
      "logloss": 0.6950545588326034,
      "n": 116
    },
    "90d": {
      "base_rate": 0.5450324976787372,
      "baseline_brier": 0.24797207415281453,
      "baseline_hit_rate": 0.5450324976787372,
      "brier": 0.24980839443909592,
      "display_ready": true,
      "ece": null,
      "hit_rate": 0.5450324976787372,
      "logloss": 0.6927642422517558,
      "n": 1077
    }
  },
  "schema_version": "1",
  "total_forecasts": 1081,
  "total_resolved": 1077
}
