{
  "by_horizon": {
    "12h": {
      "base_rate": 0.5688622754491018,
      "baseline_brier": 0.245257987019972,
      "baseline_hit_rate": 0.5688622754491018,
      "brier": 0.24953635107282815,
      "display_ready": true,
      "ece": null,
      "hit_rate": 0.5688622754491018,
      "logloss": 0.6922203846087213,
      "n": 167
    },
    "1h": {
      "base_rate": 0.5265888456549935,
      "baseline_brier": 0.24929303328673494,
      "baseline_hit_rate": 0.5265888456549935,
      "brier": 0.25017717870376194,
      "display_ready": true,
      "ece": null,
      "hit_rate": 0.5265888456549935,
      "logloss": 0.6935021482874708,
      "n": 771
    },
    "24h": {
      "base_rate": 0.6265060240963856,
      "baseline_brier": 0.23399622586732471,
      "baseline_hit_rate": 0.6265060240963856,
      "brier": 0.2489736464192586,
      "display_ready": true,
      "ece": null,
      "hit_rate": 0.6265060240963856,
      "logloss": 0.691094081744704,
      "n": 83
    },
    "4h": {
      "base_rate": 0.5431034482758621,
      "baseline_brier": 0.2481420927467301,
      "baseline_hit_rate": 0.5431034482758621,
      "brier": 0.25007259107636143,
      "display_ready": true,
      "ece": null,
      "hit_rate": 0.5431034482758621,
      "logloss": 0.6932928203682862,
      "n": 464
    }
  },
  "by_model_version": {
    "v0.1.0-baseline-shadow": {
      "base_rate": 0.5420875420875421,
      "baseline_brier": 0.24822863880102938,
      "baseline_hit_rate": 0.5420875420875421,
      "brier": 0.2500051651999952,
      "display_ready": true,
      "ece": null,
      "hit_rate": 0.5420875420875421,
      "logloss": 0.6931580053838329,
      "n": 1485
    }
  },
  "generated_at": "2026-07-20T19:03:58Z",
  "global": {
    "base_rate": 0.5420875420875421,
    "baseline_brier": 0.24822863880102938,
    "baseline_hit_rate": 0.5420875420875421,
    "brier": 0.2500051651999952,
    "display_ready": true,
    "ece": null,
    "hit_rate": 0.5420875420875421,
    "logloss": 0.6931580053838329,
    "n": 1485
  },
  "metrics_version": "metrics-v0.1.0",
  "min_n_display": 20,
  "rolling": {
    "30d": {
      "base_rate": 0.5330882352941176,
      "baseline_brier": 0.2489051686851211,
      "baseline_hit_rate": 0.5330882352941176,
      "brier": 0.25049461043039783,
      "display_ready": true,
      "ece": null,
      "hit_rate": 0.5330882352941176,
      "logloss": 0.6941377511463743,
      "n": 544
    },
    "7d": {
      "base_rate": 0.5379310344827586,
      "baseline_brier": 0.24856123662306778,
      "baseline_hit_rate": 0.5379310344827586,
      "brier": 0.2503684808417204,
      "display_ready": true,
      "ece": null,
      "hit_rate": 0.5379310344827586,
      "logloss": 0.6938853875057585,
      "n": 145
    },
    "90d": {
      "base_rate": 0.5420875420875421,
      "baseline_brier": 0.24822863880102938,
      "baseline_hit_rate": 0.5420875420875421,
      "brier": 0.2500051651999952,
      "display_ready": true,
      "ece": null,
      "hit_rate": 0.5420875420875421,
      "logloss": 0.6931580053838329,
      "n": 1485
    }
  },
  "schema_version": "1",
  "total_forecasts": 1488,
  "total_resolved": 1485
}
