{
  "by_direction": {
    "down": {
      "always_down_rate": 0.4590604026845637,
      "always_up_rate": 0.5409395973154363,
      "base_rate": 0.4590604026845638,
      "baseline_brier": 0.24832394937164995,
      "baseline_hit_rate": 0.5409395973154363,
      "brier": 0.2507512927659425,
      "display_ready": true,
      "ece": null,
      "expectancy_bps": 5.115486810182418,
      "expectancy_maker_2bps": 3.1154868101824182,
      "expectancy_taker_10bps": -4.884513189817582,
      "hit_down": 0.4590604026845638,
      "hit_rate": 0.4590604026845638,
      "hit_up": null,
      "logloss": 0.6946490336995641,
      "n": 745,
      "n_down": 745,
      "n_up": 0,
      "vs_majority_pp": -0.08187919463087251
    },
    "up": {
      "always_down_rate": 0.37985436893203883,
      "always_up_rate": 0.6201456310679612,
      "base_rate": 0.6201456310679612,
      "baseline_brier": 0.23556502733528137,
      "baseline_hit_rate": 0.6201456310679612,
      "brier": 0.24902832691934715,
      "display_ready": true,
      "ece": null,
      "expectancy_bps": 14.155523073558253,
      "expectancy_maker_2bps": 12.155523073558252,
      "expectancy_taker_10bps": 4.1555230735582525,
      "hit_down": null,
      "hit_rate": 0.6201456310679612,
      "hit_up": 0.6201456310679612,
      "logloss": 0.6912039036984605,
      "n": 824,
      "n_down": 0,
      "n_up": 824,
      "vs_majority_pp": 0.0
    }
  },
  "by_horizon": {
    "12h": {
      "always_down_rate": 0.4917127071823204,
      "always_up_rate": 0.5082872928176796,
      "base_rate": 0.580110497237569,
      "baseline_brier": 0.24358230823234944,
      "baseline_hit_rate": 0.580110497237569,
      "brier": 0.24881008729180176,
      "display_ready": true,
      "ece": null,
      "expectancy_bps": 25.427623177986455,
      "expectancy_maker_2bps": 23.427623177986455,
      "expectancy_taker_10bps": 15.427623177986455,
      "hit_down": 0.5698924731182796,
      "hit_rate": 0.580110497237569,
      "hit_up": 0.5909090909090909,
      "logloss": 0.690762969071121,
      "n": 181,
      "n_down": 93,
      "n_up": 88,
      "vs_majority_pp": 0.07182320441988943
    },
    "1h": {
      "always_down_rate": 0.38347718865598024,
      "always_up_rate": 0.6165228113440198,
      "base_rate": 0.5252774352651048,
      "baseline_brier": 0.24936105126641842,
      "baseline_hit_rate": 0.5252774352651048,
      "brier": 0.2501403867933514,
      "display_ready": true,
      "ece": null,
      "expectancy_bps": 3.1529014402015205,
      "expectancy_maker_2bps": 1.1529014402015205,
      "expectancy_taker_10bps": -6.8470985597984795,
      "hit_down": 0.4,
      "hit_rate": 0.5252774352651048,
      "hit_up": 0.6303854875283447,
      "logloss": 0.6934285082680424,
      "n": 811,
      "n_down": 370,
      "n_up": 441,
      "vs_majority_pp": -0.09124537607891492
    },
    "24h": {
      "always_down_rate": 0.5111111111111111,
      "always_up_rate": 0.4888888888888889,
      "base_rate": 0.6333333333333333,
      "baseline_brier": 0.23222222222222225,
      "baseline_hit_rate": 0.6333333333333333,
      "brier": 0.24844432986949105,
      "display_ready": true,
      "ece": null,
      "expectancy_bps": 56.43259900384062,
      "expectancy_maker_2bps": 54.43259900384062,
      "expectancy_taker_10bps": 46.43259900384062,
      "hit_down": 0.6382978723404256,
      "hit_rate": 0.6333333333333333,
      "hit_up": 0.627906976744186,
      "logloss": 0.6900320429037062,
      "n": 90,
      "n_down": 47,
      "n_up": 43,
      "vs_majority_pp": 0.12222222222222223
    },
    "4h": {
      "always_down_rate": 0.42915811088295686,
      "always_up_rate": 0.5708418891170431,
      "base_rate": 0.5441478439425051,
      "baseline_brier": 0.2480509678752282,
      "baseline_hit_rate": 0.5441478439425051,
      "brier": 0.25000120187821545,
      "display_ready": true,
      "ece": null,
      "expectancy_bps": 6.646513167624774,
      "expectancy_maker_2bps": 4.646513167624774,
      "expectancy_taker_10bps": -3.3534868323752263,
      "hit_down": 0.4723404255319149,
      "hit_rate": 0.5441478439425051,
      "hit_up": 0.6111111111111112,
      "logloss": 0.6931499903185172,
      "n": 487,
      "n_down": 235,
      "n_up": 252,
      "vs_majority_pp": -0.026694045174537995
    }
  },
  "by_model_version": {
    "v0.1.0-baseline-shadow": {
      "always_down_rate": 0.416025641025641,
      "always_up_rate": 0.583974358974359,
      "base_rate": 0.5429487179487179,
      "baseline_brier": 0.2481554076265615,
      "baseline_hit_rate": 0.5429487179487179,
      "brier": 0.2499471064833617,
      "display_ready": true,
      "ece": null,
      "expectancy_bps": 9.75208416576102,
      "expectancy_maker_2bps": 7.752084165761021,
      "expectancy_taker_10bps": -0.24791583423897978,
      "hit_down": 0.45675675675675675,
      "hit_rate": 0.5429487179487179,
      "hit_up": 0.6207317073170732,
      "logloss": 0.6930418316117221,
      "n": 1560,
      "n_down": 740,
      "n_up": 820,
      "vs_majority_pp": -0.0410256410256411
    },
    "v0.2.0-shadow-policy24": {
      "always_down_rate": 0.6666666666666667,
      "always_up_rate": 0.3333333333333333,
      "base_rate": 0.6666666666666666,
      "baseline_brier": 0.2222222222222222,
      "baseline_hit_rate": 0.6666666666666666,
      "brier": 0.23239648645833333,
      "display_ready": false,
      "ece": null,
      "expectancy_bps": 29.10415417896798,
      "expectancy_maker_2bps": 27.10415417896798,
      "expectancy_taker_10bps": 19.10415417896798,
      "hit_down": 0.8,
      "hit_rate": 0.6666666666666666,
      "hit_up": 0.5,
      "logloss": 0.6578099377133501,
      "n": 9,
      "n_down": 5,
      "n_up": 4,
      "vs_majority_pp": -1.1102230246251565e-16
    }
  },
  "by_regime": {
    "bear": {
      "always_down_rate": 0.3928571428571429,
      "always_up_rate": 0.6071428571428571,
      "base_rate": 0.39285714285714285,
      "baseline_brier": 0.2385204081632653,
      "baseline_hit_rate": 0.6071428571428572,
      "brier": 0.2508172639368564,
      "display_ready": true,
      "ece": null,
      "expectancy_bps": -10.73820814030902,
      "expectancy_maker_2bps": -12.738208140309021,
      "expectancy_taker_10bps": -20.738208140309023,
      "hit_down": 0.39285714285714285,
      "hit_rate": 0.39285714285714285,
      "hit_up": null,
      "logloss": 0.694773030296824,
      "n": 28,
      "n_down": 28,
      "n_up": 0,
      "vs_majority_pp": -0.21428571428571425
    },
    "bull": {
      "always_down_rate": 0.5882352941176471,
      "always_up_rate": 0.4117647058823529,
      "base_rate": 0.4117647058823529,
      "baseline_brier": 0.24221453287197234,
      "baseline_hit_rate": 0.5882352941176471,
      "brier": 0.2515383473325285,
      "display_ready": false,
      "ece": null,
      "expectancy_bps": -23.495529168420124,
      "expectancy_maker_2bps": -25.495529168420127,
      "expectancy_taker_10bps": -33.49552916842013,
      "hit_down": null,
      "hit_rate": 0.4117647058823529,
      "hit_up": 0.4117647058823529,
      "logloss": 0.6962247494083634,
      "n": 17,
      "n_down": 0,
      "n_up": 17,
      "vs_majority_pp": -0.17647058823529416
    },
    "chop": {
      "always_down_rate": 0.8666666666666667,
      "always_up_rate": 0.13333333333333333,
      "base_rate": 0.7333333333333333,
      "baseline_brier": 0.19555555555555554,
      "baseline_hit_rate": 0.7333333333333333,
      "brier": 0.2398927908833675,
      "display_ready": false,
      "ece": null,
      "expectancy_bps": 50.700163639581675,
      "expectancy_maker_2bps": 48.70016363958168,
      "expectancy_taker_10bps": 40.700163639581675,
      "hit_down": 0.8461538461538461,
      "hit_rate": 0.7333333333333333,
      "hit_up": 0.0,
      "logloss": 0.6728707198955435,
      "n": 15,
      "n_down": 13,
      "n_up": 2,
      "vs_majority_pp": -0.13333333333333341
    },
    "unknown": {
      "always_down_rate": 0.411530815109344,