{
  "by_horizon": {
    "12h": {
      "base_rate": 0.6057692307692307,
      "baseline_brier": 0.2388128698224852,
      "baseline_hit_rate": 0.6057692307692307,
      "brier": 0.24893832491261683,
      "display_ready": true,
      "ece": null,
      "hit_rate": 0.6057692307692307,
      "logloss": 0.6910241149863255,
      "n": 104
    },
    "1h": {
      "base_rate": 0.5158562367864693,
      "baseline_brier": 0.2497485797549714,
      "baseline_hit_rate": 0.5158562367864693,
      "brier": 0.2502671299920616,
      "display_ready": true,
      "ece": null,
      "hit_rate": 0.5158562367864693,
      "logloss": 0.6936817826442505,
      "n": 473
    },
    "24h": {
      "base_rate": 0.6538461538461539,
      "baseline_brier": 0.22633136094674555,
      "baseline_hit_rate": 0.6538461538461539,
      "brier": 0.24764269128090624,
      "display_ready": true,
      "ece": null,
      "hit_rate": 0.6538461538461539,
      "logloss": 0.6884307590629929,
      "n": 52
    },
    "4h": {
      "base_rate": 0.5365853658536586,
      "baseline_brier": 0.248661511005354,
      "baseline_hit_rate": 0.5365853658536586,
      "brier": 0.2497582684460347,
      "display_ready": true,
      "ece": null,
      "hit_rate": 0.5365853658536586,
      "logloss": 0.6926634179316422,
      "n": 287
    }
  },
  "by_model_version": {
    "v0.1.0-baseline-shadow": {
      "base_rate": 0.5403930131004366,
      "baseline_brier": 0.24836840449266795,
      "baseline_hit_rate": 0.5403930131004366,
      "brier": 0.2498078398119829,
      "display_ready": true,
      "ece": null,
      "hit_rate": 0.5403930131004366,
      "logloss": 0.6927628728897002,
      "n": 916
    }
  },
  "generated_at": "2026-06-19T07:31:19Z",
  "global": {
    "base_rate": 0.5403930131004366,
    "baseline_brier": 0.24836840449266795,
    "baseline_hit_rate": 0.5403930131004366,
    "brier": 0.2498078398119829,
    "display_ready": true,
    "ece": null,
    "hit_rate": 0.5403930131004366,
    "logloss": 0.6927628728897002,
    "n": 916
  },
  "metrics_version": "metrics-v0.1.0",
  "min_n_display": 20,
  "rolling": {
    "30d": {
      "base_rate": 0.5403930131004366,
      "baseline_brier": 0.24836840449266795,
      "baseline_hit_rate": 0.5403930131004366,
      "brier": 0.2498078398119829,
      "display_ready": true,
      "ece": null,
      "hit_rate": 0.5403930131004366,
      "logloss": 0.6927628728897002,
      "n": 916
    },
    "7d": {
      "base_rate": 0.6538461538461539,
      "baseline_brier": 0.22633136094674555,
      "baseline_hit_rate": 0.6538461538461539,
      "brier": 0.2485996542673819,
      "display_ready": true,
      "ece": null,
      "hit_rate": 0.6538461538461539,
      "logloss": 0.6903464098919554,
      "n": 104
    },
    "90d": {
      "base_rate": 0.5403930131004366,
      "baseline_brier": 0.24836840449266795,
      "baseline_hit_rate": 0.5403930131004366,
      "brier": 0.2498078398119829,
      "display_ready": true,
      "ece": null,
      "hit_rate": 0.5403930131004366,
      "logloss": 0.6927628728897002,
      "n": 916
    }
  },
  "schema_version": "1",
  "total_forecasts": 920,
  "total_resolved": 916
}
