{
  "by_horizon": {
    "12h": {
      "base_rate": 0.5714285714285714,
      "baseline_brier": 0.24489795918367346,
      "baseline_hit_rate": 0.5714285714285714,
      "brier": 0.24941930564530376,
      "display_ready": true,
      "ece": null,
      "hit_rate": 0.5714285714285714,
      "logloss": 0.691986194865111,
      "n": 154
    },
    "1h": {
      "base_rate": 0.5265423242467718,
      "baseline_brier": 0.24929550502357922,
      "baseline_hit_rate": 0.5265423242467718,
      "brier": 0.2502251424753102,
      "display_ready": true,
      "ece": null,
      "hit_rate": 0.5265423242467718,
      "logloss": 0.6935980769419829,
      "n": 697
    },
    "24h": {
      "base_rate": 0.6493506493506493,
      "baseline_brier": 0.22769438353853938,
      "baseline_hit_rate": 0.6493506493506493,
      "brier": 0.24829874686643189,
      "display_ready": true,
      "ece": null,
      "hit_rate": 0.6493506493506493,
      "logloss": 0.6897437025170247,
      "n": 77
    },
    "4h": {
      "base_rate": 0.5375586854460094,
      "baseline_brier": 0.24858934514756773,
      "baseline_hit_rate": 0.5375586854460094,
      "brier": 0.2500675211960368,
      "display_ready": true,
      "ece": null,
      "hit_rate": 0.5375586854460094,
      "logloss": 0.6932825522681603,
      "n": 426
    }
  },
  "by_model_version": {
    "v0.1.0-baseline-shadow": {
      "base_rate": 0.5420974889217134,
      "baseline_brier": 0.2482278014264862,
      "baseline_hit_rate": 0.5420974889217134,
      "brier": 0.24997434631676138,
      "display_ready": true,
      "ece": null,
      "hit_rate": 0.5420974889217134,
      "logloss": 0.6930962821254331,
      "n": 1354
    }
  },
  "generated_at": "2026-07-14T11:47:04Z",
  "global": {
    "base_rate": 0.5420974889217134,
    "baseline_brier": 0.2482278014264862,
    "baseline_hit_rate": 0.5420974889217134,
    "brier": 0.24997434631676138,
    "display_ready": true,
    "ece": null,
    "hit_rate": 0.5420974889217134,
    "logloss": 0.6930962821254331,
    "n": 1354
  },
  "metrics_version": "metrics-v0.1.0",
  "min_n_display": 20,
  "rolling": {
    "30d": {
      "base_rate": 0.5553359683794467,
      "baseline_brier": 0.24693793060350888,
      "baseline_hit_rate": 0.5553359683794467,
      "brier": 0.25014133999895477,
      "display_ready": true,
      "ece": null,
      "hit_rate": 0.5553359683794467,
      "logloss": 0.6934309365637213,
      "n": 506
    },
    "7d": {
      "base_rate": 0.4772727272727273,
      "baseline_brier": 0.24948347107438015,
      "baseline_hit_rate": 0.5227272727272727,
      "brier": 0.2512232773158365,
      "display_ready": true,
      "ece": null,
      "hit_rate": 0.4772727272727273,
      "logloss": 0.6955944994169045,
      "n": 132
    },
    "90d": {
      "base_rate": 0.5420974889217134,
      "baseline_brier": 0.2482278014264862,
      "baseline_hit_rate": 0.5420974889217134,
      "brier": 0.24997434631676138,
      "display_ready": true,
      "ece": null,
      "hit_rate": 0.5420974889217134,
      "logloss": 0.6930962821254331,
      "n": 1354
    }
  },
  "schema_version": "1",
  "total_forecasts": 1358,
  "total_resolved": 1354
}
