{
  "by_horizon": {
    "12h": {
      "base_rate": 0.6037735849056604,
      "baseline_brier": 0.23923104307582768,
      "baseline_hit_rate": 0.6037735849056604,
      "brier": 0.2489071837309081,
      "display_ready": true,
      "ece": null,
      "hit_rate": 0.6037735849056604,
      "logloss": 0.6909617779462889,
      "n": 106
    },
    "1h": {
      "base_rate": 0.51875,
      "baseline_brier": 0.24964843750000001,
      "baseline_hit_rate": 0.51875,
      "brier": 0.2502410393885911,
      "display_ready": true,
      "ece": null,
      "hit_rate": 0.51875,
      "logloss": 0.693629593004703,
      "n": 480
    },
    "24h": {
      "base_rate": 0.6415094339622641,
      "baseline_brier": 0.2299750800996796,
      "baseline_hit_rate": 0.6415094339622641,
      "brier": 0.24794720750135646,
      "display_ready": true,
      "ece": null,
      "hit_rate": 0.6415094339622641,
      "logloss": 0.6890399546646908,
      "n": 53
    },
    "4h": {
      "base_rate": 0.5395189003436426,
      "baseline_brier": 0.24843825651562926,
      "baseline_hit_rate": 0.5395189003436426,
      "brier": 0.2497285510138497,
      "display_ready": true,
      "ece": null,
      "hit_rate": 0.5395189003436426,
      "logloss": 0.6926039808795122,
      "n": 291
    }
  },
  "by_model_version": {
    "v0.1.0-baseline-shadow": {
      "base_rate": 0.5419354838709678,
      "baseline_brier": 0.24824141519250778,
      "baseline_hit_rate": 0.5419354838709678,
      "brier": 0.24979792551032487,
      "display_ready": true,
      "ece": null,
      "hit_rate": 0.5419354838709678,
      "logloss": 0.6927430420835814,
      "n": 930
    }
  },
  "generated_at": "2026-06-20T01:33:56Z",
  "global": {
    "base_rate": 0.5419354838709678,
    "baseline_brier": 0.24824141519250778,
    "baseline_hit_rate": 0.5419354838709678,
    "brier": 0.24979792551032487,
    "display_ready": true,
    "ece": null,
    "hit_rate": 0.5419354838709678,
    "logloss": 0.6927430420835814,
    "n": 930
  },
  "metrics_version": "metrics-v0.1.0",
  "min_n_display": 20,
  "rolling": {
    "30d": {
      "base_rate": 0.5419354838709678,
      "baseline_brier": 0.24824141519250778,
      "baseline_hit_rate": 0.5419354838709678,
      "brier": 0.24979792551032487,
      "display_ready": true,
      "ece": null,
      "hit_rate": 0.5419354838709678,
      "logloss": 0.6927430420835814,
      "n": 930
    },
    "7d": {
      "base_rate": 0.6634615384615384,
      "baseline_brier": 0.22328032544378698,
      "baseline_hit_rate": 0.6634615384615384,
      "brier": 0.2485792267733444,
      "display_ready": true,
      "ece": null,
      "hit_rate": 0.6634615384615384,
      "logloss": 0.6903055801113068,
      "n": 104
    },
    "90d": {
      "base_rate": 0.5419354838709678,
      "baseline_brier": 0.24824141519250778,
      "baseline_hit_rate": 0.5419354838709678,
      "brier": 0.24979792551032487,
      "display_ready": true,
      "ece": null,
      "hit_rate": 0.5419354838709678,
      "logloss": 0.6927430420835814,
      "n": 930
    }
  },
  "schema_version": "1",
  "total_forecasts": 934,
  "total_resolved": 930
}
