{
  "by_horizon": {
    "12h": {
      "base_rate": 0.5604395604395604,
      "baseline_brier": 0.2463470595338727,
      "baseline_hit_rate": 0.5604395604395604,
      "brier": 0.24958181525111775,
      "display_ready": true,
      "ece": null,
      "hit_rate": 0.5604395604395604,
      "logloss": 0.6923114335531801,
      "n": 91
    },
    "1h": {
      "base_rate": 0.5127610208816705,
      "baseline_brier": 0.24983715634605755,
      "baseline_hit_rate": 0.5127610208816705,
      "brier": 0.2503055833671835,
      "display_ready": true,
      "ece": null,
      "hit_rate": 0.5127610208816705,
      "logloss": 0.6937587585117921,
      "n": 431
    },
    "24h": {
      "base_rate": 0.6222222222222222,
      "baseline_brier": 0.23506172839506173,
      "baseline_hit_rate": 0.6222222222222222,
      "brier": 0.24842871804801223,
      "display_ready": true,
      "ece": null,
      "hit_rate": 0.6222222222222222,
      "logloss": 0.6900029465601712,
      "n": 45
    },
    "4h": {
      "base_rate": 0.5215686274509804,
      "baseline_brier": 0.24953479430988082,
      "baseline_hit_rate": 0.5215686274509804,
      "brier": 0.24978108924616446,
      "display_ready": true,
      "ece": null,
      "hit_rate": 0.5215686274509804,
      "logloss": 0.6927088100301116,
      "n": 255
    }
  },
  "by_model_version": {
    "v0.1.0-baseline-shadow": {
      "base_rate": 0.5267639902676399,
      "baseline_brier": 0.2492836888249537,
      "baseline_hit_rate": 0.5267639902676399,
      "brier": 0.24996000205479357,
      "display_ready": true,
      "ece": null,
      "hit_rate": 0.5267639902676399,
      "logloss": 0.6930672074511046,
      "n": 822
    }
  },
  "generated_at": "2026-06-12T22:43:36Z",
  "global": {
    "base_rate": 0.5267639902676399,
    "baseline_brier": 0.2492836888249537,
    "baseline_hit_rate": 0.5267639902676399,
    "brier": 0.24996000205479357,
    "display_ready": true,
    "ece": null,
    "hit_rate": 0.5267639902676399,
    "logloss": 0.6930672074511046,
    "n": 822
  },
  "metrics_version": "metrics-v0.1.0",
  "min_n_display": 20,
  "rolling": {
    "30d": {
      "base_rate": 0.5267639902676399,
      "baseline_brier": 0.2492836888249537,
      "baseline_hit_rate": 0.5267639902676399,
      "brier": 0.24996000205479357,
      "display_ready": true,
      "ece": null,
      "hit_rate": 0.5267639902676399,
      "logloss": 0.6930672074511046,
      "n": 822
    },
    "7d": {
      "base_rate": 0.5267639902676399,
      "baseline_brier": 0.2492836888249537,
      "baseline_hit_rate": 0.5267639902676399,
      "brier": 0.24996000205479357,
      "display_ready": true,
      "ece": null,
      "hit_rate": 0.5267639902676399,
      "logloss": 0.6930672074511046,
      "n": 822
    },
    "90d": {
      "base_rate": 0.5267639902676399,
      "baseline_brier": 0.2492836888249537,
      "baseline_hit_rate": 0.5267639902676399,
      "brier": 0.24996000205479357,
      "display_ready": true,
      "ece": null,
      "hit_rate": 0.5267639902676399,
      "logloss": 0.6930672074511046,
      "n": 822
    }
  },
  "schema_version": "1",
  "total_forecasts": 825,
  "total_resolved": 822
}
