{
  "by_horizon": {
    "12h": {
      "base_rate": 0.5714285714285714,
      "baseline_brier": 0.2448979591836735,
      "baseline_hit_rate": 0.5714285714285714,
      "brier": 0.2494561270107476,
      "display_ready": true,
      "ece": null,
      "hit_rate": 0.5714285714285714,
      "logloss": 0.6920599317219565,
      "n": 161
    },
    "1h": {
      "base_rate": 0.5253077975376197,
      "baseline_brier": 0.24935951538379486,
      "baseline_hit_rate": 0.5253077975376197,
      "brier": 0.25023924338828396,
      "display_ready": true,
      "ece": null,
      "hit_rate": 0.5253077975376197,
      "logloss": 0.6936263151504813,
      "n": 731
    },
    "24h": {
      "base_rate": 0.6375,
      "baseline_brier": 0.23109375000000001,
      "baseline_hit_rate": 0.6375,
      "brier": 0.24876606971771062,
      "display_ready": true,
      "ece": null,
      "hit_rate": 0.6375,
      "logloss": 0.6906788537454258,
      "n": 80
    },
    "4h": {
      "base_rate": 0.5415730337078651,
      "baseline_brier": 0.2482716828683247,
      "baseline_hit_rate": 0.5415730337078651,
      "brier": 0.25009522645207494,
      "display_ready": true,
      "ece": null,
      "hit_rate": 0.5415730337078651,
      "logloss": 0.693338105423336,
      "n": 445
    }
  },
  "by_model_version": {
    "v0.1.0-baseline-shadow": {
      "base_rate": 0.5419901199717714,
      "baseline_brier": 0.24823682982475623,
      "baseline_hit_rate": 0.5419901199717714,
      "brier": 0.25002186641789426,
      "display_ready": true,
      "ece": null,
      "hit_rate": 0.5419901199717714,
      "logloss": 0.6931914259670116,
      "n": 1417
    }
  },
  "generated_at": "2026-07-17T15:45:14Z",
  "global": {
    "base_rate": 0.5419901199717714,
    "baseline_brier": 0.24823682982475623,
    "baseline_hit_rate": 0.5419901199717714,
    "brier": 0.25002186641789426,
    "display_ready": true,
    "ece": null,
    "hit_rate": 0.5419901199717714,
    "logloss": 0.6931914259670116,
    "n": 1417
  },
  "metrics_version": "metrics-v0.1.0",
  "min_n_display": 20,
  "rolling": {
    "30d": {
      "base_rate": 0.5454545454545454,
      "baseline_brier": 0.24793388429752067,
      "baseline_hit_rate": 0.5454545454545454,
      "brier": 0.2504432883533558,
      "display_ready": true,
      "ece": null,
      "hit_rate": 0.5454545454545454,
      "logloss": 0.6940352364682479,
      "n": 528
    },
    "7d": {
      "base_rate": 0.5177304964539007,
      "baseline_brier": 0.2496856294954982,
      "baseline_hit_rate": 0.5177304964539007,
      "brier": 0.25113896806997543,
      "display_ready": true,
      "ece": null,
      "hit_rate": 0.5177304964539007,
      "logloss": 0.695426646339504,
      "n": 141
    },
    "90d": {
      "base_rate": 0.5419901199717714,
      "baseline_brier": 0.24823682982475623,
      "baseline_hit_rate": 0.5419901199717714,
      "brier": 0.25002186641789426,
      "display_ready": true,
      "ece": null,
      "hit_rate": 0.5419901199717714,
      "logloss": 0.6931914259670116,
      "n": 1417
    }
  },
  "schema_version": "1",
  "total_forecasts": 1421,
  "total_resolved": 1417
}
