{
  "by_horizon": {
    "12h": {
      "base_rate": 0.5657894736842105,
      "baseline_brier": 0.2456717451523546,
      "baseline_hit_rate": 0.5657894736842105,
      "brier": 0.24951715643800737,
      "display_ready": true,
      "ece": null,
      "hit_rate": 0.5657894736842105,
      "logloss": 0.6921819602146536,
      "n": 152
    },
    "1h": {
      "base_rate": 0.5276967930029155,
      "baseline_brier": 0.24923288765735366,
      "baseline_hit_rate": 0.5276967930029155,
      "brier": 0.2502129106813197,
      "display_ready": true,
      "ece": null,
      "hit_rate": 0.5276967930029155,
      "logloss": 0.6935736123969266,
      "n": 686
    },
    "24h": {
      "base_rate": 0.6447368421052632,
      "baseline_brier": 0.22905124653739614,
      "baseline_hit_rate": 0.6447368421052632,
      "brier": 0.2482923612999702,
      "display_ready": true,
      "ece": null,
      "hit_rate": 0.6447368421052632,
      "logloss": 0.6897309186607747,
      "n": 76
    },
    "4h": {
      "base_rate": 0.5380952380952381,
      "baseline_brier": 0.24854875283446712,
      "baseline_hit_rate": 0.5380952380952381,
      "brier": 0.25003457349054453,
      "display_ready": true,
      "ece": null,
      "hit_rate": 0.5380952380952381,
      "logloss": 0.6932166400468405,
      "n": 420
    }
  },
  "by_model_version": {
    "v0.1.0-baseline-shadow": {
      "base_rate": 0.5419790104947526,
      "baseline_brier": 0.24823776267788145,
      "baseline_hit_rate": 0.5419790104947526,
      "brier": 0.24996806958829748,
      "display_ready": true,
      "ece": null,
      "hit_rate": 0.5419790104947526,
      "logloss": 0.6930837291565299,
      "n": 1334
    }
  },
  "generated_at": "2026-07-13T08:25:37Z",
  "global": {
    "base_rate": 0.5419790104947526,
    "baseline_brier": 0.24823776267788145,
    "baseline_hit_rate": 0.5419790104947526,
    "brier": 0.24996806958829748,
    "display_ready": true,
    "ece": null,
    "hit_rate": 0.5419790104947526,
    "logloss": 0.6930837291565299,
    "n": 1334
  },
  "metrics_version": "metrics-v0.1.0",
  "min_n_display": 20,
  "rolling": {
    "30d": {
      "base_rate": 0.567193675889328,
      "baseline_brier": 0.24548500992047992,
      "baseline_hit_rate": 0.567193675889328,
      "brier": 0.24999517667405718,
      "display_ready": true,
      "ece": null,
      "hit_rate": 0.567193675889328,
      "logloss": 0.6931385828854633,
      "n": 506
    },
    "7d": {
      "base_rate": 0.4732824427480916,
      "baseline_brier": 0.24928617213449097,
      "baseline_hit_rate": 0.5267175572519084,
      "brier": 0.25143736170454456,
      "display_ready": true,
      "ece": null,
      "hit_rate": 0.4732824427480916,
      "logloss": 0.6960230064074209,
      "n": 131
    },
    "90d": {
      "base_rate": 0.5419790104947526,
      "baseline_brier": 0.24823776267788145,
      "baseline_hit_rate": 0.5419790104947526,
      "brier": 0.24996806958829748,
      "display_ready": true,
      "ece": null,
      "hit_rate": 0.5419790104947526,
      "logloss": 0.6930837291565299,
      "n": 1334
    }
  },
  "schema_version": "1",
  "total_forecasts": 1336,
  "total_resolved": 1334
}
