{
  "by_horizon": {
    "12h": {
      "base_rate": 0.574468085106383,
      "baseline_brier": 0.24445450430058852,
      "baseline_hit_rate": 0.574468085106383,
      "brier": 0.2493282624945948,
      "display_ready": true,
      "ece": null,
      "hit_rate": 0.574468085106383,
      "logloss": 0.6918040248713782,
      "n": 141
    },
    "1h": {
      "base_rate": 0.5293185419968305,
      "baseline_brier": 0.24914042309518009,
      "baseline_hit_rate": 0.5293185419968305,
      "brier": 0.25013682429149464,
      "display_ready": true,
      "ece": null,
      "hit_rate": 0.5293185419968305,
      "logloss": 0.6934214428610844,
      "n": 631
    },
    "24h": {
      "base_rate": 0.6714285714285714,
      "baseline_brier": 0.2206122448979592,
      "baseline_hit_rate": 0.6714285714285714,
      "brier": 0.24792540661556606,
      "display_ready": true,
      "ece": null,
      "hit_rate": 0.6714285714285714,
      "logloss": 0.6889968115631677,
      "n": 70
    },
    "4h": {
      "base_rate": 0.5424164524421594,
      "baseline_brier": 0.24820084456222202,
      "baseline_hit_rate": 0.5424164524421594,
      "brier": 0.24998420309981498,
      "display_ready": true,
      "ece": null,
      "hit_rate": 0.5424164524421594,
      "logloss": 0.6931158871044345,
      "n": 389
    }
  },
  "by_model_version": {
    "v0.1.0-baseline-shadow": {
      "base_rate": 0.5467099918765231,
      "baseline_brier": 0.24781817665889513,
      "baseline_hit_rate": 0.5467099918765231,
      "brier": 0.24987023120112806,
      "display_ready": true,
      "ece": null,
      "hit_rate": 0.5467099918765231,
      "logloss": 0.6928880218076809,
      "n": 1231
    }
  },
  "generated_at": "2026-07-07T22:32:23Z",
  "global": {
    "base_rate": 0.5467099918765231,
    "baseline_brier": 0.24781817665889513,
    "baseline_hit_rate": 0.5467099918765231,
    "brier": 0.24987023120112806,
    "display_ready": true,
    "ece": null,
    "hit_rate": 0.5467099918765231,
    "logloss": 0.6928880218076809,
    "n": 1231
  },
  "metrics_version": "metrics-v0.1.0",
  "min_n_display": 20,
  "rolling": {
    "30d": {
      "base_rate": 0.5793814432989691,
      "baseline_brier": 0.24369858645977258,
      "baseline_hit_rate": 0.5793814432989691,
      "brier": 0.249667820321754,
      "display_ready": true,
      "ece": null,
      "hit_rate": 0.5793814432989691,
      "logloss": 0.6924837270434703,
      "n": 485
    },
    "7d": {
      "base_rate": 0.5609756097560976,
      "baseline_brier": 0.2462819750148721,
      "baseline_hit_rate": 0.5609756097560976,
      "brier": 0.24993138389149824,
      "display_ready": true,
      "ece": null,
      "hit_rate": 0.5609756097560976,
      "logloss": 0.6930108923719897,
      "n": 123
    },
    "90d": {
      "base_rate": 0.5467099918765231,
      "baseline_brier": 0.24781817665889513,
      "baseline_hit_rate": 0.5467099918765231,
      "brier": 0.24987023120112806,
      "display_ready": true,
      "ece": null,
      "hit_rate": 0.5467099918765231,
      "logloss": 0.6928880218076809,
      "n": 1231
    }
  },
  "schema_version": "1",
  "total_forecasts": 1235,
  "total_resolved": 1231
}
