{
  "by_horizon": {
    "12h": {
      "base_rate": 0.5925925925925926,
      "baseline_brier": 0.2414266117969822,
      "baseline_hit_rate": 0.5925925925925926,
      "brier": 0.24892959871855813,
      "display_ready": true,
      "ece": null,
      "hit_rate": 0.5925925925925926,
      "logloss": 0.6910064990716093,
      "n": 135
    },
    "1h": {
      "base_rate": 0.5307820299500832,
      "baseline_brier": 0.2490524666321522,
      "baseline_hit_rate": 0.5307820299500832,
      "brier": 0.25015450125772426,
      "display_ready": true,
      "ece": null,
      "hit_rate": 0.5307820299500832,
      "logloss": 0.6934568209560582,
      "n": 601
    },
    "24h": {
      "base_rate": 0.6567164179104478,
      "baseline_brier": 0.2254399643573179,
      "baseline_hit_rate": 0.6567164179104478,
      "brier": 0.24813525013144686,
      "display_ready": true,
      "ece": null,
      "hit_rate": 0.6567164179104478,
      "logloss": 0.6894164860024029,
      "n": 67
    },
    "4h": {
      "base_rate": 0.555256064690027,
      "baseline_brier": 0.24694676731497153,
      "baseline_hit_rate": 0.555256064690027,
      "brier": 0.24982058278332359,
      "display_ready": true,
      "ece": null,
      "hit_rate": 0.555256064690027,
      "logloss": 0.6927885808077859,
      "n": 371
    }
  },
  "by_model_version": {
    "v0.1.0-baseline-shadow": {
      "base_rate": 0.5528109028960818,
      "baseline_brier": 0.24721100853530065,
      "baseline_hit_rate": 0.5528109028960818,
      "brier": 0.24979288675836253,
      "display_ready": true,
      "ece": null,
      "hit_rate": 0.5528109028960818,
      "logloss": 0.6927333005205347,
      "n": 1174
    }
  },
  "generated_at": "2026-07-04T17:31:30Z",
  "global": {
    "base_rate": 0.5528109028960818,
    "baseline_brier": 0.24721100853530065,
    "baseline_hit_rate": 0.5528109028960818,
    "brier": 0.24979288675836253,
    "display_ready": true,
    "ece": null,
    "hit_rate": 0.5528109028960818,
    "logloss": 0.6927333005205347,
    "n": 1174
  },
  "metrics_version": "metrics-v0.1.0",
  "min_n_display": 20,
  "rolling": {
    "30d": {
      "base_rate": 0.5528109028960818,
      "baseline_brier": 0.24721100853530065,
      "baseline_hit_rate": 0.5528109028960818,
      "brier": 0.24979288675836253,
      "display_ready": true,
      "ece": null,
      "hit_rate": 0.5528109028960818,
      "logloss": 0.6927333005205347,
      "n": 1174
    },
    "7d": {
      "base_rate": 0.575,
      "baseline_brier": 0.24437499999999998,
      "baseline_hit_rate": 0.575,
      "brier": 0.24999040007121912,
      "display_ready": true,
      "ece": null,
      "hit_rate": 0.575,
      "logloss": 0.6931289547088649,
      "n": 120
    },
    "90d": {
      "base_rate": 0.5528109028960818,
      "baseline_brier": 0.24721100853530065,
      "baseline_hit_rate": 0.5528109028960818,
      "brier": 0.24979288675836253,
      "display_ready": true,
      "ece": null,
      "hit_rate": 0.5528109028960818,
      "logloss": 0.6927333005205347,
      "n": 1174
    }
  },
  "schema_version": "1",
  "total_forecasts": 1178,
  "total_resolved": 1174
}
