{
  "by_horizon": {
    "12h": {
      "base_rate": 0.5909090909090909,
      "baseline_brier": 0.24173553719008264,
      "baseline_hit_rate": 0.5909090909090909,
      "brier": 0.2489456358443866,
      "display_ready": true,
      "ece": null,
      "hit_rate": 0.5909090909090909,
      "logloss": 0.6910385776534487,
      "n": 132
    },
    "1h": {
      "base_rate": 0.5212947189097104,
      "baseline_brier": 0.24954653494655643,
      "baseline_hit_rate": 0.5212947189097104,
      "brier": 0.25029620823617016,
      "display_ready": true,
      "ece": null,
      "hit_rate": 0.5212947189097104,
      "logloss": 0.6937402830438688,
      "n": 587
    },
    "24h": {
      "base_rate": 0.6515151515151515,
      "baseline_brier": 0.22704315886134066,
      "baseline_hit_rate": 0.6515151515151515,
      "brier": 0.24820799421607165,
      "display_ready": true,
      "ece": null,
      "hit_rate": 0.6515151515151515,
      "logloss": 0.6895619681581153,
      "n": 66
    },
    "4h": {
      "base_rate": 0.5509641873278237,
      "baseline_brier": 0.2474026516100145,
      "baseline_hit_rate": 0.5509641873278237,
      "brier": 0.2498504712684136,
      "display_ready": true,
      "ece": null,
      "hit_rate": 0.5509641873278237,
      "logloss": 0.6928483537809366,
      "n": 363
    }
  },
  "by_model_version": {
    "v0.1.0-baseline-shadow": {
      "base_rate": 0.5461672473867596,
      "baseline_brier": 0.24786858526872974,
      "baseline_hit_rate": 0.5461672473867596,
      "brier": 0.2498799188630538,
      "display_ready": true,
      "ece": null,
      "hit_rate": 0.5461672473867596,
      "logloss": 0.6929073873849494,
      "n": 1148
    }
  },
  "generated_at": "2026-07-03T07:41:00Z",
  "global": {
    "base_rate": 0.5461672473867596,
    "baseline_brier": 0.24786858526872974,
    "baseline_hit_rate": 0.5461672473867596,
    "brier": 0.2498799188630538,
    "display_ready": true,
    "ece": null,
    "hit_rate": 0.5461672473867596,
    "logloss": 0.6929073873849494,
    "n": 1148
  },
  "metrics_version": "metrics-v0.1.0",
  "min_n_display": 20,
  "rolling": {
    "30d": {
      "base_rate": 0.5461672473867596,
      "baseline_brier": 0.24786858526872974,
      "baseline_hit_rate": 0.5461672473867596,
      "brier": 0.2498799188630538,
      "display_ready": true,
      "ece": null,
      "hit_rate": 0.5461672473867596,
      "logloss": 0.6929073873849494,
      "n": 1148
    },
    "7d": {
      "base_rate": 0.5333333333333333,
      "baseline_brier": 0.24888888888888888,
      "baseline_hit_rate": 0.5333333333333333,
      "brier": 0.2504733999987555,
      "display_ready": true,
      "ece": null,
      "hit_rate": 0.5333333333333333,
      "logloss": 0.6940950495446538,
      "n": 120
    },
    "90d": {
      "base_rate": 0.5461672473867596,
      "baseline_brier": 0.24786858526872974,
      "baseline_hit_rate": 0.5461672473867596,
      "brier": 0.2498799188630538,
      "display_ready": true,
      "ece": null,
      "hit_rate": 0.5461672473867596,
      "logloss": 0.6929073873849494,
      "n": 1148
    }
  },
  "schema_version": "1",
  "total_forecasts": 1152,
  "total_resolved": 1148
}
