{
  "by_horizon": {
    "12h": {
      "base_rate": 0.5955882352941176,
      "baseline_brier": 0.24086288927335642,
      "baseline_hit_rate": 0.5955882352941176,
      "brier": 0.24892310841486023,
      "display_ready": true,
      "ece": null,
      "hit_rate": 0.5955882352941176,
      "logloss": 0.6909935174274482,
      "n": 136
    },
    "1h": {
      "base_rate": 0.5296052631578947,
      "baseline_brier": 0.2491235283933518,
      "baseline_hit_rate": 0.5296052631578947,
      "brier": 0.2501524420899701,
      "display_ready": true,
      "ece": null,
      "hit_rate": 0.5296052631578947,
      "logloss": 0.6934526933251937,
      "n": 608
    },
    "24h": {
      "base_rate": 0.6617647058823529,
      "baseline_brier": 0.22383217993079585,
      "baseline_hit_rate": 0.6617647058823529,
      "brier": 0.24804329555165688,
      "display_ready": true,
      "ece": null,
      "hit_rate": 0.6617647058823529,
      "logloss": 0.6892325731731971,
      "n": 68
    },
    "4h": {
      "base_rate": 0.5546666666666666,
      "baseline_brier": 0.24701155555555557,
      "baseline_hit_rate": 0.5546666666666666,
      "brier": 0.24984429272873607,
      "display_ready": true,
      "ece": null,
      "hit_rate": 0.5546666666666666,
      "logloss": 0.6928360029698916,
      "n": 375
    }
  },
  "by_model_version": {
    "v0.1.0-baseline-shadow": {
      "base_rate": 0.552653748946925,
      "baseline_brier": 0.24722758272183415,
      "baseline_hit_rate": 0.552653748946925,
      "brier": 0.24979341314735598,
      "display_ready": true,
      "ece": null,
      "hit_rate": 0.552653748946925,
      "logloss": 0.6927343487795597,
      "n": 1187
    }
  },
  "generated_at": "2026-07-05T08:13:46Z",
  "global": {
    "base_rate": 0.552653748946925,
    "baseline_brier": 0.24722758272183415,
    "baseline_hit_rate": 0.552653748946925,
    "brier": 0.24979341314735598,
    "display_ready": true,
    "ece": null,
    "hit_rate": 0.552653748946925,
    "logloss": 0.6927343487795597,
    "n": 1187
  },
  "metrics_version": "metrics-v0.1.0",
  "min_n_display": 20,
  "rolling": {
    "30d": {
      "base_rate": 0.552653748946925,
      "baseline_brier": 0.24722758272183415,
      "baseline_hit_rate": 0.552653748946925,
      "brier": 0.24979341314735598,
      "display_ready": true,
      "ece": null,
      "hit_rate": 0.552653748946925,
      "logloss": 0.6927343487795597,
      "n": 1187
    },
    "7d": {
      "base_rate": 0.5901639344262295,
      "baseline_brier": 0.24187046492878259,
      "baseline_hit_rate": 0.5901639344262295,
      "brier": 0.2499028921301148,
      "display_ready": true,
      "ece": null,
      "hit_rate": 0.5901639344262295,
      "logloss": 0.6929539125033447,
      "n": 122
    },
    "90d": {
      "base_rate": 0.552653748946925,
      "baseline_brier": 0.24722758272183415,
      "baseline_hit_rate": 0.552653748946925,
      "brier": 0.24979341314735598,
      "display_ready": true,
      "ece": null,
      "hit_rate": 0.552653748946925,
      "logloss": 0.6927343487795597,
      "n": 1187
    }
  },
  "schema_version": "1",
  "total_forecasts": 1189,
  "total_resolved": 1187
}
