{
  "by_horizon": {
    "12h": {
      "base_rate": 0.56,
      "baseline_brier": 0.2464,
      "baseline_hit_rate": 0.56,
      "brier": 0.24953057345152038,
      "display_ready": true,
      "ece": null,
      "hit_rate": 0.56,
      "logloss": 0.6922088005845274,
      "n": 150
    },
    "1h": {
      "base_rate": 0.5297619047619048,
      "baseline_brier": 0.2491142290249433,
      "baseline_hit_rate": 0.5297619047619048,
      "brier": 0.2502113926682742,
      "display_ready": true,
      "ece": null,
      "hit_rate": 0.5297619047619048,
      "logloss": 0.6935706063111142,
      "n": 672
    },
    "24h": {
      "base_rate": 0.64,
      "baseline_brier": 0.23040000000000002,
      "baseline_hit_rate": 0.64,
      "brier": 0.2482881720418367,
      "display_ready": true,
      "ece": null,
      "hit_rate": 0.64,
      "logloss": 0.6897225271142554,
      "n": 75
    },
    "4h": {
      "base_rate": 0.5423728813559322,
      "baseline_brier": 0.24820453892559607,
      "baseline_hit_rate": 0.5423728813559322,
      "brier": 0.24995977480042633,
      "display_ready": true,
      "ece": null,
      "hit_rate": 0.5423728813559322,
      "logloss": 0.6930670035019859,
      "n": 413
    }
  },
  "by_model_version": {
    "v0.1.0-baseline-shadow": {
      "base_rate": 0.5435114503816794,
      "baseline_brier": 0.24810675368568266,
      "baseline_hit_rate": 0.5435114503816794,
      "brier": 0.24994400136375733,
      "display_ready": true,
      "ece": null,
      "hit_rate": 0.5435114503816794,
      "logloss": 0.6930355950447612,
      "n": 1310
    }
  },
  "generated_at": "2026-07-12T04:01:51Z",
  "global": {
    "base_rate": 0.5435114503816794,
    "baseline_brier": 0.24810675368568266,
    "baseline_hit_rate": 0.5435114503816794,
    "brier": 0.24994400136375733,
    "display_ready": true,
    "ece": null,
    "hit_rate": 0.5435114503816794,
    "logloss": 0.6930355950447612,
    "n": 1310
  },
  "metrics_version": "metrics-v0.1.0",
  "min_n_display": 20,
  "rolling": {
    "30d": {
      "base_rate": 0.57,
      "baseline_brier": 0.24509999999999998,
      "baseline_hit_rate": 0.57,
      "brier": 0.2499585753523985,
      "display_ready": true,
      "ece": null,
      "hit_rate": 0.57,
      "logloss": 0.6930653847944167,
      "n": 500
    },
    "7d": {
      "base_rate": 0.44881889763779526,
      "baseline_brier": 0.24738049476098953,
      "baseline_hit_rate": 0.5511811023622047,
      "brier": 0.2514613473635779,
      "display_ready": true,
      "ece": null,
      "hit_rate": 0.44881889763779526,
      "logloss": 0.6960709402098127,
      "n": 127
    },
    "90d": {
      "base_rate": 0.5435114503816794,
      "baseline_brier": 0.24810675368568266,
      "baseline_hit_rate": 0.5435114503816794,
      "brier": 0.24994400136375733,
      "display_ready": true,
      "ece": null,
      "hit_rate": 0.5435114503816794,
      "logloss": 0.6930355950447612,
      "n": 1310
    }
  },
  "schema_version": "1",
  "total_forecasts": 1314,
  "total_resolved": 1310
}
