{
  "by_horizon": {
    "12h": {
      "base_rate": 0.5705521472392638,
      "baseline_brier": 0.24502239451992922,
      "baseline_hit_rate": 0.5705521472392638,
      "brier": 0.24947611445318854,
      "display_ready": true,
      "ece": null,
      "hit_rate": 0.5705521472392638,
      "logloss": 0.6920999074018285,
      "n": 163
    },
    "1h": {
      "base_rate": 0.5308310991957105,
      "baseline_brier": 0.24904944332238427,
      "baseline_hit_rate": 0.5308310991957105,
      "brier": 0.2501678138279679,
      "display_ready": true,
      "ece": null,
      "hit_rate": 0.5308310991957105,
      "logloss": 0.6934834323511523,
      "n": 746
    },
    "24h": {
      "base_rate": 0.6296296296296297,
      "baseline_brier": 0.23319615912208505,
      "baseline_hit_rate": 0.6296296296296297,
      "brier": 0.2489107180523578,
      "display_ready": true,
      "ece": null,
      "hit_rate": 0.6296296296296297,
      "logloss": 0.6909681935182765,
      "n": 81
    },
    "4h": {
      "base_rate": 0.5442477876106194,
      "baseline_brier": 0.2480421332915655,
      "baseline_hit_rate": 0.5442477876106194,
      "brier": 0.25007081614599214,
      "display_ready": true,
      "ece": null,
      "hit_rate": 0.5442477876106194,
      "logloss": 0.6932892814880109,
      "n": 452
    }
  },
  "by_model_version": {
    "v0.1.0-baseline-shadow": {
      "base_rate": 0.5450762829403606,
      "baseline_brier": 0.24796812871628057,
      "baseline_hit_rate": 0.5450762829403606,
      "brier": 0.24998860806640996,
      "display_ready": true,
      "ece": null,
      "hit_rate": 0.5450762829403606,
      "logloss": 0.6931248989930784,
      "n": 1442
    }
  },
  "generated_at": "2026-07-18T17:08:14Z",
  "global": {
    "base_rate": 0.5450762829403606,
    "baseline_brier": 0.24796812871628057,
    "baseline_hit_rate": 0.5450762829403606,
    "brier": 0.24998860806640996,
    "display_ready": true,
    "ece": null,
    "hit_rate": 0.5450762829403606,
    "logloss": 0.6931248989930784,
    "n": 1442
  },
  "metrics_version": "metrics-v0.1.0",
  "min_n_display": 20,
  "rolling": {
    "30d": {
      "base_rate": 0.5549348230912476,
      "baseline_brier": 0.24698216521193334,
      "baseline_hit_rate": 0.5549348230912476,
      "brier": 0.25027480446719086,
      "display_ready": true,
      "ece": null,
      "hit_rate": 0.5549348230912476,
      "logloss": 0.6936981390895166,
      "n": 537
    },
    "7d": {
      "base_rate": 0.5517241379310345,
      "baseline_brier": 0.2473246135552913,
      "baseline_hit_rate": 0.5517241379310345,
      "brier": 0.25044986535979147,
      "display_ready": true,
      "ece": null,
      "hit_rate": 0.5517241379310345,
      "logloss": 0.6940481894877775,
      "n": 145
    },
    "90d": {
      "base_rate": 0.5450762829403606,
      "baseline_brier": 0.24796812871628057,
      "baseline_hit_rate": 0.5450762829403606,
      "brier": 0.24998860806640996,
      "display_ready": true,
      "ece": null,
      "hit_rate": 0.5450762829403606,
      "logloss": 0.6931248989930784,
      "n": 1442
    }
  },
  "schema_version": "1",
  "total_forecasts": 1445,
  "total_resolved": 1442
}
