{
  "by_horizon": {
    "12h": {
      "base_rate": 0.5772357723577236,
      "baseline_brier": 0.2440346354683059,
      "baseline_hit_rate": 0.5772357723577236,
      "brier": 0.24919670181473874,
      "display_ready": true,
      "ece": null,
      "hit_rate": 0.5772357723577236,
      "logloss": 0.6915410053565668,
      "n": 123
    },
    "1h": {
      "base_rate": 0.5217391304347826,
      "baseline_brier": 0.24952741020793953,
      "baseline_hit_rate": 0.5217391304347826,
      "brier": 0.2501958074515566,
      "display_ready": true,
      "ece": null,
      "hit_rate": 0.5217391304347826,
      "logloss": 0.6935393380498782,
      "n": 552
    },
    "24h": {
      "base_rate": 0.6557377049180327,
      "baseline_brier": 0.22574576726686377,
      "baseline_hit_rate": 0.6557377049180327,
      "brier": 0.2480847763047276,
      "display_ready": true,
      "ece": null,
      "hit_rate": 0.6557377049180327,
      "logloss": 0.6893154518763513,
      "n": 61
    },
    "4h": {
      "base_rate": 0.5529411764705883,
      "baseline_brier": 0.24719723183391004,
      "baseline_hit_rate": 0.5529411764705883,
      "brier": 0.24968809568881792,
      "display_ready": true,
      "ece": null,
      "hit_rate": 0.5529411764705883,
      "logloss": 0.6925234297836039,
      "n": 340
    }
  },
  "by_model_version": {
    "v0.1.0-baseline-shadow": {
      "base_rate": 0.5455390334572491,
      "baseline_brier": 0.24792619643177954,
      "baseline_hit_rate": 0.5455390334572491,
      "brier": 0.24980149063685742,
      "display_ready": true,
      "ece": null,
      "hit_rate": 0.5455390334572491,
      "logloss": 0.6927504339714436,
      "n": 1076
    }
  },
  "generated_at": "2026-06-28T20:37:38Z",
  "global": {
    "base_rate": 0.5455390334572491,
    "baseline_brier": 0.24792619643177954,
    "baseline_hit_rate": 0.5455390334572491,
    "brier": 0.24980149063685742,
    "display_ready": true,
    "ece": null,
    "hit_rate": 0.5455390334572491,
    "logloss": 0.6927504339714436,
    "n": 1076
  },
  "metrics_version": "metrics-v0.1.0",
  "min_n_display": 20,
  "rolling": {
    "30d": {
      "base_rate": 0.5455390334572491,
      "baseline_brier": 0.24792619643177954,
      "baseline_hit_rate": 0.5455390334572491,
      "brier": 0.24980149063685742,
      "display_ready": true,
      "ece": null,
      "hit_rate": 0.5455390334572491,
      "logloss": 0.6927504339714436,
      "n": 1076
    },
    "7d": {
      "base_rate": 0.49137931034482757,
      "baseline_brier": 0.24992568370986915,
      "baseline_hit_rate": 0.5086206896551724,
      "brier": 0.2508823693956871,
      "display_ready": true,
      "ece": null,
      "hit_rate": 0.49137931034482757,
      "logloss": 0.6949145018557604,
      "n": 116
    },
    "90d": {
      "base_rate": 0.5455390334572491,
      "baseline_brier": 0.24792619643177954,
      "baseline_hit_rate": 0.5455390334572491,
      "brier": 0.24980149063685742,
      "display_ready": true,
      "ece": null,
      "hit_rate": 0.5455390334572491,
      "logloss": 0.6927504339714436,
      "n": 1076
    }
  },
  "schema_version": "1",
  "total_forecasts": 1080,
  "total_resolved": 1076
}
