{
  "by_horizon": {
    "12h": {
      "base_rate": 0.5662650602409639,
      "baseline_brier": 0.24560894179126144,
      "baseline_hit_rate": 0.5662650602409639,
      "brier": 0.24954009112861045,
      "display_ready": true,
      "ece": null,
      "hit_rate": 0.5662650602409639,
      "logloss": 0.6922278677643222,
      "n": 166
    },
    "1h": {
      "base_rate": 0.5280312907431551,
      "baseline_brier": 0.2492142467392727,
      "baseline_hit_rate": 0.5280312907431551,
      "brier": 0.2501621691392039,
      "display_ready": true,
      "ece": null,
      "hit_rate": 0.5280312907431551,
      "logloss": 0.6934721227579902,
      "n": 767
    },
    "24h": {
      "base_rate": 0.6265060240963856,
      "baseline_brier": 0.23399622586732471,
      "baseline_hit_rate": 0.6265060240963856,
      "brier": 0.2489736464192586,
      "display_ready": true,
      "ece": null,
      "hit_rate": 0.6265060240963856,
      "logloss": 0.691094081744704,
      "n": 83
    },
    "4h": {
      "base_rate": 0.5432900432900433,
      "baseline_brier": 0.24812597215194618,
      "baseline_hit_rate": 0.5432900432900433,
      "brier": 0.25007769319870216,
      "display_ready": true,
      "ece": null,
      "hit_rate": 0.5432900432900433,
      "logloss": 0.6933030268472892,
      "n": 462
    }
  },
  "by_model_version": {
    "v0.1.0-baseline-shadow": {
      "base_rate": 0.5426251691474966,
      "baseline_brier": 0.24818309495514732,
      "baseline_hit_rate": 0.5426251691474966,
      "brier": 0.24999915139899706,
      "display_ready": true,
      "ece": null,
      "hit_rate": 0.5426251691474966,
      "logloss": 0.6931459752317415,
      "n": 1478
    }
  },
  "generated_at": "2026-07-20T11:53:48Z",
  "global": {
    "base_rate": 0.5426251691474966,
    "baseline_brier": 0.24818309495514732,
    "baseline_hit_rate": 0.5426251691474966,
    "brier": 0.24999915139899706,
    "display_ready": true,
    "ece": null,
    "hit_rate": 0.5426251691474966,
    "logloss": 0.6931459752317415,
    "n": 1478
  },
  "metrics_version": "metrics-v0.1.0",
  "min_n_display": 20,
  "rolling": {
    "30d": {
      "base_rate": 0.5404411764705882,
      "baseline_brier": 0.2483645112456747,
      "baseline_hit_rate": 0.5404411764705882,
      "brier": 0.25040067240540254,
      "display_ready": true,
      "ece": null,
      "hit_rate": 0.5404411764705882,
      "logloss": 0.6939498535604883,
      "n": 544
    },
    "7d": {
      "base_rate": 0.5486111111111112,
      "baseline_brier": 0.24763695987654322,
      "baseline_hit_rate": 0.5486111111111112,
      "brier": 0.25028708983978326,
      "display_ready": true,
      "ece": null,
      "hit_rate": 0.5486111111111112,
      "logloss": 0.693722615956271,
      "n": 144
    },
    "90d": {
      "base_rate": 0.5426251691474966,
      "baseline_brier": 0.24818309495514732,
      "baseline_hit_rate": 0.5426251691474966,
      "brier": 0.24999915139899706,
      "display_ready": true,
      "ece": null,
      "hit_rate": 0.5426251691474966,
      "logloss": 0.6931459752317415,
      "n": 1478
    }
  },
  "schema_version": "1",
  "total_forecasts": 1482,
  "total_resolved": 1478
}
