{
  "by_horizon": {
    "12h": {
      "base_rate": 0.6036036036036037,
      "baseline_brier": 0.23926629332034738,
      "baseline_hit_rate": 0.6036036036036037,
      "brier": 0.24891422854016568,
      "display_ready": true,
      "ece": null,
      "hit_rate": 0.6036036036036037,
      "logloss": 0.6909758645431656,
      "n": 111
    },
    "1h": {
      "base_rate": 0.5318725099601593,
      "baseline_brier": 0.24898414310883954,
      "baseline_hit_rate": 0.5318725099601593,
      "brier": 0.2500821772982185,
      "display_ready": true,
      "ece": null,
      "hit_rate": 0.5318725099601593,
      "logloss": 0.6933118340103932,
      "n": 502
    },
    "24h": {
      "base_rate": 0.6363636363636364,
      "baseline_brier": 0.23140495867768593,
      "baseline_hit_rate": 0.6363636363636364,
      "brier": 0.24806801844135692,
      "display_ready": true,
      "ece": null,
      "hit_rate": 0.6363636363636364,
      "logloss": 0.6892816613055586,
      "n": 55
    },
    "4h": {
      "base_rate": 0.5555555555555556,
      "baseline_brier": 0.2469135802469136,
      "baseline_hit_rate": 0.5555555555555556,
      "brier": 0.24957143767986162,
      "display_ready": true,
      "ece": null,
      "hit_rate": 0.5555555555555556,
      "logloss": 0.6922897469423475,
      "n": 306
    }
  },
  "by_model_version": {
    "v0.1.0-baseline-shadow": {
      "base_rate": 0.553388090349076,
      "baseline_brier": 0.2471497118088789,
      "baseline_hit_rate": 0.553388090349076,
      "brier": 0.2496748802012078,
      "display_ready": true,
      "ece": null,
      "hit_rate": 0.553388090349076,
      "logloss": 0.6924969359072616,
      "n": 974
    }
  },
  "generated_at": "2026-06-22T22:57:22Z",
  "global": {
    "base_rate": 0.553388090349076,
    "baseline_brier": 0.2471497118088789,
    "baseline_hit_rate": 0.553388090349076,
    "brier": 0.2496748802012078,
    "display_ready": true,
    "ece": null,
    "hit_rate": 0.553388090349076,
    "logloss": 0.6924969359072616,
    "n": 974
  },
  "metrics_version": "metrics-v0.1.0",
  "min_n_display": 20,
  "rolling": {
    "30d": {
      "base_rate": 0.553388090349076,
      "baseline_brier": 0.2471497118088789,
      "baseline_hit_rate": 0.553388090349076,
      "brier": 0.2496748802012078,
      "display_ready": true,
      "ece": null,
      "hit_rate": 0.553388090349076,
      "logloss": 0.6924969359072616,
      "n": 974
    },
    "7d": {
      "base_rate": 0.7047619047619048,
      "baseline_brier": 0.20807256235827665,
      "baseline_hit_rate": 0.7047619047619048,
      "brier": 0.24874911214595105,
      "display_ready": true,
      "ece": null,
      "hit_rate": 0.7047619047619048,
      "logloss": 0.6906459173894023,
      "n": 105
    },
    "90d": {
      "base_rate": 0.553388090349076,
      "baseline_brier": 0.2471497118088789,
      "baseline_hit_rate": 0.553388090349076,
      "brier": 0.2496748802012078,
      "display_ready": true,
      "ece": null,
      "hit_rate": 0.553388090349076,
      "logloss": 0.6924969359072616,
      "n": 974
    }
  },
  "schema_version": "1",
  "total_forecasts": 978,
  "total_resolved": 974
}
