{
  "by_horizon": {
    "12h": {
      "base_rate": 0.574468085106383,
      "baseline_brier": 0.24445450430058852,
      "baseline_hit_rate": 0.574468085106383,
      "brier": 0.24949471943829563,
      "display_ready": true,
      "ece": null,
      "hit_rate": 0.574468085106383,
      "logloss": 0.6921372171800806,
      "n": 94
    },
    "1h": {
      "base_rate": 0.5170068027210885,
      "baseline_brier": 0.24971076866120598,
      "baseline_hit_rate": 0.5170068027210885,
      "brier": 0.25026455125940755,
      "display_ready": true,
      "ece": null,
      "hit_rate": 0.5170068027210885,
      "logloss": 0.6936766863943733,
      "n": 441
    },
    "24h": {
      "base_rate": 0.6382978723404256,
      "baseline_brier": 0.23087369850611136,
      "baseline_hit_rate": 0.6382978723404256,
      "brier": 0.24820717047495747,
      "display_ready": true,
      "ece": null,
      "hit_rate": 0.6382978723404256,
      "logloss": 0.6895598469006999,
      "n": 47
    },
    "4h": {
      "base_rate": 0.5267175572519084,
      "baseline_brier": 0.24928617213449097,
      "baseline_hit_rate": 0.5267175572519084,
      "brier": 0.24971918253807446,
      "display_ready": true,
      "ece": null,
      "hit_rate": 0.5267175572519084,
      "logloss": 0.6925850020174458,
      "n": 262
    }
  },
  "by_model_version": {
    "v0.1.0-baseline-shadow": {
      "base_rate": 0.533175355450237,
      "baseline_brier": 0.24889939579075043,
      "baseline_hit_rate": 0.533175355450237,
      "brier": 0.24989494498802964,
      "display_ready": true,
      "ece": null,
      "hit_rate": 0.533175355450237,
      "logloss": 0.6929370858385662,
      "n": 844
    }
  },
  "generated_at": "2026-06-14T01:37:54Z",
  "global": {
    "base_rate": 0.533175355450237,
    "baseline_brier": 0.24889939579075043,
    "baseline_hit_rate": 0.533175355450237,
    "brier": 0.24989494498802964,
    "display_ready": true,
    "ece": null,
    "hit_rate": 0.533175355450237,
    "logloss": 0.6929370858385662,
    "n": 844
  },
  "metrics_version": "metrics-v0.1.0",
  "min_n_display": 20,
  "rolling": {
    "30d": {
      "base_rate": 0.533175355450237,
      "baseline_brier": 0.24889939579075043,
      "baseline_hit_rate": 0.533175355450237,
      "brier": 0.24989494498802964,
      "display_ready": true,
      "ece": null,
      "hit_rate": 0.533175355450237,
      "logloss": 0.6929370858385662,
      "n": 844
    },
    "7d": {
      "base_rate": 0.533175355450237,
      "baseline_brier": 0.24889939579075043,
      "baseline_hit_rate": 0.533175355450237,
      "brier": 0.24989494498802964,
      "display_ready": true,
      "ece": null,
      "hit_rate": 0.533175355450237,
      "logloss": 0.6929370858385662,
      "n": 844
    },
    "90d": {
      "base_rate": 0.533175355450237,
      "baseline_brier": 0.24889939579075043,
      "baseline_hit_rate": 0.533175355450237,
      "brier": 0.24989494498802964,
      "display_ready": true,
      "ece": null,
      "hit_rate": 0.533175355450237,
      "logloss": 0.6929370858385662,
      "n": 844
    }
  },
  "schema_version": "1",
  "total_forecasts": 848,
  "total_resolved": 844
}
