{
  "by_horizon": {
    "12h": {
      "base_rate": 0.5867768595041323,
      "baseline_brier": 0.24246977665460012,
      "baseline_hit_rate": 0.5867768595041323,
      "brier": 0.2491118916933992,
      "display_ready": true,
      "ece": null,
      "hit_rate": 0.5867768595041323,
      "logloss": 0.6913713880300612,
      "n": 121
    },
    "1h": {
      "base_rate": 0.5295202952029521,
      "baseline_brier": 0.24912855217113059,
      "baseline_hit_rate": 0.5295202952029521,
      "brier": 0.25014876744202735,
      "display_ready": true,
      "ece": null,
      "hit_rate": 0.5295202952029521,
      "logloss": 0.6934452627477189,
      "n": 542
    },
    "24h": {
      "base_rate": 0.65,
      "baseline_brier": 0.2275,
      "baseline_hit_rate": 0.65,
      "brier": 0.24813698151125094,
      "display_ready": true,
      "ece": null,
      "hit_rate": 0.65,
      "logloss": 0.6894198466941057,
      "n": 60
    },
    "4h": {
      "base_rate": 0.5538922155688623,
      "baseline_brier": 0.2470956291010793,
      "baseline_hit_rate": 0.5538922155688623,
      "brier": 0.24967602815190765,
      "display_ready": true,
      "ece": null,
      "hit_rate": 0.5538922155688623,
      "logloss": 0.692499295084074,
      "n": 334
    }
  },
  "by_model_version": {
    "v0.1.0-baseline-shadow": {
      "base_rate": 0.5506149479659413,
      "baseline_brier": 0.24743812704240506,
      "baseline_hit_rate": 0.5506149479659413,
      "brier": 0.24976649303868717,
      "display_ready": true,
      "ece": null,
      "hit_rate": 0.5506149479659413,
      "logloss": 0.6926804406060814,
      "n": 1057
    }
  },
  "generated_at": "2026-06-27T20:17:25Z",
  "global": {
    "base_rate": 0.5506149479659413,
    "baseline_brier": 0.24743812704240506,
    "baseline_hit_rate": 0.5506149479659413,
    "brier": 0.24976649303868717,
    "display_ready": true,
    "ece": null,
    "hit_rate": 0.5506149479659413,
    "logloss": 0.6926804406060814,
    "n": 1057
  },
  "metrics_version": "metrics-v0.1.0",
  "min_n_display": 20,
  "rolling": {
    "30d": {
      "base_rate": 0.5506149479659413,
      "baseline_brier": 0.24743812704240506,
      "baseline_hit_rate": 0.5506149479659413,
      "brier": 0.24976649303868717,
      "display_ready": true,
      "ece": null,
      "hit_rate": 0.5506149479659413,
      "logloss": 0.6926804406060814,
      "n": 1057
    },
    "7d": {
      "base_rate": 0.5775862068965517,
      "baseline_brier": 0.24398038049940549,
      "baseline_hit_rate": 0.5775862068965517,
      "brier": 0.2501256973623783,
      "display_ready": true,
      "ece": null,
      "hit_rate": 0.5775862068965517,
      "logloss": 0.693401071976414,
      "n": 116
    },
    "90d": {
      "base_rate": 0.5506149479659413,
      "baseline_brier": 0.24743812704240506,
      "baseline_hit_rate": 0.5506149479659413,
      "brier": 0.24976649303868717,
      "display_ready": true,
      "ece": null,
      "hit_rate": 0.5506149479659413,
      "logloss": 0.6926804406060814,
      "n": 1057
    }
  },
  "schema_version": "1",
  "total_forecasts": 1059,
  "total_resolved": 1057
}
