{
  "by_horizon": {
    "12h": {
      "base_rate": 0.5632911392405063,
      "baseline_brier": 0.24599423169363885,
      "baseline_hit_rate": 0.5632911392405063,
      "brier": 0.24958950780301195,
      "display_ready": true,
      "ece": null,
      "hit_rate": 0.5632911392405063,
      "logloss": 0.6923267453755105,
      "n": 158
    },
    "1h": {
      "base_rate": 0.5299860529986054,
      "baseline_brier": 0.24910083662556484,
      "baseline_hit_rate": 0.5299860529986054,
      "brier": 0.25014780682613014,
      "display_ready": true,
      "ece": null,
      "hit_rate": 0.5299860529986054,
      "logloss": 0.6934434178590589,
      "n": 717
    },
    "24h": {
      "base_rate": 0.6329113924050633,
      "baseline_brier": 0.23233456176894726,
      "baseline_hit_rate": 0.6329113924050633,
      "brier": 0.24876630274045292,
      "display_ready": true,
      "ece": null,
      "hit_rate": 0.6329113924050633,
      "logloss": 0.6906793139554366,
      "n": 79
    },
    "4h": {
      "base_rate": 0.541095890410959,
      "baseline_brier": 0.24831112779133047,
      "baseline_hit_rate": 0.541095890410959,
      "brier": 0.25007742403101935,
      "display_ready": true,
      "ece": null,
      "hit_rate": 0.541095890410959,
      "logloss": 0.6933024825542993,
      "n": 438
    }
  },
  "by_model_version": {
    "v0.1.0-baseline-shadow": {
      "base_rate": 0.5431034482758621,
      "baseline_brier": 0.24814209274673008,
      "baseline_hit_rate": 0.5431034482758621,
      "brier": 0.2499838860411591,
      "display_ready": true,
      "ece": null,
      "hit_rate": 0.5431034482758621,
      "logloss": 0.693115452252542,
      "n": 1392
    }
  },
  "generated_at": "2026-07-16T09:23:16Z",
  "global": {
    "base_rate": 0.5431034482758621,
    "baseline_brier": 0.24814209274673008,
    "baseline_hit_rate": 0.5431034482758621,
    "brier": 0.2499838860411591,
    "display_ready": true,
    "ece": null,
    "hit_rate": 0.5431034482758621,
    "logloss": 0.693115452252542,
    "n": 1392
  },
  "metrics_version": "metrics-v0.1.0",
  "min_n_display": 20,
  "rolling": {
    "30d": {
      "base_rate": 0.5551257253384912,
      "baseline_brier": 0.24696115440590521,
      "baseline_hit_rate": 0.5551257253384912,
      "brier": 0.2503114308001316,
      "display_ready": true,
      "ece": null,
      "hit_rate": 0.5551257253384912,
      "logloss": 0.6937714911980287,
      "n": 517
    },
    "7d": {
      "base_rate": 0.5522388059701493,
      "baseline_brier": 0.2472711071508131,
      "baseline_hit_rate": 0.5522388059701493,
      "brier": 0.2502852071429317,
      "display_ready": true,
      "ece": null,
      "hit_rate": 0.5522388059701493,
      "logloss": 0.6937188852469529,
      "n": 134
    },
    "90d": {
      "base_rate": 0.5431034482758621,
      "baseline_brier": 0.24814209274673008,
      "baseline_hit_rate": 0.5431034482758621,
      "brier": 0.2499838860411591,
      "display_ready": true,
      "ece": null,
      "hit_rate": 0.5431034482758621,
      "logloss": 0.693115452252542,
      "n": 1392
    }
  },
  "schema_version": "1",
  "total_forecasts": 1394,
  "total_resolved": 1392
}
