{
  "by_horizon": {
    "12h": {
      "base_rate": 0.5704225352112676,
      "baseline_brier": 0.2450406665344178,
      "baseline_hit_rate": 0.5704225352112676,
      "brier": 0.24934257935987247,
      "display_ready": true,
      "ece": null,
      "hit_rate": 0.5704225352112676,
      "logloss": 0.6918326564004589,
      "n": 142
    },
    "1h": {
      "base_rate": 0.5291338582677165,
      "baseline_brier": 0.24915121830243658,
      "baseline_hit_rate": 0.5291338582677165,
      "brier": 0.2501268449372844,
      "display_ready": true,
      "ece": null,
      "hit_rate": 0.5291338582677165,
      "logloss": 0.6934014776546813,
      "n": 635
    },
    "24h": {
      "base_rate": 0.6619718309859155,
      "baseline_brier": 0.22376512596707002,
      "baseline_hit_rate": 0.6619718309859155,
      "brier": 0.2481639613395502,
      "display_ready": true,
      "ece": null,
      "hit_rate": 0.6619718309859155,
      "logloss": 0.689474058368131,
      "n": 71
    },
    "4h": {
      "base_rate": 0.5396419437340153,
      "baseline_brier": 0.24842851629698917,
      "baseline_hit_rate": 0.5396419437340153,
      "brier": 0.24999637657574955,
      "display_ready": true,
      "ece": null,
      "hit_rate": 0.5396419437340153,
      "logloss": 0.6931402327000402,
      "n": 391
    }
  },
  "by_model_version": {
    "v0.1.0-baseline-shadow": {
      "base_rate": 0.5447941888619855,
      "baseline_brier": 0.24799348064419677,
      "baseline_hit_rate": 0.5447941888619855,
      "brier": 0.24988330694148794,
      "display_ready": true,
      "ece": null,
      "hit_rate": 0.5447941888619855,
      "logloss": 0.6929141764725107,
      "n": 1239
    }
  },
  "generated_at": "2026-07-08T07:39:07Z",
  "global": {
    "base_rate": 0.5447941888619855,
    "baseline_brier": 0.24799348064419677,
    "baseline_hit_rate": 0.5447941888619855,
    "brier": 0.24988330694148794,
    "display_ready": true,
    "ece": null,
    "hit_rate": 0.5447941888619855,
    "logloss": 0.6929141764725107,
    "n": 1239
  },
  "metrics_version": "metrics-v0.1.0",
  "min_n_display": 20,
  "rolling": {
    "30d": {
      "base_rate": 0.5749486652977412,
      "baseline_brier": 0.24438269757008713,
      "baseline_hit_rate": 0.5749486652977412,
      "brier": 0.24967584428623502,
      "display_ready": true,
      "ece": null,
      "hit_rate": 0.5749486652977412,
      "logloss": 0.6924998011962207,
      "n": 487
    },
    "7d": {
      "base_rate": 0.552,
      "baseline_brier": 0.247296,
      "baseline_hit_rate": 0.552,
      "brier": 0.2498140192995327,
      "display_ready": true,
      "ece": null,
      "hit_rate": 0.552,
      "logloss": 0.692776144717924,
      "n": 125
    },
    "90d": {
      "base_rate": 0.5447941888619855,
      "baseline_brier": 0.24799348064419677,
      "baseline_hit_rate": 0.5447941888619855,
      "brier": 0.24988330694148794,
      "display_ready": true,
      "ece": null,
      "hit_rate": 0.5447941888619855,
      "logloss": 0.6929141764725107,
      "n": 1239
    }
  },
  "schema_version": "1",
  "total_forecasts": 1242,
  "total_resolved": 1239
}
