{
  "by_horizon": {
    "12h": {
      "base_rate": 0.5882352941176471,
      "baseline_brier": 0.2422145328719723,
      "baseline_hit_rate": 0.5882352941176471,
      "brier": 0.24912619982382828,
      "display_ready": true,
      "ece": null,
      "hit_rate": 0.5882352941176471,
      "logloss": 0.6914000142360712,
      "n": 119
    },
    "1h": {
      "base_rate": 0.5244360902255639,
      "baseline_brier": 0.24940287749448808,
      "baseline_hit_rate": 0.5244360902255639,
      "brier": 0.2502308584494775,
      "display_ready": true,
      "ece": null,
      "hit_rate": 0.5244360902255639,
      "logloss": 0.6936094684800302,
      "n": 532
    },
    "24h": {
      "base_rate": 0.6610169491525424,
      "baseline_brier": 0.2240735420856076,
      "baseline_hit_rate": 0.6610169491525424,
      "brier": 0.24780184053232435,
      "display_ready": true,
      "ece": null,
      "hit_rate": 0.6610169491525424,
      "logloss": 0.6887492896305644,
      "n": 59
    },
    "4h": {
      "base_rate": 0.5487804878048781,
      "baseline_brier": 0.24762046400951815,
      "baseline_hit_rate": 0.5487804878048781,
      "brier": 0.24972312349383005,
      "display_ready": true,
      "ece": null,
      "hit_rate": 0.5487804878048781,
      "logloss": 0.6925934882502415,
      "n": 328
    }
  },
  "by_model_version": {
    "v0.1.0-baseline-shadow": {
      "base_rate": 0.5472061657032755,
      "baseline_brier": 0.2477715779195949,
      "baseline_hit_rate": 0.5472061657032755,
      "brier": 0.24980571056988535,
      "display_ready": true,
      "ece": null,
      "hit_rate": 0.5472061657032755,
      "logloss": 0.6927588739496638,
      "n": 1038
    }
  },
  "generated_at": "2026-06-26T20:04:59Z",
  "global": {
    "base_rate": 0.5472061657032755,
    "baseline_brier": 0.2477715779195949,
    "baseline_hit_rate": 0.5472061657032755,
    "brier": 0.24980571056988535,
    "display_ready": true,
    "ece": null,
    "hit_rate": 0.5472061657032755,
    "logloss": 0.6927588739496638,
    "n": 1038
  },
  "metrics_version": "metrics-v0.1.0",
  "min_n_display": 20,
  "rolling": {
    "30d": {
      "base_rate": 0.5472061657032755,
      "baseline_brier": 0.2477715779195949,
      "baseline_hit_rate": 0.5472061657032755,
      "brier": 0.24980571056988535,
      "display_ready": true,
      "ece": null,
      "hit_rate": 0.5472061657032755,
      "logloss": 0.6927588739496638,
      "n": 1038
    },
    "7d": {
      "base_rate": 0.6,
      "baseline_brier": 0.24000000000000002,
      "baseline_hit_rate": 0.6,
      "brier": 0.24991815619347002,
      "display_ready": true,
      "ece": null,
      "hit_rate": 0.6,
      "logloss": 0.692985931129953,
      "n": 115
    },
    "90d": {
      "base_rate": 0.5472061657032755,
      "baseline_brier": 0.2477715779195949,
      "baseline_hit_rate": 0.5472061657032755,
      "brier": 0.24980571056988535,
      "display_ready": true,
      "ece": null,
      "hit_rate": 0.5472061657032755,
      "logloss": 0.6927588739496638,
      "n": 1038
    }
  },
  "schema_version": "1",
  "total_forecasts": 1040,
  "total_resolved": 1038
}
