{
  "by_horizon": {
    "12h": {
      "base_rate": 0.6074766355140186,
      "baseline_brier": 0.23844877281858678,
      "baseline_hit_rate": 0.6074766355140186,
      "brier": 0.24885133128426387,
      "display_ready": true,
      "ece": null,
      "hit_rate": 0.6074766355140186,
      "logloss": 0.6908500620047231,
      "n": 107
    },
    "1h": {
      "base_rate": 0.5256673511293635,
      "baseline_brier": 0.24934118708600195,
      "baseline_hit_rate": 0.5256673511293635,
      "brier": 0.2501475899341283,
      "display_ready": true,
      "ece": null,
      "hit_rate": 0.5256673511293635,
      "logloss": 0.6934426782337441,
      "n": 487
    },
    "24h": {
      "base_rate": 0.6415094339622641,
      "baseline_brier": 0.2299750800996796,
      "baseline_hit_rate": 0.6415094339622641,
      "brier": 0.24794720750135646,
      "display_ready": true,
      "ece": null,
      "hit_rate": 0.6415094339622641,
      "logloss": 0.6890399546646908,
      "n": 53
    },
    "4h": {
      "base_rate": 0.5472972972972973,
      "baseline_brier": 0.24776296566837108,
      "baseline_hit_rate": 0.5472972972972973,
      "brier": 0.24961496245994777,
      "display_ready": true,
      "ece": null,
      "hit_rate": 0.5472972972972973,
      "logloss": 0.6923767922904842,
      "n": 296
    }
  },
  "by_model_version": {
    "v0.1.0-baseline-shadow": {
      "base_rate": 0.5482502651113468,
      "baseline_brier": 0.24767191191668475,
      "baseline_hit_rate": 0.5482502651113468,
      "brier": 0.2497096496617743,
      "display_ready": true,
      "ece": null,
      "hit_rate": 0.5482502651113468,
      "logloss": 0.6925664783134153,
      "n": 943
    }
  },
  "generated_at": "2026-06-20T20:43:01Z",
  "global": {
    "base_rate": 0.5482502651113468,
    "baseline_brier": 0.24767191191668475,
    "baseline_hit_rate": 0.5482502651113468,
    "brier": 0.2497096496617743,
    "display_ready": true,
    "ece": null,
    "hit_rate": 0.5482502651113468,
    "logloss": 0.6925664783134153,
    "n": 943
  },
  "metrics_version": "metrics-v0.1.0",
  "min_n_display": 20,
  "rolling": {
    "30d": {
      "base_rate": 0.5482502651113468,
      "baseline_brier": 0.24767191191668475,
      "baseline_hit_rate": 0.5482502651113468,
      "brier": 0.2497096496617743,
      "display_ready": true,
      "ece": null,
      "hit_rate": 0.5482502651113468,
      "logloss": 0.6925664783134153,
      "n": 943
    },
    "7d": {
      "base_rate": 0.6826923076923077,
      "baseline_brier": 0.21662352071005916,
      "baseline_hit_rate": 0.6826923076923077,
      "brier": 0.24811193199904216,
      "display_ready": true,
      "ece": null,
      "hit_rate": 0.6826923076923077,
      "logloss": 0.6893709156749921,
      "n": 104
    },
    "90d": {
      "base_rate": 0.5482502651113468,
      "baseline_brier": 0.24767191191668475,
      "baseline_hit_rate": 0.5482502651113468,
      "brier": 0.2497096496617743,
      "display_ready": true,
      "ece": null,
      "hit_rate": 0.5482502651113468,
      "logloss": 0.6925664783134153,
      "n": 943
    }
  },
  "schema_version": "1",
  "total_forecasts": 947,
  "total_resolved": 943
}
