{
  "by_direction": {
    "down": {
      "always_down_rate": 0.45403111739745405,
      "always_up_rate": 0.545968882602546,
      "base_rate": 0.45403111739745405,
      "baseline_brier": 0.24788686183227335,
      "baseline_hit_rate": 0.545968882602546,
      "brier": 0.2509896892846967,
      "display_ready": true,
      "ece": null,
      "expectancy_bps": 4.690410796984529,
      "expectancy_maker_2bps": 2.6904107969845295,
      "expectancy_taker_10bps": -5.309589203015471,
      "hit_down": 0.45403111739745405,
      "hit_rate": 0.45403111739745405,
      "hit_up": null,
      "logloss": 0.6951274498927995,
      "n": 707,
      "n_down": 707,
      "n_up": 0,
      "vs_majority_pp": -0.09193776520509189
    },
    "up": {
      "always_down_rate": 0.3762254901960784,
      "always_up_rate": 0.6237745098039216,
      "base_rate": 0.6237745098039216,
      "baseline_brier": 0.23467987072279892,
      "baseline_hit_rate": 0.6237745098039216,
      "brier": 0.24895982898618896,
      "display_ready": true,
      "ece": null,
      "expectancy_bps": 14.652657207029407,
      "expectancy_maker_2bps": 12.652657207029405,
      "expectancy_taker_10bps": 4.652657207029406,
      "hit_down": null,
      "hit_rate": 0.6237745098039216,
      "hit_up": 0.6237745098039216,
      "logloss": 0.6910668301153715,
      "n": 816,
      "n_down": 0,
      "n_up": 816,
      "vs_majority_pp": 0.0
    }
  },
  "by_horizon": {
    "12h": {
      "always_down_rate": 0.47976878612716767,
      "always_up_rate": 0.5202312138728323,
      "base_rate": 0.5722543352601156,
      "baseline_brier": 0.24477931103611883,
      "baseline_hit_rate": 0.5722543352601156,
      "brier": 0.24942361182048572,
      "display_ready": true,
      "ece": null,
      "expectancy_bps": 24.908240052981103,
      "expectancy_maker_2bps": 22.908240052981103,
      "expectancy_taker_10bps": 14.908240052981105,
      "hit_down": 0.5529411764705883,
      "hit_rate": 0.5722543352601156,
      "hit_up": 0.5909090909090909,
      "logloss": 0.6919948497409503,
      "n": 173,
      "n_down": 85,
      "n_up": 88,
      "vs_majority_pp": 0.052023121387283267
    },
    "1h": {
      "always_down_rate": 0.3802281368821293,
      "always_up_rate": 0.6197718631178707,
      "base_rate": 0.5285171102661597,
      "baseline_brier": 0.24918677442206766,
      "baseline_hit_rate": 0.5285171102661597,
      "brier": 0.25011416553324944,
      "display_ready": true,
      "ece": null,
      "expectancy_bps": 3.51243335744586,
      "expectancy_maker_2bps": 1.51243335744586,
      "expectancy_taker_10bps": -6.48756664255414,
      "hit_down": 0.3977272727272727,
      "hit_rate": 0.5285171102661597,
      "hit_up": 0.6338672768878718,
      "logloss": 0.6933760735492743,
      "n": 789,
      "n_down": 352,
      "n_up": 437,
      "vs_majority_pp": -0.09125475285171103
    },
    "24h": {
      "always_down_rate": 0.4883720930232558,
      "always_up_rate": 0.5116279069767442,
      "base_rate": 0.6395348837209303,
      "baseline_brier": 0.23053001622498648,
      "baseline_hit_rate": 0.6395348837209303,
      "brier": 0.24854875136337595,
      "display_ready": true,
      "ece": null,
      "expectancy_bps": 57.01908317000415,
      "expectancy_maker_2bps": 55.01908317000415,
      "expectancy_taker_10bps": 47.01908317000415,
      "hit_down": 0.6222222222222222,
      "hit_rate": 0.6395348837209303,
      "hit_up": 0.6585365853658537,
      "logloss": 0.6902436217373141,
      "n": 86,
      "n_down": 45,
      "n_up": 41,
      "vs_majority_pp": 0.12790697674418605
    },
    "4h": {
      "always_down_rate": 0.4273684210526316,
      "always_up_rate": 0.5726315789473684,
      "base_rate": 0.5452631578947369,
      "baseline_brier": 0.2479512465373961,
      "baseline_hit_rate": 0.5452631578947369,
      "brier": 0.2499692141243844,
      "display_ready": true,
      "ece": null,
      "expectancy_bps": 6.923393923354077,
      "expectancy_maker_2bps": 4.923393923354077,
      "expectancy_taker_10bps": -3.0766060766459233,
      "hit_down": 0.4711111111111111,
      "hit_rate": 0.5452631578947369,
      "hit_up": 0.612,
      "logloss": 0.6930860167229084,
      "n": 475,
      "n_down": 225,
      "n_up": 250,
      "vs_majority_pp": -0.027368421052631486
    }
  },
  "by_model_version": {
    "v0.1.0-baseline-shadow": {
      "always_down_rate": 0.4125,
      "always_up_rate": 0.5875,
      "base_rate": 0.5447368421052632,
      "baseline_brier": 0.24799861495844874,
      "baseline_hit_rate": 0.5447368421052632,
      "brier": 0.2499186511514051,
      "display_ready": true,
      "ece": null,
      "expectancy_bps": 10.0296281833427,
      "expectancy_maker_2bps": 8.0296281833427,
      "expectancy_taker_10bps": 0.02962818334269939,
      "hit_down": 0.45403111739745405,
      "hit_rate": 0.5447368421052632,
      "hit_up": 0.6236162361623616,
      "logloss": 0.6929849254498902,
      "n": 1520,
      "n_down": 707,
      "n_up": 813,
      "vs_majority_pp": -0.042763157894736836
    },
    "v0.2.0-shadow-policy24": {
      "always_down_rate": 0.33333333333333337,
      "always_up_rate": 0.6666666666666666,
      "base_rate": 0.6666666666666666,
      "baseline_brier": 0.22222222222222224,
      "baseline_hit_rate": 0.6666666666666666,
      "brier": 0.24152700895833332,
      "display_ready": false,
      "ece": null,
      "expectancy_bps": 9.217958574384525,
      "expectancy_maker_2bps": 7.217958574384526,
      "expectancy_taker_10bps": -0.7820414256154743,
      "hit_down": null,
      "hit_rate": 0.6666666666666666,
      "hit_up": 0.6666666666666666,
      "logloss": 0.6761845881730756,
      "n": 3,
      "n_down": 0,
      "n_up": 3,
      "vs_majority_pp": 0.0
    }
  },
  "by_regime": {
    "bear": {
      "always_down_rate": 0.33333333333333337,
      "always_up_rate": 0.6666666666666666,
      "base_rate": 0.3333333333333333,
      "baseline_brier": 0.22222222222222224,
      "baseline_hit_rate": 0.6666666666666667,
      "brier": 0.25318794513105464,
      "display_ready": false,
      "ece": null,
      "expectancy_bps": 8.169764014682013,
      "expectancy_maker_2bps": 6.169764014682012,
      "expectancy_taker_10bps": -1.8302359853179881,
      "hit_down": 0.3333333333333333,
      "hit_rate": 0.3333333333333333,
      "hit_up": null,
      "logloss": 0.6995236620376549,
      "n": 3,
      "n_down": 3,
      "n_up": 0,
      "vs_majority_pp": -0.3333333333333333
    },
    "bull": {
      "always_down_rate": 0.5454545454545454,
      "always_up_rate": 0.45454545454545453,
      "base_rate": 0.45454545454545453,
      "baseline_brier": 0.24793388429752064,
      "baseline_hit_rate": 0.5454545454545454,
      "brier": 0.2481581461439875,
      "display_ready": false,
      "ece": null,
      "expectancy_bps": -15.145512094178194,
      "expectancy_maker_2bps": -17.145512094178194,
      "expectancy_taker_10bps": -25.145512094178194,
      "hit_down": null,
      "hit_rate": 0.45454545454545453,
      "hit_up": 0.45454545454545453,
      "logloss": 0.6894590086562815,
      "n": 11,
      "n_down": 0,
      "n_up": 11,
      "vs_majority_pp": -0.09090909090909088
    },
    "unknown": {
      "always_down_rate": 0.411530815109344,
      "always_up_rate": 0.588469184890656,
      "base_rate": 0.5460569913850232,
      "baseline_brier": 0.2478787535445599,
      "baseline_hit_rate": 0.5460569913850232,
      "brier": 0.2499083017455492,
      "display_ready": true,
      "ece": null,
      "expectancy_bps": 10.215228664941002,
      "expectancy_maker_2bps": 8.215228664941002,
      "expectancy_taker_10bps": 0.2152286649410016,
      "hit_down": 0.45454545454545453,
      "hit_rate": 0.5460569913850232,
      "hit_up": 0.6260869565217392,
      "logloss": 0.6929642282087609,
      "n": 1509,
      "n_down": 704,
      "n_up": 805,
      "vs_majority_pp": -0.042412193505632856
    }
  },
  "edge_scoreboard": [
    {
      "expectancy_maker_2bps": 55.01908317000415,