{
  "by_horizon": {
    "12h": {
      "base_rate": 0.5912408759124088,
      "baseline_brier": 0.24167510256273642,
      "baseline_hit_rate": 0.5912408759124088,
      "brier": 0.248981076384841,
      "display_ready": true,
      "ece": null,
      "hit_rate": 0.5912408759124088,
      "logloss": 0.6911094587247094,
      "n": 137
    },
    "1h": {
      "base_rate": 0.5293159609120521,
      "baseline_brier": 0.24914057443580304,
      "baseline_hit_rate": 0.5293159609120521,
      "brier": 0.25016031486653706,
      "display_ready": true,
      "ece": null,
      "hit_rate": 0.5293159609120521,
      "logloss": 0.6934684336712114,
      "n": 614
    },
    "24h": {
      "base_rate": 0.6617647058823529,
      "baseline_brier": 0.22383217993079585,
      "baseline_hit_rate": 0.6617647058823529,
      "brier": 0.24804329555165688,
      "display_ready": true,
      "ece": null,
      "hit_rate": 0.6617647058823529,
      "logloss": 0.6892325731731971,
      "n": 68
    },
    "4h": {
      "base_rate": 0.5502645502645502,
      "baseline_brier": 0.2474734749867025,
      "baseline_hit_rate": 0.5502645502645502,
      "brier": 0.24987060962780538,
      "display_ready": true,
      "ece": null,
      "hit_rate": 0.5502645502645502,
      "logloss": 0.6928886360941554,
      "n": 378
    }
  },
  "by_model_version": {
    "v0.1.0-baseline-shadow": {
      "base_rate": 0.5505430242272348,
      "baseline_brier": 0.24744540270196516,
      "baseline_hit_rate": 0.5505430242272348,
      "brier": 0.24981359676658316,
      "display_ready": true,
      "ece": null,
      "hit_rate": 0.5505430242272348,
      "logloss": 0.6927747147358204,
      "n": 1197
    }
  },
  "generated_at": "2026-07-05T20:31:41Z",
  "global": {
    "base_rate": 0.5505430242272348,
    "baseline_brier": 0.24744540270196516,
    "baseline_hit_rate": 0.5505430242272348,
    "brier": 0.24981359676658316,
    "display_ready": true,
    "ece": null,
    "hit_rate": 0.5505430242272348,
    "logloss": 0.6927747147358204,
    "n": 1197
  },
  "metrics_version": "metrics-v0.1.0",
  "min_n_display": 20,
  "rolling": {
    "30d": {
      "base_rate": 0.5505430242272348,
      "baseline_brier": 0.24744540270196516,
      "baseline_hit_rate": 0.5505430242272348,
      "brier": 0.24981359676658316,
      "display_ready": true,
      "ece": null,
      "hit_rate": 0.5505430242272348,
      "logloss": 0.6927747147358204,
      "n": 1197
    },
    "7d": {
      "base_rate": 0.5950413223140496,
      "baseline_brier": 0.24096714705279695,
      "baseline_hit_rate": 0.5950413223140496,
      "brier": 0.24992125127554934,
      "display_ready": true,
      "ece": null,
      "hit_rate": 0.5950413223140496,
      "logloss": 0.6929906329380484,
      "n": 121
    },
    "90d": {
      "base_rate": 0.5505430242272348,
      "baseline_brier": 0.24744540270196516,
      "baseline_hit_rate": 0.5505430242272348,
      "brier": 0.24981359676658316,
      "display_ready": true,
      "ece": null,
      "hit_rate": 0.5505430242272348,
      "logloss": 0.6927747147358204,
      "n": 1197
    }
  },
  "schema_version": "1",
  "total_forecasts": 1201,
  "total_resolved": 1197
}
