{
  "by_horizon": {
    "12h": {
      "base_rate": 0.574468085106383,
      "baseline_brier": 0.24445450430058852,
      "baseline_hit_rate": 0.574468085106383,
      "brier": 0.24949471943829563,
      "display_ready": true,
      "ece": null,
      "hit_rate": 0.574468085106383,
      "logloss": 0.6921372171800806,
      "n": 94
    },
    "1h": {
      "base_rate": 0.5180995475113123,
      "baseline_brier": 0.24967240637988575,
      "baseline_hit_rate": 0.5180995475113123,
      "brier": 0.2502440494669493,
      "display_ready": true,
      "ece": null,
      "hit_rate": 0.5180995475113123,
      "logloss": 0.693635677733436,
      "n": 442
    },
    "24h": {
      "base_rate": 0.6382978723404256,
      "baseline_brier": 0.23087369850611136,
      "baseline_hit_rate": 0.6382978723404256,
      "brier": 0.24820717047495747,
      "display_ready": true,
      "ece": null,
      "hit_rate": 0.6382978723404256,
      "logloss": 0.6895598469006999,
      "n": 47
    },
    "4h": {
      "base_rate": 0.5285171102661597,
      "baseline_brier": 0.24918677442206771,
      "baseline_hit_rate": 0.5285171102661597,
      "brier": 0.2496868006994995,
      "display_ready": true,
      "ece": null,
      "hit_rate": 0.5285171102661597,
      "logloss": 0.6925202334100036,
      "n": 263
    }
  },
  "by_model_version": {
    "v0.1.0-baseline-shadow": {
      "base_rate": 0.5342789598108747,
      "baseline_brier": 0.24882495291428444,
      "baseline_hit_rate": 0.5342789598108747,
      "brier": 0.24987439608496778,
      "display_ready": true,
      "ece": null,
      "hit_rate": 0.5342789598108747,
      "logloss": 0.6928959836457094,
      "n": 846
    }
  },
  "generated_at": "2026-06-14T06:02:48Z",
  "global": {
    "base_rate": 0.5342789598108747,
    "baseline_brier": 0.24882495291428444,
    "baseline_hit_rate": 0.5342789598108747,
    "brier": 0.24987439608496778,
    "display_ready": true,
    "ece": null,
    "hit_rate": 0.5342789598108747,
    "logloss": 0.6928959836457094,
    "n": 846
  },
  "metrics_version": "metrics-v0.1.0",
  "min_n_display": 20,
  "rolling": {
    "30d": {
      "base_rate": 0.5342789598108747,
      "baseline_brier": 0.24882495291428444,
      "baseline_hit_rate": 0.5342789598108747,
      "brier": 0.24987439608496778,
      "display_ready": true,
      "ece": null,
      "hit_rate": 0.5342789598108747,
      "logloss": 0.6928959836457094,
      "n": 846
    },
    "7d": {
      "base_rate": 0.5342789598108747,
      "baseline_brier": 0.24882495291428444,
      "baseline_hit_rate": 0.5342789598108747,
      "brier": 0.24987439608496778,
      "display_ready": true,
      "ece": null,
      "hit_rate": 0.5342789598108747,
      "logloss": 0.6928959836457094,
      "n": 846
    },
    "90d": {
      "base_rate": 0.5342789598108747,
      "baseline_brier": 0.24882495291428444,
      "baseline_hit_rate": 0.5342789598108747,
      "brier": 0.24987439608496778,
      "display_ready": true,
      "ece": null,
      "hit_rate": 0.5342789598108747,
      "logloss": 0.6928959836457094,
      "n": 846
    }
  },
  "schema_version": "1",
  "total_forecasts": 848,
  "total_resolved": 846
}
