{
  "by_horizon": {
    "12h": {
      "base_rate": 0.5876288659793815,
      "baseline_brier": 0.24232118184716758,
      "baseline_hit_rate": 0.5876288659793815,
      "brier": 0.24922996406613773,
      "display_ready": true,
      "ece": null,
      "hit_rate": 0.5876288659793815,
      "logloss": 0.6916075565314158,
      "n": 97
    },
    "1h": {
      "base_rate": 0.5154867256637168,
      "baseline_brier": 0.2497601613282168,
      "baseline_hit_rate": 0.5154867256637168,
      "brier": 0.2501846980488308,
      "display_ready": true,
      "ece": null,
      "hit_rate": 0.5154867256637168,
      "logloss": 0.6935168806859423,
      "n": 452
    },
    "24h": {
      "base_rate": 0.6458333333333334,
      "baseline_brier": 0.22873263888888887,
      "baseline_hit_rate": 0.6458333333333334,
      "brier": 0.24806124523574724,
      "display_ready": true,
      "ece": null,
      "hit_rate": 0.6458333333333334,
      "logloss": 0.6892679929706885,
      "n": 48
    },
    "4h": {
      "base_rate": 0.5296296296296297,
      "baseline_brier": 0.24912208504801095,
      "baseline_hit_rate": 0.5296296296296297,
      "brier": 0.2496209301855034,
      "display_ready": true,
      "ece": null,
      "hit_rate": 0.5296296296296297,
      "logloss": 0.6923884393853816,
      "n": 270
    }
  },
  "by_model_version": {
    "v0.1.0-baseline-shadow": {
      "base_rate": 0.5351787773933102,
      "baseline_brier": 0.2487624536211119,
      "baseline_hit_rate": 0.5351787773933102,
      "brier": 0.24978475311867204,
      "display_ready": true,
      "ece": null,
      "hit_rate": 0.5351787773933102,
      "logloss": 0.6927166151675194,
      "n": 867
    }
  },
  "generated_at": "2026-06-15T18:02:41Z",
  "global": {
    "base_rate": 0.5351787773933102,
    "baseline_brier": 0.2487624536211119,
    "baseline_hit_rate": 0.5351787773933102,
    "brier": 0.24978475311867204,
    "display_ready": true,
    "ece": null,
    "hit_rate": 0.5351787773933102,
    "logloss": 0.6927166151675194,
    "n": 867
  },
  "metrics_version": "metrics-v0.1.0",
  "min_n_display": 20,
  "rolling": {
    "30d": {
      "base_rate": 0.5351787773933102,
      "baseline_brier": 0.2487624536211119,
      "baseline_hit_rate": 0.5351787773933102,
      "brier": 0.24978475311867204,
      "display_ready": true,
      "ece": null,
      "hit_rate": 0.5351787773933102,
      "logloss": 0.6927166151675194,
      "n": 867
    },
    "7d": {
      "base_rate": 0.5909090909090909,
      "baseline_brier": 0.24173553719008264,
      "baseline_hit_rate": 0.5909090909090909,
      "brier": 0.24854237101911106,
      "display_ready": true,
      "ece": null,
      "hit_rate": 0.5909090909090909,
      "logloss": 0.6902314042156606,
      "n": 110
    },
    "90d": {
      "base_rate": 0.5351787773933102,
      "baseline_brier": 0.2487624536211119,
      "baseline_hit_rate": 0.5351787773933102,
      "brier": 0.24978475311867204,
      "display_ready": true,
      "ece": null,
      "hit_rate": 0.5351787773933102,
      "logloss": 0.6927166151675194,
      "n": 867
    }
  },
  "schema_version": "1",
  "total_forecasts": 871,
  "total_resolved": 867
}
