{
  "by_horizon": {
    "12h": {
      "base_rate": 0.576,
      "baseline_brier": 0.24422400000000002,
      "baseline_hit_rate": 0.576,
      "brier": 0.24925648543610393,
      "display_ready": true,
      "ece": null,
      "hit_rate": 0.576,
      "logloss": 0.6916605761136073,
      "n": 125
    },
    "1h": {
      "base_rate": 0.5204991087344029,
      "baseline_brier": 0.2495797865410951,
      "baseline_hit_rate": 0.5204991087344029,
      "brier": 0.2502373699403569,
      "display_ready": true,
      "ece": null,
      "hit_rate": 0.5204991087344029,
      "logloss": 0.6936224701181561,
      "n": 561
    },
    "24h": {
      "base_rate": 0.6612903225806451,
      "baseline_brier": 0.22398543184183142,
      "baseline_hit_rate": 0.6612903225806451,
      "brier": 0.2480316454183736,
      "display_ready": true,
      "ece": null,
      "hit_rate": 0.6612903225806451,
      "logloss": 0.6892092046409473,
      "n": 62
    },
    "4h": {
      "base_rate": 0.5507246376811594,
      "baseline_brier": 0.24742701113211507,
      "baseline_hit_rate": 0.5507246376811594,
      "brier": 0.24974067001738556,
      "display_ready": true,
      "ece": null,
      "hit_rate": 0.5507246376811594,
      "logloss": 0.6926285850963044,
      "n": 345
    }
  },
  "by_model_version": {
    "v0.1.0-baseline-shadow": {
      "base_rate": 0.5443732845379688,
      "baseline_brier": 0.24803101161931246,
      "baseline_hit_rate": 0.5443732845379688,
      "brier": 0.24984329221225102,
      "display_ready": true,
      "ece": null,
      "hit_rate": 0.5443732845379688,
      "logloss": 0.6928340441870542,
      "n": 1093
    }
  },
  "generated_at": "2026-06-29T22:17:18Z",
  "global": {
    "base_rate": 0.5443732845379688,
    "baseline_brier": 0.24803101161931246,
    "baseline_hit_rate": 0.5443732845379688,
    "brier": 0.24984329221225102,
    "display_ready": true,
    "ece": null,
    "hit_rate": 0.5443732845379688,
    "logloss": 0.6928340441870542,
    "n": 1093
  },
  "metrics_version": "metrics-v0.1.0",
  "min_n_display": 20,
  "rolling": {
    "30d": {
      "base_rate": 0.5443732845379688,
      "baseline_brier": 0.24803101161931246,
      "baseline_hit_rate": 0.5443732845379688,
      "brier": 0.24984329221225102,
      "display_ready": true,
      "ece": null,
      "hit_rate": 0.5443732845379688,
      "logloss": 0.6928340441870542,
      "n": 1093
    },
    "7d": {
      "base_rate": 0.4666666666666667,
      "baseline_brier": 0.24888888888888888,
      "baseline_hit_rate": 0.5333333333333333,
      "brier": 0.2512382002352409,
      "display_ready": true,
      "ece": null,
      "hit_rate": 0.4666666666666667,
      "logloss": 0.6956261658554082,
      "n": 120
    },
    "90d": {
      "base_rate": 0.5443732845379688,
      "baseline_brier": 0.24803101161931246,
      "baseline_hit_rate": 0.5443732845379688,
      "brier": 0.24984329221225102,
      "display_ready": true,
      "ece": null,
      "hit_rate": 0.5443732845379688,
      "logloss": 0.6928340441870542,
      "n": 1093
    }
  },
  "schema_version": "1",
  "total_forecasts": 1096,
  "total_resolved": 1093
}
