{
  "by_horizon": {
    "12h": {
      "base_rate": 0.5806451612903226,
      "baseline_brier": 0.24349635796045785,
      "baseline_hit_rate": 0.5806451612903226,
      "brier": 0.24918670066282286,
      "display_ready": true,
      "ece": null,
      "hit_rate": 0.5806451612903226,
      "logloss": 0.6915209994721604,
      "n": 124
    },
    "1h": {
      "base_rate": 0.5207207207207207,
      "baseline_brier": 0.2495706517328139,
      "baseline_hit_rate": 0.5207207207207207,
      "brier": 0.25021927148867495,
      "display_ready": true,
      "ece": null,
      "hit_rate": 0.5207207207207207,
      "logloss": 0.6935862728598795,
      "n": 555
    },
    "24h": {
      "base_rate": 0.6612903225806451,
      "baseline_brier": 0.22398543184183142,
      "baseline_hit_rate": 0.6612903225806451,
      "brier": 0.2480316454183736,
      "display_ready": true,
      "ece": null,
      "hit_rate": 0.6612903225806451,
      "logloss": 0.6892092046409473,
      "n": 62
    },
    "4h": {
      "base_rate": 0.5513196480938416,
      "baseline_brier": 0.2473662937195243,
      "baseline_hit_rate": 0.5513196480938416,
      "brier": 0.24971023290277364,
      "display_ready": true,
      "ece": null,
      "hit_rate": 0.5513196480938416,
      "logloss": 0.6925677069744666,
      "n": 341
    }
  },
  "by_model_version": {
    "v0.1.0-baseline-shadow": {
      "base_rate": 0.5452865064695009,
      "baseline_brier": 0.24794913233178786,
      "baseline_hit_rate": 0.5452865064695009,
      "brier": 0.24981515526265213,
      "display_ready": true,
      "ece": null,
      "hit_rate": 0.5452865064695009,
      "logloss": 0.6927777672253354,
      "n": 1082
    }
  },
  "generated_at": "2026-06-29T00:17:28Z",
  "global": {
    "base_rate": 0.5452865064695009,
    "baseline_brier": 0.24794913233178786,
    "baseline_hit_rate": 0.5452865064695009,
    "brier": 0.24981515526265213,
    "display_ready": true,
    "ece": null,
    "hit_rate": 0.5452865064695009,
    "logloss": 0.6927777672253354,
    "n": 1082
  },
  "metrics_version": "metrics-v0.1.0",
  "min_n_display": 20,
  "rolling": {
    "30d": {
      "base_rate": 0.5452865064695009,
      "baseline_brier": 0.24794913233178786,
      "baseline_hit_rate": 0.5452865064695009,
      "brier": 0.24981515526265213,
      "display_ready": true,
      "ece": null,
      "hit_rate": 0.5452865064695009,
      "logloss": 0.6927777672253354,
      "n": 1082
    },
    "7d": {
      "base_rate": 0.48333333333333334,
      "baseline_brier": 0.24972222222222218,
      "baseline_hit_rate": 0.5166666666666666,
      "brier": 0.25100486995492527,
      "display_ready": true,
      "ece": null,
      "hit_rate": 0.48333333333333334,
      "logloss": 0.6951594677786824,
      "n": 120
    },
    "90d": {
      "base_rate": 0.5452865064695009,
      "baseline_brier": 0.24794913233178786,
      "baseline_hit_rate": 0.5452865064695009,
      "brier": 0.24981515526265213,
      "display_ready": true,
      "ece": null,
      "hit_rate": 0.5452865064695009,
      "logloss": 0.6927777672253354,
      "n": 1082
    }
  },
  "schema_version": "1",
  "total_forecasts": 1082,
  "total_resolved": 1082
}
