{
  "by_horizon": {
    "12h": {
      "base_rate": 0.5688622754491018,
      "baseline_brier": 0.245257987019972,
      "baseline_hit_rate": 0.5688622754491018,
      "brier": 0.24953635107282815,
      "display_ready": true,
      "ece": null,
      "hit_rate": 0.5688622754491018,
      "logloss": 0.6922203846087213,
      "n": 167
    },
    "1h": {
      "base_rate": 0.5272020725388601,
      "baseline_brier": 0.24926004724959058,
      "baseline_hit_rate": 0.5272020725388601,
      "brier": 0.2501617295942699,
      "display_ready": true,
      "ece": null,
      "hit_rate": 0.5272020725388601,
      "logloss": 0.693471243571945,
      "n": 772
    },
    "24h": {
      "base_rate": 0.6265060240963856,
      "baseline_brier": 0.23399622586732471,
      "baseline_hit_rate": 0.6265060240963856,
      "brier": 0.2489736464192586,
      "display_ready": true,
      "ece": null,
      "hit_rate": 0.6265060240963856,
      "logloss": 0.691094081744704,
      "n": 83
    },
    "4h": {
      "base_rate": 0.5440860215053763,
      "baseline_brier": 0.2480564227078275,
      "baseline_hit_rate": 0.5440860215053763,
      "brier": 0.2500562858253891,
      "display_ready": true,
      "ece": null,
      "hit_rate": 0.5440860215053763,
      "logloss": 0.6932602064256118,
      "n": 465
    }
  },
  "by_model_version": {
    "v0.1.0-baseline-shadow": {
      "base_rate": 0.5427034297242771,
      "baseline_brier": 0.24817641708978372,
      "baseline_hit_rate": 0.5427034297242771,
      "brier": 0.24999220675019707,
      "display_ready": true,
      "ece": null,
      "hit_rate": 0.5427034297242771,
      "logloss": 0.6931320840887141,
      "n": 1487
    }
  },
  "generated_at": "2026-07-20T22:09:15Z",
  "global": {
    "base_rate": 0.5427034297242771,
    "baseline_brier": 0.24817641708978372,
    "baseline_hit_rate": 0.5427034297242771,
    "brier": 0.24999220675019707,
    "display_ready": true,
    "ece": null,
    "hit_rate": 0.5427034297242771,
    "logloss": 0.6931320840887141,
    "n": 1487
  },
  "metrics_version": "metrics-v0.1.0",
  "min_n_display": 20,
  "rolling": {
    "30d": {
      "base_rate": 0.5330882352941176,
      "baseline_brier": 0.2489051686851211,
      "baseline_hit_rate": 0.5330882352941176,
      "brier": 0.2504820069972241,
      "display_ready": true,
      "ece": null,
      "hit_rate": 0.5330882352941176,
      "logloss": 0.6941125367469985,
      "n": 544
    },
    "7d": {
      "base_rate": 0.5448275862068965,
      "baseline_brier": 0.24799048751486324,
      "baseline_hit_rate": 0.5448275862068965,
      "brier": 0.2502190907138107,
      "display_ready": true,
      "ece": null,
      "hit_rate": 0.5448275862068965,
      "logloss": 0.6935865440063764,
      "n": 145
    },
    "90d": {
      "base_rate": 0.5427034297242771,
      "baseline_brier": 0.24817641708978372,
      "baseline_hit_rate": 0.5427034297242771,
      "brier": 0.24999220675019707,
      "display_ready": true,
      "ece": null,
      "hit_rate": 0.5427034297242771,
      "logloss": 0.6931320840887141,
      "n": 1487
    }
  },
  "schema_version": "1",
  "total_forecasts": 1490,
  "total_resolved": 1487
}
