{
  "by_horizon": {
    "12h": {
      "base_rate": 0.6095238095238096,
      "baseline_brier": 0.23800453514739228,
      "baseline_hit_rate": 0.6095238095238096,
      "brier": 0.24882070005620896,
      "display_ready": true,
      "ece": null,
      "hit_rate": 0.6095238095238096,
      "logloss": 0.6907887999927856,
      "n": 105
    },
    "1h": {
      "base_rate": 0.5177453027139874,
      "baseline_brier": 0.24968510423158893,
      "baseline_hit_rate": 0.5177453027139874,
      "brier": 0.2502485297104996,
      "display_ready": true,
      "ece": null,
      "hit_rate": 0.5177453027139874,
      "logloss": 0.693644574554877,
      "n": 479
    },
    "24h": {
      "base_rate": 0.6538461538461539,
      "baseline_brier": 0.22633136094674555,
      "baseline_hit_rate": 0.6538461538461539,
      "brier": 0.24764269128090624,
      "display_ready": true,
      "ece": null,
      "hit_rate": 0.6538461538461539,
      "logloss": 0.6884307590629929,
      "n": 52
    },
    "4h": {
      "base_rate": 0.5379310344827586,
      "baseline_brier": 0.24856123662306778,
      "baseline_hit_rate": 0.5379310344827586,
      "brier": 0.24973759780267485,
      "display_ready": true,
      "ece": null,
      "hit_rate": 0.5379310344827586,
      "logloss": 0.6926220736408817,
      "n": 290
    }
  },
  "by_model_version": {
    "v0.1.0-baseline-shadow": {
      "base_rate": 0.5421166306695464,
      "baseline_brier": 0.24822618942104502,
      "baseline_hit_rate": 0.5421166306695464,
      "brier": 0.24978028352766102,
      "display_ready": true,
      "ece": null,
      "hit_rate": 0.5421166306695464,
      "logloss": 0.6927077495012527,
      "n": 926
    }
  },
  "generated_at": "2026-06-19T22:12:00Z",
  "global": {
    "base_rate": 0.5421166306695464,
    "baseline_brier": 0.24822618942104502,
    "baseline_hit_rate": 0.5421166306695464,
    "brier": 0.24978028352766102,
    "display_ready": true,
    "ece": null,
    "hit_rate": 0.5421166306695464,
    "logloss": 0.6927077495012527,
    "n": 926
  },
  "metrics_version": "metrics-v0.1.0",
  "min_n_display": 20,
  "rolling": {
    "30d": {
      "base_rate": 0.5421166306695464,
      "baseline_brier": 0.24822618942104502,
      "baseline_hit_rate": 0.5421166306695464,
      "brier": 0.24978028352766102,
      "display_ready": true,
      "ece": null,
      "hit_rate": 0.5421166306695464,
      "logloss": 0.6927077495012527,
      "n": 926
    },
    "7d": {
      "base_rate": 0.6571428571428571,
      "baseline_brier": 0.2253061224489796,
      "baseline_hit_rate": 0.6571428571428571,
      "brier": 0.24841304382074525,
      "display_ready": true,
      "ece": null,
      "hit_rate": 0.6571428571428571,
      "logloss": 0.6899731080414433,
      "n": 105
    },
    "90d": {
      "base_rate": 0.5421166306695464,
      "baseline_brier": 0.24822618942104502,
      "baseline_hit_rate": 0.5421166306695464,
      "brier": 0.24978028352766102,
      "display_ready": true,
      "ece": null,
      "hit_rate": 0.5421166306695464,
      "logloss": 0.6927077495012527,
      "n": 926
    }
  },
  "schema_version": "1",
  "total_forecasts": 929,
  "total_resolved": 926
}
