{
  "by_horizon": {
    "12h": {
      "base_rate": 0.591304347826087,
      "baseline_brier": 0.24166351606805295,
      "baseline_hit_rate": 0.591304347826087,
      "brier": 0.24914588192717993,
      "display_ready": true,
      "ece": null,
      "hit_rate": 0.591304347826087,
      "logloss": 0.6914394604701161,
      "n": 115
    },
    "1h": {
      "base_rate": 0.5311284046692607,
      "baseline_brier": 0.24903102242274675,
      "baseline_hit_rate": 0.5311284046692607,
      "brier": 0.25004285390941755,
      "display_ready": true,
      "ece": null,
      "hit_rate": 0.5311284046692607,
      "logloss": 0.6932330784251581,
      "n": 514
    },
    "24h": {
      "base_rate": 0.6491228070175439,
      "baseline_brier": 0.22776238842720836,
      "baseline_hit_rate": 0.6491228070175439,
      "brier": 0.24798094119803063,
      "display_ready": true,
      "ece": null,
      "hit_rate": 0.6491228070175439,
      "logloss": 0.6891075477701932,
      "n": 57
    },
    "4h": {
      "base_rate": 0.5555555555555556,
      "baseline_brier": 0.2469135802469136,
      "baseline_hit_rate": 0.5555555555555556,
      "brier": 0.24952916260598867,
      "display_ready": true,
      "ece": null,
      "hit_rate": 0.5555555555555556,
      "logloss": 0.6922050508065867,
      "n": 315
    }
  },
  "by_model_version": {
    "v0.1.0-baseline-shadow": {
      "base_rate": 0.5524475524475524,
      "baseline_brier": 0.24724925424226124,
      "baseline_hit_rate": 0.5524475524475524,
      "brier": 0.24966074245778272,
      "display_ready": true,
      "ece": null,
      "hit_rate": 0.5524475524475524,
      "logloss": 0.6924685928986718,
      "n": 1001
    }
  },
  "generated_at": "2026-06-24T15:10:44Z",
  "global": {
    "base_rate": 0.5524475524475524,
    "baseline_brier": 0.24724925424226124,
    "baseline_hit_rate": 0.5524475524475524,
    "brier": 0.24966074245778272,
    "display_ready": true,
    "ece": null,
    "hit_rate": 0.5524475524475524,
    "logloss": 0.6924685928986718,
    "n": 1001
  },
  "metrics_version": "metrics-v0.1.0",
  "min_n_display": 20,
  "rolling": {
    "30d": {
      "base_rate": 0.5524475524475524,
      "baseline_brier": 0.24724925424226124,
      "baseline_hit_rate": 0.5524475524475524,
      "brier": 0.24966074245778272,
      "display_ready": true,
      "ece": null,
      "hit_rate": 0.5524475524475524,
      "logloss": 0.6924685928986718,
      "n": 1001
    },
    "7d": {
      "base_rate": 0.6517857142857143,
      "baseline_brier": 0.2269610969387755,
      "baseline_hit_rate": 0.6517857142857143,
      "brier": 0.24878102443443054,
      "display_ready": true,
      "ece": null,
      "hit_rate": 0.6517857142857143,
      "logloss": 0.6907090692102672,
      "n": 112
    },
    "90d": {
      "base_rate": 0.5524475524475524,
      "baseline_brier": 0.24724925424226124,
      "baseline_hit_rate": 0.5524475524475524,
      "brier": 0.24966074245778272,
      "display_ready": true,
      "ece": null,
      "hit_rate": 0.5524475524475524,
      "logloss": 0.6924685928986718,
      "n": 1001
    }
  },
  "schema_version": "1",
  "total_forecasts": 1005,
  "total_resolved": 1001
}
