{
  "by_horizon": {
    "12h": {
      "base_rate": 0.567741935483871,
      "baseline_brier": 0.24541103017689905,
      "baseline_hit_rate": 0.567741935483871,
      "brier": 0.24948525352580136,
      "display_ready": true,
      "ece": null,
      "hit_rate": 0.567741935483871,
      "logloss": 0.6921181032287855,
      "n": 155
    },
    "1h": {
      "base_rate": 0.5270655270655271,
      "baseline_brier": 0.24926745724466523,
      "baseline_hit_rate": 0.5270655270655271,
      "brier": 0.25024414498409725,
      "display_ready": true,
      "ece": null,
      "hit_rate": 0.5270655270655271,
      "logloss": 0.6936361890628852,
      "n": 702
    },
    "24h": {
      "base_rate": 0.6493506493506493,
      "baseline_brier": 0.22769438353853938,
      "baseline_hit_rate": 0.6493506493506493,
      "brier": 0.24829874686643189,
      "display_ready": true,
      "ece": null,
      "hit_rate": 0.6493506493506493,
      "logloss": 0.6897437025170247,
      "n": 77
    },
    "4h": {
      "base_rate": 0.5384615384615384,
      "baseline_brier": 0.2485207100591716,
      "baseline_hit_rate": 0.5384615384615384,
      "brier": 0.25008243308879374,
      "display_ready": true,
      "ece": null,
      "hit_rate": 0.5384615384615384,
      "logloss": 0.6933124719147733,
      "n": 429
    }
  },
  "by_model_version": {
    "v0.1.0-baseline-shadow": {
      "base_rate": 0.5421863536316948,
      "baseline_brier": 0.2482203115672616,
      "baseline_hit_rate": 0.5421863536316948,
      "brier": 0.24999704429871114,
      "display_ready": true,
      "ece": null,
      "hit_rate": 0.5421863536316948,
      "logloss": 0.6931417654202903,
      "n": 1363
    }
  },
  "generated_at": "2026-07-14T21:16:37Z",
  "global": {
    "base_rate": 0.5421863536316948,
    "baseline_brier": 0.2482203115672616,
    "baseline_hit_rate": 0.5421863536316948,
    "brier": 0.24999704429871114,
    "display_ready": true,
    "ece": null,
    "hit_rate": 0.5421863536316948,
    "logloss": 0.6931417654202903,
    "n": 1363
  },
  "metrics_version": "metrics-v0.1.0",
  "min_n_display": 20,
  "rolling": {
    "30d": {
      "base_rate": 0.5581854043392505,
      "baseline_brier": 0.24661445872187795,
      "baseline_hit_rate": 0.5581854043392505,
      "brier": 0.2501899298965055,
      "display_ready": true,
      "ece": null,
      "hit_rate": 0.5581854043392505,
      "logloss": 0.6935283569275862,
      "n": 507
    },
    "7d": {
      "base_rate": 0.49624060150375937,
      "baseline_brier": 0.24998586692294644,
      "baseline_hit_rate": 0.5037593984962406,
      "brier": 0.2511880749323253,
      "display_ready": true,
      "ece": null,
      "hit_rate": 0.49624060150375937,
      "logloss": 0.6955249099719247,
      "n": 133
    },
    "90d": {
      "base_rate": 0.5421863536316948,
      "baseline_brier": 0.2482203115672616,
      "baseline_hit_rate": 0.5421863536316948,
      "brier": 0.24999704429871114,
      "display_ready": true,
      "ece": null,
      "hit_rate": 0.5421863536316948,
      "logloss": 0.6931417654202903,
      "n": 1363
    }
  },
  "schema_version": "1",
  "total_forecasts": 1367,
  "total_resolved": 1363
}
