{
  "by_horizon": {
    "12h": {
      "base_rate": 0.5476190476190477,
      "baseline_brier": 0.2477324263038549,
      "baseline_hit_rate": 0.5476190476190477,
      "brier": 0.25008081092637635,
      "display_ready": true,
      "ece": null,
      "hit_rate": 0.5476190476190477,
      "logloss": 0.6933096561354531,
      "n": 84
    },
    "1h": {
      "base_rate": 0.5098522167487685,
      "baseline_brier": 0.2499029338251353,
      "baseline_hit_rate": 0.5098522167487685,
      "brier": 0.2503554429992402,
      "display_ready": true,
      "ece": null,
      "hit_rate": 0.5098522167487685,
      "logloss": 0.6938586032070335,
      "n": 406
    },
    "24h": {
      "base_rate": 0.6190476190476191,
      "baseline_brier": 0.23582766439909297,
      "baseline_hit_rate": 0.6190476190476191,
      "brier": 0.24873185897787634,
      "display_ready": true,
      "ece": null,
      "hit_rate": 0.6190476190476191,
      "logloss": 0.690609264403064,
      "n": 42
    },
    "4h": {
      "base_rate": 0.5148936170212766,
      "baseline_brier": 0.24977818017202355,
      "baseline_hit_rate": 0.5148936170212766,
      "brier": 0.2498856991825081,
      "display_ready": true,
      "ece": null,
      "hit_rate": 0.5148936170212766,
      "logloss": 0.6929178814947986,
      "n": 235
    }
  },
  "by_model_version": {
    "v0.1.0-baseline-shadow": {
      "base_rate": 0.5215123859191656,
      "baseline_brier": 0.24953721725206487,
      "baseline_hit_rate": 0.5215123859191656,
      "brier": 0.250092536323947,
      "display_ready": true,
      "ece": null,
      "hit_rate": 0.5215123859191656,
      "logloss": 0.6933323276057888,
      "n": 767
    }
  },
  "generated_at": "2026-06-09T08:38:45Z",
  "global": {
    "base_rate": 0.5215123859191656,
    "baseline_brier": 0.24953721725206487,
    "baseline_hit_rate": 0.5215123859191656,
    "brier": 0.250092536323947,
    "display_ready": true,
    "ece": null,
    "hit_rate": 0.5215123859191656,
    "logloss": 0.6933323276057888,
    "n": 767
  },
  "metrics_version": "metrics-v0.1.0",
  "min_n_display": 20,
  "rolling": {
    "30d": {
      "base_rate": 0.5215123859191656,
      "baseline_brier": 0.24953721725206487,
      "baseline_hit_rate": 0.5215123859191656,
      "brier": 0.250092536323947,
      "display_ready": true,
      "ece": null,
      "hit_rate": 0.5215123859191656,
      "logloss": 0.6933323276057888,
      "n": 767
    },
    "7d": {
      "base_rate": 0.5215123859191656,
      "baseline_brier": 0.24953721725206487,
      "baseline_hit_rate": 0.5215123859191656,
      "brier": 0.250092536323947,
      "display_ready": true,
      "ece": null,
      "hit_rate": 0.5215123859191656,
      "logloss": 0.6933323276057888,
      "n": 767
    },
    "90d": {
      "base_rate": 0.5215123859191656,
      "baseline_brier": 0.24953721725206487,
      "baseline_hit_rate": 0.5215123859191656,
      "brier": 0.250092536323947,
      "display_ready": true,
      "ece": null,
      "hit_rate": 0.5215123859191656,
      "logloss": 0.6933323276057888,
      "n": 767
    }
  },
  "schema_version": "1",
  "total_forecasts": 769,
  "total_resolved": 767
}
