{
  "by_direction": {
    "down": {
      "always_down_rate": 0.45352112676056333,
      "always_up_rate": 0.5464788732394367,
      "base_rate": 0.4535211267605634,
      "baseline_brier": 0.24783971434239238,
      "baseline_hit_rate": 0.5464788732394366,
      "brier": 0.2509893229312025,
      "display_ready": true,
      "ece": null,
      "expectancy_bps": 4.63371244927756,
      "expectancy_maker_2bps": 2.63371244927756,
      "expectancy_taker_10bps": -5.36628755072244,
      "hit_down": 0.4535211267605634,
      "hit_rate": 0.4535211267605634,
      "hit_up": null,
      "logloss": 0.6951267134668871,
      "n": 710,
      "n_down": 710,
      "n_up": 0,
      "vs_majority_pp": -0.09295774647887328
    },
    "up": {
      "always_down_rate": 0.3762254901960784,
      "always_up_rate": 0.6237745098039216,
      "base_rate": 0.6237745098039216,
      "baseline_brier": 0.23467987072279892,
      "baseline_hit_rate": 0.6237745098039216,
      "brier": 0.24895982898618896,
      "display_ready": true,
      "ece": null,
      "expectancy_bps": 14.652657207029407,
      "expectancy_maker_2bps": 12.652657207029405,
      "expectancy_taker_10bps": 4.652657207029406,
      "hit_down": null,
      "hit_rate": 0.6237745098039216,
      "hit_up": 0.6237745098039216,
      "logloss": 0.6910668301153715,
      "n": 816,
      "n_down": 0,
      "n_up": 816,
      "vs_majority_pp": 0.0
    }
  },
  "by_horizon": {
    "12h": {
      "always_down_rate": 0.47976878612716767,
      "always_up_rate": 0.5202312138728323,
      "base_rate": 0.5722543352601156,
      "baseline_brier": 0.24477931103611883,
      "baseline_hit_rate": 0.5722543352601156,
      "brier": 0.24942361182048572,
      "display_ready": true,
      "ece": null,
      "expectancy_bps": 24.908240052981103,
      "expectancy_maker_2bps": 22.908240052981103,
      "expectancy_taker_10bps": 14.908240052981105,
      "hit_down": 0.5529411764705883,
      "hit_rate": 0.5722543352601156,
      "hit_up": 0.5909090909090909,
      "logloss": 0.6919948497409503,
      "n": 173,
      "n_down": 85,
      "n_up": 88,
      "vs_majority_pp": 0.052023121387283267
    },
    "1h": {
      "always_down_rate": 0.38053097345132747,
      "always_up_rate": 0.6194690265486725,
      "base_rate": 0.5284450063211125,
      "baseline_brier": 0.24919088161539188,
      "baseline_hit_rate": 0.5284450063211125,
      "brier": 0.2501104774970546,
      "display_ready": true,
      "ece": null,
      "expectancy_bps": 3.484800283331961,
      "expectancy_maker_2bps": 1.4848002833319611,
      "expectancy_taker_10bps": -6.515199716668039,
      "hit_down": 0.3983050847457627,
      "hit_rate": 0.5284450063211125,
      "hit_up": 0.6338672768878718,
      "logloss": 0.6933686955703536,
      "n": 791,
      "n_down": 354,
      "n_up": 437,
      "vs_majority_pp": -0.09102402022756007
    },
    "24h": {
      "always_down_rate": 0.4883720930232558,
      "always_up_rate": 0.5116279069767442,
      "base_rate": 0.6395348837209303,
      "baseline_brier": 0.23053001622498648,
      "baseline_hit_rate": 0.6395348837209303,
      "brier": 0.24854875136337595,
      "display_ready": true,
      "ece": null,
      "expectancy_bps": 57.01908317000415,
      "expectancy_maker_2bps": 55.01908317000415,
      "expectancy_taker_10bps": 47.01908317000415,
      "hit_down": 0.6222222222222222,
      "hit_rate": 0.6395348837209303,
      "hit_up": 0.6585365853658537,
      "logloss": 0.6902436217373141,
      "n": 86,
      "n_down": 45,
      "n_up": 41,
      "vs_majority_pp": 0.12790697674418605
    },
    "4h": {
      "always_down_rate": 0.42647058823529416,
      "always_up_rate": 0.5735294117647058,
      "base_rate": 0.5441176470588235,
      "baseline_brier": 0.2480536332179931,
      "baseline_hit_rate": 0.5441176470588235,
      "brier": 0.2499806188477299,
      "display_ready": true,
      "ece": null,
      "expectancy_bps": 6.885000869792846,
      "expectancy_maker_2bps": 4.885000869792846,
      "expectancy_taker_10bps": -3.1149991302071536,
      "hit_down": 0.4690265486725664,
      "hit_rate": 0.5441176470588235,
      "hit_up": 0.612,
      "logloss": 0.6931088261867434,
      "n": 476,
      "n_down": 226,
      "n_up": 250,
      "vs_majority_pp": -0.02941176470588236
    }
  },
  "by_model_version": {
    "v0.1.0-baseline-shadow": {
      "always_down_rate": 0.41234405778069605,
      "always_up_rate": 0.587655942219304,
      "base_rate": 0.5443204202232436,
      "baseline_brier": 0.2480357003512351,
      "baseline_hit_rate": 0.5443204202232436,
      "brier": 0.24992059008995995,
      "display_ready": true,
      "ece": null,
      "expectancy_bps": 9.992679083519311,
      "expectancy_maker_2bps": 7.992679083519311,
      "expectancy_taker_10bps": -0.007320916480689412,
      "hit_down": 0.4535211267605634,
      "hit_rate": 0.5443204202232436,
      "hit_up": 0.6236162361623616,
      "logloss": 0.692988802476109,
      "n": 1523,
      "n_down": 710,
      "n_up": 813,
      "vs_majority_pp": -0.04333552199606039
    },
    "v0.2.0-shadow-policy24": {
      "always_down_rate": 0.33333333333333337,
      "always_up_rate": 0.6666666666666666,
      "base_rate": 0.6666666666666666,
      "baseline_brier": 0.22222222222222224,
      "baseline_hit_rate": 0.6666666666666666,
      "brier": 0.24152700895833332,
      "display_ready": false,
      "ece": null,
      "expectancy_bps": 9.217958574384525,
      "expectancy_maker_2bps": 7.217958574384526,
      "expectancy_taker_10bps": -0.7820414256154743,
      "hit_down": null,
      "hit_rate": 0.6666666666666666,
      "hit_up": 0.6666666666666666,
      "logloss": 0.6761845881730756,
      "n": 3,
      "n_down": 0,
      "n_up": 3,
      "vs_majority_pp": 0.0
    }
  },
  "by_regime": {
    "bear": {
      "always_down_rate": 0.4,
      "always_up_rate": 0.6,
      "base_rate": 0.4,
      "baseline_brier": 0.24000000000000005,
      "baseline_hit_rate": 0.6,
      "brier": 0.2518969608200481,
      "display_ready": false,
      "ece": null,
      "expectancy_bps": 6.1856992691338615,
      "expectancy_maker_2bps": 4.1856992691338615,
      "expectancy_taker_10bps": -3.814300730866139,
      "hit_down": 0.4,
      "hit_rate": 0.4,
      "hit_up": null,
      "logloss": 0.6969414517904265,
      "n": 5,
      "n_down": 5,
      "n_up": 0,
      "vs_majority_pp": -0.19999999999999996
    },
    "bull": {
      "always_down_rate": 0.5454545454545454,
      "always_up_rate": 0.45454545454545453,
      "base_rate": 0.45454545454545453,
      "baseline_brier": 0.24793388429752064,
      "baseline_hit_rate": 0.5454545454545454,
      "brier": 0.2481581461439875,
      "display_ready": false,
      "ece": null,
      "expectancy_bps": -15.145512094178194,
      "expectancy_maker_2bps": -17.145512094178194,
      "expectancy_taker_10bps": -25.145512094178194,
      "hit_down": null,
      "hit_rate": 0.45454545454545453,
      "hit_up": 0.45454545454545453,
      "logloss": 0.6894590086562815,
      "n": 11,
      "n_down": 0,
      "n_up": 11,
      "vs_majority_pp": -0.09090909090909088
    },
    "chop": {
      "always_down_rate": 0.0,
      "always_up_rate": 1.0,
      "base_rate": 0.0,
      "baseline_brier": 0.0,
      "baseline_hit_rate": 1.0,
      "brier": 0.25278798816615833,
      "display_ready": false,
      "ece": null,
      "expectancy_bps": -32.60379878261719,
      "expectancy_maker_2bps": -34.6037987826172,
      "expectancy_taker_10bps": -42.60379878261719,
      "hit_down": 0.0,
      "hit_rate": 0.0,
      "hit_up": null,
      "logloss": 0.6987232144415102,
      "n": 1,
      "n_down": 1,
      "n_up": 0,
      "vs_majority_pp": -1.0
    },
    "unknown": {
      "always_down_rate": 0.411530815109344,
      "always_up_rate": 0.588469184890656,
      "base_rate": 0.5460569913850232,
      "baseline_brier": 0.2478787535445599,
      "baseline_hit_rate": 0.5460569913850232,
      "brier": 0.2499083017455492,
      "display_ready": true,