{
  "by_horizon": {
    "12h": {
      "base_rate": 0.5982142857142857,
      "baseline_brier": 0.24035395408163265,
      "baseline_hit_rate": 0.5982142857142857,
      "brier": 0.2489568224104872,
      "display_ready": true,
      "ece": null,
      "hit_rate": 0.5982142857142857,
      "logloss": 0.6910610514425579,
      "n": 112
    },
    "1h": {
      "base_rate": 0.5317460317460317,
      "baseline_brier": 0.24899218946837995,
      "baseline_hit_rate": 0.5317460317460317,
      "brier": 0.2500932253947499,
      "display_ready": true,
      "ece": null,
      "hit_rate": 0.5317460317460317,
      "logloss": 0.6933339305215751,
      "n": 504
    },
    "24h": {
      "base_rate": 0.6428571428571429,
      "baseline_brier": 0.22959183673469388,
      "baseline_hit_rate": 0.6428571428571429,
      "brier": 0.24806123596809607,
      "display_ready": true,
      "ece": null,
      "hit_rate": 0.6428571428571429,
      "logloss": 0.6892681235567978,
      "n": 56
    },
    "4h": {
      "base_rate": 0.551948051948052,
      "baseline_brier": 0.2473013998988025,
      "baseline_hit_rate": 0.551948051948052,
      "brier": 0.24960604052644575,
      "display_ready": true,
      "ece": null,
      "hit_rate": 0.551948051948052,
      "logloss": 0.6923589573908038,
      "n": 308
    }
  },
  "by_model_version": {
    "v0.1.0-baseline-shadow": {
      "base_rate": 0.5520408163265306,
      "baseline_brier": 0.2472917534360683,
      "baseline_hit_rate": 0.5520408163265306,
      "brier": 0.2496941218421298,
      "display_ready": true,
      "ece": null,
      "hit_rate": 0.5520408163265306,
      "logloss": 0.6925354209591721,
      "n": 980
    }
  },
  "generated_at": "2026-06-23T06:29:05Z",
  "global": {
    "base_rate": 0.5520408163265306,
    "baseline_brier": 0.2472917534360683,
    "baseline_hit_rate": 0.5520408163265306,
    "brier": 0.2496941218421298,
    "display_ready": true,
    "ece": null,
    "hit_rate": 0.5520408163265306,
    "logloss": 0.6925354209591721,
    "n": 980
  },
  "metrics_version": "metrics-v0.1.0",
  "min_n_display": 20,
  "rolling": {
    "30d": {
      "base_rate": 0.5520408163265306,
      "baseline_brier": 0.2472917534360683,
      "baseline_hit_rate": 0.5520408163265306,
      "brier": 0.2496941218421298,
      "display_ready": true,
      "ece": null,
      "hit_rate": 0.5520408163265306,
      "logloss": 0.6925354209591721,
      "n": 980
    },
    "7d": {
      "base_rate": 0.6857142857142857,
      "baseline_brier": 0.21551020408163266,
      "baseline_hit_rate": 0.6857142857142857,
      "brier": 0.24889218818725456,
      "display_ready": true,
      "ece": null,
      "hit_rate": 0.6857142857142857,
      "logloss": 0.6909320376555327,
      "n": 105
    },
    "90d": {
      "base_rate": 0.5520408163265306,
      "baseline_brier": 0.2472917534360683,
      "baseline_hit_rate": 0.5520408163265306,
      "brier": 0.2496941218421298,
      "display_ready": true,
      "ece": null,
      "hit_rate": 0.5520408163265306,
      "logloss": 0.6925354209591721,
      "n": 980
    }
  },
  "schema_version": "1",
  "total_forecasts": 984,
  "total_resolved": 980
}
