{
  "by_horizon": {
    "12h": {
      "base_rate": 0.5869565217391305,
      "baseline_brier": 0.24243856332703215,
      "baseline_hit_rate": 0.5869565217391305,
      "brier": 0.2490271163208141,
      "display_ready": true,
      "ece": null,
      "hit_rate": 0.5869565217391305,
      "logloss": 0.6912015405985072,
      "n": 138
    },
    "1h": {
      "base_rate": 0.5283630470016207,
      "baseline_brier": 0.24919553756478385,
      "baseline_hit_rate": 0.5283630470016207,
      "brier": 0.2501456792511974,
      "display_ready": true,
      "ece": null,
      "hit_rate": 0.5283630470016207,
      "logloss": 0.6934391503388911,
      "n": 617
    },
    "24h": {
      "base_rate": 0.6666666666666666,
      "baseline_brier": 0.22222222222222224,
      "baseline_hit_rate": 0.6666666666666666,
      "brier": 0.2479735123737109,
      "display_ready": true,
      "ece": null,
      "hit_rate": 0.6666666666666666,
      "logloss": 0.6890930120606911,
      "n": 69
    },
    "4h": {
      "base_rate": 0.5488126649076517,
      "baseline_brier": 0.2476173237446133,
      "baseline_hit_rate": 0.5488126649076517,
      "brier": 0.24987681251568944,
      "display_ready": true,
      "ece": null,
      "hit_rate": 0.5488126649076517,
      "logloss": 0.6929010413233806,
      "n": 379
    }
  },
  "by_model_version": {
    "v0.1.0-baseline-shadow": {
      "base_rate": 0.5494596841230258,
      "baseline_brier": 0.2475537396464505,
      "baseline_hit_rate": 0.5494596841230258,
      "brier": 0.24980807185992812,
      "display_ready": true,
      "ece": null,
      "hit_rate": 0.5494596841230258,
      "logloss": 0.6927636582339475,
      "n": 1203
    }
  },
  "generated_at": "2026-07-06T04:43:27Z",
  "global": {
    "base_rate": 0.5494596841230258,
    "baseline_brier": 0.2475537396464505,
    "baseline_hit_rate": 0.5494596841230258,
    "brier": 0.24980807185992812,
    "display_ready": true,
    "ece": null,
    "hit_rate": 0.5494596841230258,
    "logloss": 0.6927636582339475,
    "n": 1203
  },
  "metrics_version": "metrics-v0.1.0",
  "min_n_display": 20,
  "rolling": {
    "30d": {
      "base_rate": 0.5494596841230258,
      "baseline_brier": 0.2475537396464505,
      "baseline_hit_rate": 0.5494596841230258,
      "brier": 0.24980807185992812,
      "display_ready": true,
      "ece": null,
      "hit_rate": 0.5494596841230258,
      "logloss": 0.6927636582339475,
      "n": 1203
    },
    "7d": {
      "base_rate": 0.5867768595041323,
      "baseline_brier": 0.24246977665460012,
      "baseline_hit_rate": 0.5867768595041323,
      "brier": 0.24974473101904068,
      "display_ready": true,
      "ece": null,
      "hit_rate": 0.5867768595041323,
      "logloss": 0.6926374935340986,
      "n": 121
    },
    "90d": {
      "base_rate": 0.5494596841230258,
      "baseline_brier": 0.2475537396464505,
      "baseline_hit_rate": 0.5494596841230258,
      "brier": 0.24980807185992812,
      "display_ready": true,
      "ece": null,
      "hit_rate": 0.5494596841230258,
      "logloss": 0.6927636582339475,
      "n": 1203
    }
  },
  "schema_version": "1",
  "total_forecasts": 1207,
  "total_resolved": 1203
}
