{
  "by_horizon": {
    "12h": {
      "base_rate": 0.5586206896551724,
      "baseline_brier": 0.24656361474435196,
      "baseline_hit_rate": 0.5586206896551724,
      "brier": 0.24951809525699065,
      "display_ready": true,
      "ece": null,
      "hit_rate": 0.5586206896551724,
      "logloss": 0.6921837973449548,
      "n": 145
    },
    "1h": {
      "base_rate": 0.5263975155279503,
      "baseline_brier": 0.24930317117395162,
      "baseline_hit_rate": 0.5263975155279503,
      "brier": 0.2502173251010032,
      "display_ready": true,
      "ece": null,
      "hit_rate": 0.5263975155279503,
      "logloss": 0.6935824874531289,
      "n": 644
    },
    "24h": {
      "base_rate": 0.6527777777777778,
      "baseline_brier": 0.22665895061728392,
      "baseline_hit_rate": 0.6527777777777778,
      "brier": 0.2482232263187979,
      "display_ready": true,
      "ece": null,
      "hit_rate": 0.6527777777777778,
      "logloss": 0.6895926033689225,
      "n": 72
    },
    "4h": {
      "base_rate": 0.5402010050251256,
      "baseline_brier": 0.24838387919496982,
      "baseline_hit_rate": 0.5402010050251256,
      "brier": 0.2499991169941059,
      "display_ready": true,
      "ece": null,
      "hit_rate": 0.5402010050251256,
      "logloss": 0.6931456959855725,
      "n": 398
    }
  },
  "by_model_version": {
    "v0.1.0-baseline-shadow": {
      "base_rate": 0.5416997617156474,
      "baseline_brier": 0.24826112987285823,
      "baseline_hit_rate": 0.5416997617156474,
      "brier": 0.24995377445267458,
      "display_ready": true,
      "ece": null,
      "hit_rate": 0.5416997617156474,
      "logloss": 0.6930551445430133,
      "n": 1259
    }
  },
  "generated_at": "2026-07-09T12:16:42Z",
  "global": {
    "base_rate": 0.5416997617156474,
    "baseline_brier": 0.24826112987285823,
    "baseline_hit_rate": 0.5416997617156474,
    "brier": 0.24995377445267458,
    "display_ready": true,
    "ece": null,
    "hit_rate": 0.5416997617156474,
    "logloss": 0.6930551445430133,
    "n": 1259
  },
  "metrics_version": "metrics-v0.1.0",
  "min_n_display": 20,
  "rolling": {
    "30d": {
      "base_rate": 0.5705521472392638,
      "baseline_brier": 0.24502239451992924,
      "baseline_hit_rate": 0.5705521472392638,
      "brier": 0.2497855010462096,
      "display_ready": true,
      "ece": null,
      "hit_rate": 0.5705521472392638,
      "logloss": 0.6927191434949405,
      "n": 489
    },
    "7d": {
      "base_rate": 0.5238095238095238,
      "baseline_brier": 0.2494331065759637,
      "baseline_hit_rate": 0.5238095238095238,
      "brier": 0.2500237860075689,
      "display_ready": true,
      "ece": null,
      "hit_rate": 0.5238095238095238,
      "logloss": 0.6931951471893328,
      "n": 126
    },
    "90d": {
      "base_rate": 0.5416997617156474,
      "baseline_brier": 0.24826112987285823,
      "baseline_hit_rate": 0.5416997617156474,
      "brier": 0.24995377445267458,
      "display_ready": true,
      "ece": null,
      "hit_rate": 0.5416997617156474,
      "logloss": 0.6930551445430133,
      "n": 1259
    }
  },
  "schema_version": "1",
  "total_forecasts": 1263,
  "total_resolved": 1259
}
