{
  "by_horizon": {
    "12h": {
      "base_rate": 0.5652173913043478,
      "baseline_brier": 0.2457466918714556,
      "baseline_hit_rate": 0.5652173913043478,
      "brier": 0.24957028459653677,
      "display_ready": true,
      "ece": null,
      "hit_rate": 0.5652173913043478,
      "logloss": 0.692288365383827,
      "n": 92
    },
    "1h": {
      "base_rate": 0.5127020785219399,
      "baseline_brier": 0.24983865720122247,
      "baseline_hit_rate": 0.5127020785219399,
      "brier": 0.25030062135830067,
      "display_ready": true,
      "ece": null,
      "hit_rate": 0.5127020785219399,
      "logloss": 0.6937488324862872,
      "n": 433
    },
    "24h": {
      "base_rate": 0.6304347826086957,
      "baseline_brier": 0.2329867674858223,
      "baseline_hit_rate": 0.6304347826086957,
      "brier": 0.2482261567401665,
      "display_ready": true,
      "ece": null,
      "hit_rate": 0.6304347826086957,
      "logloss": 0.68959778412973,
      "n": 46
    },
    "4h": {
      "base_rate": 0.5175097276264592,
      "baseline_brier": 0.2496934094384472,
      "baseline_hit_rate": 0.5175097276264592,
      "brier": 0.2498085875200104,
      "display_ready": true,
      "ece": null,
      "hit_rate": 0.5175097276264592,
      "logloss": 0.692763811684531,
      "n": 257
    }
  },
  "by_model_version": {
    "v0.1.0-baseline-shadow": {
      "base_rate": 0.5265700483091788,
      "baseline_brier": 0.2492940325328479,
      "baseline_hit_rate": 0.5265700483091788,
      "brier": 0.2499515041469999,
      "display_ready": true,
      "ece": null,
      "hit_rate": 0.5265700483091788,
      "logloss": 0.6930502074332929,
      "n": 828
    }
  },
  "generated_at": "2026-06-13T06:33:17Z",
  "global": {
    "base_rate": 0.5265700483091788,
    "baseline_brier": 0.2492940325328479,
    "baseline_hit_rate": 0.5265700483091788,
    "brier": 0.2499515041469999,
    "display_ready": true,
    "ece": null,
    "hit_rate": 0.5265700483091788,
    "logloss": 0.6930502074332929,
    "n": 828
  },
  "metrics_version": "metrics-v0.1.0",
  "min_n_display": 20,
  "rolling": {
    "30d": {
      "base_rate": 0.5265700483091788,
      "baseline_brier": 0.2492940325328479,
      "baseline_hit_rate": 0.5265700483091788,
      "brier": 0.2499515041469999,
      "display_ready": true,
      "ece": null,
      "hit_rate": 0.5265700483091788,
      "logloss": 0.6930502074332929,
      "n": 828
    },
    "7d": {
      "base_rate": 0.5265700483091788,
      "baseline_brier": 0.2492940325328479,
      "baseline_hit_rate": 0.5265700483091788,
      "brier": 0.2499515041469999,
      "display_ready": true,
      "ece": null,
      "hit_rate": 0.5265700483091788,
      "logloss": 0.6930502074332929,
      "n": 828
    },
    "90d": {
      "base_rate": 0.5265700483091788,
      "baseline_brier": 0.2492940325328479,
      "baseline_hit_rate": 0.5265700483091788,
      "brier": 0.2499515041469999,
      "display_ready": true,
      "ece": null,
      "hit_rate": 0.5265700483091788,
      "logloss": 0.6930502074332929,
      "n": 828
    }
  },
  "schema_version": "1",
  "total_forecasts": 832,
  "total_resolved": 828
}
