{
  "by_horizon": {
    "12h": {
      "base_rate": 0.5668789808917197,
      "baseline_brier": 0.245527201914885,
      "baseline_hit_rate": 0.5668789808917197,
      "brier": 0.2495332898445665,
      "display_ready": true,
      "ece": null,
      "hit_rate": 0.5668789808917197,
      "logloss": 0.6922143029569734,
      "n": 157
    },
    "1h": {
      "base_rate": 0.5308988764044944,
      "baseline_brier": 0.24904525943693978,
      "baseline_hit_rate": 0.5308988764044944,
      "brier": 0.25013727439118344,
      "display_ready": true,
      "ece": null,
      "hit_rate": 0.5308988764044944,
      "logloss": 0.6934223565193443,
      "n": 712
    },
    "24h": {
      "base_rate": 0.6410256410256411,
      "baseline_brier": 0.23011176857330704,
      "baseline_hit_rate": 0.6410256410256411,
      "brier": 0.24844416327997038,
      "display_ready": true,
      "ece": null,
      "hit_rate": 0.6410256410256411,
      "logloss": 0.6900345780134044,
      "n": 78
    },
    "4h": {
      "base_rate": 0.5402298850574713,
      "baseline_brier": 0.24838155634826267,
      "baseline_hit_rate": 0.5402298850574713,
      "brier": 0.2500920991265792,
      "display_ready": true,
      "ece": null,
      "hit_rate": 0.5402298850574713,
      "logloss": 0.6933318368895192,
      "n": 435
    }
  },
  "by_model_version": {
    "v0.1.0-baseline-shadow": {
      "base_rate": 0.5441389290882779,
      "baseline_brier": 0.24805175493894,
      "baseline_hit_rate": 0.5441389290882779,
      "brier": 0.24995888113460143,
      "display_ready": true,
      "ece": null,
      "hit_rate": 0.5441389290882779,
      "logloss": 0.6930654193473259,
      "n": 1382
    }
  },
  "generated_at": "2026-07-15T21:16:55Z",
  "global": {
    "base_rate": 0.5441389290882779,
    "baseline_brier": 0.24805175493894,
    "baseline_hit_rate": 0.5441389290882779,
    "brier": 0.24995888113460143,
    "display_ready": true,
    "ece": null,
    "hit_rate": 0.5441389290882779,
    "logloss": 0.6930654193473259,
    "n": 1382
  },
  "metrics_version": "metrics-v0.1.0",
  "min_n_display": 20,
  "rolling": {
    "30d": {
      "base_rate": 0.5594541910331384,
      "baseline_brier": 0.24646519916859508,
      "baseline_hit_rate": 0.5594541910331384,
      "brier": 0.25025048184672055,
      "display_ready": true,
      "ece": null,
      "hit_rate": 0.5594541910331384,
      "logloss": 0.6936495424760599,
      "n": 513
    },
    "7d": {
      "base_rate": 0.556390977443609,
      "baseline_brier": 0.2468200576629544,
      "baseline_hit_rate": 0.556390977443609,
      "brier": 0.25031694358140255,
      "display_ready": true,
      "ece": null,
      "hit_rate": 0.556390977443609,
      "logloss": 0.6937822499242521,
      "n": 133
    },
    "90d": {
      "base_rate": 0.5441389290882779,
      "baseline_brier": 0.24805175493894,
      "baseline_hit_rate": 0.5441389290882779,
      "brier": 0.24995888113460143,
      "display_ready": true,
      "ece": null,
      "hit_rate": 0.5441389290882779,
      "logloss": 0.6930654193473259,
      "n": 1382
    }
  },
  "schema_version": "1",
  "total_forecasts": 1386,
  "total_resolved": 1382
}
