{
  "by_horizon": {
    "12h": {
      "base_rate": 0.6017699115044248,
      "baseline_brier": 0.23964288511238155,
      "baseline_hit_rate": 0.6017699115044248,
      "brier": 0.2489083941951233,
      "display_ready": true,
      "ece": null,
      "hit_rate": 0.6017699115044248,
      "logloss": 0.6909641864184675,
      "n": 113
    },
    "1h": {
      "base_rate": 0.5335968379446641,
      "baseline_brier": 0.24887125248011996,
      "baseline_hit_rate": 0.5335968379446641,
      "brier": 0.2500280137619947,
      "display_ready": true,
      "ece": null,
      "hit_rate": 0.5335968379446641,
      "logloss": 0.693203414400778,
      "n": 506
    },
    "24h": {
      "base_rate": 0.6428571428571429,
      "baseline_brier": 0.22959183673469388,
      "baseline_hit_rate": 0.6428571428571429,
      "brier": 0.24806123596809607,
      "display_ready": true,
      "ece": null,
      "hit_rate": 0.6428571428571429,
      "logloss": 0.6892681235567978,
      "n": 56
    },
    "4h": {
      "base_rate": 0.5548387096774193,
      "baseline_brier": 0.24699271592091573,
      "baseline_hit_rate": 0.5548387096774193,
      "brier": 0.24950274144116347,
      "display_ready": true,
      "ece": null,
      "hit_rate": 0.5548387096774193,
      "logloss": 0.6921522115493143,
      "n": 310
    }
  },
  "by_model_version": {
    "v0.1.0-baseline-shadow": {
      "base_rate": 0.5543147208121827,
      "baseline_brier": 0.24704991110309463,
      "baseline_hit_rate": 0.5543147208121827,
      "brier": 0.24962243915593127,
      "display_ready": true,
      "ece": null,
      "hit_rate": 0.5543147208121827,
      "logloss": 0.6923919606614707,
      "n": 985
    }
  },
  "generated_at": "2026-06-23T12:13:41Z",
  "global": {
    "base_rate": 0.5543147208121827,
    "baseline_brier": 0.24704991110309463,
    "baseline_hit_rate": 0.5543147208121827,
    "brier": 0.24962243915593127,
    "display_ready": true,
    "ece": null,
    "hit_rate": 0.5543147208121827,
    "logloss": 0.6923919606614707,
    "n": 985
  },
  "metrics_version": "metrics-v0.1.0",
  "min_n_display": 20,
  "rolling": {
    "30d": {
      "base_rate": 0.5543147208121827,
      "baseline_brier": 0.24704991110309463,
      "baseline_hit_rate": 0.5543147208121827,
      "brier": 0.24962243915593127,
      "display_ready": true,
      "ece": null,
      "hit_rate": 0.5543147208121827,
      "logloss": 0.6923919606614707,
      "n": 985
    },
    "7d": {
      "base_rate": 0.7037037037037037,
      "baseline_brier": 0.2085048010973937,
      "baseline_hit_rate": 0.7037037037037037,
      "brier": 0.24825494955016994,
      "display_ready": true,
      "ece": null,
      "hit_rate": 0.7037037037037037,
      "logloss": 0.6896566811206847,
      "n": 108
    },
    "90d": {
      "base_rate": 0.5543147208121827,
      "baseline_brier": 0.24704991110309463,
      "baseline_hit_rate": 0.5543147208121827,
      "brier": 0.24962243915593127,
      "display_ready": true,
      "ece": null,
      "hit_rate": 0.5543147208121827,
      "logloss": 0.6923919606614707,
      "n": 985
    }
  },
  "schema_version": "1",
  "total_forecasts": 986,
  "total_resolved": 985
}
