{
  "by_horizon": {
    "12h": {
      "base_rate": 0.5877862595419847,
      "baseline_brier": 0.2422935726356273,
      "baseline_hit_rate": 0.5877862595419847,
      "brier": 0.24908987622540923,
      "display_ready": true,
      "ece": null,
      "hit_rate": 0.5877862595419847,
      "logloss": 0.6913272262054222,
      "n": 131
    },
    "1h": {
      "base_rate": 0.5206896551724138,
      "baseline_brier": 0.24957193816884662,
      "baseline_hit_rate": 0.5206896551724138,
      "brier": 0.2503193995355096,
      "display_ready": true,
      "ece": null,
      "hit_rate": 0.5206896551724138,
      "logloss": 0.6937866887830514,
      "n": 580
    },
    "24h": {
      "base_rate": 0.6461538461538462,
      "baseline_brier": 0.22863905325443787,
      "baseline_hit_rate": 0.6461538461538462,
      "brier": 0.24837870325740943,
      "display_ready": true,
      "ece": null,
      "hit_rate": 0.6461538461538462,
      "logloss": 0.6899034573716565,
      "n": 65
    },
    "4h": {
      "base_rate": 0.55,
      "baseline_brier": 0.2475,
      "baseline_hit_rate": 0.55,
      "brier": 0.24987455453501606,
      "display_ready": true,
      "ece": null,
      "hit_rate": 0.55,
      "logloss": 0.6928965395947725,
      "n": 360
    }
  },
  "by_model_version": {
    "v0.1.0-baseline-shadow": {
      "base_rate": 0.5448943661971831,
      "baseline_brier": 0.24798449588375324,
      "baseline_hit_rate": 0.5448943661971831,
      "brier": 0.24992559934899786,
      "display_ready": true,
      "ece": null,
      "hit_rate": 0.5448943661971831,
      "logloss": 0.6929987897098203,
      "n": 1136
    }
  },
  "generated_at": "2026-07-02T12:19:02Z",
  "global": {
    "base_rate": 0.5448943661971831,
    "baseline_brier": 0.24798449588375324,
    "baseline_hit_rate": 0.5448943661971831,
    "brier": 0.24992559934899786,
    "display_ready": true,
    "ece": null,
    "hit_rate": 0.5448943661971831,
    "logloss": 0.6929987897098203,
    "n": 1136
  },
  "metrics_version": "metrics-v0.1.0",
  "min_n_display": 20,
  "rolling": {
    "30d": {
      "base_rate": 0.5448943661971831,
      "baseline_brier": 0.24798449588375324,
      "baseline_hit_rate": 0.5448943661971831,
      "brier": 0.24992559934899786,
      "display_ready": true,
      "ece": null,
      "hit_rate": 0.5448943661971831,
      "logloss": 0.6929987897098203,
      "n": 1136
    },
    "7d": {
      "base_rate": 0.48360655737704916,
      "baseline_brier": 0.24973125503896804,
      "baseline_hit_rate": 0.5163934426229508,
      "brier": 0.25165228811143664,
      "display_ready": true,
      "ece": null,
      "hit_rate": 0.48360655737704916,
      "logloss": 0.6964539091620753,
      "n": 122
    },
    "90d": {
      "base_rate": 0.5448943661971831,
      "baseline_brier": 0.24798449588375324,
      "baseline_hit_rate": 0.5448943661971831,
      "brier": 0.24992559934899786,
      "display_ready": true,
      "ece": null,
      "hit_rate": 0.5448943661971831,
      "logloss": 0.6929987897098203,
      "n": 1136
    }
  },
  "schema_version": "1",
  "total_forecasts": 1137,
  "total_resolved": 1136
}
