{
  "by_horizon": {
    "12h": {
      "base_rate": 0.5789473684210527,
      "baseline_brier": 0.24376731301939059,
      "baseline_hit_rate": 0.5789473684210527,
      "brier": 0.2494074356441332,
      "display_ready": true,
      "ece": null,
      "hit_rate": 0.5789473684210527,
      "logloss": 0.6919626239282919,
      "n": 95
    },
    "1h": {
      "base_rate": 0.512249443207127,
      "baseline_brier": 0.24984995114111538,
      "baseline_hit_rate": 0.512249443207127,
      "brier": 0.25029954838562923,
      "display_ready": true,
      "ece": null,
      "hit_rate": 0.512249443207127,
      "logloss": 0.6937466776428751,
      "n": 449
    },
    "24h": {
      "base_rate": 0.6382978723404256,
      "baseline_brier": 0.23087369850611136,
      "baseline_hit_rate": 0.6382978723404256,
      "brier": 0.24820717047495747,
      "display_ready": true,
      "ece": null,
      "hit_rate": 0.6382978723404256,
      "logloss": 0.6895598469006999,
      "n": 47
    },
    "4h": {
      "base_rate": 0.5280898876404494,
      "baseline_brier": 0.24921095821234693,
      "baseline_hit_rate": 0.5280898876404494,
      "brier": 0.2496977546059346,
      "display_ready": true,
      "ece": null,
      "hit_rate": 0.5280898876404494,
      "logloss": 0.6925421501505337,
      "n": 267
    }
  },
  "by_model_version": {
    "v0.1.0-baseline-shadow": {
      "base_rate": 0.5314685314685315,
      "baseline_brier": 0.24900973152721406,
      "baseline_hit_rate": 0.5314685314685315,
      "brier": 0.24989888240495073,
      "display_ready": true,
      "ece": null,
      "hit_rate": 0.5314685314685315,
      "logloss": 0.6929449585423824,
      "n": 858
    }
  },
  "generated_at": "2026-06-14T23:23:06Z",
  "global": {
    "base_rate": 0.5314685314685315,
    "baseline_brier": 0.24900973152721406,
    "baseline_hit_rate": 0.5314685314685315,
    "brier": 0.24989888240495073,
    "display_ready": true,
    "ece": null,
    "hit_rate": 0.5314685314685315,
    "logloss": 0.6929449585423824,
    "n": 858
  },
  "metrics_version": "metrics-v0.1.0",
  "min_n_display": 20,
  "rolling": {
    "30d": {
      "base_rate": 0.5314685314685315,
      "baseline_brier": 0.24900973152721406,
      "baseline_hit_rate": 0.5314685314685315,
      "brier": 0.24989888240495073,
      "display_ready": true,
      "ece": null,
      "hit_rate": 0.5314685314685315,
      "logloss": 0.6929449585423824,
      "n": 858
    },
    "7d": {
      "base_rate": 0.5714285714285714,
      "baseline_brier": 0.2448979591836735,
      "baseline_hit_rate": 0.5714285714285714,
      "brier": 0.2492132084902659,
      "display_ready": true,
      "ece": null,
      "hit_rate": 0.5714285714285714,
      "logloss": 0.6915734571445696,
      "n": 112
    },
    "90d": {
      "base_rate": 0.5314685314685315,
      "baseline_brier": 0.24900973152721406,
      "baseline_hit_rate": 0.5314685314685315,
      "brier": 0.24989888240495073,
      "display_ready": true,
      "ece": null,
      "hit_rate": 0.5314685314685315,
      "logloss": 0.6929449585423824,
      "n": 858
    }
  },
  "schema_version": "1",
  "total_forecasts": 861,
  "total_resolved": 858
}
